[2026-09-15T13:26:33.304+0000] {manager.py:483} INFO - Processing files using up to 1 processes at a time 
[2026-09-15T13:26:33.309+0000] {manager.py:484} INFO - Process each file at most once every 30 seconds
[2026-09-15T13:26:33.309+0000] {manager.py:485} INFO - Checking for new files in /opt/airflow/dags every 300 seconds
[2026-09-15T13:26:33.311+0000] {manager.py:821} INFO - Searching for files in /opt/airflow/dags
[2026-09-15T13:26:33.331+0000] {manager.py:824} INFO - There are 1 files in /opt/airflow/dags
[2026-09-15T13:26:35.870+0000] {manager.py:997} INFO - 
================================================================================
DAG File Processing Stats

File Path                                               PID    Runtime      # DAGs    # Errors  Last Runtime    Last Run               Last # of DB Queries
------------------------------------------------------  -----  ---------  --------  ----------  --------------  -------------------  ----------------------
/opt/airflow/dags/etl_sederhana_25_572885_PPA_07200.py                           1           0  2.42s           2026-09-15T13:26:35                      45
================================================================================
[2026-09-15T13:27:07.251+0000] {manager.py:997} INFO - 
================================================================================
DAG File Processing Stats

File Path                                               PID    Runtime      # DAGs    # Errors  Last Runtime    Last Run               Last # of DB Queries
------------------------------------------------------  -----  ---------  --------  ----------  --------------  -------------------  ----------------------
/opt/airflow/dags/etl_sederhana_25_572885_PPA_07200.py                           1           0  0.51s           2026-09-15T13:27:07                      12
================================================================================
[2026-09-15T13:27:40.875+0000] {manager.py:997} INFO - 
================================================================================
DAG File Processing Stats

File Path                                               PID    Runtime      # DAGs    # Errors  Last Runtime    Last Run               Last # of DB Queries
------------------------------------------------------  -----  ---------  --------  ----------  --------------  -------------------  ----------------------
/opt/airflow/dags/etl_sederhana_25_572885_PPA_07200.py                           1           0  2.72s           2026-09-15T13:27:40                      12
================================================================================
[2026-09-15T13:28:11.842+0000] {manager.py:997} INFO - 
================================================================================
DAG File Processing Stats

File Path                                               PID    Runtime      # DAGs    # Errors  Last Runtime    Last Run               Last # of DB Queries
------------------------------------------------------  -----  ---------  --------  ----------  --------------  -------------------  ----------------------
/opt/airflow/dags/etl_sederhana_25_572885_PPA_07200.py                           1           0  0.61s           2026-09-15T13:28:11                      12
================================================================================
[2026-09-15T13:28:42.661+0000] {manager.py:997} INFO - 
================================================================================
DAG File Processing Stats

File Path                                               PID    Runtime      # DAGs    # Errors  Last Runtime    Last Run               Last # of DB Queries
------------------------------------------------------  -----  ---------  --------  ----------  --------------  -------------------  ----------------------
/opt/airflow/dags/etl_sederhana_25_572885_PPA_07200.py                           1           0  0.52s           2026-09-15T13:28:42                      12
================================================================================
[2026-09-15T13:29:13.706+0000] {manager.py:997} INFO - 
================================================================================
DAG File Processing Stats

File Path                                               PID    Runtime      # DAGs    # Errors  Last Runtime    Last Run               Last # of DB Queries
------------------------------------------------------  -----  ---------  --------  ----------  --------------  -------------------  ----------------------
/opt/airflow/dags/etl_sederhana_25_572885_PPA_07200.py                           1           0  0.72s           2026-09-15T13:29:13                      12
================================================================================
[2026-09-15T13:29:44.543+0000] {manager.py:997} INFO - 
================================================================================
DAG File Processing Stats

File Path                                               PID    Runtime      # DAGs    # Errors  Last Runtime    Last Run               Last # of DB Queries
------------------------------------------------------  -----  ---------  --------  ----------  --------------  -------------------  ----------------------
/opt/airflow/dags/etl_sederhana_25_572885_PPA_07200.py                           1           0  0.53s           2026-09-15T13:29:44                      12
================================================================================
[2026-09-15T13:30:15.344+0000] {manager.py:997} INFO - 
================================================================================
DAG File Processing Stats

File Path                                               PID    Runtime      # DAGs    # Errors  Last Runtime    Last Run               Last # of DB Queries
------------------------------------------------------  -----  ---------  --------  ----------  --------------  -------------------  ----------------------
/opt/airflow/dags/etl_sederhana_25_572885_PPA_07200.py                           1           0  0.62s           2026-09-15T13:30:15                      12
================================================================================
[2026-09-15T13:30:46.087+0000] {manager.py:997} INFO - 
================================================================================
DAG File Processing Stats

File Path                                               PID    Runtime      # DAGs    # Errors  Last Runtime    Last Run               Last # of DB Queries
------------------------------------------------------  -----  ---------  --------  ----------  --------------  -------------------  ----------------------
/opt/airflow/dags/etl_sederhana_25_572885_PPA_07200.py                           1           0  0.60s           2026-09-15T13:30:46                      12
================================================================================
[2026-09-15T13:31:16.809+0000] {manager.py:997} INFO - 
================================================================================
DAG File Processing Stats

File Path                                               PID    Runtime      # DAGs    # Errors  Last Runtime    Last Run               Last # of DB Queries
------------------------------------------------------  -----  ---------  --------  ----------  --------------  -------------------  ----------------------
/opt/airflow/dags/etl_sederhana_25_572885_PPA_07200.py                           1           0  0.61s           2026-09-15T13:31:16                      12
================================================================================
[2026-09-15T13:31:33.338+0000] {manager.py:821} INFO - Searching for files in /opt/airflow/dags
[2026-09-15T13:31:33.364+0000] {manager.py:824} INFO - There are 1 files in /opt/airflow/dags
[2026-09-15T13:31:48.209+0000] {manager.py:997} INFO - 
================================================================================
DAG File Processing Stats

File Path                                               PID    Runtime      # DAGs    # Errors  Last Runtime    Last Run               Last # of DB Queries
------------------------------------------------------  -----  ---------  --------  ----------  --------------  -------------------  ----------------------
/opt/airflow/dags/etl_sederhana_25_572885_PPA_07200.py                           1           0  1.23s           2026-09-15T13:31:48                      12
================================================================================
[2026-09-15T13:32:19.128+0000] {manager.py:997} INFO - 
================================================================================
DAG File Processing Stats

File Path                                               PID    Runtime      # DAGs    # Errors  Last Runtime    Last Run               Last # of DB Queries
------------------------------------------------------  -----  ---------  --------  ----------  --------------  -------------------  ----------------------
/opt/airflow/dags/etl_sederhana_25_572885_PPA_07200.py                           1           0  0.72s           2026-09-15T13:32:19                      12
================================================================================
[2026-09-15T13:32:54.628+0000] {manager.py:997} INFO - 
================================================================================
DAG File Processing Stats

File Path                                               PID    Runtime      # DAGs    # Errors  Last Runtime    Last Run               Last # of DB Queries
------------------------------------------------------  -----  ---------  --------  ----------  --------------  -------------------  ----------------------
/opt/airflow/dags/etl_sederhana_25_572885_PPA_07200.py                           1           0  1.55s           2026-09-15T13:32:54                      12
================================================================================
[2026-09-15T13:33:29.891+0000] {manager.py:997} INFO - 
================================================================================
DAG File Processing Stats

File Path                                               PID    Runtime      # DAGs    # Errors  Last Runtime    Last Run               Last # of DB Queries
------------------------------------------------------  -----  ---------  --------  ----------  --------------  -------------------  ----------------------
/opt/airflow/dags/etl_sederhana_25_572885_PPA_07200.py                           1           0  1.03s           2026-09-15T13:33:02                      12
================================================================================
[2026-09-15T13:33:59.917+0000] {manager.py:997} INFO - 
================================================================================
DAG File Processing Stats

File Path                                               PID    Runtime      # DAGs    # Errors  Last Runtime    Last Run               Last # of DB Queries
------------------------------------------------------  -----  ---------  --------  ----------  --------------  -------------------  ----------------------
/opt/airflow/dags/etl_sederhana_25_572885_PPA_07200.py                           1           0  0.62s           2026-09-15T13:33:35                      12
================================================================================
[2026-09-15T13:34:29.991+0000] {manager.py:997} INFO - 
================================================================================
DAG File Processing Stats

File Path                                               PID    Runtime      # DAGs    # Errors  Last Runtime    Last Run               Last # of DB Queries
------------------------------------------------------  -----  ---------  --------  ----------  --------------  -------------------  ----------------------
/opt/airflow/dags/etl_sederhana_25_572885_PPA_07200.py                           1           0  0.81s           2026-09-15T13:34:07                      12
================================================================================
[2026-09-15T13:35:00.066+0000] {manager.py:997} INFO - 
================================================================================
DAG File Processing Stats

File Path                                               PID    Runtime      # DAGs    # Errors  Last Runtime    Last Run               Last # of DB Queries
------------------------------------------------------  -----  ---------  --------  ----------  --------------  -------------------  ----------------------
/opt/airflow/dags/etl_sederhana_25_572885_PPA_07200.py                           1           0  0.62s           2026-09-15T13:34:38                      12
================================================================================
[2026-09-15T13:35:30.165+0000] {manager.py:997} INFO - 
================================================================================
DAG File Processing Stats

File Path                                               PID    Runtime      # DAGs    # Errors  Last Runtime    Last Run               Last # of DB Queries
------------------------------------------------------  -----  ---------  --------  ----------  --------------  -------------------  ----------------------
/opt/airflow/dags/etl_sederhana_25_572885_PPA_07200.py                           1           0  0.72s           2026-09-15T13:35:26                      12
================================================================================
[2026-09-15T13:36:00.225+0000] {manager.py:997} INFO - 
================================================================================
DAG File Processing Stats

File Path                                               PID    Runtime      # DAGs    # Errors  Last Runtime    Last Run               Last # of DB Queries
------------------------------------------------------  -----  ---------  --------  ----------  --------------  -------------------  ----------------------
/opt/airflow/dags/etl_sederhana_25_572885_PPA_07200.py                           1           0  0.61s           2026-09-15T13:35:56                      12
================================================================================
[2026-09-15T13:36:32.281+0000] {manager.py:997} INFO - 
================================================================================
DAG File Processing Stats

File Path                                               PID    Runtime      # DAGs    # Errors  Last Runtime    Last Run               Last # of DB Queries
------------------------------------------------------  -----  ---------  --------  ----------  --------------  -------------------  ----------------------
/opt/airflow/dags/etl_sederhana_25_572885_PPA_07200.py                           1           0  0.95s           2026-09-15T13:36:32                      12
================================================================================
[2026-09-15T13:36:33.339+0000] {manager.py:821} INFO - Searching for files in /opt/airflow/dags
[2026-09-15T13:36:33.370+0000] {manager.py:824} INFO - There are 1 files in /opt/airflow/dags
[2026-09-15T13:37:03.218+0000] {manager.py:997} INFO - 
================================================================================
DAG File Processing Stats

File Path                                               PID    Runtime      # DAGs    # Errors  Last Runtime    Last Run               Last # of DB Queries
------------------------------------------------------  -----  ---------  --------  ----------  --------------  -------------------  ----------------------
/opt/airflow/dags/etl_sederhana_25_572885_PPA_07200.py                           1           0  0.72s           2026-09-15T13:37:03                      12
================================================================================
[2026-09-15T13:37:34.337+0000] {manager.py:997} INFO - 
================================================================================
DAG File Processing Stats

File Path                                               PID    Runtime      # DAGs    # Errors  Last Runtime    Last Run               Last # of DB Queries
------------------------------------------------------  -----  ---------  --------  ----------  --------------  -------------------  ----------------------
/opt/airflow/dags/etl_sederhana_25_572885_PPA_07200.py                           1           0  0.81s           2026-09-15T13:37:34                      12
================================================================================
[2026-09-15T13:38:05.409+0000] {manager.py:997} INFO - 
================================================================================
DAG File Processing Stats

File Path                                               PID    Runtime      # DAGs    # Errors  Last Runtime    Last Run               Last # of DB Queries
------------------------------------------------------  -----  ---------  --------  ----------  --------------  -------------------  ----------------------
/opt/airflow/dags/etl_sederhana_25_572885_PPA_07200.py                           1           0  0.73s           2026-09-15T13:38:05                      12
================================================================================
[2026-09-15T13:38:36.366+0000] {manager.py:997} INFO - 
================================================================================
DAG File Processing Stats

File Path                                               PID    Runtime      # DAGs    # Errors  Last Runtime    Last Run               Last # of DB Queries
------------------------------------------------------  -----  ---------  --------  ----------  --------------  -------------------  ----------------------
/opt/airflow/dags/etl_sederhana_25_572885_PPA_07200.py                           1           0  0.61s           2026-09-15T13:38:36                      12
================================================================================
[2026-09-15T13:39:06.687+0000] {manager.py:997} INFO - 
================================================================================
DAG File Processing Stats

File Path                                               PID    Runtime      # DAGs    # Errors  Last Runtime    Last Run               Last # of DB Queries
------------------------------------------------------  -----  ---------  --------  ----------  --------------  -------------------  ----------------------
/opt/airflow/dags/etl_sederhana_25_572885_PPA_07200.py                           1           0  0.82s           2026-09-15T13:38:55                      12
================================================================================
[2026-09-15T13:39:37.000+0000] {manager.py:997} INFO - 
================================================================================
DAG File Processing Stats

File Path                                               PID    Runtime      # DAGs    # Errors  Last Runtime    Last Run               Last # of DB Queries
------------------------------------------------------  -----  ---------  --------  ----------  --------------  -------------------  ----------------------
/opt/airflow/dags/etl_sederhana_25_572885_PPA_07200.py                           1           0  0.91s           2026-09-15T13:39:18                      12
================================================================================
[2026-09-15T13:40:07.236+0000] {manager.py:997} INFO - 
================================================================================
DAG File Processing Stats

File Path                                               PID    Runtime      # DAGs    # Errors  Last Runtime    Last Run               Last # of DB Queries
------------------------------------------------------  -----  ---------  --------  ----------  --------------  -------------------  ----------------------
/opt/airflow/dags/etl_sederhana_25_572885_PPA_07200.py                           1           0  0.51s           2026-09-15T13:39:49                      12
================================================================================
[2026-09-15T13:40:37.565+0000] {manager.py:997} INFO - 
================================================================================
DAG File Processing Stats

File Path                                               PID    Runtime      # DAGs    # Errors  Last Runtime    Last Run               Last # of DB Queries
------------------------------------------------------  -----  ---------  --------  ----------  --------------  -------------------  ----------------------
/opt/airflow/dags/etl_sederhana_25_572885_PPA_07200.py                           1           0  0.52s           2026-09-15T13:40:21                      12
================================================================================
[2026-09-15T13:41:07.892+0000] {manager.py:997} INFO - 
================================================================================
DAG File Processing Stats

File Path                                               PID    Runtime      # DAGs    # Errors  Last Runtime    Last Run               Last # of DB Queries
------------------------------------------------------  -----  ---------  --------  ----------  --------------  -------------------  ----------------------
/opt/airflow/dags/etl_sederhana_25_572885_PPA_07200.py                           1           0  0.51s           2026-09-15T13:40:52                      12
================================================================================
[2026-09-15T13:41:34.309+0000] {manager.py:821} INFO - Searching for files in /opt/airflow/dags
[2026-09-15T13:41:34.359+0000] {manager.py:824} INFO - There are 1 files in /opt/airflow/dags
[2026-09-15T13:41:40.893+0000] {manager.py:997} INFO - 
================================================================================
DAG File Processing Stats

File Path                                               PID    Runtime      # DAGs    # Errors  Last Runtime    Last Run               Last # of DB Queries
------------------------------------------------------  -----  ---------  --------  ----------  --------------  -------------------  ----------------------
/opt/airflow/dags/etl_sederhana_25_572885_PPA_07200.py                           1           0  0.51s           2026-09-15T13:41:23                      12
================================================================================
[2026-09-15T13:42:11.564+0000] {manager.py:997} INFO - 
================================================================================
DAG File Processing Stats

File Path                                               PID    Runtime      # DAGs    # Errors  Last Runtime    Last Run               Last # of DB Queries
------------------------------------------------------  -----  ---------  --------  ----------  --------------  -------------------  ----------------------
/opt/airflow/dags/etl_sederhana_25_572885_PPA_07200.py                           1           0  0.71s           2026-09-15T13:41:54                      12
================================================================================
[2026-09-15T13:42:42.515+0000] {manager.py:997} INFO - 
================================================================================
DAG File Processing Stats

File Path                                               PID    Runtime      # DAGs    # Errors  Last Runtime    Last Run               Last # of DB Queries
------------------------------------------------------  -----  ---------  --------  ----------  --------------  -------------------  ----------------------
/opt/airflow/dags/etl_sederhana_25_572885_PPA_07200.py                           1           0  0.61s           2026-09-15T13:42:25                      12
================================================================================
[2026-09-15T13:43:13.312+0000] {manager.py:997} INFO - 
================================================================================
DAG File Processing Stats

File Path                                               PID    Runtime      # DAGs    # Errors  Last Runtime    Last Run               Last # of DB Queries
------------------------------------------------------  -----  ---------  --------  ----------  --------------  -------------------  ----------------------
/opt/airflow/dags/etl_sederhana_25_572885_PPA_07200.py                           1           0  0.61s           2026-09-15T13:42:56                      12
================================================================================
[2026-09-15T13:43:43.340+0000] {manager.py:997} INFO - 
================================================================================
DAG File Processing Stats

File Path                                               PID    Runtime      # DAGs    # Errors  Last Runtime    Last Run               Last # of DB Queries
------------------------------------------------------  -----  ---------  --------  ----------  --------------  -------------------  ----------------------
/opt/airflow/dags/etl_sederhana_25_572885_PPA_07200.py                           1           0  0.83s           2026-09-15T13:43:27                      12
================================================================================
[2026-09-15T13:44:17.954+0000] {manager.py:997} INFO - 
================================================================================
DAG File Processing Stats

File Path                                               PID    Runtime      # DAGs    # Errors  Last Runtime    Last Run               Last # of DB Queries
------------------------------------------------------  -----  ---------  --------  ----------  --------------  -------------------  ----------------------
/opt/airflow/dags/etl_sederhana_25_572885_PPA_07200.py                           1           0  0.81s           2026-09-15T13:43:52                      12
================================================================================
[2026-09-15T13:44:48.977+0000] {manager.py:997} INFO - 
================================================================================
DAG File Processing Stats

File Path                                               PID    Runtime      # DAGs    # Errors  Last Runtime    Last Run               Last # of DB Queries
------------------------------------------------------  -----  ---------  --------  ----------  --------------  -------------------  ----------------------
/opt/airflow/dags/etl_sederhana_25_572885_PPA_07200.py                           1           0  0.71s           2026-09-15T13:44:23                      12
================================================================================
[2026-09-15T13:45:19.300+0000] {manager.py:997} INFO - 
================================================================================
DAG File Processing Stats

File Path                                               PID    Runtime      # DAGs    # Errors  Last Runtime    Last Run               Last # of DB Queries
------------------------------------------------------  -----  ---------  --------  ----------  --------------  -------------------  ----------------------
/opt/airflow/dags/etl_sederhana_25_572885_PPA_07200.py                           1           0  0.71s           2026-09-15T13:44:54                      12
================================================================================
[2026-09-15T13:45:49.586+0000] {manager.py:997} INFO - 
================================================================================
DAG File Processing Stats

File Path                                               PID    Runtime      # DAGs    # Errors  Last Runtime    Last Run               Last # of DB Queries
------------------------------------------------------  -----  ---------  --------  ----------  --------------  -------------------  ----------------------
/opt/airflow/dags/etl_sederhana_25_572885_PPA_07200.py                           1           0  0.81s           2026-09-15T13:45:26                      12
================================================================================
[2026-09-15T13:46:19.833+0000] {manager.py:997} INFO - 
================================================================================
DAG File Processing Stats

File Path                                               PID    Runtime      # DAGs    # Errors  Last Runtime    Last Run               Last # of DB Queries
------------------------------------------------------  -----  ---------  --------  ----------  --------------  -------------------  ----------------------
/opt/airflow/dags/etl_sederhana_25_572885_PPA_07200.py                           1           0  0.71s           2026-09-15T13:45:57                      12
================================================================================
[2026-09-15T13:46:34.967+0000] {manager.py:821} INFO - Searching for files in /opt/airflow/dags
[2026-09-15T13:46:35.023+0000] {manager.py:824} INFO - There are 1 files in /opt/airflow/dags
[2026-09-15T13:46:50.127+0000] {manager.py:997} INFO - 
================================================================================
DAG File Processing Stats

File Path                                               PID    Runtime      # DAGs    # Errors  Last Runtime    Last Run               Last # of DB Queries
------------------------------------------------------  -----  ---------  --------  ----------  --------------  -------------------  ----------------------
/opt/airflow/dags/etl_sederhana_25_572885_PPA_07200.py                           1           0  0.63s           2026-09-15T13:46:28                      12
================================================================================
[2026-09-15T13:47:20.500+0000] {manager.py:997} INFO - 
================================================================================
DAG File Processing Stats

File Path                                               PID    Runtime      # DAGs    # Errors  Last Runtime    Last Run               Last # of DB Queries
------------------------------------------------------  -----  ---------  --------  ----------  --------------  -------------------  ----------------------
/opt/airflow/dags/etl_sederhana_25_572885_PPA_07200.py                           1           0  2.83s           2026-09-15T13:47:02                      12
================================================================================
[2026-09-15T13:47:51.392+0000] {manager.py:997} INFO - 
================================================================================
DAG File Processing Stats

File Path                                               PID    Runtime      # DAGs    # Errors  Last Runtime    Last Run               Last # of DB Queries
------------------------------------------------------  -----  ---------  --------  ----------  --------------  -------------------  ----------------------
/opt/airflow/dags/etl_sederhana_25_572885_PPA_07200.py                           1           0  0.61s           2026-09-15T13:47:33                      12
================================================================================
[2026-09-15T13:48:26.384+0000] {manager.py:997} INFO - 
================================================================================
DAG File Processing Stats

File Path                                               PID    Runtime      # DAGs    # Errors  Last Runtime    Last Run               Last # of DB Queries
------------------------------------------------------  -----  ---------  --------  ----------  --------------  -------------------  ----------------------
/opt/airflow/dags/etl_sederhana_25_572885_PPA_07200.py                           1           0  0.71s           2026-09-15T13:48:04                      12
================================================================================
[2026-09-15T13:48:56.432+0000] {manager.py:997} INFO - 
================================================================================
DAG File Processing Stats

File Path                                               PID    Runtime      # DAGs    # Errors  Last Runtime    Last Run               Last # of DB Queries
------------------------------------------------------  -----  ---------  --------  ----------  --------------  -------------------  ----------------------
/opt/airflow/dags/etl_sederhana_25_572885_PPA_07200.py                           1           0  0.63s           2026-09-15T13:48:35                      12
================================================================================
[2026-09-15T13:49:26.538+0000] {manager.py:997} INFO - 
================================================================================
DAG File Processing Stats

File Path                                               PID    Runtime      # DAGs    # Errors  Last Runtime    Last Run               Last # of DB Queries
------------------------------------------------------  -----  ---------  --------  ----------  --------------  -------------------  ----------------------
/opt/airflow/dags/etl_sederhana_25_572885_PPA_07200.py                           1           0  0.51s           2026-09-15T13:49:06                      12
================================================================================
[2026-09-15T13:49:56.639+0000] {manager.py:997} INFO - 
================================================================================
DAG File Processing Stats

File Path                                               PID    Runtime      # DAGs    # Errors  Last Runtime    Last Run               Last # of DB Queries
------------------------------------------------------  -----  ---------  --------  ----------  --------------  -------------------  ----------------------
/opt/airflow/dags/etl_sederhana_25_572885_PPA_07200.py                           1           0  0.61s           2026-09-15T13:49:37                      12
================================================================================
[2026-09-15T13:50:26.750+0000] {manager.py:997} INFO - 
================================================================================
DAG File Processing Stats

File Path                                               PID    Runtime      # DAGs    # Errors  Last Runtime    Last Run               Last # of DB Queries
------------------------------------------------------  -----  ---------  --------  ----------  --------------  -------------------  ----------------------
/opt/airflow/dags/etl_sederhana_25_572885_PPA_07200.py                           1           0  0.61s           2026-09-15T13:50:08                      12
================================================================================
[2026-09-15T13:50:56.850+0000] {manager.py:997} INFO - 
================================================================================
DAG File Processing Stats

File Path                                               PID    Runtime      # DAGs    # Errors  Last Runtime    Last Run               Last # of DB Queries
------------------------------------------------------  -----  ---------  --------  ----------  --------------  -------------------  ----------------------
/opt/airflow/dags/etl_sederhana_25_572885_PPA_07200.py                           1           0  1.01s           2026-09-15T13:50:53                      12
================================================================================
[2026-09-15T13:51:26.980+0000] {manager.py:997} INFO - 
================================================================================
DAG File Processing Stats

File Path                                               PID    Runtime      # DAGs    # Errors  Last Runtime    Last Run               Last # of DB Queries
------------------------------------------------------  -----  ---------  --------  ----------  --------------  -------------------  ----------------------
/opt/airflow/dags/etl_sederhana_25_572885_PPA_07200.py                           1           0  1.31s           2026-09-15T13:51:10                      12
================================================================================
[2026-09-15T13:51:39.315+0000] {manager.py:821} INFO - Searching for files in /opt/airflow/dags
[2026-09-15T13:51:39.362+0000] {manager.py:824} INFO - There are 1 files in /opt/airflow/dags
[2026-09-15T13:51:57.067+0000] {manager.py:997} INFO - 
================================================================================
DAG File Processing Stats

File Path                                               PID    Runtime      # DAGs    # Errors  Last Runtime    Last Run               Last # of DB Queries
------------------------------------------------------  -----  ---------  --------  ----------  --------------  -------------------  ----------------------
/opt/airflow/dags/etl_sederhana_25_572885_PPA_07200.py                           1           0  1.35s           2026-09-15T13:51:33                      34
================================================================================
[2026-09-15T13:52:29.613+0000] {manager.py:997} INFO - 
================================================================================
DAG File Processing Stats

File Path                                               PID    Runtime      # DAGs    # Errors  Last Runtime    Last Run               Last # of DB Queries
------------------------------------------------------  -----  ---------  --------  ----------  --------------  -------------------  ----------------------
/opt/airflow/dags/etl_sederhana_25_572885_PPA_07200.py                           1           0  0.71s           2026-09-15T13:52:04                      12
================================================================================
[2026-09-15T13:52:59.647+0000] {manager.py:997} INFO - 
================================================================================
DAG File Processing Stats

File Path                                               PID    Runtime      # DAGs    # Errors  Last Runtime    Last Run               Last # of DB Queries
------------------------------------------------------  -----  ---------  --------  ----------  --------------  -------------------  ----------------------
/opt/airflow/dags/etl_sederhana_25_572885_PPA_07200.py                           1           0  0.71s           2026-09-15T13:52:35                      12
================================================================================
[2026-09-15T13:53:29.731+0000] {manager.py:997} INFO - 
================================================================================
DAG File Processing Stats

File Path                                               PID    Runtime      # DAGs    # Errors  Last Runtime    Last Run               Last # of DB Queries
------------------------------------------------------  -----  ---------  --------  ----------  --------------  -------------------  ----------------------
/opt/airflow/dags/etl_sederhana_25_572885_PPA_07200.py                           1           0  1.70s           2026-09-15T13:53:07                      12
================================================================================
[2026-09-15T13:53:59.809+0000] {manager.py:997} INFO - 
================================================================================
DAG File Processing Stats

File Path                                               PID    Runtime      # DAGs    # Errors  Last Runtime    Last Run               Last # of DB Queries
------------------------------------------------------  -----  ---------  --------  ----------  --------------  -------------------  ----------------------
/opt/airflow/dags/etl_sederhana_25_572885_PPA_07200.py                           1           0  0.51s           2026-09-15T13:53:39                      12
================================================================================
[2026-09-15T13:54:29.909+0000] {manager.py:997} INFO - 
================================================================================
DAG File Processing Stats

File Path                                               PID    Runtime      # DAGs    # Errors  Last Runtime    Last Run               Last # of DB Queries
------------------------------------------------------  -----  ---------  --------  ----------  --------------  -------------------  ----------------------
/opt/airflow/dags/etl_sederhana_25_572885_PPA_07200.py                           1           0  0.61s           2026-09-15T13:54:10                      12
================================================================================
[2026-09-15T13:54:59.953+0000] {manager.py:997} INFO - 
================================================================================
DAG File Processing Stats

File Path                                               PID    Runtime      # DAGs    # Errors  Last Runtime    Last Run               Last # of DB Queries
------------------------------------------------------  -----  ---------  --------  ----------  --------------  -------------------  ----------------------
/opt/airflow/dags/etl_sederhana_25_572885_PPA_07200.py                           1           0  0.61s           2026-09-15T13:54:41                      12
================================================================================
[2026-09-15T13:55:30.033+0000] {manager.py:997} INFO - 
================================================================================
DAG File Processing Stats

File Path                                               PID    Runtime      # DAGs    # Errors  Last Runtime    Last Run               Last # of DB Queries
------------------------------------------------------  -----  ---------  --------  ----------  --------------  -------------------  ----------------------
/opt/airflow/dags/etl_sederhana_25_572885_PPA_07200.py                           1           0  0.61s           2026-09-15T13:55:12                      12
================================================================================
[2026-09-15T13:56:00.098+0000] {manager.py:997} INFO - 
================================================================================
DAG File Processing Stats

File Path                                               PID    Runtime      # DAGs    # Errors  Last Runtime    Last Run               Last # of DB Queries
------------------------------------------------------  -----  ---------  --------  ----------  --------------  -------------------  ----------------------
/opt/airflow/dags/etl_sederhana_25_572885_PPA_07200.py                           1           0  0.62s           2026-09-15T13:55:43                      12
================================================================================
[2026-09-15T13:56:30.167+0000] {manager.py:997} INFO - 
================================================================================
DAG File Processing Stats

File Path                                               PID    Runtime      # DAGs    # Errors  Last Runtime    Last Run               Last # of DB Queries
------------------------------------------------------  -----  ---------  --------  ----------  --------------  -------------------  ----------------------
/opt/airflow/dags/etl_sederhana_25_572885_PPA_07200.py                           1           0  0.51s           2026-09-15T13:56:14                      12
================================================================================
[2026-09-15T13:56:39.434+0000] {manager.py:821} INFO - Searching for files in /opt/airflow/dags
[2026-09-15T13:56:39.546+0000] {manager.py:824} INFO - There are 1 files in /opt/airflow/dags
[2026-09-15T13:57:00.285+0000] {manager.py:997} INFO - 
================================================================================
DAG File Processing Stats

File Path                                               PID    Runtime      # DAGs    # Errors  Last Runtime    Last Run               Last # of DB Queries
------------------------------------------------------  -----  ---------  --------  ----------  --------------  -------------------  ----------------------
/opt/airflow/dags/etl_sederhana_25_572885_PPA_07200.py                           1           0  0.61s           2026-09-15T13:56:45                      12
================================================================================
[2026-09-15T13:57:31.053+0000] {manager.py:997} INFO - 
================================================================================
DAG File Processing Stats

File Path                                               PID    Runtime      # DAGs    # Errors  Last Runtime    Last Run               Last # of DB Queries
------------------------------------------------------  -----  ---------  --------  ----------  --------------  -------------------  ----------------------
/opt/airflow/dags/etl_sederhana_25_572885_PPA_07200.py                           1           0  0.61s           2026-09-15T13:57:16                      12
================================================================================
[2026-09-15T13:58:01.654+0000] {manager.py:997} INFO - 
================================================================================
DAG File Processing Stats

File Path                                               PID    Runtime      # DAGs    # Errors  Last Runtime    Last Run               Last # of DB Queries
------------------------------------------------------  -----  ---------  --------  ----------  --------------  -------------------  ----------------------
/opt/airflow/dags/etl_sederhana_25_572885_PPA_07200.py                           1           0  0.53s           2026-09-15T13:57:46                      12
================================================================================
[2026-09-15T13:58:32.406+0000] {manager.py:997} INFO - 
================================================================================
DAG File Processing Stats

File Path                                               PID    Runtime      # DAGs    # Errors  Last Runtime    Last Run               Last # of DB Queries
------------------------------------------------------  -----  ---------  --------  ----------  --------------  -------------------  ----------------------
/opt/airflow/dags/etl_sederhana_25_572885_PPA_07200.py                           1           0  0.61s           2026-09-15T13:58:17                      12
================================================================================
[2026-09-15T13:59:03.134+0000] {manager.py:997} INFO - 
================================================================================
DAG File Processing Stats

File Path                                               PID    Runtime      # DAGs    # Errors  Last Runtime    Last Run               Last # of DB Queries
------------------------------------------------------  -----  ---------  --------  ----------  --------------  -------------------  ----------------------
/opt/airflow/dags/etl_sederhana_25_572885_PPA_07200.py                           1           0  0.61s           2026-09-15T13:58:48                      12
================================================================================
[2026-09-15T13:59:33.192+0000] {manager.py:997} INFO - 
================================================================================
DAG File Processing Stats

File Path                                               PID    Runtime      # DAGs    # Errors  Last Runtime    Last Run               Last # of DB Queries
------------------------------------------------------  -----  ---------  --------  ----------  --------------  -------------------  ----------------------
/opt/airflow/dags/etl_sederhana_25_572885_PPA_07200.py                           1           0  0.82s           2026-09-15T13:59:19                      12
================================================================================
[2026-09-15T14:00:03.221+0000] {manager.py:997} INFO - 
================================================================================
DAG File Processing Stats

File Path                                               PID    Runtime      # DAGs    # Errors  Last Runtime    Last Run               Last # of DB Queries
------------------------------------------------------  -----  ---------  --------  ----------  --------------  -------------------  ----------------------
/opt/airflow/dags/etl_sederhana_25_572885_PPA_07200.py                           1           0  0.91s           2026-09-15T13:59:49                      12
================================================================================
[2026-09-15T14:00:33.885+0000] {manager.py:997} INFO - 
================================================================================
DAG File Processing Stats

File Path                                               PID    Runtime      # DAGs    # Errors  Last Runtime    Last Run               Last # of DB Queries
------------------------------------------------------  -----  ---------  --------  ----------  --------------  -------------------  ----------------------
/opt/airflow/dags/etl_sederhana_25_572885_PPA_07200.py                           1           0  0.61s           2026-09-15T14:00:20                      12
================================================================================
[2026-09-15T14:01:04.618+0000] {manager.py:997} INFO - 
================================================================================
DAG File Processing Stats

File Path                                               PID    Runtime      # DAGs    # Errors  Last Runtime    Last Run               Last # of DB Queries
------------------------------------------------------  -----  ---------  --------  ----------  --------------  -------------------  ----------------------
/opt/airflow/dags/etl_sederhana_25_572885_PPA_07200.py                           1           0  0.61s           2026-09-15T14:00:51                      12
================================================================================
[2026-09-15T14:01:35.381+0000] {manager.py:997} INFO - 
================================================================================
DAG File Processing Stats

File Path                                               PID    Runtime      # DAGs    # Errors  Last Runtime    Last Run               Last # of DB Queries
------------------------------------------------------  -----  ---------  --------  ----------  --------------  -------------------  ----------------------
/opt/airflow/dags/etl_sederhana_25_572885_PPA_07200.py                           1           0  0.61s           2026-09-15T14:01:22                      12
================================================================================
[2026-09-15T14:01:39.719+0000] {manager.py:821} INFO - Searching for files in /opt/airflow/dags
[2026-09-15T14:01:39.804+0000] {manager.py:824} INFO - There are 1 files in /opt/airflow/dags
[2026-09-15T14:02:06.105+0000] {manager.py:997} INFO - 
================================================================================
DAG File Processing Stats

File Path                                               PID    Runtime      # DAGs    # Errors  Last Runtime    Last Run               Last # of DB Queries
------------------------------------------------------  -----  ---------  --------  ----------  --------------  -------------------  ----------------------
/opt/airflow/dags/etl_sederhana_25_572885_PPA_07200.py                           1           0  0.61s           2026-09-15T14:01:52                      12
================================================================================
[2026-09-15T14:02:37.036+0000] {manager.py:997} INFO - 
================================================================================
DAG File Processing Stats

File Path                                               PID    Runtime      # DAGs    # Errors  Last Runtime    Last Run               Last # of DB Queries
------------------------------------------------------  -----  ---------  --------  ----------  --------------  -------------------  ----------------------
/opt/airflow/dags/etl_sederhana_25_572885_PPA_07200.py                           1           0  0.61s           2026-09-15T14:02:23                      12
================================================================================
[2026-09-15T14:03:07.528+0000] {manager.py:997} INFO - 
================================================================================
DAG File Processing Stats

File Path                                               PID    Runtime      # DAGs    # Errors  Last Runtime    Last Run               Last # of DB Queries
------------------------------------------------------  -----  ---------  --------  ----------  --------------  -------------------  ----------------------
/opt/airflow/dags/etl_sederhana_25_572885_PPA_07200.py                           1           0  0.61s           2026-09-15T14:02:54                      12
================================================================================
[2026-09-15T14:03:38.211+0000] {manager.py:997} INFO - 
================================================================================
DAG File Processing Stats

File Path                                               PID    Runtime      # DAGs    # Errors  Last Runtime    Last Run               Last # of DB Queries
------------------------------------------------------  -----  ---------  --------  ----------  --------------  -------------------  ----------------------
/opt/airflow/dags/etl_sederhana_25_572885_PPA_07200.py                           1           0  0.61s           2026-09-15T14:03:25                      12
================================================================================
[2026-09-15T14:04:08.830+0000] {manager.py:997} INFO - 
================================================================================
DAG File Processing Stats

File Path                                               PID    Runtime      # DAGs    # Errors  Last Runtime    Last Run               Last # of DB Queries
------------------------------------------------------  -----  ---------  --------  ----------  --------------  -------------------  ----------------------
/opt/airflow/dags/etl_sederhana_25_572885_PPA_07200.py                           1           0  0.50s           2026-09-15T14:03:55                      12
================================================================================
[2026-09-15T14:04:39.631+0000] {manager.py:997} INFO - 
================================================================================
DAG File Processing Stats

File Path                                               PID    Runtime      # DAGs    # Errors  Last Runtime    Last Run               Last # of DB Queries
------------------------------------------------------  -----  ---------  --------  ----------  --------------  -------------------  ----------------------
/opt/airflow/dags/etl_sederhana_25_572885_PPA_07200.py                           1           0  0.61s           2026-09-15T14:04:26                      12
================================================================================
[2026-09-15T14:05:10.370+0000] {manager.py:997} INFO - 
================================================================================
DAG File Processing Stats

File Path                                               PID    Runtime      # DAGs    # Errors  Last Runtime    Last Run               Last # of DB Queries
------------------------------------------------------  -----  ---------  --------  ----------  --------------  -------------------  ----------------------
/opt/airflow/dags/etl_sederhana_25_572885_PPA_07200.py                           1           0  0.62s           2026-09-15T14:04:57                      12
================================================================================
[2026-09-15T14:05:41.005+0000] {manager.py:997} INFO - 
================================================================================
DAG File Processing Stats

File Path                                               PID    Runtime      # DAGs    # Errors  Last Runtime    Last Run               Last # of DB Queries
------------------------------------------------------  -----  ---------  --------  ----------  --------------  -------------------  ----------------------
/opt/airflow/dags/etl_sederhana_25_572885_PPA_07200.py                           1           0  0.81s           2026-09-15T14:05:28                      12
================================================================================
[2026-09-15T14:06:11.048+0000] {manager.py:997} INFO - 
================================================================================
DAG File Processing Stats

File Path                                               PID    Runtime      # DAGs    # Errors  Last Runtime    Last Run               Last # of DB Queries
------------------------------------------------------  -----  ---------  --------  ----------  --------------  -------------------  ----------------------
/opt/airflow/dags/etl_sederhana_25_572885_PPA_07200.py                           1           0  0.71s           2026-09-15T14:05:58                      12
================================================================================
[2026-09-15T14:06:39.965+0000] {manager.py:821} INFO - Searching for files in /opt/airflow/dags
[2026-09-15T14:06:39.981+0000] {manager.py:824} INFO - There are 1 files in /opt/airflow/dags
[2026-09-15T14:06:42.083+0000] {manager.py:997} INFO - 
================================================================================
DAG File Processing Stats

File Path                                               PID    Runtime      # DAGs    # Errors  Last Runtime    Last Run               Last # of DB Queries
------------------------------------------------------  -----  ---------  --------  ----------  --------------  -------------------  ----------------------
/opt/airflow/dags/etl_sederhana_25_572885_PPA_07200.py                           1           0  0.71s           2026-09-15T14:06:29                      12
================================================================================
[2026-09-15T14:07:13.130+0000] {manager.py:997} INFO - 
================================================================================
DAG File Processing Stats

File Path                                               PID    Runtime      # DAGs    # Errors  Last Runtime    Last Run               Last # of DB Queries
------------------------------------------------------  -----  ---------  --------  ----------  --------------  -------------------  ----------------------
/opt/airflow/dags/etl_sederhana_25_572885_PPA_07200.py                           1           0  1.06s           2026-09-15T14:07:00                      12
================================================================================
[2026-09-15T14:07:43.335+0000] {manager.py:997} INFO - 
================================================================================
DAG File Processing Stats

File Path                                               PID    Runtime      # DAGs    # Errors  Last Runtime    Last Run               Last # of DB Queries
------------------------------------------------------  -----  ---------  --------  ----------  --------------  -------------------  ----------------------
/opt/airflow/dags/etl_sederhana_25_572885_PPA_07200.py                           1           0  1.11s           2026-09-15T14:07:32                      12
================================================================================
[2026-09-15T14:08:14.321+0000] {manager.py:997} INFO - 
================================================================================
DAG File Processing Stats

File Path                                               PID    Runtime      # DAGs    # Errors  Last Runtime    Last Run               Last # of DB Queries
------------------------------------------------------  -----  ---------  --------  ----------  --------------  -------------------  ----------------------
/opt/airflow/dags/etl_sederhana_25_572885_PPA_07200.py                           1           0  3.57s           2026-09-15T14:08:05                      12
================================================================================
[2026-09-15T14:08:44.382+0000] {manager.py:997} INFO - 
================================================================================
DAG File Processing Stats

File Path                                               PID    Runtime      # DAGs    # Errors  Last Runtime    Last Run               Last # of DB Queries
------------------------------------------------------  -----  ---------  --------  ----------  --------------  -------------------  ----------------------
/opt/airflow/dags/etl_sederhana_25_572885_PPA_07200.py                           1           0  2.07s           2026-09-15T14:08:38                      12
================================================================================
[2026-09-15T14:09:15.435+0000] {manager.py:997} INFO - 
================================================================================
DAG File Processing Stats

File Path                                               PID    Runtime      # DAGs    # Errors  Last Runtime    Last Run               Last # of DB Queries
------------------------------------------------------  -----  ---------  --------  ----------  --------------  -------------------  ----------------------
/opt/airflow/dags/etl_sederhana_25_572885_PPA_07200.py                           1           0  0.91s           2026-09-15T14:09:09                      12
================================================================================
[2026-09-15T14:09:45.818+0000] {manager.py:997} INFO - 
================================================================================
DAG File Processing Stats

File Path                                               PID    Runtime      # DAGs    # Errors  Last Runtime    Last Run               Last # of DB Queries
------------------------------------------------------  -----  ---------  --------  ----------  --------------  -------------------  ----------------------
/opt/airflow/dags/etl_sederhana_25_572885_PPA_07200.py                           1           0  1.32s           2026-09-15T14:09:40                      12
================================================================================
[2026-09-15T14:10:16.203+0000] {manager.py:997} INFO - 
================================================================================
DAG File Processing Stats

File Path                                               PID    Runtime      # DAGs    # Errors  Last Runtime    Last Run               Last # of DB Queries
------------------------------------------------------  -----  ---------  --------  ----------  --------------  -------------------  ----------------------
/opt/airflow/dags/etl_sederhana_25_572885_PPA_07200.py                           1           0  1.65s           2026-09-15T14:10:13                      12
================================================================================
[2026-09-15T14:10:46.671+0000] {manager.py:997} INFO - 
================================================================================
DAG File Processing Stats

File Path                                               PID    Runtime      # DAGs    # Errors  Last Runtime    Last Run               Last # of DB Queries
------------------------------------------------------  -----  ---------  --------  ----------  --------------  -------------------  ----------------------
/opt/airflow/dags/etl_sederhana_25_572885_PPA_07200.py                           1           0  2.14s           2026-09-15T14:10:45                      12
================================================================================
[2026-09-15T14:11:18.570+0000] {manager.py:997} INFO - 
================================================================================
DAG File Processing Stats

File Path                                               PID    Runtime      # DAGs    # Errors  Last Runtime    Last Run               Last # of DB Queries
------------------------------------------------------  -----  ---------  --------  ----------  --------------  -------------------  ----------------------
/opt/airflow/dags/etl_sederhana_25_572885_PPA_07200.py                           1           0  2.48s           2026-09-15T14:11:18                      12
================================================================================
[2026-09-15T14:11:40.451+0000] {manager.py:821} INFO - Searching for files in /opt/airflow/dags
[2026-09-15T14:11:40.634+0000] {manager.py:824} INFO - There are 1 files in /opt/airflow/dags
[2026-09-15T14:11:49.505+0000] {manager.py:997} INFO - 
================================================================================
DAG File Processing Stats

File Path                                               PID    Runtime      # DAGs    # Errors  Last Runtime    Last Run               Last # of DB Queries
------------------------------------------------------  -----  ---------  --------  ----------  --------------  -------------------  ----------------------
/opt/airflow/dags/etl_sederhana_25_572885_PPA_07200.py                           1           0  0.72s           2026-09-15T14:11:49                      12
================================================================================
[2026-09-15T14:12:21.348+0000] {manager.py:997} INFO - 
================================================================================
DAG File Processing Stats

File Path                                               PID    Runtime      # DAGs    # Errors  Last Runtime    Last Run               Last # of DB Queries
------------------------------------------------------  -----  ---------  --------  ----------  --------------  -------------------  ----------------------
/opt/airflow/dags/etl_sederhana_25_572885_PPA_07200.py                           1           0  1.73s           2026-09-15T14:12:21                      12
================================================================================
[2026-09-15T14:12:51.586+0000] {manager.py:997} INFO - 
================================================================================
DAG File Processing Stats

File Path                                               PID    Runtime      # DAGs    # Errors  Last Runtime    Last Run               Last # of DB Queries
------------------------------------------------------  -----  ---------  --------  ----------  --------------  -------------------  ----------------------
/opt/airflow/dags/etl_sederhana_25_572885_PPA_07200.py                           1           0  3.35s           2026-09-15T14:12:27                      12
================================================================================
[2026-09-15T14:13:21.904+0000] {manager.py:997} INFO - 
================================================================================
DAG File Processing Stats

File Path                                               PID    Runtime      # DAGs    # Errors  Last Runtime    Last Run               Last # of DB Queries
------------------------------------------------------  -----  ---------  --------  ----------  --------------  -------------------  ----------------------
/opt/airflow/dags/etl_sederhana_25_572885_PPA_07200.py                           1           0  2.29s           2026-09-15T14:12:59                      12
================================================================================
[2026-09-15T14:13:52.028+0000] {manager.py:997} INFO - 
================================================================================
DAG File Processing Stats

File Path                                               PID    Runtime      # DAGs    # Errors  Last Runtime    Last Run               Last # of DB Queries
------------------------------------------------------  -----  ---------  --------  ----------  --------------  -------------------  ----------------------
/opt/airflow/dags/etl_sederhana_25_572885_PPA_07200.py                           1           0  1.59s           2026-09-15T14:13:32                      12
================================================================================
[2026-09-15T14:14:22.220+0000] {manager.py:997} INFO - 
================================================================================
DAG File Processing Stats

File Path                                               PID    Runtime      # DAGs    # Errors  Last Runtime    Last Run               Last # of DB Queries
------------------------------------------------------  -----  ---------  --------  ----------  --------------  -------------------  ----------------------
/opt/airflow/dags/etl_sederhana_25_572885_PPA_07200.py                           1           0  1.61s           2026-09-15T14:14:03                      12
================================================================================
[2026-09-15T14:14:52.312+0000] {manager.py:997} INFO - 
================================================================================
DAG File Processing Stats

File Path                                               PID    Runtime      # DAGs    # Errors  Last Runtime    Last Run               Last # of DB Queries
------------------------------------------------------  -----  ---------  --------  ----------  --------------  -------------------  ----------------------
/opt/airflow/dags/etl_sederhana_25_572885_PPA_07200.py                           1           0  0.91s           2026-09-15T14:14:35                      12
================================================================================
[2026-09-15T14:15:22.362+0000] {manager.py:997} INFO - 
================================================================================
DAG File Processing Stats

File Path                                               PID    Runtime      # DAGs    # Errors  Last Runtime    Last Run               Last # of DB Queries
------------------------------------------------------  -----  ---------  --------  ----------  --------------  -------------------  ----------------------
/opt/airflow/dags/etl_sederhana_25_572885_PPA_07200.py                           1           0  0.72s           2026-09-15T14:15:06                      12
================================================================================
[2026-09-15T14:15:52.517+0000] {manager.py:997} INFO - 
================================================================================
DAG File Processing Stats

File Path                                               PID    Runtime      # DAGs    # Errors  Last Runtime    Last Run               Last # of DB Queries
------------------------------------------------------  -----  ---------  --------  ----------  --------------  -------------------  ----------------------
/opt/airflow/dags/etl_sederhana_25_572885_PPA_07200.py                           1           0  0.71s           2026-09-15T14:15:36                      12
================================================================================
[2026-09-15T14:16:22.913+0000] {manager.py:997} INFO - 
================================================================================
DAG File Processing Stats

File Path                                               PID    Runtime      # DAGs    # Errors  Last Runtime    Last Run               Last # of DB Queries
------------------------------------------------------  -----  ---------  --------  ----------  --------------  -------------------  ----------------------
/opt/airflow/dags/etl_sederhana_25_572885_PPA_07200.py                           1           0  0.71s           2026-09-15T14:16:07                      12
================================================================================
[2026-09-15T14:16:40.474+0000] {manager.py:821} INFO - Searching for files in /opt/airflow/dags
[2026-09-15T14:16:40.512+0000] {manager.py:824} INFO - There are 1 files in /opt/airflow/dags
[2026-09-15T14:16:53.057+0000] {manager.py:997} INFO - 
================================================================================
DAG File Processing Stats

File Path                                               PID    Runtime      # DAGs    # Errors  Last Runtime    Last Run               Last # of DB Queries
------------------------------------------------------  -----  ---------  --------  ----------  --------------  -------------------  ----------------------
/opt/airflow/dags/etl_sederhana_25_572885_PPA_07200.py                           1           0  0.81s           2026-09-15T14:16:38                      12
================================================================================
[2026-09-15T14:17:23.981+0000] {manager.py:997} INFO - 
================================================================================
DAG File Processing Stats

File Path                                               PID    Runtime      # DAGs    # Errors  Last Runtime    Last Run               Last # of DB Queries
------------------------------------------------------  -----  ---------  --------  ----------  --------------  -------------------  ----------------------
/opt/airflow/dags/etl_sederhana_25_572885_PPA_07200.py                           1           0  0.71s           2026-09-15T14:17:09                      12
================================================================================
[2026-09-15T14:17:54.756+0000] {manager.py:997} INFO - 
================================================================================
DAG File Processing Stats

File Path                                               PID    Runtime      # DAGs    # Errors  Last Runtime    Last Run               Last # of DB Queries
------------------------------------------------------  -----  ---------  --------  ----------  --------------  -------------------  ----------------------
/opt/airflow/dags/etl_sederhana_25_572885_PPA_07200.py                           1           0  0.71s           2026-09-15T14:17:40                      12
================================================================================
[2026-09-15T14:18:25.619+0000] {manager.py:997} INFO - 
================================================================================
DAG File Processing Stats

File Path                                               PID    Runtime      # DAGs    # Errors  Last Runtime    Last Run               Last # of DB Queries
------------------------------------------------------  -----  ---------  --------  ----------  --------------  -------------------  ----------------------
/opt/airflow/dags/etl_sederhana_25_572885_PPA_07200.py                           1           0  0.81s           2026-09-15T14:18:11                      12
================================================================================
[2026-09-15T14:18:55.784+0000] {manager.py:997} INFO - 
================================================================================
DAG File Processing Stats

File Path                                               PID    Runtime      # DAGs    # Errors  Last Runtime    Last Run               Last # of DB Queries
------------------------------------------------------  -----  ---------  --------  ----------  --------------  -------------------  ----------------------
/opt/airflow/dags/etl_sederhana_25_572885_PPA_07200.py                           1           0  1.01s           2026-09-15T14:18:42                      12
================================================================================
[2026-09-15T14:19:26.572+0000] {manager.py:997} INFO - 
================================================================================
DAG File Processing Stats

File Path                                               PID    Runtime      # DAGs    # Errors  Last Runtime    Last Run               Last # of DB Queries
------------------------------------------------------  -----  ---------  --------  ----------  --------------  -------------------  ----------------------
/opt/airflow/dags/etl_sederhana_25_572885_PPA_07200.py                           1           0  0.71s           2026-09-15T14:19:13                      12
================================================================================
[2026-09-15T14:19:57.386+0000] {manager.py:997} INFO - 
================================================================================
DAG File Processing Stats

File Path                                               PID    Runtime      # DAGs    # Errors  Last Runtime    Last Run               Last # of DB Queries
------------------------------------------------------  -----  ---------  --------  ----------  --------------  -------------------  ----------------------
/opt/airflow/dags/etl_sederhana_25_572885_PPA_07200.py                           1           0  0.71s           2026-09-15T14:19:44                      12
================================================================================
[2026-09-15T14:20:27.485+0000] {manager.py:997} INFO - 
================================================================================
DAG File Processing Stats

File Path                                               PID    Runtime      # DAGs    # Errors  Last Runtime    Last Run               Last # of DB Queries
------------------------------------------------------  -----  ---------  --------  ----------  --------------  -------------------  ----------------------
/opt/airflow/dags/etl_sederhana_25_572885_PPA_07200.py                           1           0  0.99s           2026-09-15T14:20:15                      12
================================================================================
[2026-09-15T14:20:58.340+0000] {manager.py:997} INFO - 
================================================================================
DAG File Processing Stats

File Path                                               PID    Runtime      # DAGs    # Errors  Last Runtime    Last Run               Last # of DB Queries
------------------------------------------------------  -----  ---------  --------  ----------  --------------  -------------------  ----------------------
/opt/airflow/dags/etl_sederhana_25_572885_PPA_07200.py                           1           0  1.72s           2026-09-15T14:20:47                      12
================================================================================
[2026-09-15T14:21:29.353+0000] {manager.py:997} INFO - 
================================================================================
DAG File Processing Stats

File Path                                               PID    Runtime      # DAGs    # Errors  Last Runtime    Last Run               Last # of DB Queries
------------------------------------------------------  -----  ---------  --------  ----------  --------------  -------------------  ----------------------
/opt/airflow/dags/etl_sederhana_25_572885_PPA_07200.py                           1           0  0.81s           2026-09-15T14:21:18                      12
================================================================================
[2026-09-15T14:21:40.485+0000] {manager.py:821} INFO - Searching for files in /opt/airflow/dags
[2026-09-15T14:21:40.636+0000] {manager.py:824} INFO - There are 1 files in /opt/airflow/dags
[2026-09-15T14:22:00.109+0000] {manager.py:997} INFO - 
================================================================================
DAG File Processing Stats

File Path                                               PID    Runtime      # DAGs    # Errors  Last Runtime    Last Run               Last # of DB Queries
------------------------------------------------------  -----  ---------  --------  ----------  --------------  -------------------  ----------------------
/opt/airflow/dags/etl_sederhana_25_572885_PPA_07200.py                           1           0  0.72s           2026-09-15T14:21:48                      12
================================================================================
[2026-09-15T14:22:30.921+0000] {manager.py:997} INFO - 
================================================================================
DAG File Processing Stats

File Path                                               PID    Runtime      # DAGs    # Errors  Last Runtime    Last Run               Last # of DB Queries
------------------------------------------------------  -----  ---------  --------  ----------  --------------  -------------------  ----------------------
/opt/airflow/dags/etl_sederhana_25_572885_PPA_07200.py                           1           0  0.71s           2026-09-15T14:22:19                      12
================================================================================
[2026-09-15T14:23:01.753+0000] {manager.py:997} INFO - 
================================================================================
DAG File Processing Stats

File Path                                               PID    Runtime      # DAGs    # Errors  Last Runtime    Last Run               Last # of DB Queries
------------------------------------------------------  -----  ---------  --------  ----------  --------------  -------------------  ----------------------
/opt/airflow/dags/etl_sederhana_25_572885_PPA_07200.py                           1           0  0.72s           2026-09-15T14:22:50                      12
================================================================================
[2026-09-15T14:23:32.577+0000] {manager.py:997} INFO - 
================================================================================
DAG File Processing Stats

File Path                                               PID    Runtime      # DAGs    # Errors  Last Runtime    Last Run               Last # of DB Queries
------------------------------------------------------  -----  ---------  --------  ----------  --------------  -------------------  ----------------------
/opt/airflow/dags/etl_sederhana_25_572885_PPA_07200.py                           1           0  0.71s           2026-09-15T14:23:21                      12
================================================================================
[2026-09-15T14:24:02.615+0000] {manager.py:997} INFO - 
================================================================================
DAG File Processing Stats

File Path                                               PID    Runtime      # DAGs    # Errors  Last Runtime    Last Run               Last # of DB Queries
------------------------------------------------------  -----  ---------  --------  ----------  --------------  -------------------  ----------------------
/opt/airflow/dags/etl_sederhana_25_572885_PPA_07200.py                           1           0  1.01s           2026-09-15T14:23:52                      12
================================================================================
[2026-09-15T14:24:33.049+0000] {manager.py:997} INFO - 
================================================================================
DAG File Processing Stats

File Path                                               PID    Runtime      # DAGs    # Errors  Last Runtime    Last Run               Last # of DB Queries
------------------------------------------------------  -----  ---------  --------  ----------  --------------  -------------------  ----------------------
/opt/airflow/dags/etl_sederhana_25_572885_PPA_07200.py                           1           0  1.11s           2026-09-15T14:24:23                      12
================================================================================
[2026-09-15T14:25:03.976+0000] {manager.py:997} INFO - 
================================================================================
DAG File Processing Stats

File Path                                               PID    Runtime      # DAGs    # Errors  Last Runtime    Last Run               Last # of DB Queries
------------------------------------------------------  -----  ---------  --------  ----------  --------------  -------------------  ----------------------
/opt/airflow/dags/etl_sederhana_25_572885_PPA_07200.py                           1           0  0.82s           2026-09-15T14:24:54                      12
================================================================================
[2026-09-15T14:25:34.084+0000] {manager.py:997} INFO - 
================================================================================
DAG File Processing Stats

File Path                                               PID    Runtime      # DAGs    # Errors  Last Runtime    Last Run               Last # of DB Queries
------------------------------------------------------  -----  ---------  --------  ----------  --------------  -------------------  ----------------------
/opt/airflow/dags/etl_sederhana_25_572885_PPA_07200.py                           1           0  0.91s           2026-09-15T14:25:25                      12
================================================================================
[2026-09-15T14:26:05.075+0000] {manager.py:997} INFO - 
================================================================================
DAG File Processing Stats

File Path                                               PID    Runtime      # DAGs    # Errors  Last Runtime    Last Run               Last # of DB Queries
------------------------------------------------------  -----  ---------  --------  ----------  --------------  -------------------  ----------------------
/opt/airflow/dags/etl_sederhana_25_572885_PPA_07200.py                           1           0  0.91s           2026-09-15T14:25:56                      12
================================================================================
[2026-09-15T14:26:35.704+0000] {manager.py:997} INFO - 
================================================================================
DAG File Processing Stats

File Path                                               PID    Runtime      # DAGs    # Errors  Last Runtime    Last Run               Last # of DB Queries
------------------------------------------------------  -----  ---------  --------  ----------  --------------  -------------------  ----------------------
/opt/airflow/dags/etl_sederhana_25_572885_PPA_07200.py                           1           0  0.91s           2026-09-15T14:26:27                      12
================================================================================
[2026-09-15T14:26:40.497+0000] {manager.py:821} INFO - Searching for files in /opt/airflow/dags
[2026-09-15T14:26:40.572+0000] {manager.py:824} INFO - There are 1 files in /opt/airflow/dags
[2026-09-15T14:27:06.249+0000] {manager.py:997} INFO - 
================================================================================
DAG File Processing Stats

File Path                                               PID    Runtime      # DAGs    # Errors  Last Runtime    Last Run               Last # of DB Queries
------------------------------------------------------  -----  ---------  --------  ----------  --------------  -------------------  ----------------------
/opt/airflow/dags/etl_sederhana_25_572885_PPA_07200.py                           1           0  1.03s           2026-09-15T14:26:59                      12
================================================================================
[2026-09-15T14:27:36.286+0000] {manager.py:997} INFO - 
================================================================================
DAG File Processing Stats

File Path                                               PID    Runtime      # DAGs    # Errors  Last Runtime    Last Run               Last # of DB Queries
------------------------------------------------------  -----  ---------  --------  ----------  --------------  -------------------  ----------------------
/opt/airflow/dags/etl_sederhana_25_572885_PPA_07200.py                           1           0  1.01s           2026-09-15T14:27:30                      12
================================================================================
[2026-09-15T14:28:07.135+0000] {manager.py:997} INFO - 
================================================================================
DAG File Processing Stats

File Path                                               PID    Runtime      # DAGs    # Errors  Last Runtime    Last Run               Last # of DB Queries
------------------------------------------------------  -----  ---------  --------  ----------  --------------  -------------------  ----------------------
/opt/airflow/dags/etl_sederhana_25_572885_PPA_07200.py                           1           0  0.71s           2026-09-15T14:28:00                      12
================================================================================
[2026-09-15T14:28:38.015+0000] {manager.py:997} INFO - 
================================================================================
DAG File Processing Stats

File Path                                               PID    Runtime      # DAGs    # Errors  Last Runtime    Last Run               Last # of DB Queries
------------------------------------------------------  -----  ---------  --------  ----------  --------------  -------------------  ----------------------
/opt/airflow/dags/etl_sederhana_25_572885_PPA_07200.py                           1           0  0.78s           2026-09-15T14:28:31                      12
================================================================================
[2026-09-15T14:29:08.837+0000] {manager.py:997} INFO - 
================================================================================
DAG File Processing Stats

File Path                                               PID    Runtime      # DAGs    # Errors  Last Runtime    Last Run               Last # of DB Queries
------------------------------------------------------  -----  ---------  --------  ----------  --------------  -------------------  ----------------------
/opt/airflow/dags/etl_sederhana_25_572885_PPA_07200.py                           1           0  0.71s           2026-09-15T14:29:02                      12
================================================================================
[2026-09-15T14:29:39.132+0000] {manager.py:997} INFO - 
================================================================================
DAG File Processing Stats

File Path                                               PID    Runtime      # DAGs    # Errors  Last Runtime    Last Run               Last # of DB Queries
------------------------------------------------------  -----  ---------  --------  ----------  --------------  -------------------  ----------------------
/opt/airflow/dags/etl_sederhana_25_572885_PPA_07200.py                           1           0  1.12s           2026-09-15T14:29:34                      12
================================================================================
[2026-09-15T14:30:09.207+0000] {manager.py:997} INFO - 
================================================================================
DAG File Processing Stats

File Path                                               PID    Runtime      # DAGs    # Errors  Last Runtime    Last Run               Last # of DB Queries
------------------------------------------------------  -----  ---------  --------  ----------  --------------  -------------------  ----------------------
/opt/airflow/dags/etl_sederhana_25_572885_PPA_07200.py                           1           0  0.70s           2026-09-15T14:30:04                      12
================================================================================
[2026-09-15T14:30:39.575+0000] {manager.py:997} INFO - 
================================================================================
DAG File Processing Stats

File Path                                               PID    Runtime      # DAGs    # Errors  Last Runtime    Last Run               Last # of DB Queries
------------------------------------------------------  -----  ---------  --------  ----------  --------------  -------------------  ----------------------
/opt/airflow/dags/etl_sederhana_25_572885_PPA_07200.py                           1           0  1.31s           2026-09-15T14:30:36                      12
================================================================================
[2026-09-15T14:31:10.146+0000] {manager.py:997} INFO - 
================================================================================
DAG File Processing Stats

File Path                                               PID    Runtime      # DAGs    # Errors  Last Runtime    Last Run               Last # of DB Queries
------------------------------------------------------  -----  ---------  --------  ----------  --------------  -------------------  ----------------------
/opt/airflow/dags/etl_sederhana_25_572885_PPA_07200.py                           1           0  1.56s           2026-09-15T14:31:08                      12
================================================================================
[2026-09-15T14:31:40.550+0000] {manager.py:821} INFO - Searching for files in /opt/airflow/dags
[2026-09-15T14:31:41.380+0000] {manager.py:824} INFO - There are 1 files in /opt/airflow/dags
[2026-09-15T14:31:41.401+0000] {manager.py:997} INFO - 
================================================================================
DAG File Processing Stats

File Path                                               PID    Runtime      # DAGs    # Errors  Last Runtime    Last Run               Last # of DB Queries
------------------------------------------------------  -----  ---------  --------  ----------  --------------  -------------------  ----------------------
/opt/airflow/dags/etl_sederhana_25_572885_PPA_07200.py                           1           0  0.81s           2026-09-15T14:31:39                      12
================================================================================
[2026-09-15T14:32:11.717+0000] {manager.py:997} INFO - 
================================================================================
DAG File Processing Stats

File Path                                               PID    Runtime      # DAGs    # Errors  Last Runtime    Last Run               Last # of DB Queries
------------------------------------------------------  -----  ---------  --------  ----------  --------------  -------------------  ----------------------
/opt/airflow/dags/etl_sederhana_25_572885_PPA_07200.py                           1           0  1.31s           2026-09-15T14:32:10                      12
================================================================================
[2026-09-15T14:32:43.934+0000] {manager.py:997} INFO - 
================================================================================
DAG File Processing Stats

File Path                                               PID    Runtime      # DAGs    # Errors  Last Runtime    Last Run               Last # of DB Queries
------------------------------------------------------  -----  ---------  --------  ----------  --------------  -------------------  ----------------------
/opt/airflow/dags/etl_sederhana_25_572885_PPA_07200.py                           1           0  3.12s           2026-09-15T14:32:43                      12
================================================================================
[2026-09-15T14:33:15.017+0000] {manager.py:997} INFO - 
================================================================================
DAG File Processing Stats

File Path                                               PID    Runtime      # DAGs    # Errors  Last Runtime    Last Run               Last # of DB Queries
------------------------------------------------------  -----  ---------  --------  ----------  --------------  -------------------  ----------------------
/opt/airflow/dags/etl_sederhana_25_572885_PPA_07200.py                           1           0  0.71s           2026-09-15T14:33:15                      12
================================================================================
[2026-09-15T14:33:46.371+0000] {manager.py:997} INFO - 
================================================================================
DAG File Processing Stats

File Path                                               PID    Runtime      # DAGs    # Errors  Last Runtime    Last Run               Last # of DB Queries
------------------------------------------------------  -----  ---------  --------  ----------  --------------  -------------------  ----------------------
/opt/airflow/dags/etl_sederhana_25_572885_PPA_07200.py                           1           0  1.12s           2026-09-15T14:33:46                      12
================================================================================
[2026-09-15T14:34:17.105+0000] {manager.py:997} INFO - 
================================================================================
DAG File Processing Stats

File Path                                               PID    Runtime      # DAGs    # Errors  Last Runtime    Last Run               Last # of DB Queries
------------------------------------------------------  -----  ---------  --------  ----------  --------------  -------------------  ----------------------
/opt/airflow/dags/etl_sederhana_25_572885_PPA_07200.py                           1           0  0.61s           2026-09-15T14:34:17                      12
================================================================================
[2026-09-15T14:34:48.399+0000] {manager.py:997} INFO - 
================================================================================
DAG File Processing Stats

File Path                                               PID    Runtime      # DAGs    # Errors  Last Runtime    Last Run               Last # of DB Queries
------------------------------------------------------  -----  ---------  --------  ----------  --------------  -------------------  ----------------------
/opt/airflow/dags/etl_sederhana_25_572885_PPA_07200.py                           1           0  1.10s           2026-09-15T14:34:48                      12
================================================================================
[2026-09-15T14:35:20.622+0000] {manager.py:997} INFO - 
================================================================================
DAG File Processing Stats

File Path                                               PID    Runtime      # DAGs    # Errors  Last Runtime    Last Run               Last # of DB Queries
------------------------------------------------------  -----  ---------  --------  ----------  --------------  -------------------  ----------------------
/opt/airflow/dags/etl_sederhana_25_572885_PPA_07200.py                           1           0  2.01s           2026-09-15T14:35:20                      12
================================================================================
[2026-09-15T14:35:51.905+0000] {manager.py:997} INFO - 
================================================================================
DAG File Processing Stats

File Path                                               PID    Runtime      # DAGs    # Errors  Last Runtime    Last Run               Last # of DB Queries
------------------------------------------------------  -----  ---------  --------  ----------  --------------  -------------------  ----------------------
/opt/airflow/dags/etl_sederhana_25_572885_PPA_07200.py                           1           0  1.11s           2026-09-15T14:35:51                      12
================================================================================
[2026-09-15T14:36:22.800+0000] {manager.py:997} INFO - 
================================================================================
DAG File Processing Stats

File Path                                               PID    Runtime      # DAGs    # Errors  Last Runtime    Last Run               Last # of DB Queries
------------------------------------------------------  -----  ---------  --------  ----------  --------------  -------------------  ----------------------
/opt/airflow/dags/etl_sederhana_25_572885_PPA_07200.py                           1           0  0.73s           2026-09-15T14:36:22                      12
================================================================================
[2026-09-15T14:36:40.585+0000] {manager.py:821} INFO - Searching for files in /opt/airflow/dags
[2026-09-15T14:36:41.073+0000] {manager.py:824} INFO - There are 1 files in /opt/airflow/dags
[2026-09-15T14:36:54.621+0000] {manager.py:997} INFO - 
================================================================================
DAG File Processing Stats

File Path                                               PID    Runtime      # DAGs    # Errors  Last Runtime    Last Run               Last # of DB Queries
------------------------------------------------------  -----  ---------  --------  ----------  --------------  -------------------  ----------------------
/opt/airflow/dags/etl_sederhana_25_572885_PPA_07200.py                           1           0  1.32s           2026-09-15T14:36:54                      12
================================================================================
[2026-09-15T14:37:25.395+0000] {manager.py:997} INFO - 
================================================================================
DAG File Processing Stats

File Path                                               PID    Runtime      # DAGs    # Errors  Last Runtime    Last Run               Last # of DB Queries
------------------------------------------------------  -----  ---------  --------  ----------  --------------  -------------------  ----------------------
/opt/airflow/dags/etl_sederhana_25_572885_PPA_07200.py                           1           0  0.61s           2026-09-15T14:37:25                      12
================================================================================
[2026-09-15T14:37:57.191+0000] {manager.py:997} INFO - 
================================================================================
DAG File Processing Stats

File Path                                               PID    Runtime      # DAGs    # Errors  Last Runtime    Last Run               Last # of DB Queries
------------------------------------------------------  -----  ---------  --------  ----------  --------------  -------------------  ----------------------
/opt/airflow/dags/etl_sederhana_25_572885_PPA_07200.py                           1           0  1.27s           2026-09-15T14:37:57                      12
================================================================================
[2026-09-15T14:38:28.469+0000] {manager.py:997} INFO - 
================================================================================
DAG File Processing Stats

File Path                                               PID    Runtime      # DAGs    # Errors  Last Runtime    Last Run               Last # of DB Queries
------------------------------------------------------  -----  ---------  --------  ----------  --------------  -------------------  ----------------------
/opt/airflow/dags/etl_sederhana_25_572885_PPA_07200.py                           1           0  1.02s           2026-09-15T14:38:28                      12
================================================================================
[2026-09-15T14:38:59.524+0000] {manager.py:997} INFO - 
================================================================================
DAG File Processing Stats

File Path                                               PID    Runtime      # DAGs    # Errors  Last Runtime    Last Run               Last # of DB Queries
------------------------------------------------------  -----  ---------  --------  ----------  --------------  -------------------  ----------------------
/opt/airflow/dags/etl_sederhana_25_572885_PPA_07200.py                           1           0  0.88s           2026-09-15T14:38:59                      12
================================================================================
[2026-09-15T14:39:30.201+0000] {manager.py:997} INFO - 
================================================================================
DAG File Processing Stats

File Path                                               PID    Runtime      # DAGs    # Errors  Last Runtime    Last Run               Last # of DB Queries
------------------------------------------------------  -----  ---------  --------  ----------  --------------  -------------------  ----------------------
/opt/airflow/dags/etl_sederhana_25_572885_PPA_07200.py                           1           0  0.51s           2026-09-15T14:39:30                      12
================================================================================
[2026-09-15T14:40:01.342+0000] {manager.py:997} INFO - 
================================================================================
DAG File Processing Stats

File Path                                               PID    Runtime      # DAGs    # Errors  Last Runtime    Last Run               Last # of DB Queries
------------------------------------------------------  -----  ---------  --------  ----------  --------------  -------------------  ----------------------
/opt/airflow/dags/etl_sederhana_25_572885_PPA_07200.py                           1           0  0.91s           2026-09-15T14:40:01                      12
================================================================================
[2026-09-15T14:40:32.217+0000] {manager.py:997} INFO - 
================================================================================
DAG File Processing Stats

File Path                                               PID    Runtime      # DAGs    # Errors  Last Runtime    Last Run               Last # of DB Queries
------------------------------------------------------  -----  ---------  --------  ----------  --------------  -------------------  ----------------------
/opt/airflow/dags/etl_sederhana_25_572885_PPA_07200.py                           1           0  0.71s           2026-09-15T14:40:32                      12
================================================================================
[2026-09-15T14:41:03.138+0000] {manager.py:997} INFO - 
================================================================================
DAG File Processing Stats

File Path                                               PID    Runtime      # DAGs    # Errors  Last Runtime    Last Run               Last # of DB Queries
------------------------------------------------------  -----  ---------  --------  ----------  --------------  -------------------  ----------------------
/opt/airflow/dags/etl_sederhana_25_572885_PPA_07200.py                           1           0  0.74s           2026-09-15T14:41:03                      12
================================================================================
[2026-09-15T14:41:35.410+0000] {manager.py:997} INFO - 
================================================================================
DAG File Processing Stats

File Path                                               PID    Runtime      # DAGs    # Errors  Last Runtime    Last Run               Last # of DB Queries
------------------------------------------------------  -----  ---------  --------  ----------  --------------  -------------------  ----------------------
/opt/airflow/dags/etl_sederhana_25_572885_PPA_07200.py                           1           0  1.21s           2026-09-15T14:41:35                      12
================================================================================
[2026-09-15T14:41:41.562+0000] {manager.py:821} INFO - Searching for files in /opt/airflow/dags
[2026-09-15T14:41:41.603+0000] {manager.py:824} INFO - There are 1 files in /opt/airflow/dags
[2026-09-15T14:42:06.258+0000] {manager.py:997} INFO - 
================================================================================
DAG File Processing Stats

File Path                                               PID    Runtime      # DAGs    # Errors  Last Runtime    Last Run               Last # of DB Queries
------------------------------------------------------  -----  ---------  --------  ----------  --------------  -------------------  ----------------------
/opt/airflow/dags/etl_sederhana_25_572885_PPA_07200.py                           1           0  0.71s           2026-09-15T14:42:06                      12
================================================================================
[2026-09-15T14:42:36.915+0000] {manager.py:997} INFO - 
================================================================================
DAG File Processing Stats

File Path                                               PID    Runtime      # DAGs    # Errors  Last Runtime    Last Run               Last # of DB Queries
------------------------------------------------------  -----  ---------  --------  ----------  --------------  -------------------  ----------------------
/opt/airflow/dags/etl_sederhana_25_572885_PPA_07200.py                           1           0  0.51s           2026-09-15T14:42:36                      12
================================================================================
[2026-09-15T14:43:07.551+0000] {manager.py:997} INFO - 
================================================================================
DAG File Processing Stats

File Path                                               PID    Runtime      # DAGs    # Errors  Last Runtime    Last Run               Last # of DB Queries
------------------------------------------------------  -----  ---------  --------  ----------  --------------  -------------------  ----------------------
/opt/airflow/dags/etl_sederhana_25_572885_PPA_07200.py                           1           0  0.51s           2026-09-15T14:43:07                      12
================================================================================
[2026-09-15T14:43:38.154+0000] {manager.py:997} INFO - 
================================================================================
DAG File Processing Stats

File Path                                               PID    Runtime      # DAGs    # Errors  Last Runtime    Last Run               Last # of DB Queries
------------------------------------------------------  -----  ---------  --------  ----------  --------------  -------------------  ----------------------
/opt/airflow/dags/etl_sederhana_25_572885_PPA_07200.py                           1           0  0.51s           2026-09-15T14:43:38                      12
================================================================================
[2026-09-15T14:44:08.842+0000] {manager.py:997} INFO - 
================================================================================
DAG File Processing Stats

File Path                                               PID    Runtime      # DAGs    # Errors  Last Runtime    Last Run               Last # of DB Queries
------------------------------------------------------  -----  ---------  --------  ----------  --------------  -------------------  ----------------------
/opt/airflow/dags/etl_sederhana_25_572885_PPA_07200.py                           1           0  0.51s           2026-09-15T14:44:08                      12
================================================================================
[2026-09-15T14:44:39.842+0000] {manager.py:997} INFO - 
================================================================================
DAG File Processing Stats

File Path                                               PID    Runtime      # DAGs    # Errors  Last Runtime    Last Run               Last # of DB Queries
------------------------------------------------------  -----  ---------  --------  ----------  --------------  -------------------  ----------------------
/opt/airflow/dags/etl_sederhana_25_572885_PPA_07200.py                           1           0  0.81s           2026-09-15T14:44:39                      12
================================================================================
[2026-09-15T14:45:10.560+0000] {manager.py:997} INFO - 
================================================================================
DAG File Processing Stats

File Path                                               PID    Runtime      # DAGs    # Errors  Last Runtime    Last Run               Last # of DB Queries
------------------------------------------------------  -----  ---------  --------  ----------  --------------  -------------------  ----------------------
/opt/airflow/dags/etl_sederhana_25_572885_PPA_07200.py                           1           0  0.51s           2026-09-15T14:45:10                      12
================================================================================
[2026-09-15T14:45:41.246+0000] {manager.py:997} INFO - 
================================================================================
DAG File Processing Stats

File Path                                               PID    Runtime      # DAGs    # Errors  Last Runtime    Last Run               Last # of DB Queries
------------------------------------------------------  -----  ---------  --------  ----------  --------------  -------------------  ----------------------
/opt/airflow/dags/etl_sederhana_25_572885_PPA_07200.py                           1           0  0.51s           2026-09-15T14:45:41                      12
================================================================================
[2026-09-15T14:46:12.165+0000] {manager.py:997} INFO - 
================================================================================
DAG File Processing Stats

File Path                                               PID    Runtime      # DAGs    # Errors  Last Runtime    Last Run               Last # of DB Queries
------------------------------------------------------  -----  ---------  --------  ----------  --------------  -------------------  ----------------------
/opt/airflow/dags/etl_sederhana_25_572885_PPA_07200.py                           1           0  0.79s           2026-09-15T14:46:12                      12
================================================================================
[2026-09-15T14:46:41.818+0000] {manager.py:821} INFO - Searching for files in /opt/airflow/dags
[2026-09-15T14:46:41.930+0000] {manager.py:824} INFO - There are 1 files in /opt/airflow/dags
[2026-09-15T14:46:43.303+0000] {manager.py:997} INFO - 
================================================================================
DAG File Processing Stats

File Path                                               PID    Runtime      # DAGs    # Errors  Last Runtime    Last Run               Last # of DB Queries
------------------------------------------------------  -----  ---------  --------  ----------  --------------  -------------------  ----------------------
/opt/airflow/dags/etl_sederhana_25_572885_PPA_07200.py                           1           0  0.92s           2026-09-15T14:46:43                      12
================================================================================
[2026-09-15T14:47:14.244+0000] {manager.py:997} INFO - 
================================================================================
DAG File Processing Stats

File Path                                               PID    Runtime      # DAGs    # Errors  Last Runtime    Last Run               Last # of DB Queries
------------------------------------------------------  -----  ---------  --------  ----------  --------------  -------------------  ----------------------
/opt/airflow/dags/etl_sederhana_25_572885_PPA_07200.py                           1           0  0.71s           2026-09-15T14:47:14                      12
================================================================================
[2026-09-15T14:47:44.871+0000] {manager.py:997} INFO - 
================================================================================
DAG File Processing Stats

File Path                                               PID    Runtime      # DAGs    # Errors  Last Runtime    Last Run               Last # of DB Queries
------------------------------------------------------  -----  ---------  --------  ----------  --------------  -------------------  ----------------------
/opt/airflow/dags/etl_sederhana_25_572885_PPA_07200.py                           1           0  0.51s           2026-09-15T14:47:44                      12
================================================================================
[2026-09-15T14:48:15.570+0000] {manager.py:997} INFO - 
================================================================================
DAG File Processing Stats

File Path                                               PID    Runtime      # DAGs    # Errors  Last Runtime    Last Run               Last # of DB Queries
------------------------------------------------------  -----  ---------  --------  ----------  --------------  -------------------  ----------------------
/opt/airflow/dags/etl_sederhana_25_572885_PPA_07200.py                           1           0  0.58s           2026-09-15T14:48:15                      12
================================================================================
[2026-09-15T14:48:46.204+0000] {manager.py:997} INFO - 
================================================================================
DAG File Processing Stats

File Path                                               PID    Runtime      # DAGs    # Errors  Last Runtime    Last Run               Last # of DB Queries
------------------------------------------------------  -----  ---------  --------  ----------  --------------  -------------------  ----------------------
/opt/airflow/dags/etl_sederhana_25_572885_PPA_07200.py                           1           0  0.51s           2026-09-15T14:48:46                      12
================================================================================
[2026-09-15T14:49:16.927+0000] {manager.py:997} INFO - 
================================================================================
DAG File Processing Stats

File Path                                               PID    Runtime      # DAGs    # Errors  Last Runtime    Last Run               Last # of DB Queries
------------------------------------------------------  -----  ---------  --------  ----------  --------------  -------------------  ----------------------
/opt/airflow/dags/etl_sederhana_25_572885_PPA_07200.py                           1           0  0.61s           2026-09-15T14:49:16                      12
================================================================================
[2026-09-15T14:49:47.561+0000] {manager.py:997} INFO - 
================================================================================
DAG File Processing Stats

File Path                                               PID    Runtime      # DAGs    # Errors  Last Runtime    Last Run               Last # of DB Queries
------------------------------------------------------  -----  ---------  --------  ----------  --------------  -------------------  ----------------------
/opt/airflow/dags/etl_sederhana_25_572885_PPA_07200.py                           1           0  0.51s           2026-09-15T14:49:47                      12
================================================================================
[2026-09-15T14:50:18.182+0000] {manager.py:997} INFO - 
================================================================================
DAG File Processing Stats

File Path                                               PID    Runtime      # DAGs    # Errors  Last Runtime    Last Run               Last # of DB Queries
------------------------------------------------------  -----  ---------  --------  ----------  --------------  -------------------  ----------------------
/opt/airflow/dags/etl_sederhana_25_572885_PPA_07200.py                           1           0  0.51s           2026-09-15T14:50:18                      12
================================================================================
[2026-09-15T14:50:48.803+0000] {manager.py:997} INFO - 
================================================================================
DAG File Processing Stats

File Path                                               PID    Runtime      # DAGs    # Errors  Last Runtime    Last Run               Last # of DB Queries
------------------------------------------------------  -----  ---------  --------  ----------  --------------  -------------------  ----------------------
/opt/airflow/dags/etl_sederhana_25_572885_PPA_07200.py                           1           0  0.51s           2026-09-15T14:50:48                      12
================================================================================
[2026-09-15T14:51:19.426+0000] {manager.py:997} INFO - 
================================================================================
DAG File Processing Stats

File Path                                               PID    Runtime      # DAGs    # Errors  Last Runtime    Last Run               Last # of DB Queries
------------------------------------------------------  -----  ---------  --------  ----------  --------------  -------------------  ----------------------
/opt/airflow/dags/etl_sederhana_25_572885_PPA_07200.py                           1           0  0.51s           2026-09-15T14:51:19                      12
================================================================================
[2026-09-15T14:51:42.841+0000] {manager.py:821} INFO - Searching for files in /opt/airflow/dags
[2026-09-15T14:51:42.886+0000] {manager.py:824} INFO - There are 1 files in /opt/airflow/dags
[2026-09-15T14:51:50.059+0000] {manager.py:997} INFO - 
================================================================================
DAG File Processing Stats

File Path                                               PID    Runtime      # DAGs    # Errors  Last Runtime    Last Run               Last # of DB Queries
------------------------------------------------------  -----  ---------  --------  ----------  --------------  -------------------  ----------------------
/opt/airflow/dags/etl_sederhana_25_572885_PPA_07200.py                           1           0  0.51s           2026-09-15T14:51:50                      12
================================================================================
[2026-09-15T14:52:20.707+0000] {manager.py:997} INFO - 
================================================================================
DAG File Processing Stats

File Path                                               PID    Runtime      # DAGs    # Errors  Last Runtime    Last Run               Last # of DB Queries
------------------------------------------------------  -----  ---------  --------  ----------  --------------  -------------------  ----------------------
/opt/airflow/dags/etl_sederhana_25_572885_PPA_07200.py                           1           0  0.51s           2026-09-15T14:52:20                      12
================================================================================
[2026-09-15T14:52:51.323+0000] {manager.py:997} INFO - 
================================================================================
DAG File Processing Stats

File Path                                               PID    Runtime      # DAGs    # Errors  Last Runtime    Last Run               Last # of DB Queries
------------------------------------------------------  -----  ---------  --------  ----------  --------------  -------------------  ----------------------
/opt/airflow/dags/etl_sederhana_25_572885_PPA_07200.py                           1           0  0.51s           2026-09-15T14:52:51                      12
================================================================================
[2026-09-15T14:53:21.956+0000] {manager.py:997} INFO - 
================================================================================
DAG File Processing Stats

File Path                                               PID    Runtime      # DAGs    # Errors  Last Runtime    Last Run               Last # of DB Queries
------------------------------------------------------  -----  ---------  --------  ----------  --------------  -------------------  ----------------------
/opt/airflow/dags/etl_sederhana_25_572885_PPA_07200.py                           1           0  0.51s           2026-09-15T14:53:21                      12
================================================================================
[2026-09-15T14:53:52.585+0000] {manager.py:997} INFO - 
================================================================================
DAG File Processing Stats

File Path                                               PID    Runtime      # DAGs    # Errors  Last Runtime    Last Run               Last # of DB Queries
------------------------------------------------------  -----  ---------  --------  ----------  --------------  -------------------  ----------------------
/opt/airflow/dags/etl_sederhana_25_572885_PPA_07200.py                           1           0  0.51s           2026-09-15T14:53:52                      12
================================================================================
[2026-09-15T14:54:23.195+0000] {manager.py:997} INFO - 
================================================================================
DAG File Processing Stats

File Path                                               PID    Runtime      # DAGs    # Errors  Last Runtime    Last Run               Last # of DB Queries
------------------------------------------------------  -----  ---------  --------  ----------  --------------  -------------------  ----------------------
/opt/airflow/dags/etl_sederhana_25_572885_PPA_07200.py                           1           0  0.51s           2026-09-15T14:54:23                      12
================================================================================
[2026-09-15T14:54:54.533+0000] {manager.py:997} INFO - 
================================================================================
DAG File Processing Stats

File Path                                               PID    Runtime      # DAGs    # Errors  Last Runtime    Last Run               Last # of DB Queries
------------------------------------------------------  -----  ---------  --------  ----------  --------------  -------------------  ----------------------
/opt/airflow/dags/etl_sederhana_25_572885_PPA_07200.py                           1           0  1.22s           2026-09-15T14:54:54                      12
================================================================================
[2026-09-15T14:55:25.301+0000] {manager.py:997} INFO - 
================================================================================
DAG File Processing Stats

File Path                                               PID    Runtime      # DAGs    # Errors  Last Runtime    Last Run               Last # of DB Queries
------------------------------------------------------  -----  ---------  --------  ----------  --------------  -------------------  ----------------------
/opt/airflow/dags/etl_sederhana_25_572885_PPA_07200.py                           1           0  0.61s           2026-09-15T14:55:25                      12
================================================================================
[2026-09-15T14:55:56.239+0000] {manager.py:997} INFO - 
================================================================================
DAG File Processing Stats

File Path                                               PID    Runtime      # DAGs    # Errors  Last Runtime    Last Run               Last # of DB Queries
------------------------------------------------------  -----  ---------  --------  ----------  --------------  -------------------  ----------------------
/opt/airflow/dags/etl_sederhana_25_572885_PPA_07200.py                           1           0  0.83s           2026-09-15T14:55:56                      12
================================================================================
[2026-09-15T14:56:27.175+0000] {manager.py:997} INFO - 
================================================================================
DAG File Processing Stats

File Path                                               PID    Runtime      # DAGs    # Errors  Last Runtime    Last Run               Last # of DB Queries
------------------------------------------------------  -----  ---------  --------  ----------  --------------  -------------------  ----------------------
/opt/airflow/dags/etl_sederhana_25_572885_PPA_07200.py                           1           0  0.81s           2026-09-15T14:56:27                      12
================================================================================
[2026-09-15T14:56:43.520+0000] {manager.py:821} INFO - Searching for files in /opt/airflow/dags
[2026-09-15T14:56:43.547+0000] {manager.py:824} INFO - There are 1 files in /opt/airflow/dags
[2026-09-15T14:56:57.843+0000] {manager.py:997} INFO - 
================================================================================
DAG File Processing Stats

File Path                                               PID    Runtime      # DAGs    # Errors  Last Runtime    Last Run               Last # of DB Queries
------------------------------------------------------  -----  ---------  --------  ----------  --------------  -------------------  ----------------------
/opt/airflow/dags/etl_sederhana_25_572885_PPA_07200.py                           1           0  0.52s           2026-09-15T14:56:57                      12
================================================================================
[2026-09-15T14:57:29.501+0000] {manager.py:997} INFO - 
================================================================================
DAG File Processing Stats

File Path                                               PID    Runtime      # DAGs    # Errors  Last Runtime    Last Run               Last # of DB Queries
------------------------------------------------------  -----  ---------  --------  ----------  --------------  -------------------  ----------------------
/opt/airflow/dags/etl_sederhana_25_572885_PPA_07200.py                           1           0  1.41s           2026-09-15T14:57:29                      12
================================================================================
[2026-09-15T14:58:00.165+0000] {manager.py:997} INFO - 
================================================================================
DAG File Processing Stats

File Path                                               PID    Runtime      # DAGs    # Errors  Last Runtime    Last Run               Last # of DB Queries
------------------------------------------------------  -----  ---------  --------  ----------  --------------  -------------------  ----------------------
/opt/airflow/dags/etl_sederhana_25_572885_PPA_07200.py                           1           0  0.51s           2026-09-15T14:58:00                      12
================================================================================
[2026-09-15T14:58:31.731+0000] {manager.py:997} INFO - 
================================================================================
DAG File Processing Stats

File Path                                               PID    Runtime      # DAGs    # Errors  Last Runtime    Last Run               Last # of DB Queries
------------------------------------------------------  -----  ---------  --------  ----------  --------------  -------------------  ----------------------
/opt/airflow/dags/etl_sederhana_25_572885_PPA_07200.py                           1           0  1.18s           2026-09-15T14:58:31                      12
================================================================================
[2026-09-15T14:59:03.952+0000] {manager.py:997} INFO - 
================================================================================
DAG File Processing Stats

File Path                                               PID    Runtime      # DAGs    # Errors  Last Runtime    Last Run               Last # of DB Queries
------------------------------------------------------  -----  ---------  --------  ----------  --------------  -------------------  ----------------------
/opt/airflow/dags/etl_sederhana_25_572885_PPA_07200.py                           0           1  1.81s           2026-09-15T14:59:03                       3
================================================================================
[2026-09-15T14:59:35.003+0000] {manager.py:997} INFO - 
================================================================================
DAG File Processing Stats

File Path                                               PID    Runtime      # DAGs    # Errors  Last Runtime    Last Run               Last # of DB Queries
------------------------------------------------------  -----  ---------  --------  ----------  --------------  -------------------  ----------------------
/opt/airflow/dags/etl_sederhana_25_572885_PPA_07200.py                           0           1  0.71s           2026-09-15T14:59:35                       5
================================================================================
[2026-09-15T15:00:05.988+0000] {manager.py:997} INFO - 
================================================================================
DAG File Processing Stats

File Path                                               PID    Runtime      # DAGs    # Errors  Last Runtime    Last Run               Last # of DB Queries
------------------------------------------------------  -----  ---------  --------  ----------  --------------  -------------------  ----------------------
/opt/airflow/dags/etl_sederhana_25_572885_PPA_07200.py                           0           1  0.56s           2026-09-15T15:00:05                       5
================================================================================
[2026-09-15T15:00:36.439+0000] {manager.py:997} INFO - 
================================================================================
DAG File Processing Stats

File Path                                               PID    Runtime      # DAGs    # Errors  Last Runtime    Last Run               Last # of DB Queries
------------------------------------------------------  -----  ---------  --------  ----------  --------------  -------------------  ----------------------
/opt/airflow/dags/etl_sederhana_25_572885_PPA_07200.py                           0           1  0.31s           2026-09-15T15:00:36                       5
================================================================================
[2026-09-15T15:01:06.841+0000] {manager.py:997} INFO - 
================================================================================
DAG File Processing Stats

File Path                                               PID    Runtime      # DAGs    # Errors  Last Runtime    Last Run               Last # of DB Queries
------------------------------------------------------  -----  ---------  --------  ----------  --------------  -------------------  ----------------------
/opt/airflow/dags/etl_sederhana_25_572885_PPA_07200.py                           0           1  0.26s           2026-09-15T15:01:06                       5
================================================================================
[2026-09-15T15:01:37.057+0000] {manager.py:997} INFO - 
================================================================================
DAG File Processing Stats

File Path                                               PID    Runtime      # DAGs    # Errors  Last Runtime    Last Run               Last # of DB Queries
------------------------------------------------------  -----  ---------  --------  ----------  --------------  -------------------  ----------------------
/opt/airflow/dags/etl_sederhana_25_572885_PPA_07200.py                           0           1  0.11s           2026-09-15T15:01:37                       5
================================================================================
[2026-09-15T15:01:38.743+0000] {manager.py:465} INFO - Exiting gracefully upon receiving signal 15
[2026-09-15T15:03:33.014+0000] {manager.py:483} INFO - Processing files using up to 1 processes at a time 
[2026-09-15T15:03:33.019+0000] {manager.py:484} INFO - Process each file at most once every 30 seconds
[2026-09-15T15:03:33.022+0000] {manager.py:485} INFO - Checking for new files in /opt/airflow/dags every 300 seconds
[2026-09-15T15:03:33.027+0000] {manager.py:821} INFO - Searching for files in /opt/airflow/dags
[2026-09-15T15:03:33.130+0000] {manager.py:824} INFO - There are 1 files in /opt/airflow/dags
[2026-09-15T15:03:41.799+0000] {manager.py:997} INFO - 
================================================================================
DAG File Processing Stats

File Path                                               PID    Runtime      # DAGs    # Errors  Last Runtime    Last Run               Last # of DB Queries
------------------------------------------------------  -----  ---------  --------  ----------  --------------  -------------------  ----------------------
/opt/airflow/dags/etl_sederhana_25_572885_PPA_07200.py                           1           0  8.43s           2026-09-15T15:03:41                      45
================================================================================
[2026-09-15T15:04:17.825+0000] {manager.py:997} INFO - 
================================================================================
DAG File Processing Stats

File Path                                               PID    Runtime      # DAGs    # Errors  Last Runtime    Last Run               Last # of DB Queries
------------------------------------------------------  -----  ---------  --------  ----------  --------------  -------------------  ----------------------
/opt/airflow/dags/etl_sederhana_25_572885_PPA_07200.py                           1           0  5.28s           2026-09-15T15:04:17                      12
================================================================================
[2026-09-15T15:04:58.780+0000] {manager.py:997} INFO - 
================================================================================
DAG File Processing Stats

File Path                                               PID    Runtime      # DAGs    # Errors  Last Runtime    Last Run               Last # of DB Queries
------------------------------------------------------  -----  ---------  --------  ----------  --------------  -------------------  ----------------------
/opt/airflow/dags/etl_sederhana_25_572885_PPA_07200.py                           1           0  10.10s          2026-09-15T15:04:58                      12
================================================================================
[2026-09-15T15:05:59.416+0000] {manager.py:997} INFO - 
================================================================================
DAG File Processing Stats

File Path                                               PID    Runtime      # DAGs    # Errors  Last Runtime    Last Run               Last # of DB Queries
------------------------------------------------------  -----  ---------  --------  ----------  --------------  -------------------  ----------------------
/opt/airflow/dags/etl_sederhana_25_572885_PPA_07200.py                           1           0  1.72s           2026-09-15T15:05:59                      12
================================================================================
[2026-09-15T15:06:30.522+0000] {manager.py:997} INFO - 
================================================================================
DAG File Processing Stats

File Path                                               PID    Runtime      # DAGs    # Errors  Last Runtime    Last Run               Last # of DB Queries
------------------------------------------------------  -----  ---------  --------  ----------  --------------  -------------------  ----------------------
/opt/airflow/dags/etl_sederhana_25_572885_PPA_07200.py                           1           0  1.04s           2026-09-15T15:06:30                      12
================================================================================
[2026-09-15T15:07:01.560+0000] {manager.py:997} INFO - 
================================================================================
DAG File Processing Stats

File Path                                               PID    Runtime      # DAGs    # Errors  Last Runtime    Last Run               Last # of DB Queries
------------------------------------------------------  -----  ---------  --------  ----------  --------------  -------------------  ----------------------
/opt/airflow/dags/etl_sederhana_25_572885_PPA_07200.py                           1           0  0.82s           2026-09-15T15:07:01                      12
================================================================================
[2026-09-15T15:07:32.455+0000] {manager.py:997} INFO - 
================================================================================
DAG File Processing Stats

File Path                                               PID    Runtime      # DAGs    # Errors  Last Runtime    Last Run               Last # of DB Queries
------------------------------------------------------  -----  ---------  --------  ----------  --------------  -------------------  ----------------------
/opt/airflow/dags/etl_sederhana_25_572885_PPA_07200.py                           1           0  0.73s           2026-09-15T15:07:32                      12
================================================================================
[2026-09-15T15:08:03.269+0000] {manager.py:997} INFO - 
================================================================================
DAG File Processing Stats

File Path                                               PID    Runtime      # DAGs    # Errors  Last Runtime    Last Run               Last # of DB Queries
------------------------------------------------------  -----  ---------  --------  ----------  --------------  -------------------  ----------------------
/opt/airflow/dags/etl_sederhana_25_572885_PPA_07200.py                           1           0  0.71s           2026-09-15T15:08:03                      12
================================================================================
[2026-09-15T15:08:33.327+0000] {manager.py:821} INFO - Searching for files in /opt/airflow/dags
[2026-09-15T15:08:33.393+0000] {manager.py:824} INFO - There are 1 files in /opt/airflow/dags
[2026-09-15T15:08:34.220+0000] {manager.py:997} INFO - 
================================================================================
DAG File Processing Stats

File Path                                               PID    Runtime      # DAGs    # Errors  Last Runtime    Last Run               Last # of DB Queries
------------------------------------------------------  -----  ---------  --------  ----------  --------------  -------------------  ----------------------
/opt/airflow/dags/etl_sederhana_25_572885_PPA_07200.py                           1           0  0.81s           2026-09-15T15:08:34                      12
================================================================================
[2026-09-15T15:09:05.031+0000] {manager.py:997} INFO - 
================================================================================
DAG File Processing Stats

File Path                                               PID    Runtime      # DAGs    # Errors  Last Runtime    Last Run               Last # of DB Queries
------------------------------------------------------  -----  ---------  --------  ----------  --------------  -------------------  ----------------------
/opt/airflow/dags/etl_sederhana_25_572885_PPA_07200.py                           1           0  0.71s           2026-09-15T15:09:05                      12
================================================================================
[2026-09-15T15:09:35.892+0000] {manager.py:997} INFO - 
================================================================================
DAG File Processing Stats

File Path                                               PID    Runtime      # DAGs    # Errors  Last Runtime    Last Run               Last # of DB Queries
------------------------------------------------------  -----  ---------  --------  ----------  --------------  -------------------  ----------------------
/opt/airflow/dags/etl_sederhana_25_572885_PPA_07200.py                           1           0  0.80s           2026-09-15T15:09:35                      12
================================================================================
[2026-09-15T15:10:06.788+0000] {manager.py:997} INFO - 
================================================================================
DAG File Processing Stats

File Path                                               PID    Runtime      # DAGs    # Errors  Last Runtime    Last Run               Last # of DB Queries
------------------------------------------------------  -----  ---------  --------  ----------  --------------  -------------------  ----------------------
/opt/airflow/dags/etl_sederhana_25_572885_PPA_07200.py                           1           0  0.81s           2026-09-15T15:10:06                      12
================================================================================
[2026-09-15T15:10:37.674+0000] {manager.py:997} INFO - 
================================================================================
DAG File Processing Stats

File Path                                               PID    Runtime      # DAGs    # Errors  Last Runtime    Last Run               Last # of DB Queries
------------------------------------------------------  -----  ---------  --------  ----------  --------------  -------------------  ----------------------
/opt/airflow/dags/etl_sederhana_25_572885_PPA_07200.py                           1           0  0.81s           2026-09-15T15:10:37                      12
================================================================================
[2026-09-15T15:11:08.593+0000] {manager.py:997} INFO - 
================================================================================
DAG File Processing Stats

File Path                                               PID    Runtime      # DAGs    # Errors  Last Runtime    Last Run               Last # of DB Queries
------------------------------------------------------  -----  ---------  --------  ----------  --------------  -------------------  ----------------------
/opt/airflow/dags/etl_sederhana_25_572885_PPA_07200.py                           1           0  0.81s           2026-09-15T15:11:08                      12
================================================================================
[2026-09-15T15:11:39.407+0000] {manager.py:997} INFO - 
================================================================================
DAG File Processing Stats

File Path                                               PID    Runtime      # DAGs    # Errors  Last Runtime    Last Run               Last # of DB Queries
------------------------------------------------------  -----  ---------  --------  ----------  --------------  -------------------  ----------------------
/opt/airflow/dags/etl_sederhana_25_572885_PPA_07200.py                           1           0  0.71s           2026-09-15T15:11:39                      12
================================================================================
[2026-09-15T15:12:10.322+0000] {manager.py:997} INFO - 
================================================================================
DAG File Processing Stats

File Path                                               PID    Runtime      # DAGs    # Errors  Last Runtime    Last Run               Last # of DB Queries
------------------------------------------------------  -----  ---------  --------  ----------  --------------  -------------------  ----------------------
/opt/airflow/dags/etl_sederhana_25_572885_PPA_07200.py                           1           0  0.81s           2026-09-15T15:12:10                      12
================================================================================
[2026-09-15T15:12:41.109+0000] {manager.py:997} INFO - 
================================================================================
DAG File Processing Stats

File Path                                               PID    Runtime      # DAGs    # Errors  Last Runtime    Last Run               Last # of DB Queries
------------------------------------------------------  -----  ---------  --------  ----------  --------------  -------------------  ----------------------
/opt/airflow/dags/etl_sederhana_25_572885_PPA_07200.py                           1           0  0.71s           2026-09-15T15:12:41                      12
================================================================================
[2026-09-15T15:13:12.012+0000] {manager.py:997} INFO - 
================================================================================
DAG File Processing Stats

File Path                                               PID    Runtime      # DAGs    # Errors  Last Runtime    Last Run               Last # of DB Queries
------------------------------------------------------  -----  ---------  --------  ----------  --------------  -------------------  ----------------------
/opt/airflow/dags/etl_sederhana_25_572885_PPA_07200.py                           1           0  0.81s           2026-09-15T15:13:12                      12
================================================================================
[2026-09-15T15:13:33.890+0000] {manager.py:821} INFO - Searching for files in /opt/airflow/dags
[2026-09-15T15:13:33.910+0000] {manager.py:824} INFO - There are 1 files in /opt/airflow/dags
[2026-09-15T15:13:42.956+0000] {manager.py:997} INFO - 
================================================================================
DAG File Processing Stats

File Path                                               PID    Runtime      # DAGs    # Errors  Last Runtime    Last Run               Last # of DB Queries
------------------------------------------------------  -----  ---------  --------  ----------  --------------  -------------------  ----------------------
/opt/airflow/dags/etl_sederhana_25_572885_PPA_07200.py                           1           0  0.82s           2026-09-15T15:13:42                      12
================================================================================
[2026-09-15T15:14:14.975+0000] {manager.py:997} INFO - 
================================================================================
DAG File Processing Stats

File Path                                               PID    Runtime      # DAGs    # Errors  Last Runtime    Last Run               Last # of DB Queries
------------------------------------------------------  -----  ---------  --------  ----------  --------------  -------------------  ----------------------
/opt/airflow/dags/etl_sederhana_25_572885_PPA_07200.py                           1           0  1.87s           2026-09-15T15:14:14                      12
================================================================================
[2026-09-15T15:14:46.181+0000] {manager.py:997} INFO - 
================================================================================
DAG File Processing Stats

File Path                                               PID    Runtime      # DAGs    # Errors  Last Runtime    Last Run               Last # of DB Queries
------------------------------------------------------  -----  ---------  --------  ----------  --------------  -------------------  ----------------------
/opt/airflow/dags/etl_sederhana_25_572885_PPA_07200.py                           1           0  1.03s           2026-09-15T15:14:46                      12
================================================================================
[2026-09-15T15:15:17.498+0000] {manager.py:997} INFO - 
================================================================================
DAG File Processing Stats

File Path                                               PID    Runtime      # DAGs    # Errors  Last Runtime    Last Run               Last # of DB Queries
------------------------------------------------------  -----  ---------  --------  ----------  --------------  -------------------  ----------------------
/opt/airflow/dags/etl_sederhana_25_572885_PPA_07200.py                           1           0  1.21s           2026-09-15T15:15:17                      12
================================================================================
[2026-09-15T15:15:49.024+0000] {manager.py:997} INFO - 
================================================================================
DAG File Processing Stats

File Path                                               PID    Runtime      # DAGs    # Errors  Last Runtime    Last Run               Last # of DB Queries
------------------------------------------------------  -----  ---------  --------  ----------  --------------  -------------------  ----------------------
/opt/airflow/dags/etl_sederhana_25_572885_PPA_07200.py                           1           0  1.33s           2026-09-15T15:15:49                      12
================================================================================
[2026-09-15T15:16:20.497+0000] {manager.py:997} INFO - 
================================================================================
DAG File Processing Stats

File Path                                               PID    Runtime      # DAGs    # Errors  Last Runtime    Last Run               Last # of DB Queries
------------------------------------------------------  -----  ---------  --------  ----------  --------------  -------------------  ----------------------
/opt/airflow/dags/etl_sederhana_25_572885_PPA_07200.py                           1           0  1.34s           2026-09-15T15:16:20                      12
================================================================================
[2026-09-15T15:16:51.546+0000] {manager.py:997} INFO - 
================================================================================
DAG File Processing Stats

File Path                                               PID    Runtime      # DAGs    # Errors  Last Runtime    Last Run               Last # of DB Queries
------------------------------------------------------  -----  ---------  --------  ----------  --------------  -------------------  ----------------------
/opt/airflow/dags/etl_sederhana_25_572885_PPA_07200.py                           1           0  0.91s           2026-09-15T15:16:51                      12
================================================================================
[2026-09-15T15:17:22.427+0000] {manager.py:997} INFO - 
================================================================================
DAG File Processing Stats

File Path                                               PID    Runtime      # DAGs    # Errors  Last Runtime    Last Run               Last # of DB Queries
------------------------------------------------------  -----  ---------  --------  ----------  --------------  -------------------  ----------------------
/opt/airflow/dags/etl_sederhana_25_572885_PPA_07200.py                           1           0  0.71s           2026-09-15T15:17:22                      12
================================================================================
[2026-09-15T15:17:53.280+0000] {manager.py:997} INFO - 
================================================================================
DAG File Processing Stats

File Path                                               PID    Runtime      # DAGs    # Errors  Last Runtime    Last Run               Last # of DB Queries
------------------------------------------------------  -----  ---------  --------  ----------  --------------  -------------------  ----------------------
/opt/airflow/dags/etl_sederhana_25_572885_PPA_07200.py                           1           0  0.71s           2026-09-15T15:17:53                      12
================================================================================
[2026-09-15T15:18:24.086+0000] {manager.py:997} INFO - 
================================================================================
DAG File Processing Stats

File Path                                               PID    Runtime      # DAGs    # Errors  Last Runtime    Last Run               Last # of DB Queries
------------------------------------------------------  -----  ---------  --------  ----------  --------------  -------------------  ----------------------
/opt/airflow/dags/etl_sederhana_25_572885_PPA_07200.py                           1           0  0.71s           2026-09-15T15:18:24                      12
================================================================================
[2026-09-15T15:18:33.890+0000] {manager.py:821} INFO - Searching for files in /opt/airflow/dags
[2026-09-15T15:18:33.996+0000] {manager.py:824} INFO - There are 1 files in /opt/airflow/dags
[2026-09-15T15:18:54.888+0000] {manager.py:997} INFO - 
================================================================================
DAG File Processing Stats

File Path                                               PID    Runtime      # DAGs    # Errors  Last Runtime    Last Run               Last # of DB Queries
------------------------------------------------------  -----  ---------  --------  ----------  --------------  -------------------  ----------------------
/opt/airflow/dags/etl_sederhana_25_572885_PPA_07200.py                           1           0  0.71s           2026-09-15T15:18:54                      12
================================================================================
[2026-09-15T15:19:26.063+0000] {manager.py:997} INFO - 
================================================================================
DAG File Processing Stats

File Path                                               PID    Runtime      # DAGs    # Errors  Last Runtime    Last Run               Last # of DB Queries
------------------------------------------------------  -----  ---------  --------  ----------  --------------  -------------------  ----------------------
/opt/airflow/dags/etl_sederhana_25_572885_PPA_07200.py                           1           0  0.91s           2026-09-15T15:19:26                      12
================================================================================
[2026-09-15T15:19:57.126+0000] {manager.py:997} INFO - 
================================================================================
DAG File Processing Stats

File Path                                               PID    Runtime      # DAGs    # Errors  Last Runtime    Last Run               Last # of DB Queries
------------------------------------------------------  -----  ---------  --------  ----------  --------------  -------------------  ----------------------
/opt/airflow/dags/etl_sederhana_25_572885_PPA_07200.py                           1           0  0.91s           2026-09-15T15:19:57                      12
================================================================================
[2026-09-15T15:20:28.072+0000] {manager.py:997} INFO - 
================================================================================
DAG File Processing Stats

File Path                                               PID    Runtime      # DAGs    # Errors  Last Runtime    Last Run               Last # of DB Queries
------------------------------------------------------  -----  ---------  --------  ----------  --------------  -------------------  ----------------------
/opt/airflow/dags/etl_sederhana_25_572885_PPA_07200.py                           1           0  0.81s           2026-09-15T15:20:28                      12
================================================================================
[2026-09-15T15:20:58.994+0000] {manager.py:997} INFO - 
================================================================================
DAG File Processing Stats

File Path                                               PID    Runtime      # DAGs    # Errors  Last Runtime    Last Run               Last # of DB Queries
------------------------------------------------------  -----  ---------  --------  ----------  --------------  -------------------  ----------------------
/opt/airflow/dags/etl_sederhana_25_572885_PPA_07200.py                           1           0  0.81s           2026-09-15T15:20:58                      12
================================================================================
[2026-09-15T15:21:29.930+0000] {manager.py:997} INFO - 
================================================================================
DAG File Processing Stats

File Path                                               PID    Runtime      # DAGs    # Errors  Last Runtime    Last Run               Last # of DB Queries
------------------------------------------------------  -----  ---------  --------  ----------  --------------  -------------------  ----------------------
/opt/airflow/dags/etl_sederhana_25_572885_PPA_07200.py                           1           0  0.81s           2026-09-15T15:21:29                      12
================================================================================
[2026-09-15T15:22:00.786+0000] {manager.py:997} INFO - 
================================================================================
DAG File Processing Stats

File Path                                               PID    Runtime      # DAGs    # Errors  Last Runtime    Last Run               Last # of DB Queries
------------------------------------------------------  -----  ---------  --------  ----------  --------------  -------------------  ----------------------
/opt/airflow/dags/etl_sederhana_25_572885_PPA_07200.py                           1           0  0.73s           2026-09-15T15:22:00                      12
================================================================================
[2026-09-17T13:43:02.343+0000] {manager.py:483} INFO - Processing files using up to 1 processes at a time 
[2026-09-17T13:43:02.352+0000] {manager.py:484} INFO - Process each file at most once every 30 seconds
[2026-09-17T13:43:02.361+0000] {manager.py:485} INFO - Checking for new files in /opt/airflow/dags every 300 seconds
[2026-09-17T13:43:02.365+0000] {manager.py:821} INFO - Searching for files in /opt/airflow/dags
[2026-09-17T13:43:02.523+0000] {manager.py:824} INFO - There are 1 files in /opt/airflow/dags
[2026-09-17T13:43:08.490+0000] {manager.py:997} INFO - 
================================================================================
DAG File Processing Stats

File Path                                               PID    Runtime      # DAGs    # Errors  Last Runtime    Last Run               Last # of DB Queries
------------------------------------------------------  -----  ---------  --------  ----------  --------------  -------------------  ----------------------
/opt/airflow/dags/etl_sederhana_25_572885_PPA_07200.py                           1           0  5.74s           2026-09-17T13:43:08                      12
================================================================================
[2026-09-17T13:43:42.307+0000] {manager.py:997} INFO - 
================================================================================
DAG File Processing Stats

File Path                                               PID    Runtime      # DAGs    # Errors  Last Runtime    Last Run               Last # of DB Queries
------------------------------------------------------  -----  ---------  --------  ----------  --------------  -------------------  ----------------------
/opt/airflow/dags/etl_sederhana_25_572885_PPA_07200.py                           1           0  2.15s           2026-09-17T13:43:42                      12
================================================================================
[2026-09-17T13:44:16.598+0000] {manager.py:997} INFO - 
================================================================================
DAG File Processing Stats

File Path                                               PID    Runtime      # DAGs    # Errors  Last Runtime    Last Run               Last # of DB Queries
------------------------------------------------------  -----  ---------  --------  ----------  --------------  -------------------  ----------------------
/opt/airflow/dags/etl_sederhana_25_572885_PPA_07200.py                           1           0  3.04s           2026-09-17T13:44:16                      12
================================================================================
[2026-09-17T13:44:49.606+0000] {manager.py:997} INFO - 
================================================================================
DAG File Processing Stats

File Path                                               PID    Runtime      # DAGs    # Errors  Last Runtime    Last Run               Last # of DB Queries
------------------------------------------------------  -----  ---------  --------  ----------  --------------  -------------------  ----------------------
/opt/airflow/dags/etl_sederhana_25_572885_PPA_07200.py                           1           0  2.82s           2026-09-17T13:44:49                      12
================================================================================
[2026-09-17T13:45:22.273+0000] {manager.py:997} INFO - 
================================================================================
DAG File Processing Stats

File Path                                               PID    Runtime      # DAGs    # Errors  Last Runtime    Last Run               Last # of DB Queries
------------------------------------------------------  -----  ---------  --------  ----------  --------------  -------------------  ----------------------
/opt/airflow/dags/etl_sederhana_25_572885_PPA_07200.py                           1           0  2.42s           2026-09-17T13:45:22                      12
================================================================================
[2026-09-17T13:45:57.834+0000] {manager.py:997} INFO - 
================================================================================
DAG File Processing Stats

File Path                                               PID    Runtime      # DAGs    # Errors  Last Runtime    Last Run               Last # of DB Queries
------------------------------------------------------  -----  ---------  --------  ----------  --------------  -------------------  ----------------------
/opt/airflow/dags/etl_sederhana_25_572885_PPA_07200.py                           1           0  5.16s           2026-09-17T13:45:57                      12
================================================================================
[2026-09-17T13:46:36.866+0000] {manager.py:997} INFO - 
================================================================================
DAG File Processing Stats

File Path                                               PID    Runtime      # DAGs    # Errors  Last Runtime    Last Run               Last # of DB Queries
------------------------------------------------------  -----  ---------  --------  ----------  --------------  -------------------  ----------------------
/opt/airflow/dags/etl_sederhana_25_572885_PPA_07200.py                           1           0  8.52s           2026-09-17T13:46:36                      12
================================================================================
[2026-09-17T13:47:11.309+0000] {manager.py:997} INFO - 
================================================================================
DAG File Processing Stats

File Path                                               PID    Runtime      # DAGs    # Errors  Last Runtime    Last Run               Last # of DB Queries
------------------------------------------------------  -----  ---------  --------  ----------  --------------  -------------------  ----------------------
/opt/airflow/dags/etl_sederhana_25_572885_PPA_07200.py                           1           0  4.05s           2026-09-17T13:47:11                      12
================================================================================
[2026-09-17T13:47:47.940+0000] {manager.py:997} INFO - 
================================================================================
DAG File Processing Stats

File Path                                               PID    Runtime      # DAGs    # Errors  Last Runtime    Last Run               Last # of DB Queries
------------------------------------------------------  -----  ---------  --------  ----------  --------------  -------------------  ----------------------
/opt/airflow/dags/etl_sederhana_25_572885_PPA_07200.py                           1           0  6.34s           2026-09-17T13:47:47                      12
================================================================================
[2026-09-17T13:48:02.863+0000] {manager.py:821} INFO - Searching for files in /opt/airflow/dags
[2026-09-17T13:48:02.961+0000] {manager.py:824} INFO - There are 1 files in /opt/airflow/dags
[2026-09-17T13:48:23.165+0000] {manager.py:997} INFO - 
================================================================================
DAG File Processing Stats

File Path                                               PID    Runtime      # DAGs    # Errors  Last Runtime    Last Run               Last # of DB Queries
------------------------------------------------------  -----  ---------  --------  ----------  --------------  -------------------  ----------------------
/opt/airflow/dags/etl_sederhana_25_572885_PPA_07200.py                           1           0  5.04s           2026-09-17T13:48:23                      12
================================================================================
[2026-09-17T13:49:04.717+0000] {manager.py:997} INFO - 
================================================================================
DAG File Processing Stats

File Path                                               PID    Runtime      # DAGs    # Errors  Last Runtime    Last Run               Last # of DB Queries
------------------------------------------------------  -----  ---------  --------  ----------  --------------  -------------------  ----------------------
/opt/airflow/dags/etl_sederhana_25_572885_PPA_07200.py                           1           0  2.72s           2026-09-17T13:49:04                      12
================================================================================
[2026-09-17T13:49:43.657+0000] {manager.py:997} INFO - 
================================================================================
DAG File Processing Stats

File Path                                               PID    Runtime      # DAGs    # Errors  Last Runtime    Last Run               Last # of DB Queries
------------------------------------------------------  -----  ---------  --------  ----------  --------------  -------------------  ----------------------
/opt/airflow/dags/etl_sederhana_25_572885_PPA_07200.py                           1           0  3.37s           2026-09-17T13:49:43                      12
================================================================================
[2026-09-17T13:50:13.676+0000] {manager.py:997} INFO - 
================================================================================
DAG File Processing Stats

File Path                                               PID    Runtime      # DAGs    # Errors  Last Runtime    Last Run               Last # of DB Queries
------------------------------------------------------  -----  ---------  --------  ----------  --------------  -------------------  ----------------------
/opt/airflow/dags/etl_sederhana_25_572885_PPA_07200.py                           1           0  3.37s           2026-09-17T13:49:43                      12
================================================================================
[2026-09-17T13:50:44.507+0000] {manager.py:997} INFO - 
================================================================================
DAG File Processing Stats

File Path                                               PID    Runtime      # DAGs    # Errors  Last Runtime    Last Run               Last # of DB Queries
------------------------------------------------------  -----  ---------  --------  ----------  --------------  -------------------  ----------------------
/opt/airflow/dags/etl_sederhana_25_572885_PPA_07200.py                           1           0  2.83s           2026-09-17T13:50:17                      12
================================================================================
[2026-09-17T13:51:15.223+0000] {manager.py:997} INFO - 
================================================================================
DAG File Processing Stats

File Path                                               PID    Runtime      # DAGs    # Errors  Last Runtime    Last Run               Last # of DB Queries
------------------------------------------------------  -----  ---------  --------  ----------  --------------  -------------------  ----------------------
/opt/airflow/dags/etl_sederhana_25_572885_PPA_07200.py                           1           0  1.83s           2026-09-17T13:50:49                      12
================================================================================
[2026-09-17T13:51:45.778+0000] {manager.py:997} INFO - 
================================================================================
DAG File Processing Stats

File Path                                               PID    Runtime      # DAGs    # Errors  Last Runtime    Last Run               Last # of DB Queries
------------------------------------------------------  -----  ---------  --------  ----------  --------------  -------------------  ----------------------
/opt/airflow/dags/etl_sederhana_25_572885_PPA_07200.py                           1           0  2.12s           2026-09-17T13:51:22                      12
================================================================================
[2026-09-17T13:52:16.809+0000] {manager.py:997} INFO - 
================================================================================
DAG File Processing Stats

File Path                                               PID    Runtime      # DAGs    # Errors  Last Runtime    Last Run               Last # of DB Queries
------------------------------------------------------  -----  ---------  --------  ----------  --------------  -------------------  ----------------------
/opt/airflow/dags/etl_sederhana_25_572885_PPA_07200.py                           1           0  2.72s           2026-09-17T13:51:55                      12
================================================================================
[2026-09-17T13:52:47.347+0000] {manager.py:997} INFO - 
================================================================================
DAG File Processing Stats

File Path                                               PID    Runtime      # DAGs    # Errors  Last Runtime    Last Run               Last # of DB Queries
------------------------------------------------------  -----  ---------  --------  ----------  --------------  -------------------  ----------------------
/opt/airflow/dags/etl_sederhana_25_572885_PPA_07200.py                           1           0  2.00s           2026-09-17T13:52:27                      12
================================================================================
[2026-09-17T13:53:03.115+0000] {manager.py:821} INFO - Searching for files in /opt/airflow/dags
[2026-09-17T13:53:03.210+0000] {manager.py:824} INFO - There are 1 files in /opt/airflow/dags
[2026-09-17T13:53:17.783+0000] {manager.py:997} INFO - 
================================================================================
DAG File Processing Stats

File Path                                               PID    Runtime      # DAGs    # Errors  Last Runtime    Last Run               Last # of DB Queries
------------------------------------------------------  -----  ---------  --------  ----------  --------------  -------------------  ----------------------
/opt/airflow/dags/etl_sederhana_25_572885_PPA_07200.py                           1           0  3.43s           2026-09-17T13:53:01                      12
================================================================================
[2026-09-17T13:53:47.868+0000] {manager.py:997} INFO - 
================================================================================
DAG File Processing Stats

File Path                                               PID    Runtime      # DAGs    # Errors  Last Runtime    Last Run               Last # of DB Queries
------------------------------------------------------  -----  ---------  --------  ----------  --------------  -------------------  ----------------------
/opt/airflow/dags/etl_sederhana_25_572885_PPA_07200.py                           1           0  3.34s           2026-09-17T13:53:35                      12
================================================================================
[2026-09-17T13:54:18.879+0000] {manager.py:997} INFO - 
================================================================================
DAG File Processing Stats

File Path                                               PID    Runtime      # DAGs    # Errors  Last Runtime    Last Run               Last # of DB Queries
------------------------------------------------------  -----  ---------  --------  ----------  --------------  -------------------  ----------------------
/opt/airflow/dags/etl_sederhana_25_572885_PPA_07200.py                           1           0  2.86s           2026-09-17T13:54:09                      12
================================================================================
[2026-09-17T13:54:49.068+0000] {manager.py:997} INFO - 
================================================================================
DAG File Processing Stats

File Path                                               PID    Runtime      # DAGs    # Errors  Last Runtime    Last Run               Last # of DB Queries
------------------------------------------------------  -----  ---------  --------  ----------  --------------  -------------------  ----------------------
/opt/airflow/dags/etl_sederhana_25_572885_PPA_07200.py                           1           0  2.81s           2026-09-17T13:54:42                      12
================================================================================
[2026-09-17T13:55:20.035+0000] {manager.py:997} INFO - 
================================================================================
DAG File Processing Stats

File Path                                               PID    Runtime      # DAGs    # Errors  Last Runtime    Last Run               Last # of DB Queries
------------------------------------------------------  -----  ---------  --------  ----------  --------------  -------------------  ----------------------
/opt/airflow/dags/etl_sederhana_25_572885_PPA_07200.py                           1           0  3.46s           2026-09-17T13:55:16                      12
================================================================================
[2026-09-17T13:55:51.113+0000] {manager.py:997} INFO - 
================================================================================
DAG File Processing Stats

File Path                                               PID    Runtime      # DAGs    # Errors  Last Runtime    Last Run               Last # of DB Queries
------------------------------------------------------  -----  ---------  --------  ----------  --------------  -------------------  ----------------------
/opt/airflow/dags/etl_sederhana_25_572885_PPA_07200.py                           1           0  3.09s           2026-09-17T13:55:51                      12
================================================================================
[2026-09-17T13:56:25.668+0000] {manager.py:997} INFO - 
================================================================================
DAG File Processing Stats

File Path                                               PID    Runtime      # DAGs    # Errors  Last Runtime    Last Run               Last # of DB Queries
------------------------------------------------------  -----  ---------  --------  ----------  --------------  -------------------  ----------------------
/opt/airflow/dags/etl_sederhana_25_572885_PPA_07200.py                           1           0  2.76s           2026-09-17T13:56:25                      12
================================================================================
[2026-09-17T13:56:59.241+0000] {manager.py:997} INFO - 
================================================================================
DAG File Processing Stats

File Path                                               PID    Runtime      # DAGs    # Errors  Last Runtime    Last Run               Last # of DB Queries
------------------------------------------------------  -----  ---------  --------  ----------  --------------  -------------------  ----------------------
/opt/airflow/dags/etl_sederhana_25_572885_PPA_07200.py                           1           0  3.34s           2026-09-17T13:56:59                      12
================================================================================
[2026-09-17T13:57:29.360+0000] {manager.py:997} INFO - 
================================================================================
DAG File Processing Stats

File Path                                               PID    Runtime      # DAGs    # Errors  Last Runtime    Last Run               Last # of DB Queries
------------------------------------------------------  -----  ---------  --------  ----------  --------------  -------------------  ----------------------
/opt/airflow/dags/etl_sederhana_25_572885_PPA_07200.py                           1           0  3.34s           2026-09-17T13:56:59                      12
================================================================================
[2026-09-17T13:57:59.924+0000] {manager.py:997} INFO - 
================================================================================
DAG File Processing Stats

File Path                                               PID    Runtime      # DAGs    # Errors  Last Runtime    Last Run               Last # of DB Queries
------------------------------------------------------  -----  ---------  --------  ----------  --------------  -------------------  ----------------------
/opt/airflow/dags/etl_sederhana_25_572885_PPA_07200.py                           1           0  4.74s           2026-09-17T13:57:34                      12
================================================================================
[2026-09-17T13:58:03.925+0000] {manager.py:821} INFO - Searching for files in /opt/airflow/dags
[2026-09-17T13:58:04.051+0000] {manager.py:824} INFO - There are 1 files in /opt/airflow/dags
[2026-09-17T13:58:30.643+0000] {manager.py:997} INFO - 
================================================================================
DAG File Processing Stats

File Path                                               PID    Runtime      # DAGs    # Errors  Last Runtime    Last Run               Last # of DB Queries
------------------------------------------------------  -----  ---------  --------  ----------  --------------  -------------------  ----------------------
/opt/airflow/dags/etl_sederhana_25_572885_PPA_07200.py                           1           0  2.84s           2026-09-17T13:58:07                      12
================================================================================
[2026-09-17T13:59:01.179+0000] {manager.py:997} INFO - 
================================================================================
DAG File Processing Stats

File Path                                               PID    Runtime      # DAGs    # Errors  Last Runtime    Last Run               Last # of DB Queries
------------------------------------------------------  -----  ---------  --------  ----------  --------------  -------------------  ----------------------
/opt/airflow/dags/etl_sederhana_25_572885_PPA_07200.py                           1           0  3.13s           2026-09-17T13:58:41                      12
================================================================================
[2026-09-17T13:59:31.404+0000] {manager.py:997} INFO - 
================================================================================
DAG File Processing Stats

File Path                                               PID    Runtime      # DAGs    # Errors  Last Runtime    Last Run               Last # of DB Queries
------------------------------------------------------  -----  ---------  --------  ----------  --------------  -------------------  ----------------------
/opt/airflow/dags/etl_sederhana_25_572885_PPA_07200.py                           1           0  4.43s           2026-09-17T13:59:16                      12
================================================================================
[2026-09-17T14:00:01.470+0000] {manager.py:997} INFO - 
================================================================================
DAG File Processing Stats

File Path                                               PID    Runtime      # DAGs    # Errors  Last Runtime    Last Run               Last # of DB Queries
------------------------------------------------------  -----  ---------  --------  ----------  --------------  -------------------  ----------------------
/opt/airflow/dags/etl_sederhana_25_572885_PPA_07200.py                           1           0  3.20s           2026-09-17T13:59:50                      12
================================================================================
[2026-09-17T14:00:31.567+0000] {manager.py:997} INFO - 
================================================================================
DAG File Processing Stats

File Path                                               PID    Runtime      # DAGs    # Errors  Last Runtime    Last Run               Last # of DB Queries
------------------------------------------------------  -----  ---------  --------  ----------  --------------  -------------------  ----------------------
/opt/airflow/dags/etl_sederhana_25_572885_PPA_07200.py                           1           0  2.52s           2026-09-17T14:00:23                      12
================================================================================
[2026-09-17T14:01:01.741+0000] {manager.py:997} INFO - 
================================================================================
DAG File Processing Stats

File Path                                               PID    Runtime      # DAGs    # Errors  Last Runtime    Last Run               Last # of DB Queries
------------------------------------------------------  -----  ---------  --------  ----------  --------------  -------------------  ----------------------
/opt/airflow/dags/etl_sederhana_25_572885_PPA_07200.py                           1           0  2.02s           2026-09-17T14:00:55                      12
================================================================================
[2026-09-17T14:01:31.846+0000] {manager.py:997} INFO - 
================================================================================
DAG File Processing Stats

File Path                                               PID    Runtime      # DAGs    # Errors  Last Runtime    Last Run               Last # of DB Queries
------------------------------------------------------  -----  ---------  --------  ----------  --------------  -------------------  ----------------------
/opt/airflow/dags/etl_sederhana_25_572885_PPA_07200.py                           1           0  3.02s           2026-09-17T14:01:29                      12
================================================================================
[2026-09-17T14:02:02.905+0000] {manager.py:997} INFO - 
================================================================================
DAG File Processing Stats

File Path                                               PID    Runtime      # DAGs    # Errors  Last Runtime    Last Run               Last # of DB Queries
------------------------------------------------------  -----  ---------  --------  ----------  --------------  -------------------  ----------------------
/opt/airflow/dags/etl_sederhana_25_572885_PPA_07200.py                           1           0  2.38s           2026-09-17T14:02:02                      12
================================================================================
[2026-09-17T14:02:35.886+0000] {manager.py:997} INFO - 
================================================================================
DAG File Processing Stats

File Path                                               PID    Runtime      # DAGs    # Errors  Last Runtime    Last Run               Last # of DB Queries
------------------------------------------------------  -----  ---------  --------  ----------  --------------  -------------------  ----------------------
/opt/airflow/dags/etl_sederhana_25_572885_PPA_07200.py                           1           0  2.65s           2026-09-17T14:02:35                      12
================================================================================
[2026-09-17T14:03:04.704+0000] {manager.py:821} INFO - Searching for files in /opt/airflow/dags
[2026-09-17T14:03:05.819+0000] {manager.py:824} INFO - There are 1 files in /opt/airflow/dags
[2026-09-17T14:03:07.231+0000] {manager.py:997} INFO - 
================================================================================
DAG File Processing Stats

File Path                                               PID    Runtime      # DAGs    # Errors  Last Runtime    Last Run               Last # of DB Queries
------------------------------------------------------  -----  ---------  --------  ----------  --------------  -------------------  ----------------------
/opt/airflow/dags/etl_sederhana_25_572885_PPA_07200.py                           1           0  1.21s           2026-09-17T14:03:07                      12
================================================================================
[2026-09-17T14:03:40.543+0000] {manager.py:997} INFO - 
================================================================================
DAG File Processing Stats

File Path                                               PID    Runtime      # DAGs    # Errors  Last Runtime    Last Run               Last # of DB Queries
------------------------------------------------------  -----  ---------  --------  ----------  --------------  -------------------  ----------------------
/opt/airflow/dags/etl_sederhana_25_572885_PPA_07200.py                           1           0  3.05s           2026-09-17T14:03:40                      12
================================================================================
[2026-09-17T14:04:10.579+0000] {manager.py:997} INFO - 
================================================================================
DAG File Processing Stats

File Path                                               PID    Runtime      # DAGs    # Errors  Last Runtime    Last Run               Last # of DB Queries
------------------------------------------------------  -----  ---------  --------  ----------  --------------  -------------------  ----------------------
/opt/airflow/dags/etl_sederhana_25_572885_PPA_07200.py                           1           0  3.05s           2026-09-17T14:03:40                      12
================================================================================
[2026-09-17T14:04:40.782+0000] {manager.py:997} INFO - 
================================================================================
DAG File Processing Stats

File Path                                               PID    Runtime      # DAGs    # Errors  Last Runtime    Last Run               Last # of DB Queries
------------------------------------------------------  -----  ---------  --------  ----------  --------------  -------------------  ----------------------
/opt/airflow/dags/etl_sederhana_25_572885_PPA_07200.py                           1           0  3.32s           2026-09-17T14:04:14                      12
================================================================================
[2026-09-17T14:05:10.883+0000] {manager.py:997} INFO - 
================================================================================
DAG File Processing Stats

File Path                                               PID    Runtime      # DAGs    # Errors  Last Runtime    Last Run               Last # of DB Queries
------------------------------------------------------  -----  ---------  --------  ----------  --------------  -------------------  ----------------------
/opt/airflow/dags/etl_sederhana_25_572885_PPA_07200.py                           1           0  3.02s           2026-09-17T14:04:47                      12
================================================================================
[2026-09-17T14:05:40.940+0000] {manager.py:997} INFO - 
================================================================================
DAG File Processing Stats

File Path                                               PID    Runtime      # DAGs    # Errors  Last Runtime    Last Run               Last # of DB Queries
------------------------------------------------------  -----  ---------  --------  ----------  --------------  -------------------  ----------------------
/opt/airflow/dags/etl_sederhana_25_572885_PPA_07200.py                           1           0  2.43s           2026-09-17T14:05:20                      12
================================================================================
[2026-09-17T14:06:11.105+0000] {manager.py:997} INFO - 
================================================================================
DAG File Processing Stats

File Path                                               PID    Runtime      # DAGs    # Errors  Last Runtime    Last Run               Last # of DB Queries
------------------------------------------------------  -----  ---------  --------  ----------  --------------  -------------------  ----------------------
/opt/airflow/dags/etl_sederhana_25_572885_PPA_07200.py                           1           0  1.92s           2026-09-17T14:05:52                      12
================================================================================
[2026-09-17T14:06:41.455+0000] {manager.py:997} INFO - 
================================================================================
DAG File Processing Stats

File Path                                               PID    Runtime      # DAGs    # Errors  Last Runtime    Last Run               Last # of DB Queries
------------------------------------------------------  -----  ---------  --------  ----------  --------------  -------------------  ----------------------
/opt/airflow/dags/etl_sederhana_25_572885_PPA_07200.py                           1           0  2.12s           2026-09-17T14:06:25                      12
================================================================================
[2026-09-17T14:07:11.982+0000] {manager.py:997} INFO - 
================================================================================
DAG File Processing Stats

File Path                                               PID    Runtime      # DAGs    # Errors  Last Runtime    Last Run               Last # of DB Queries
------------------------------------------------------  -----  ---------  --------  ----------  --------------  -------------------  ----------------------
/opt/airflow/dags/etl_sederhana_25_572885_PPA_07200.py                           1           0  2.12s           2026-09-17T14:06:57                      12
================================================================================
[2026-09-17T14:07:42.974+0000] {manager.py:997} INFO - 
================================================================================
DAG File Processing Stats

File Path                                               PID    Runtime      # DAGs    # Errors  Last Runtime    Last Run               Last # of DB Queries
------------------------------------------------------  -----  ---------  --------  ----------  --------------  -------------------  ----------------------
/opt/airflow/dags/etl_sederhana_25_572885_PPA_07200.py                           1           0  2.04s           2026-09-17T14:07:29                      12
================================================================================
[2026-09-17T14:08:05.084+0000] {manager.py:821} INFO - Searching for files in /opt/airflow/dags
[2026-09-17T14:08:05.143+0000] {manager.py:824} INFO - There are 1 files in /opt/airflow/dags
[2026-09-17T14:08:13.666+0000] {manager.py:997} INFO - 
================================================================================
DAG File Processing Stats

File Path                                               PID    Runtime      # DAGs    # Errors  Last Runtime    Last Run               Last # of DB Queries
------------------------------------------------------  -----  ---------  --------  ----------  --------------  -------------------  ----------------------
/opt/airflow/dags/etl_sederhana_25_572885_PPA_07200.py                           1           0  1.61s           2026-09-17T14:08:01                      12
================================================================================
[2026-09-17T14:08:44.565+0000] {manager.py:997} INFO - 
================================================================================
DAG File Processing Stats

File Path                                               PID    Runtime      # DAGs    # Errors  Last Runtime    Last Run               Last # of DB Queries
------------------------------------------------------  -----  ---------  --------  ----------  --------------  -------------------  ----------------------
/opt/airflow/dags/etl_sederhana_25_572885_PPA_07200.py                           1           0  1.80s           2026-09-17T14:08:33                      12
================================================================================
[2026-09-17T14:09:14.919+0000] {manager.py:997} INFO - 
================================================================================
DAG File Processing Stats

File Path                                               PID    Runtime      # DAGs    # Errors  Last Runtime    Last Run               Last # of DB Queries
------------------------------------------------------  -----  ---------  --------  ----------  --------------  -------------------  ----------------------
/opt/airflow/dags/etl_sederhana_25_572885_PPA_07200.py                           1           0  1.85s           2026-09-17T14:09:05                      12
================================================================================
[2026-09-17T14:09:45.170+0000] {manager.py:997} INFO - 
================================================================================
DAG File Processing Stats

File Path                                               PID    Runtime      # DAGs    # Errors  Last Runtime    Last Run               Last # of DB Queries
------------------------------------------------------  -----  ---------  --------  ----------  --------------  -------------------  ----------------------
/opt/airflow/dags/etl_sederhana_25_572885_PPA_07200.py                           1           0  6.17s           2026-09-17T14:09:41                      12
================================================================================
[2026-09-17T14:10:20.755+0000] {manager.py:997} INFO - 
================================================================================
DAG File Processing Stats

File Path                                               PID    Runtime      # DAGs    # Errors  Last Runtime    Last Run               Last # of DB Queries
------------------------------------------------------  -----  ---------  --------  ----------  --------------  -------------------  ----------------------
/opt/airflow/dags/etl_sederhana_25_572885_PPA_07200.py                           1           0  8.45s           2026-09-17T14:10:20                      12
================================================================================
[2026-09-17T14:10:53.319+0000] {manager.py:997} INFO - 
================================================================================
DAG File Processing Stats

File Path                                               PID    Runtime      # DAGs    # Errors  Last Runtime    Last Run               Last # of DB Queries
------------------------------------------------------  -----  ---------  --------  ----------  --------------  -------------------  ----------------------
/opt/airflow/dags/etl_sederhana_25_572885_PPA_07200.py                           1           0  2.27s           2026-09-17T14:10:53                      12
================================================================================
[2026-09-17T14:11:25.181+0000] {manager.py:997} INFO - 
================================================================================
DAG File Processing Stats

File Path                                               PID    Runtime      # DAGs    # Errors  Last Runtime    Last Run               Last # of DB Queries
------------------------------------------------------  -----  ---------  --------  ----------  --------------  -------------------  ----------------------
/opt/airflow/dags/etl_sederhana_25_572885_PPA_07200.py                           1           0  1.71s           2026-09-17T14:11:25                      12
================================================================================
[2026-09-17T14:12:01.633+0000] {manager.py:997} INFO - 
================================================================================
DAG File Processing Stats

File Path                                               PID    Runtime      # DAGs    # Errors  Last Runtime    Last Run               Last # of DB Queries
------------------------------------------------------  -----  ---------  --------  ----------  --------------  -------------------  ----------------------
/opt/airflow/dags/etl_sederhana_25_572885_PPA_07200.py                           1           0  6.26s           2026-09-17T14:12:01                      12
================================================================================
[2026-09-17T14:12:34.640+0000] {manager.py:997} INFO - 
================================================================================
DAG File Processing Stats

File Path                                               PID    Runtime      # DAGs    # Errors  Last Runtime    Last Run               Last # of DB Queries
------------------------------------------------------  -----  ---------  --------  ----------  --------------  -------------------  ----------------------
/opt/airflow/dags/etl_sederhana_25_572885_PPA_07200.py                           1           0  2.88s           2026-09-17T14:12:34                      12
================================================================================
[2026-09-17T14:13:07.993+0000] {manager.py:997} INFO - 
================================================================================
DAG File Processing Stats

File Path                                               PID    Runtime      # DAGs    # Errors  Last Runtime    Last Run               Last # of DB Queries
------------------------------------------------------  -----  ---------  --------  ----------  --------------  -------------------  ----------------------
/opt/airflow/dags/etl_sederhana_25_572885_PPA_07200.py                           1           0  2.65s           2026-09-17T14:13:07                      12
================================================================================
[2026-09-17T14:13:09.075+0000] {manager.py:821} INFO - Searching for files in /opt/airflow/dags
[2026-09-17T14:13:09.309+0000] {manager.py:824} INFO - There are 1 files in /opt/airflow/dags
[2026-09-17T14:13:40.058+0000] {manager.py:997} INFO - 
================================================================================
DAG File Processing Stats

File Path                                               PID    Runtime      # DAGs    # Errors  Last Runtime    Last Run               Last # of DB Queries
------------------------------------------------------  -----  ---------  --------  ----------  --------------  -------------------  ----------------------
/opt/airflow/dags/etl_sederhana_25_572885_PPA_07200.py                           1           0  1.80s           2026-09-17T14:13:40                      12
================================================================================
[2026-09-17T14:14:14.396+0000] {manager.py:997} INFO - 
================================================================================
DAG File Processing Stats

File Path                                               PID    Runtime      # DAGs    # Errors  Last Runtime    Last Run               Last # of DB Queries
------------------------------------------------------  -----  ---------  --------  ----------  --------------  -------------------  ----------------------
/opt/airflow/dags/etl_sederhana_25_572885_PPA_07200.py                           1           0  3.13s           2026-09-17T14:14:14                      12
================================================================================
[2026-09-17T14:14:44.425+0000] {manager.py:997} INFO - 
================================================================================
DAG File Processing Stats

File Path                                               PID    Runtime      # DAGs    # Errors  Last Runtime    Last Run               Last # of DB Queries
------------------------------------------------------  -----  ---------  --------  ----------  --------------  -------------------  ----------------------
/opt/airflow/dags/etl_sederhana_25_572885_PPA_07200.py                           1           0  3.13s           2026-09-17T14:14:14                      12
================================================================================
[2026-09-17T14:15:14.845+0000] {manager.py:997} INFO - 
================================================================================
DAG File Processing Stats

File Path                                               PID    Runtime      # DAGs    # Errors  Last Runtime    Last Run               Last # of DB Queries
------------------------------------------------------  -----  ---------  --------  ----------  --------------  -------------------  ----------------------
/opt/airflow/dags/etl_sederhana_25_572885_PPA_07200.py                           1           0  2.45s           2026-09-17T14:14:47                      12
================================================================================
[2026-09-17T14:15:44.886+0000] {manager.py:997} INFO - 
================================================================================
DAG File Processing Stats

File Path                                               PID    Runtime      # DAGs    # Errors  Last Runtime    Last Run               Last # of DB Queries
------------------------------------------------------  -----  ---------  --------  ----------  --------------  -------------------  ----------------------
/opt/airflow/dags/etl_sederhana_25_572885_PPA_07200.py                           1           0  2.71s           2026-09-17T14:15:20                      12
================================================================================
[2026-09-17T14:16:15.587+0000] {manager.py:997} INFO - 
================================================================================
DAG File Processing Stats

File Path                                               PID    Runtime      # DAGs    # Errors  Last Runtime    Last Run               Last # of DB Queries
------------------------------------------------------  -----  ---------  --------  ----------  --------------  -------------------  ----------------------
/opt/airflow/dags/etl_sederhana_25_572885_PPA_07200.py                           1           0  3.55s           2026-09-17T14:15:54                      12
================================================================================
[2026-09-17T14:16:45.723+0000] {manager.py:997} INFO - 
================================================================================
DAG File Processing Stats

File Path                                               PID    Runtime      # DAGs    # Errors  Last Runtime    Last Run               Last # of DB Queries
------------------------------------------------------  -----  ---------  --------  ----------  --------------  -------------------  ----------------------
/opt/airflow/dags/etl_sederhana_25_572885_PPA_07200.py                           1           0  3.51s           2026-09-17T14:16:28                      12
================================================================================
[2026-09-17T14:17:16.460+0000] {manager.py:997} INFO - 
================================================================================
DAG File Processing Stats

File Path                                               PID    Runtime      # DAGs    # Errors  Last Runtime    Last Run               Last # of DB Queries
------------------------------------------------------  -----  ---------  --------  ----------  --------------  -------------------  ----------------------
/opt/airflow/dags/etl_sederhana_25_572885_PPA_07200.py                           1           0  1.96s           2026-09-17T14:17:00                      12
================================================================================
[2026-09-17T14:17:47.364+0000] {manager.py:997} INFO - 
================================================================================
DAG File Processing Stats

File Path                                               PID    Runtime      # DAGs    # Errors  Last Runtime    Last Run               Last # of DB Queries
------------------------------------------------------  -----  ---------  --------  ----------  --------------  -------------------  ----------------------
/opt/airflow/dags/etl_sederhana_25_572885_PPA_07200.py                           1           0  1.91s           2026-09-17T14:17:32                      12
================================================================================
[2026-09-17T14:18:09.677+0000] {manager.py:821} INFO - Searching for files in /opt/airflow/dags
[2026-09-17T14:18:09.698+0000] {manager.py:824} INFO - There are 1 files in /opt/airflow/dags
[2026-09-17T14:18:17.890+0000] {manager.py:997} INFO - 
================================================================================
DAG File Processing Stats

File Path                                               PID    Runtime      # DAGs    # Errors  Last Runtime    Last Run               Last # of DB Queries
------------------------------------------------------  -----  ---------  --------  ----------  --------------  -------------------  ----------------------
/opt/airflow/dags/etl_sederhana_25_572885_PPA_07200.py                           1           0  1.78s           2026-09-17T14:18:04                      12
================================================================================
[2026-09-17T14:18:47.992+0000] {manager.py:997} INFO - 
================================================================================
DAG File Processing Stats

File Path                                               PID    Runtime      # DAGs    # Errors  Last Runtime    Last Run               Last # of DB Queries
------------------------------------------------------  -----  ---------  --------  ----------  --------------  -------------------  ----------------------
/opt/airflow/dags/etl_sederhana_25_572885_PPA_07200.py                           1           0  2.10s           2026-09-17T14:18:36                      12
================================================================================
[2026-09-17T14:19:18.566+0000] {manager.py:997} INFO - 
================================================================================
DAG File Processing Stats

File Path                                               PID    Runtime      # DAGs    # Errors  Last Runtime    Last Run               Last # of DB Queries
------------------------------------------------------  -----  ---------  --------  ----------  --------------  -------------------  ----------------------
/opt/airflow/dags/etl_sederhana_25_572885_PPA_07200.py                           1           0  2.09s           2026-09-17T14:19:09                      12
================================================================================
[2026-09-17T14:19:48.654+0000] {manager.py:997} INFO - 
================================================================================
DAG File Processing Stats

File Path                                               PID    Runtime      # DAGs    # Errors  Last Runtime    Last Run               Last # of DB Queries
------------------------------------------------------  -----  ---------  --------  ----------  --------------  -------------------  ----------------------
/opt/airflow/dags/etl_sederhana_25_572885_PPA_07200.py                           1           0  1.13s           2026-09-17T14:19:40                      12
================================================================================
[2026-09-17T14:20:19.880+0000] {manager.py:997} INFO - 
================================================================================
DAG File Processing Stats

File Path                                               PID    Runtime      # DAGs    # Errors  Last Runtime    Last Run               Last # of DB Queries
------------------------------------------------------  -----  ---------  --------  ----------  --------------  -------------------  ----------------------
/opt/airflow/dags/etl_sederhana_25_572885_PPA_07200.py                           1           0  1.76s           2026-09-17T14:20:12                      12
================================================================================
[2026-09-17T14:20:50.211+0000] {manager.py:997} INFO - 
================================================================================
DAG File Processing Stats

File Path                                               PID    Runtime      # DAGs    # Errors  Last Runtime    Last Run               Last # of DB Queries
------------------------------------------------------  -----  ---------  --------  ----------  --------------  -------------------  ----------------------
/opt/airflow/dags/etl_sederhana_25_572885_PPA_07200.py                           1           0  1.61s           2026-09-17T14:20:44                      12
================================================================================
[2026-09-17T14:21:20.584+0000] {manager.py:997} INFO - 
================================================================================
DAG File Processing Stats

File Path                                               PID    Runtime      # DAGs    # Errors  Last Runtime    Last Run               Last # of DB Queries
------------------------------------------------------  -----  ---------  --------  ----------  --------------  -------------------  ----------------------
/opt/airflow/dags/etl_sederhana_25_572885_PPA_07200.py                           1           0  2.16s           2026-09-17T14:21:16                      12
================================================================================
[2026-09-17T14:21:50.792+0000] {manager.py:997} INFO - 
================================================================================
DAG File Processing Stats

File Path                                               PID    Runtime      # DAGs    # Errors  Last Runtime    Last Run               Last # of DB Queries
------------------------------------------------------  -----  ---------  --------  ----------  --------------  -------------------  ----------------------
/opt/airflow/dags/etl_sederhana_25_572885_PPA_07200.py                           1           0  1.67s           2026-09-17T14:21:48                      12
================================================================================
[2026-09-17T14:22:21.851+0000] {manager.py:997} INFO - 
================================================================================
DAG File Processing Stats

File Path                                               PID    Runtime      # DAGs    # Errors  Last Runtime    Last Run               Last # of DB Queries
------------------------------------------------------  -----  ---------  --------  ----------  --------------  -------------------  ----------------------
/opt/airflow/dags/etl_sederhana_25_572885_PPA_07200.py                           1           0  1.96s           2026-09-17T14:22:20                      12
================================================================================
[2026-09-17T14:22:52.177+0000] {manager.py:997} INFO - 
================================================================================
DAG File Processing Stats

File Path                                               PID    Runtime      # DAGs    # Errors  Last Runtime    Last Run               Last # of DB Queries
------------------------------------------------------  -----  ---------  --------  ----------  --------------  -------------------  ----------------------
/opt/airflow/dags/etl_sederhana_25_572885_PPA_07200.py                           1           0  1.22s           2026-09-17T14:22:52                      12
================================================================================
[2026-09-17T14:23:10.522+0000] {manager.py:821} INFO - Searching for files in /opt/airflow/dags
[2026-09-17T14:23:10.551+0000] {manager.py:824} INFO - There are 1 files in /opt/airflow/dags
[2026-09-17T14:23:23.402+0000] {manager.py:997} INFO - 
================================================================================
DAG File Processing Stats

File Path                                               PID    Runtime      # DAGs    # Errors  Last Runtime    Last Run               Last # of DB Queries
------------------------------------------------------  -----  ---------  --------  ----------  --------------  -------------------  ----------------------
/opt/airflow/dags/etl_sederhana_25_572885_PPA_07200.py                           1           0  1.11s           2026-09-17T14:23:23                      12
================================================================================
[2026-09-17T14:23:54.704+0000] {manager.py:997} INFO - 
================================================================================
DAG File Processing Stats

File Path                                               PID    Runtime      # DAGs    # Errors  Last Runtime    Last Run               Last # of DB Queries
------------------------------------------------------  -----  ---------  --------  ----------  --------------  -------------------  ----------------------
/opt/airflow/dags/etl_sederhana_25_572885_PPA_07200.py                           1           0  1.21s           2026-09-17T14:23:54                      12
================================================================================
[2026-09-17T14:24:26.824+0000] {manager.py:997} INFO - 
================================================================================
DAG File Processing Stats

File Path                                               PID    Runtime      # DAGs    # Errors  Last Runtime    Last Run               Last # of DB Queries
------------------------------------------------------  -----  ---------  --------  ----------  --------------  -------------------  ----------------------
/opt/airflow/dags/etl_sederhana_25_572885_PPA_07200.py                           1           0  1.91s           2026-09-17T14:24:26                      12
================================================================================
[2026-09-17T14:24:58.890+0000] {manager.py:997} INFO - 
================================================================================
DAG File Processing Stats

File Path                                               PID    Runtime      # DAGs    # Errors  Last Runtime    Last Run               Last # of DB Queries
------------------------------------------------------  -----  ---------  --------  ----------  --------------  -------------------  ----------------------
/opt/airflow/dags/etl_sederhana_25_572885_PPA_07200.py                           1           0  1.92s           2026-09-17T14:24:58                      12
================================================================================
[2026-09-17T14:25:31.431+0000] {manager.py:997} INFO - 
================================================================================
DAG File Processing Stats

File Path                                               PID    Runtime      # DAGs    # Errors  Last Runtime    Last Run               Last # of DB Queries
------------------------------------------------------  -----  ---------  --------  ----------  --------------  -------------------  ----------------------
/opt/airflow/dags/etl_sederhana_25_572885_PPA_07200.py                           1           0  2.37s           2026-09-17T14:25:31                      12
================================================================================
[2026-09-17T14:26:03.360+0000] {manager.py:997} INFO - 
================================================================================
DAG File Processing Stats

File Path                                               PID    Runtime      # DAGs    # Errors  Last Runtime    Last Run               Last # of DB Queries
------------------------------------------------------  -----  ---------  --------  ----------  --------------  -------------------  ----------------------
/opt/airflow/dags/etl_sederhana_25_572885_PPA_07200.py                           1           0  1.73s           2026-09-17T14:26:03                      12
================================================================================
[2026-09-17T14:26:35.945+0000] {manager.py:997} INFO - 
================================================================================
DAG File Processing Stats

File Path                                               PID    Runtime      # DAGs    # Errors  Last Runtime    Last Run               Last # of DB Queries
------------------------------------------------------  -----  ---------  --------  ----------  --------------  -------------------  ----------------------
/opt/airflow/dags/etl_sederhana_25_572885_PPA_07200.py                           1           0  2.42s           2026-09-17T14:26:35                      12
================================================================================
[2026-09-17T14:27:08.765+0000] {manager.py:997} INFO - 
================================================================================
DAG File Processing Stats

File Path                                               PID    Runtime      # DAGs    # Errors  Last Runtime    Last Run               Last # of DB Queries
------------------------------------------------------  -----  ---------  --------  ----------  --------------  -------------------  ----------------------
/opt/airflow/dags/etl_sederhana_25_572885_PPA_07200.py                           1           0  2.63s           2026-09-17T14:27:08                      12
================================================================================
[2026-09-17T14:27:40.746+0000] {manager.py:997} INFO - 
================================================================================
DAG File Processing Stats

File Path                                               PID    Runtime      # DAGs    # Errors  Last Runtime    Last Run               Last # of DB Queries
------------------------------------------------------  -----  ---------  --------  ----------  --------------  -------------------  ----------------------
/opt/airflow/dags/etl_sederhana_25_572885_PPA_07200.py                           1           0  1.81s           2026-09-17T14:27:40                      12
================================================================================
[2026-09-17T14:28:10.896+0000] {manager.py:821} INFO - Searching for files in /opt/airflow/dags
[2026-09-17T14:28:10.966+0000] {manager.py:824} INFO - There are 1 files in /opt/airflow/dags
[2026-09-17T14:28:13.241+0000] {manager.py:997} INFO - 
================================================================================
DAG File Processing Stats

File Path                                               PID    Runtime      # DAGs    # Errors  Last Runtime    Last Run               Last # of DB Queries
------------------------------------------------------  -----  ---------  --------  ----------  --------------  -------------------  ----------------------
/opt/airflow/dags/etl_sederhana_25_572885_PPA_07200.py                           1           0  2.22s           2026-09-17T14:28:13                      12
================================================================================
[2026-09-17T14:28:45.817+0000] {manager.py:997} INFO - 
================================================================================
DAG File Processing Stats

File Path                                               PID    Runtime      # DAGs    # Errors  Last Runtime    Last Run               Last # of DB Queries
------------------------------------------------------  -----  ---------  --------  ----------  --------------  -------------------  ----------------------
/opt/airflow/dags/etl_sederhana_25_572885_PPA_07200.py                           1           0  2.42s           2026-09-17T14:28:45                      12
================================================================================
[2026-09-17T14:29:17.657+0000] {manager.py:997} INFO - 
================================================================================
DAG File Processing Stats

File Path                                               PID    Runtime      # DAGs    # Errors  Last Runtime    Last Run               Last # of DB Queries
------------------------------------------------------  -----  ---------  --------  ----------  --------------  -------------------  ----------------------
/opt/airflow/dags/etl_sederhana_25_572885_PPA_07200.py                           1           0  1.63s           2026-09-17T14:29:17                      12
================================================================================
[2026-09-17T14:29:49.118+0000] {manager.py:997} INFO - 
================================================================================
DAG File Processing Stats

File Path                                               PID    Runtime      # DAGs    # Errors  Last Runtime    Last Run               Last # of DB Queries
------------------------------------------------------  -----  ---------  --------  ----------  --------------  -------------------  ----------------------
/opt/airflow/dags/etl_sederhana_25_572885_PPA_07200.py                           1           0  1.32s           2026-09-17T14:29:49                      12
================================================================================
[2026-09-17T14:30:21.485+0000] {manager.py:997} INFO - 
================================================================================
DAG File Processing Stats

File Path                                               PID    Runtime      # DAGs    # Errors  Last Runtime    Last Run               Last # of DB Queries
------------------------------------------------------  -----  ---------  --------  ----------  --------------  -------------------  ----------------------
/opt/airflow/dags/etl_sederhana_25_572885_PPA_07200.py                           1           0  2.04s           2026-09-17T14:30:21                      12
================================================================================
[2026-09-17T14:30:54.106+0000] {manager.py:997} INFO - 
================================================================================
DAG File Processing Stats

File Path                                               PID    Runtime      # DAGs    # Errors  Last Runtime    Last Run               Last # of DB Queries
------------------------------------------------------  -----  ---------  --------  ----------  --------------  -------------------  ----------------------
/opt/airflow/dags/etl_sederhana_25_572885_PPA_07200.py                           1           0  2.43s           2026-09-17T14:30:54                      12
================================================================================
[2026-09-17T14:31:26.719+0000] {manager.py:997} INFO - 
================================================================================
DAG File Processing Stats

File Path                                               PID    Runtime      # DAGs    # Errors  Last Runtime    Last Run               Last # of DB Queries
------------------------------------------------------  -----  ---------  --------  ----------  --------------  -------------------  ----------------------
/opt/airflow/dags/etl_sederhana_25_572885_PPA_07200.py                           1           0  2.45s           2026-09-17T14:31:26                      12
================================================================================
[2026-09-17T14:31:59.175+0000] {manager.py:997} INFO - 
================================================================================
DAG File Processing Stats

File Path                                               PID    Runtime      # DAGs    # Errors  Last Runtime    Last Run               Last # of DB Queries
------------------------------------------------------  -----  ---------  --------  ----------  --------------  -------------------  ----------------------
/opt/airflow/dags/etl_sederhana_25_572885_PPA_07200.py                           1           0  2.22s           2026-09-17T14:31:59                      12
================================================================================
[2026-09-17T14:32:31.066+0000] {manager.py:997} INFO - 
================================================================================
DAG File Processing Stats

File Path                                               PID    Runtime      # DAGs    # Errors  Last Runtime    Last Run               Last # of DB Queries
------------------------------------------------------  -----  ---------  --------  ----------  --------------  -------------------  ----------------------
/opt/airflow/dags/etl_sederhana_25_572885_PPA_07200.py                           1           0  1.72s           2026-09-17T14:32:31                      12
================================================================================
[2026-09-17T14:33:04.479+0000] {manager.py:997} INFO - 
================================================================================
DAG File Processing Stats

File Path                                               PID    Runtime      # DAGs    # Errors  Last Runtime    Last Run               Last # of DB Queries
------------------------------------------------------  -----  ---------  --------  ----------  --------------  -------------------  ----------------------
/opt/airflow/dags/etl_sederhana_25_572885_PPA_07200.py                           1           0  3.27s           2026-09-17T14:33:04                      12
================================================================================
[2026-09-17T14:33:11.732+0000] {manager.py:821} INFO - Searching for files in /opt/airflow/dags
[2026-09-17T14:33:11.778+0000] {manager.py:824} INFO - There are 1 files in /opt/airflow/dags
[2026-09-17T14:33:36.343+0000] {manager.py:997} INFO - 
================================================================================
DAG File Processing Stats

File Path                                               PID    Runtime      # DAGs    # Errors  Last Runtime    Last Run               Last # of DB Queries
------------------------------------------------------  -----  ---------  --------  ----------  --------------  -------------------  ----------------------
/opt/airflow/dags/etl_sederhana_25_572885_PPA_07200.py                           1           0  1.71s           2026-09-17T14:33:36                      12
================================================================================
[2026-09-17T14:34:08.221+0000] {manager.py:997} INFO - 
================================================================================
DAG File Processing Stats

File Path                                               PID    Runtime      # DAGs    # Errors  Last Runtime    Last Run               Last # of DB Queries
------------------------------------------------------  -----  ---------  --------  ----------  --------------  -------------------  ----------------------
/opt/airflow/dags/etl_sederhana_25_572885_PPA_07200.py                           1           0  1.72s           2026-09-17T14:34:08                      12
================================================================================
[2026-09-17T14:34:41.116+0000] {manager.py:997} INFO - 
================================================================================
DAG File Processing Stats

File Path                                               PID    Runtime      # DAGs    # Errors  Last Runtime    Last Run               Last # of DB Queries
------------------------------------------------------  -----  ---------  --------  ----------  --------------  -------------------  ----------------------
/opt/airflow/dags/etl_sederhana_25_572885_PPA_07200.py                           1           0  2.73s           2026-09-17T14:34:41                      12
================================================================================
[2026-09-17T14:35:13.481+0000] {manager.py:997} INFO - 
================================================================================
DAG File Processing Stats

File Path                                               PID    Runtime      # DAGs    # Errors  Last Runtime    Last Run               Last # of DB Queries
------------------------------------------------------  -----  ---------  --------  ----------  --------------  -------------------  ----------------------
/opt/airflow/dags/etl_sederhana_25_572885_PPA_07200.py                           1           0  2.22s           2026-09-17T14:35:13                      12
================================================================================
[2026-09-17T14:35:45.434+0000] {manager.py:997} INFO - 
================================================================================
DAG File Processing Stats

File Path                                               PID    Runtime      # DAGs    # Errors  Last Runtime    Last Run               Last # of DB Queries
------------------------------------------------------  -----  ---------  --------  ----------  --------------  -------------------  ----------------------
/opt/airflow/dags/etl_sederhana_25_572885_PPA_07200.py                           1           0  1.92s           2026-09-17T14:35:45                      12
================================================================================
[2026-09-17T14:36:17.575+0000] {manager.py:997} INFO - 
================================================================================
DAG File Processing Stats

File Path                                               PID    Runtime      # DAGs    # Errors  Last Runtime    Last Run               Last # of DB Queries
------------------------------------------------------  -----  ---------  --------  ----------  --------------  -------------------  ----------------------
/opt/airflow/dags/etl_sederhana_25_572885_PPA_07200.py                           1           0  1.91s           2026-09-17T14:36:17                      12
================================================================================
[2026-09-17T14:36:50.125+0000] {manager.py:997} INFO - 
================================================================================
DAG File Processing Stats

File Path                                               PID    Runtime      # DAGs    # Errors  Last Runtime    Last Run               Last # of DB Queries
------------------------------------------------------  -----  ---------  --------  ----------  --------------  -------------------  ----------------------
/opt/airflow/dags/etl_sederhana_25_572885_PPA_07200.py                           1           0  2.32s           2026-09-17T14:36:50                      12
================================================================================
[2026-09-17T14:37:34.681+0000] {manager.py:997} INFO - 
================================================================================
DAG File Processing Stats

File Path                                               PID    Runtime      # DAGs    # Errors  Last Runtime    Last Run               Last # of DB Queries
------------------------------------------------------  -----  ---------  --------  ----------  --------------  -------------------  ----------------------
/opt/airflow/dags/etl_sederhana_25_572885_PPA_07200.py                           1           0  1.81s           2026-09-17T14:37:34                      12
================================================================================
[2026-09-17T14:38:09.553+0000] {manager.py:997} INFO - 
================================================================================
DAG File Processing Stats

File Path                                               PID    Runtime      # DAGs    # Errors  Last Runtime    Last Run               Last # of DB Queries
------------------------------------------------------  -----  ---------  --------  ----------  --------------  -------------------  ----------------------
/opt/airflow/dags/etl_sederhana_25_572885_PPA_07200.py                           1           0  2.22s           2026-09-17T14:38:09                      12
================================================================================
[2026-09-17T14:38:12.286+0000] {manager.py:821} INFO - Searching for files in /opt/airflow/dags
[2026-09-17T14:38:12.430+0000] {manager.py:824} INFO - There are 1 files in /opt/airflow/dags
[2026-09-17T14:38:41.233+0000] {manager.py:997} INFO - 
================================================================================
DAG File Processing Stats

File Path                                               PID    Runtime      # DAGs    # Errors  Last Runtime    Last Run               Last # of DB Queries
------------------------------------------------------  -----  ---------  --------  ----------  --------------  -------------------  ----------------------
/opt/airflow/dags/etl_sederhana_25_572885_PPA_07200.py                           1           0  1.31s           2026-09-17T14:38:41                      12
================================================================================
[2026-09-17T14:39:12.962+0000] {manager.py:997} INFO - 
================================================================================
DAG File Processing Stats

File Path                                               PID    Runtime      # DAGs    # Errors  Last Runtime    Last Run               Last # of DB Queries
------------------------------------------------------  -----  ---------  --------  ----------  --------------  -------------------  ----------------------
/opt/airflow/dags/etl_sederhana_25_572885_PPA_07200.py                           1           0  1.62s           2026-09-17T14:39:12                      12
================================================================================
[2026-09-17T14:39:44.984+0000] {manager.py:997} INFO - 
================================================================================
DAG File Processing Stats

File Path                                               PID    Runtime      # DAGs    # Errors  Last Runtime    Last Run               Last # of DB Queries
------------------------------------------------------  -----  ---------  --------  ----------  --------------  -------------------  ----------------------
/opt/airflow/dags/etl_sederhana_25_572885_PPA_07200.py                           1           0  1.81s           2026-09-17T14:39:44                      12
================================================================================
[2026-09-17T14:40:16.433+0000] {manager.py:997} INFO - 
================================================================================
DAG File Processing Stats

File Path                                               PID    Runtime      # DAGs    # Errors  Last Runtime    Last Run               Last # of DB Queries
------------------------------------------------------  -----  ---------  --------  ----------  --------------  -------------------  ----------------------
/opt/airflow/dags/etl_sederhana_25_572885_PPA_07200.py                           1           0  1.31s           2026-09-17T14:40:16                      12
================================================================================
[2026-09-17T14:40:47.699+0000] {manager.py:997} INFO - 
================================================================================
DAG File Processing Stats

File Path                                               PID    Runtime      # DAGs    # Errors  Last Runtime    Last Run               Last # of DB Queries
------------------------------------------------------  -----  ---------  --------  ----------  --------------  -------------------  ----------------------
/opt/airflow/dags/etl_sederhana_25_572885_PPA_07200.py                           1           0  1.11s           2026-09-17T14:40:47                      12
================================================================================
[2026-09-17T14:41:20.153+0000] {manager.py:997} INFO - 
================================================================================
DAG File Processing Stats

File Path                                               PID    Runtime      # DAGs    # Errors  Last Runtime    Last Run               Last # of DB Queries
------------------------------------------------------  -----  ---------  --------  ----------  --------------  -------------------  ----------------------
/opt/airflow/dags/etl_sederhana_25_572885_PPA_07200.py                           1           0  2.35s           2026-09-17T14:41:20                      12
================================================================================
[2026-09-17T14:41:52.209+0000] {manager.py:997} INFO - 
================================================================================
DAG File Processing Stats

File Path                                               PID    Runtime      # DAGs    # Errors  Last Runtime    Last Run               Last # of DB Queries
------------------------------------------------------  -----  ---------  --------  ----------  --------------  -------------------  ----------------------
/opt/airflow/dags/etl_sederhana_25_572885_PPA_07200.py                           1           0  1.81s           2026-09-17T14:41:52                      12
================================================================================
[2026-09-17T14:42:25.031+0000] {manager.py:997} INFO - 
================================================================================
DAG File Processing Stats

File Path                                               PID    Runtime      # DAGs    # Errors  Last Runtime    Last Run               Last # of DB Queries
------------------------------------------------------  -----  ---------  --------  ----------  --------------  -------------------  ----------------------
/opt/airflow/dags/etl_sederhana_25_572885_PPA_07200.py                           1           0  2.62s           2026-09-17T14:42:25                      12
================================================================================
[2026-09-17T14:42:59.202+0000] {manager.py:997} INFO - 
================================================================================
DAG File Processing Stats

File Path                                               PID    Runtime      # DAGs    # Errors  Last Runtime    Last Run               Last # of DB Queries
------------------------------------------------------  -----  ---------  --------  ----------  --------------  -------------------  ----------------------
/opt/airflow/dags/etl_sederhana_25_572885_PPA_07200.py                           1           0  3.94s           2026-09-17T14:42:59                      12
================================================================================
[2026-09-17T14:43:12.567+0000] {manager.py:821} INFO - Searching for files in /opt/airflow/dags
[2026-09-17T14:43:12.650+0000] {manager.py:824} INFO - There are 1 files in /opt/airflow/dags
[2026-09-17T14:43:34.203+0000] {manager.py:997} INFO - 
================================================================================
DAG File Processing Stats

File Path                                               PID    Runtime      # DAGs    # Errors  Last Runtime    Last Run               Last # of DB Queries
------------------------------------------------------  -----  ---------  --------  ----------  --------------  -------------------  ----------------------
/opt/airflow/dags/etl_sederhana_25_572885_PPA_07200.py                           1           0  4.23s           2026-09-17T14:43:34                      12
================================================================================
[2026-09-17T14:44:04.280+0000] {manager.py:997} INFO - 
================================================================================
DAG File Processing Stats

File Path                                               PID    Runtime      # DAGs    # Errors  Last Runtime    Last Run               Last # of DB Queries
------------------------------------------------------  -----  ---------  --------  ----------  --------------  -------------------  ----------------------
/opt/airflow/dags/etl_sederhana_25_572885_PPA_07200.py                           1           0  4.23s           2026-09-17T14:43:34                      12
================================================================================
[2026-09-17T14:44:34.484+0000] {manager.py:997} INFO - 
================================================================================
DAG File Processing Stats

File Path                                               PID    Runtime      # DAGs    # Errors  Last Runtime    Last Run               Last # of DB Queries
------------------------------------------------------  -----  ---------  --------  ----------  --------------  -------------------  ----------------------
/opt/airflow/dags/etl_sederhana_25_572885_PPA_07200.py                           1           0  2.82s           2026-09-17T14:44:07                      12
================================================================================
[2026-09-17T14:45:04.692+0000] {manager.py:997} INFO - 
================================================================================
DAG File Processing Stats

File Path                                               PID    Runtime      # DAGs    # Errors  Last Runtime    Last Run               Last # of DB Queries
------------------------------------------------------  -----  ---------  --------  ----------  --------------  -------------------  ----------------------
/opt/airflow/dags/etl_sederhana_25_572885_PPA_07200.py                           1           0  1.89s           2026-09-17T14:44:39                      12
================================================================================
[2026-09-17T14:45:35.669+0000] {manager.py:997} INFO - 
================================================================================
DAG File Processing Stats

File Path                                               PID    Runtime      # DAGs    # Errors  Last Runtime    Last Run               Last # of DB Queries
------------------------------------------------------  -----  ---------  --------  ----------  --------------  -------------------  ----------------------
/opt/airflow/dags/etl_sederhana_25_572885_PPA_07200.py                           1           0  1.41s           2026-09-17T14:45:11                      12
================================================================================
[2026-09-17T14:46:05.706+0000] {manager.py:997} INFO - 
================================================================================
DAG File Processing Stats

File Path                                               PID    Runtime      # DAGs    # Errors  Last Runtime    Last Run               Last # of DB Queries
------------------------------------------------------  -----  ---------  --------  ----------  --------------  -------------------  ----------------------
/opt/airflow/dags/etl_sederhana_25_572885_PPA_07200.py                           1           0  1.51s           2026-09-17T14:45:43                      12
================================================================================
[2026-09-17T14:46:35.853+0000] {manager.py:997} INFO - 
================================================================================
DAG File Processing Stats

File Path                                               PID    Runtime      # DAGs    # Errors  Last Runtime    Last Run               Last # of DB Queries
------------------------------------------------------  -----  ---------  --------  ----------  --------------  -------------------  ----------------------
/opt/airflow/dags/etl_sederhana_25_572885_PPA_07200.py                           1           0  1.21s           2026-09-17T14:46:14                      12
================================================================================
[2026-09-17T14:47:05.878+0000] {manager.py:997} INFO - 
================================================================================
DAG File Processing Stats

File Path                                               PID    Runtime      # DAGs    # Errors  Last Runtime    Last Run               Last # of DB Queries
------------------------------------------------------  -----  ---------  --------  ----------  --------------  -------------------  ----------------------
/opt/airflow/dags/etl_sederhana_25_572885_PPA_07200.py                           1           0  3.52s           2026-09-17T14:46:49                      12
================================================================================
[2026-09-17T14:47:36.507+0000] {manager.py:997} INFO - 
================================================================================
DAG File Processing Stats

File Path                                               PID    Runtime      # DAGs    # Errors  Last Runtime    Last Run               Last # of DB Queries
------------------------------------------------------  -----  ---------  --------  ----------  --------------  -------------------  ----------------------
/opt/airflow/dags/etl_sederhana_25_572885_PPA_07200.py                           1           0  2.06s           2026-09-17T14:47:21                      12
================================================================================
[2026-09-17T14:48:06.829+0000] {manager.py:997} INFO - 
================================================================================
DAG File Processing Stats

File Path                                               PID    Runtime      # DAGs    # Errors  Last Runtime    Last Run               Last # of DB Queries
------------------------------------------------------  -----  ---------  --------  ----------  --------------  -------------------  ----------------------
/opt/airflow/dags/etl_sederhana_25_572885_PPA_07200.py                           1           0  2.66s           2026-09-17T14:47:54                      12
================================================================================
[2026-09-17T14:48:12.931+0000] {manager.py:821} INFO - Searching for files in /opt/airflow/dags
[2026-09-17T14:48:13.126+0000] {manager.py:824} INFO - There are 1 files in /opt/airflow/dags
[2026-09-17T14:48:37.001+0000] {manager.py:997} INFO - 
================================================================================
DAG File Processing Stats

File Path                                               PID    Runtime      # DAGs    # Errors  Last Runtime    Last Run               Last # of DB Queries
------------------------------------------------------  -----  ---------  --------  ----------  --------------  -------------------  ----------------------
/opt/airflow/dags/etl_sederhana_25_572885_PPA_07200.py                           1           0  3.72s           2026-09-17T14:48:28                      12
================================================================================
[2026-09-17T14:49:07.345+0000] {manager.py:997} INFO - 
================================================================================
DAG File Processing Stats

File Path                                               PID    Runtime      # DAGs    # Errors  Last Runtime    Last Run               Last # of DB Queries
------------------------------------------------------  -----  ---------  --------  ----------  --------------  -------------------  ----------------------
/opt/airflow/dags/etl_sederhana_25_572885_PPA_07200.py                           1           0  3.17s           2026-09-17T14:49:02                      12
================================================================================
[2026-09-17T14:49:38.044+0000] {manager.py:997} INFO - 
================================================================================
DAG File Processing Stats

File Path                                               PID    Runtime      # DAGs    # Errors  Last Runtime    Last Run               Last # of DB Queries
------------------------------------------------------  -----  ---------  --------  ----------  --------------  -------------------  ----------------------
/opt/airflow/dags/etl_sederhana_25_572885_PPA_07200.py                           1           0  1.72s           2026-09-17T14:49:34                      12
================================================================================
[2026-09-17T14:50:08.686+0000] {manager.py:997} INFO - 
================================================================================
DAG File Processing Stats

File Path                                               PID    Runtime      # DAGs    # Errors  Last Runtime    Last Run               Last # of DB Queries
------------------------------------------------------  -----  ---------  --------  ----------  --------------  -------------------  ----------------------
/opt/airflow/dags/etl_sederhana_25_572885_PPA_07200.py                           1           0  2.17s           2026-09-17T14:50:06                      12
================================================================================
[2026-09-17T14:50:39.633+0000] {manager.py:997} INFO - 
================================================================================
DAG File Processing Stats

File Path                                               PID    Runtime      # DAGs    # Errors  Last Runtime    Last Run               Last # of DB Queries
------------------------------------------------------  -----  ---------  --------  ----------  --------------  -------------------  ----------------------
/opt/airflow/dags/etl_sederhana_25_572885_PPA_07200.py                           1           0  1.81s           2026-09-17T14:50:38                      12
================================================================================
[2026-09-17T14:51:10.574+0000] {manager.py:997} INFO - 
================================================================================
DAG File Processing Stats

File Path                                               PID    Runtime      # DAGs    # Errors  Last Runtime    Last Run               Last # of DB Queries
------------------------------------------------------  -----  ---------  --------  ----------  --------------  -------------------  ----------------------
/opt/airflow/dags/etl_sederhana_25_572885_PPA_07200.py                           1           0  1.62s           2026-09-17T14:51:10                      12
================================================================================
[2026-09-17T14:51:42.211+0000] {manager.py:997} INFO - 
================================================================================
DAG File Processing Stats

File Path                                               PID    Runtime      # DAGs    # Errors  Last Runtime    Last Run               Last # of DB Queries
------------------------------------------------------  -----  ---------  --------  ----------  --------------  -------------------  ----------------------
/opt/airflow/dags/etl_sederhana_25_572885_PPA_07200.py                           1           0  1.42s           2026-09-17T14:51:42                      12
================================================================================
[2026-09-17T14:52:13.930+0000] {manager.py:997} INFO - 
================================================================================
DAG File Processing Stats

File Path                                               PID    Runtime      # DAGs    # Errors  Last Runtime    Last Run               Last # of DB Queries
------------------------------------------------------  -----  ---------  --------  ----------  --------------  -------------------  ----------------------
/opt/airflow/dags/etl_sederhana_25_572885_PPA_07200.py                           1           0  1.42s           2026-09-17T14:52:13                      12
================================================================================
[2026-09-17T14:52:45.423+0000] {manager.py:997} INFO - 
================================================================================
DAG File Processing Stats

File Path                                               PID    Runtime      # DAGs    # Errors  Last Runtime    Last Run               Last # of DB Queries
------------------------------------------------------  -----  ---------  --------  ----------  --------------  -------------------  ----------------------
/opt/airflow/dags/etl_sederhana_25_572885_PPA_07200.py                           1           0  1.31s           2026-09-17T14:52:45                      12
================================================================================
[2026-09-17T14:53:13.155+0000] {manager.py:821} INFO - Searching for files in /opt/airflow/dags
[2026-09-17T14:53:13.190+0000] {manager.py:824} INFO - There are 1 files in /opt/airflow/dags
[2026-09-17T14:53:16.728+0000] {manager.py:997} INFO - 
================================================================================
DAG File Processing Stats

File Path                                               PID    Runtime      # DAGs    # Errors  Last Runtime    Last Run               Last # of DB Queries
------------------------------------------------------  -----  ---------  --------  ----------  --------------  -------------------  ----------------------
/opt/airflow/dags/etl_sederhana_25_572885_PPA_07200.py                           1           0  1.21s           2026-09-17T14:53:16                      12
================================================================================
[2026-09-17T14:53:48.652+0000] {manager.py:997} INFO - 
================================================================================
DAG File Processing Stats

File Path                                               PID    Runtime      # DAGs    # Errors  Last Runtime    Last Run               Last # of DB Queries
------------------------------------------------------  -----  ---------  --------  ----------  --------------  -------------------  ----------------------
/opt/airflow/dags/etl_sederhana_25_572885_PPA_07200.py                           1           0  1.81s           2026-09-17T14:53:48                      12
================================================================================
[2026-09-17T14:54:19.992+0000] {manager.py:997} INFO - 
================================================================================
DAG File Processing Stats

File Path                                               PID    Runtime      # DAGs    # Errors  Last Runtime    Last Run               Last # of DB Queries
------------------------------------------------------  -----  ---------  --------  ----------  --------------  -------------------  ----------------------
/opt/airflow/dags/etl_sederhana_25_572885_PPA_07200.py                           1           0  1.21s           2026-09-17T14:54:19                      12
================================================================================
[2026-09-17T14:54:51.829+0000] {manager.py:997} INFO - 
================================================================================
DAG File Processing Stats

File Path                                               PID    Runtime      # DAGs    # Errors  Last Runtime    Last Run               Last # of DB Queries
------------------------------------------------------  -----  ---------  --------  ----------  --------------  -------------------  ----------------------
/opt/airflow/dags/etl_sederhana_25_572885_PPA_07200.py                           1           0  1.72s           2026-09-17T14:54:51                      12
================================================================================
[2026-09-17T14:55:24.823+0000] {manager.py:997} INFO - 
================================================================================
DAG File Processing Stats

File Path                                               PID    Runtime      # DAGs    # Errors  Last Runtime    Last Run               Last # of DB Queries
------------------------------------------------------  -----  ---------  --------  ----------  --------------  -------------------  ----------------------
/opt/airflow/dags/etl_sederhana_25_572885_PPA_07200.py                           1           0  2.82s           2026-09-17T14:55:24                      12
================================================================================
[2026-09-17T14:55:56.914+0000] {manager.py:997} INFO - 
================================================================================
DAG File Processing Stats

File Path                                               PID    Runtime      # DAGs    # Errors  Last Runtime    Last Run               Last # of DB Queries
------------------------------------------------------  -----  ---------  --------  ----------  --------------  -------------------  ----------------------
/opt/airflow/dags/etl_sederhana_25_572885_PPA_07200.py                           1           0  1.92s           2026-09-17T14:55:56                      12
================================================================================
[2026-09-17T14:56:28.507+0000] {manager.py:997} INFO - 
================================================================================
DAG File Processing Stats

File Path                                               PID    Runtime      # DAGs    # Errors  Last Runtime    Last Run               Last # of DB Queries
------------------------------------------------------  -----  ---------  --------  ----------  --------------  -------------------  ----------------------
/opt/airflow/dags/etl_sederhana_25_572885_PPA_07200.py                           1           0  1.44s           2026-09-17T14:56:28                      12
================================================================================
[2026-09-17T14:56:59.742+0000] {manager.py:997} INFO - 
================================================================================
DAG File Processing Stats

File Path                                               PID    Runtime      # DAGs    # Errors  Last Runtime    Last Run               Last # of DB Queries
------------------------------------------------------  -----  ---------  --------  ----------  --------------  -------------------  ----------------------
/opt/airflow/dags/etl_sederhana_25_572885_PPA_07200.py                           1           0  1.11s           2026-09-17T14:56:59                      12
================================================================================
[2026-09-17T14:57:31.082+0000] {manager.py:997} INFO - 
================================================================================
DAG File Processing Stats

File Path                                               PID    Runtime      # DAGs    # Errors  Last Runtime    Last Run               Last # of DB Queries
------------------------------------------------------  -----  ---------  --------  ----------  --------------  -------------------  ----------------------
/opt/airflow/dags/etl_sederhana_25_572885_PPA_07200.py                           1           0  1.22s           2026-09-17T14:57:31                      12
================================================================================
[2026-09-17T14:58:03.088+0000] {manager.py:997} INFO - 
================================================================================
DAG File Processing Stats

File Path                                               PID    Runtime      # DAGs    # Errors  Last Runtime    Last Run               Last # of DB Queries
------------------------------------------------------  -----  ---------  --------  ----------  --------------  -------------------  ----------------------
/opt/airflow/dags/etl_sederhana_25_572885_PPA_07200.py                           1           0  1.91s           2026-09-17T14:58:03                      12
================================================================================
[2026-09-17T14:58:13.235+0000] {manager.py:821} INFO - Searching for files in /opt/airflow/dags
[2026-09-17T14:58:13.293+0000] {manager.py:824} INFO - There are 1 files in /opt/airflow/dags
[2026-09-17T14:58:37.619+0000] {manager.py:997} INFO - 
================================================================================
DAG File Processing Stats

File Path                                               PID    Runtime      # DAGs    # Errors  Last Runtime    Last Run               Last # of DB Queries
------------------------------------------------------  -----  ---------  --------  ----------  --------------  -------------------  ----------------------
/opt/airflow/dags/etl_sederhana_25_572885_PPA_07200.py                           1           0  4.33s           2026-09-17T14:58:37                      12
================================================================================
[2026-09-17T14:59:09.586+0000] {manager.py:997} INFO - 
================================================================================
DAG File Processing Stats

File Path                                               PID    Runtime      # DAGs    # Errors  Last Runtime    Last Run               Last # of DB Queries
------------------------------------------------------  -----  ---------  --------  ----------  --------------  -------------------  ----------------------
/opt/airflow/dags/etl_sederhana_25_572885_PPA_07200.py                           1           0  1.82s           2026-09-17T14:59:09                      12
================================================================================
[2026-09-17T14:59:41.536+0000] {manager.py:997} INFO - 
================================================================================
DAG File Processing Stats

File Path                                               PID    Runtime      # DAGs    # Errors  Last Runtime    Last Run               Last # of DB Queries
------------------------------------------------------  -----  ---------  --------  ----------  --------------  -------------------  ----------------------
/opt/airflow/dags/etl_sederhana_25_572885_PPA_07200.py                           1           0  1.82s           2026-09-17T14:59:41                      12
================================================================================
[2026-09-17T15:00:12.754+0000] {manager.py:997} INFO - 
================================================================================
DAG File Processing Stats

File Path                                               PID    Runtime      # DAGs    # Errors  Last Runtime    Last Run               Last # of DB Queries
------------------------------------------------------  -----  ---------  --------  ----------  --------------  -------------------  ----------------------
/opt/airflow/dags/etl_sederhana_25_572885_PPA_07200.py                           1           0  1.11s           2026-09-17T15:00:12                      12
================================================================================
[2026-09-17T15:00:45.123+0000] {manager.py:997} INFO - 
================================================================================
DAG File Processing Stats

File Path                                               PID    Runtime      # DAGs    # Errors  Last Runtime    Last Run               Last # of DB Queries
------------------------------------------------------  -----  ---------  --------  ----------  --------------  -------------------  ----------------------
/opt/airflow/dags/etl_sederhana_25_572885_PPA_07200.py                           1           0  2.23s           2026-09-17T15:00:45                      12
================================================================================
[2026-09-17T15:01:16.489+0000] {manager.py:997} INFO - 
================================================================================
DAG File Processing Stats

File Path                                               PID    Runtime      # DAGs    # Errors  Last Runtime    Last Run               Last # of DB Queries
------------------------------------------------------  -----  ---------  --------  ----------  --------------  -------------------  ----------------------
/opt/airflow/dags/etl_sederhana_25_572885_PPA_07200.py                           1           0  1.21s           2026-09-17T15:01:16                      12
================================================================================
[2026-09-17T15:01:47.731+0000] {manager.py:997} INFO - 
================================================================================
DAG File Processing Stats

File Path                                               PID    Runtime      # DAGs    # Errors  Last Runtime    Last Run               Last # of DB Queries
------------------------------------------------------  -----  ---------  --------  ----------  --------------  -------------------  ----------------------
/opt/airflow/dags/etl_sederhana_25_572885_PPA_07200.py                           1           0  1.13s           2026-09-17T15:01:47                      12
================================================================================
[2026-09-17T15:02:19.472+0000] {manager.py:997} INFO - 
================================================================================
DAG File Processing Stats

File Path                                               PID    Runtime      # DAGs    # Errors  Last Runtime    Last Run               Last # of DB Queries
------------------------------------------------------  -----  ---------  --------  ----------  --------------  -------------------  ----------------------
/opt/airflow/dags/etl_sederhana_25_572885_PPA_07200.py                           1           0  1.61s           2026-09-17T15:02:19                      12
================================================================================
[2026-09-17T15:02:51.990+0000] {manager.py:997} INFO - 
================================================================================
DAG File Processing Stats

File Path                                               PID    Runtime      # DAGs    # Errors  Last Runtime    Last Run               Last # of DB Queries
------------------------------------------------------  -----  ---------  --------  ----------  --------------  -------------------  ----------------------
/opt/airflow/dags/etl_sederhana_25_572885_PPA_07200.py                           1           0  2.03s           2026-09-17T15:02:51                      12
================================================================================
[2026-09-17T15:03:13.252+0000] {manager.py:821} INFO - Searching for files in /opt/airflow/dags
[2026-09-17T15:03:13.285+0000] {manager.py:824} INFO - There are 1 files in /opt/airflow/dags
[2026-09-17T15:03:23.561+0000] {manager.py:997} INFO - 
================================================================================
DAG File Processing Stats

File Path                                               PID    Runtime      # DAGs    # Errors  Last Runtime    Last Run               Last # of DB Queries
------------------------------------------------------  -----  ---------  --------  ----------  --------------  -------------------  ----------------------
/opt/airflow/dags/etl_sederhana_25_572885_PPA_07200.py                           1           0  1.41s           2026-09-17T15:03:23                      12
================================================================================
[2026-09-17T15:03:55.479+0000] {manager.py:997} INFO - 
================================================================================
DAG File Processing Stats

File Path                                               PID    Runtime      # DAGs    # Errors  Last Runtime    Last Run               Last # of DB Queries
------------------------------------------------------  -----  ---------  --------  ----------  --------------  -------------------  ----------------------
/opt/airflow/dags/etl_sederhana_25_572885_PPA_07200.py                           1           0  1.65s           2026-09-17T15:03:55                      12
================================================================================
[2026-09-17T15:04:27.113+0000] {manager.py:997} INFO - 
================================================================================
DAG File Processing Stats

File Path                                               PID    Runtime      # DAGs    # Errors  Last Runtime    Last Run               Last # of DB Queries
------------------------------------------------------  -----  ---------  --------  ----------  --------------  -------------------  ----------------------
/opt/airflow/dags/etl_sederhana_25_572885_PPA_07200.py                           1           0  1.51s           2026-09-17T15:04:27                      12
================================================================================
[2026-09-17T15:04:58.584+0000] {manager.py:997} INFO - 
================================================================================
DAG File Processing Stats

File Path                                               PID    Runtime      # DAGs    # Errors  Last Runtime    Last Run               Last # of DB Queries
------------------------------------------------------  -----  ---------  --------  ----------  --------------  -------------------  ----------------------
/opt/airflow/dags/etl_sederhana_25_572885_PPA_07200.py                           1           0  1.34s           2026-09-17T15:04:58                      12
================================================================================
[2026-09-17T15:05:30.167+0000] {manager.py:997} INFO - 
================================================================================
DAG File Processing Stats

File Path                                               PID    Runtime      # DAGs    # Errors  Last Runtime    Last Run               Last # of DB Queries
------------------------------------------------------  -----  ---------  --------  ----------  --------------  -------------------  ----------------------
/opt/airflow/dags/etl_sederhana_25_572885_PPA_07200.py                           1           0  1.41s           2026-09-17T15:05:30                      12
================================================================================
[2026-09-17T15:06:01.784+0000] {manager.py:997} INFO - 
================================================================================
DAG File Processing Stats

File Path                                               PID    Runtime      # DAGs    # Errors  Last Runtime    Last Run               Last # of DB Queries
------------------------------------------------------  -----  ---------  --------  ----------  --------------  -------------------  ----------------------
/opt/airflow/dags/etl_sederhana_25_572885_PPA_07200.py                           1           0  1.51s           2026-09-17T15:06:01                      12
================================================================================
[2026-09-17T15:06:33.489+0000] {manager.py:997} INFO - 
================================================================================
DAG File Processing Stats

File Path                                               PID    Runtime      # DAGs    # Errors  Last Runtime    Last Run               Last # of DB Queries
------------------------------------------------------  -----  ---------  --------  ----------  --------------  -------------------  ----------------------
/opt/airflow/dags/etl_sederhana_25_572885_PPA_07200.py                           1           0  1.54s           2026-09-17T15:06:33                      12
================================================================================
[2026-09-17T15:07:05.044+0000] {manager.py:997} INFO - 
================================================================================
DAG File Processing Stats

File Path                                               PID    Runtime      # DAGs    # Errors  Last Runtime    Last Run               Last # of DB Queries
------------------------------------------------------  -----  ---------  --------  ----------  --------------  -------------------  ----------------------
/opt/airflow/dags/etl_sederhana_25_572885_PPA_07200.py                           1           0  1.36s           2026-09-17T15:07:05                      12
================================================================================
[2026-09-17T15:07:38.166+0000] {manager.py:997} INFO - 
================================================================================
DAG File Processing Stats

File Path                                               PID    Runtime      # DAGs    # Errors  Last Runtime    Last Run               Last # of DB Queries
------------------------------------------------------  -----  ---------  --------  ----------  --------------  -------------------  ----------------------
/opt/airflow/dags/etl_sederhana_25_572885_PPA_07200.py                           1           0  2.94s           2026-09-17T15:07:38                      12
================================================================================
[2026-09-17T15:08:09.557+0000] {manager.py:997} INFO - 
================================================================================
DAG File Processing Stats

File Path                                               PID    Runtime      # DAGs    # Errors  Last Runtime    Last Run               Last # of DB Queries
------------------------------------------------------  -----  ---------  --------  ----------  --------------  -------------------  ----------------------
/opt/airflow/dags/etl_sederhana_25_572885_PPA_07200.py                           1           0  1.21s           2026-09-17T15:08:09                      12
================================================================================
[2026-09-17T15:08:13.851+0000] {manager.py:821} INFO - Searching for files in /opt/airflow/dags
[2026-09-17T15:08:14.529+0000] {manager.py:824} INFO - There are 1 files in /opt/airflow/dags
[2026-09-17T15:08:40.779+0000] {manager.py:997} INFO - 
================================================================================
DAG File Processing Stats

File Path                                               PID    Runtime      # DAGs    # Errors  Last Runtime    Last Run               Last # of DB Queries
------------------------------------------------------  -----  ---------  --------  ----------  --------------  -------------------  ----------------------
/opt/airflow/dags/etl_sederhana_25_572885_PPA_07200.py                           1           0  1.12s           2026-09-17T15:08:40                      12
================================================================================
[2026-09-17T15:09:12.251+0000] {manager.py:997} INFO - 
================================================================================
DAG File Processing Stats

File Path                                               PID    Runtime      # DAGs    # Errors  Last Runtime    Last Run               Last # of DB Queries
------------------------------------------------------  -----  ---------  --------  ----------  --------------  -------------------  ----------------------
/opt/airflow/dags/etl_sederhana_25_572885_PPA_07200.py                           1           0  1.31s           2026-09-17T15:09:12                      12
================================================================================
[2026-09-17T15:09:43.969+0000] {manager.py:997} INFO - 
================================================================================
DAG File Processing Stats

File Path                                               PID    Runtime      # DAGs    # Errors  Last Runtime    Last Run               Last # of DB Queries
------------------------------------------------------  -----  ---------  --------  ----------  --------------  -------------------  ----------------------
/opt/airflow/dags/etl_sederhana_25_572885_PPA_07200.py                           1           0  1.61s           2026-09-17T15:09:43                      12
================================================================================
[2026-09-17T15:10:16.523+0000] {manager.py:997} INFO - 
================================================================================
DAG File Processing Stats

File Path                                               PID    Runtime      # DAGs    # Errors  Last Runtime    Last Run               Last # of DB Queries
------------------------------------------------------  -----  ---------  --------  ----------  --------------  -------------------  ----------------------
/opt/airflow/dags/etl_sederhana_25_572885_PPA_07200.py                           1           0  2.29s           2026-09-17T15:10:16                      12
================================================================================
[2026-09-17T15:10:49.372+0000] {manager.py:997} INFO - 
================================================================================
DAG File Processing Stats

File Path                                               PID    Runtime      # DAGs    # Errors  Last Runtime    Last Run               Last # of DB Queries
------------------------------------------------------  -----  ---------  --------  ----------  --------------  -------------------  ----------------------
/opt/airflow/dags/etl_sederhana_25_572885_PPA_07200.py                           1           0  2.63s           2026-09-17T15:10:49                      12
================================================================================
[2026-09-17T15:11:21.957+0000] {manager.py:997} INFO - 
================================================================================
DAG File Processing Stats

File Path                                               PID    Runtime      # DAGs    # Errors  Last Runtime    Last Run               Last # of DB Queries
------------------------------------------------------  -----  ---------  --------  ----------  --------------  -------------------  ----------------------
/opt/airflow/dags/etl_sederhana_25_572885_PPA_07200.py                           1           0  2.43s           2026-09-17T15:11:21                      12
================================================================================
[2026-09-17T15:11:53.596+0000] {manager.py:997} INFO - 
================================================================================
DAG File Processing Stats

File Path                                               PID    Runtime      # DAGs    # Errors  Last Runtime    Last Run               Last # of DB Queries
------------------------------------------------------  -----  ---------  --------  ----------  --------------  -------------------  ----------------------
/opt/airflow/dags/etl_sederhana_25_572885_PPA_07200.py                           1           0  1.41s           2026-09-17T15:11:53                      12
================================================================================
[2026-09-17T15:12:25.691+0000] {manager.py:997} INFO - 
================================================================================
DAG File Processing Stats

File Path                                               PID    Runtime      # DAGs    # Errors  Last Runtime    Last Run               Last # of DB Queries
------------------------------------------------------  -----  ---------  --------  ----------  --------------  -------------------  ----------------------
/opt/airflow/dags/etl_sederhana_25_572885_PPA_07200.py                           1           0  1.91s           2026-09-17T15:12:25                      12
================================================================================
[2026-09-17T15:12:58.219+0000] {manager.py:997} INFO - 
================================================================================
DAG File Processing Stats

File Path                                               PID    Runtime      # DAGs    # Errors  Last Runtime    Last Run               Last # of DB Queries
------------------------------------------------------  -----  ---------  --------  ----------  --------------  -------------------  ----------------------
/opt/airflow/dags/etl_sederhana_25_572885_PPA_07200.py                           1           0  2.42s           2026-09-17T15:12:58                      12
================================================================================
[2026-09-17T15:13:14.798+0000] {manager.py:821} INFO - Searching for files in /opt/airflow/dags
[2026-09-17T15:13:15.504+0000] {manager.py:824} INFO - There are 1 files in /opt/airflow/dags
[2026-09-17T15:13:30.758+0000] {manager.py:997} INFO - 
================================================================================
DAG File Processing Stats

File Path                                               PID    Runtime      # DAGs    # Errors  Last Runtime    Last Run               Last # of DB Queries
------------------------------------------------------  -----  ---------  --------  ----------  --------------  -------------------  ----------------------
/opt/airflow/dags/etl_sederhana_25_572885_PPA_07200.py                           1           0  1.93s           2026-09-17T15:13:30                      12
================================================================================
[2026-09-17T15:14:02.988+0000] {manager.py:997} INFO - 
================================================================================
DAG File Processing Stats

File Path                                               PID    Runtime      # DAGs    # Errors  Last Runtime    Last Run               Last # of DB Queries
------------------------------------------------------  -----  ---------  --------  ----------  --------------  -------------------  ----------------------
/opt/airflow/dags/etl_sederhana_25_572885_PPA_07200.py                           1           0  1.96s           2026-09-17T15:14:02                      12
================================================================================
[2026-09-17T15:14:36.200+0000] {manager.py:997} INFO - 
================================================================================
DAG File Processing Stats

File Path                                               PID    Runtime      # DAGs    # Errors  Last Runtime    Last Run               Last # of DB Queries
------------------------------------------------------  -----  ---------  --------  ----------  --------------  -------------------  ----------------------
/opt/airflow/dags/etl_sederhana_25_572885_PPA_07200.py                           1           0  2.62s           2026-09-17T15:14:36                      12
================================================================================
[2026-09-17T15:15:08.128+0000] {manager.py:997} INFO - 
================================================================================
DAG File Processing Stats

File Path                                               PID    Runtime      # DAGs    # Errors  Last Runtime    Last Run               Last # of DB Queries
------------------------------------------------------  -----  ---------  --------  ----------  --------------  -------------------  ----------------------
/opt/airflow/dags/etl_sederhana_25_572885_PPA_07200.py                           1           0  1.76s           2026-09-17T15:15:08                      12
================================================================================
[2026-09-17T15:15:40.408+0000] {manager.py:997} INFO - 
================================================================================
DAG File Processing Stats

File Path                                               PID    Runtime      # DAGs    # Errors  Last Runtime    Last Run               Last # of DB Queries
------------------------------------------------------  -----  ---------  --------  ----------  --------------  -------------------  ----------------------
/opt/airflow/dags/etl_sederhana_25_572885_PPA_07200.py                           1           0  2.04s           2026-09-17T15:15:40                      12
================================================================================
[2026-09-17T15:16:12.834+0000] {manager.py:997} INFO - 
================================================================================
DAG File Processing Stats

File Path                                               PID    Runtime      # DAGs    # Errors  Last Runtime    Last Run               Last # of DB Queries
------------------------------------------------------  -----  ---------  --------  ----------  --------------  -------------------  ----------------------
/opt/airflow/dags/etl_sederhana_25_572885_PPA_07200.py                           1           0  2.27s           2026-09-17T15:16:12                      12
================================================================================
[2026-09-17T15:16:44.977+0000] {manager.py:997} INFO - 
================================================================================
DAG File Processing Stats

File Path                                               PID    Runtime      # DAGs    # Errors  Last Runtime    Last Run               Last # of DB Queries
------------------------------------------------------  -----  ---------  --------  ----------  --------------  -------------------  ----------------------
/opt/airflow/dags/etl_sederhana_25_572885_PPA_07200.py                           1           0  1.81s           2026-09-17T15:16:44                      12
================================================================================
[2026-09-17T15:17:16.836+0000] {manager.py:997} INFO - 
================================================================================
DAG File Processing Stats

File Path                                               PID    Runtime      # DAGs    # Errors  Last Runtime    Last Run               Last # of DB Queries
------------------------------------------------------  -----  ---------  --------  ----------  --------------  -------------------  ----------------------
/opt/airflow/dags/etl_sederhana_25_572885_PPA_07200.py                           1           0  1.73s           2026-09-17T15:17:16                      12
================================================================================
[2026-09-17T15:17:49.702+0000] {manager.py:997} INFO - 
================================================================================
DAG File Processing Stats

File Path                                               PID    Runtime      # DAGs    # Errors  Last Runtime    Last Run               Last # of DB Queries
------------------------------------------------------  -----  ---------  --------  ----------  --------------  -------------------  ----------------------
/opt/airflow/dags/etl_sederhana_25_572885_PPA_07200.py                           1           0  2.31s           2026-09-17T15:17:49                      12
================================================================================
[2026-09-17T15:18:14.958+0000] {manager.py:821} INFO - Searching for files in /opt/airflow/dags
[2026-09-17T15:18:15.289+0000] {manager.py:824} INFO - There are 1 files in /opt/airflow/dags
[2026-09-17T15:18:22.805+0000] {manager.py:997} INFO - 
================================================================================
DAG File Processing Stats

File Path                                               PID    Runtime      # DAGs    # Errors  Last Runtime    Last Run               Last # of DB Queries
------------------------------------------------------  -----  ---------  --------  ----------  --------------  -------------------  ----------------------
/opt/airflow/dags/etl_sederhana_25_572885_PPA_07200.py                           1           0  2.92s           2026-09-17T15:18:22                      12
================================================================================
[2026-09-17T15:18:55.177+0000] {manager.py:997} INFO - 
================================================================================
DAG File Processing Stats

File Path                                               PID    Runtime      # DAGs    # Errors  Last Runtime    Last Run               Last # of DB Queries
------------------------------------------------------  -----  ---------  --------  ----------  --------------  -------------------  ----------------------
/opt/airflow/dags/etl_sederhana_25_572885_PPA_07200.py                           1           0  2.26s           2026-09-17T15:18:55                      12
================================================================================
[2026-09-17T15:19:27.338+0000] {manager.py:997} INFO - 
================================================================================
DAG File Processing Stats

File Path                                               PID    Runtime      # DAGs    # Errors  Last Runtime    Last Run               Last # of DB Queries
------------------------------------------------------  -----  ---------  --------  ----------  --------------  -------------------  ----------------------
/opt/airflow/dags/etl_sederhana_25_572885_PPA_07200.py                           1           0  1.81s           2026-09-17T15:19:27                      12
================================================================================
[2026-09-17T15:20:00.153+0000] {manager.py:997} INFO - 
================================================================================
DAG File Processing Stats

File Path                                               PID    Runtime      # DAGs    # Errors  Last Runtime    Last Run               Last # of DB Queries
------------------------------------------------------  -----  ---------  --------  ----------  --------------  -------------------  ----------------------
/opt/airflow/dags/etl_sederhana_25_572885_PPA_07200.py                           1           0  2.63s           2026-09-17T15:20:00                      12
================================================================================
[2026-09-17T15:20:33.142+0000] {manager.py:997} INFO - 
================================================================================
DAG File Processing Stats

File Path                                               PID    Runtime      # DAGs    # Errors  Last Runtime    Last Run               Last # of DB Queries
------------------------------------------------------  -----  ---------  --------  ----------  --------------  -------------------  ----------------------
/opt/airflow/dags/etl_sederhana_25_572885_PPA_07200.py                           1           0  2.62s           2026-09-17T15:20:33                      12
================================================================================
[2026-09-17T15:21:05.659+0000] {manager.py:997} INFO - 
================================================================================
DAG File Processing Stats

File Path                                               PID    Runtime      # DAGs    # Errors  Last Runtime    Last Run               Last # of DB Queries
------------------------------------------------------  -----  ---------  --------  ----------  --------------  -------------------  ----------------------
/opt/airflow/dags/etl_sederhana_25_572885_PPA_07200.py                           1           0  2.30s           2026-09-17T15:21:05                      12
================================================================================
[2026-09-17T15:21:37.230+0000] {manager.py:997} INFO - 
================================================================================
DAG File Processing Stats

File Path                                               PID    Runtime      # DAGs    # Errors  Last Runtime    Last Run               Last # of DB Queries
------------------------------------------------------  -----  ---------  --------  ----------  --------------  -------------------  ----------------------
/opt/airflow/dags/etl_sederhana_25_572885_PPA_07200.py                           1           0  1.42s           2026-09-17T15:21:37                      12
================================================================================
[2026-09-17T15:22:08.756+0000] {manager.py:997} INFO - 
================================================================================
DAG File Processing Stats

File Path                                               PID    Runtime      # DAGs    # Errors  Last Runtime    Last Run               Last # of DB Queries
------------------------------------------------------  -----  ---------  --------  ----------  --------------  -------------------  ----------------------
/opt/airflow/dags/etl_sederhana_25_572885_PPA_07200.py                           1           0  1.42s           2026-09-17T15:22:08                      12
================================================================================
[2026-09-17T15:22:41.327+0000] {manager.py:997} INFO - 
================================================================================
DAG File Processing Stats

File Path                                               PID    Runtime      # DAGs    # Errors  Last Runtime    Last Run               Last # of DB Queries
------------------------------------------------------  -----  ---------  --------  ----------  --------------  -------------------  ----------------------
/opt/airflow/dags/etl_sederhana_25_572885_PPA_07200.py                           1           0  2.31s           2026-09-17T15:22:41                      12
================================================================================
[2026-09-17T15:23:15.371+0000] {manager.py:997} INFO - 
================================================================================
DAG File Processing Stats

File Path                                               PID    Runtime      # DAGs    # Errors  Last Runtime    Last Run               Last # of DB Queries
------------------------------------------------------  -----  ---------  --------  ----------  --------------  -------------------  ----------------------
/opt/airflow/dags/etl_sederhana_25_572885_PPA_07200.py                           1           0  3.92s           2026-09-17T15:23:15                      12
================================================================================
[2026-09-17T15:23:16.444+0000] {manager.py:821} INFO - Searching for files in /opt/airflow/dags
[2026-09-17T15:23:16.472+0000] {manager.py:824} INFO - There are 1 files in /opt/airflow/dags
[2026-09-17T15:23:47.391+0000] {manager.py:997} INFO - 
================================================================================
DAG File Processing Stats

File Path                                               PID    Runtime      # DAGs    # Errors  Last Runtime    Last Run               Last # of DB Queries
------------------------------------------------------  -----  ---------  --------  ----------  --------------  -------------------  ----------------------
/opt/airflow/dags/etl_sederhana_25_572885_PPA_07200.py                           1           0  1.82s           2026-09-17T15:23:47                      12
================================================================================
[2026-09-17T15:24:18.952+0000] {manager.py:997} INFO - 
================================================================================
DAG File Processing Stats

File Path                                               PID    Runtime      # DAGs    # Errors  Last Runtime    Last Run               Last # of DB Queries
------------------------------------------------------  -----  ---------  --------  ----------  --------------  -------------------  ----------------------
/opt/airflow/dags/etl_sederhana_25_572885_PPA_07200.py                           1           0  1.41s           2026-09-17T15:24:18                      12
================================================================================
[2026-09-17T15:24:50.587+0000] {manager.py:997} INFO - 
================================================================================
DAG File Processing Stats

File Path                                               PID    Runtime      # DAGs    # Errors  Last Runtime    Last Run               Last # of DB Queries
------------------------------------------------------  -----  ---------  --------  ----------  --------------  -------------------  ----------------------
/opt/airflow/dags/etl_sederhana_25_572885_PPA_07200.py                           1           0  1.41s           2026-09-17T15:24:50                      12
================================================================================
[2026-09-17T15:25:22.333+0000] {manager.py:997} INFO - 
================================================================================
DAG File Processing Stats

File Path                                               PID    Runtime      # DAGs    # Errors  Last Runtime    Last Run               Last # of DB Queries
------------------------------------------------------  -----  ---------  --------  ----------  --------------  -------------------  ----------------------
/opt/airflow/dags/etl_sederhana_25_572885_PPA_07200.py                           1           0  1.57s           2026-09-17T15:25:22                      12
================================================================================
[2026-09-17T15:25:54.112+0000] {manager.py:997} INFO - 
================================================================================
DAG File Processing Stats

File Path                                               PID    Runtime      # DAGs    # Errors  Last Runtime    Last Run               Last # of DB Queries
------------------------------------------------------  -----  ---------  --------  ----------  --------------  -------------------  ----------------------
/opt/airflow/dags/etl_sederhana_25_572885_PPA_07200.py                           1           0  1.47s           2026-09-17T15:25:54                      12
================================================================================
[2026-09-17T15:26:25.600+0000] {manager.py:997} INFO - 
================================================================================
DAG File Processing Stats

File Path                                               PID    Runtime      # DAGs    # Errors  Last Runtime    Last Run               Last # of DB Queries
------------------------------------------------------  -----  ---------  --------  ----------  --------------  -------------------  ----------------------
/opt/airflow/dags/etl_sederhana_25_572885_PPA_07200.py                           1           0  1.32s           2026-09-17T15:26:25                      12
================================================================================
[2026-09-17T15:26:57.252+0000] {manager.py:997} INFO - 
================================================================================
DAG File Processing Stats

File Path                                               PID    Runtime      # DAGs    # Errors  Last Runtime    Last Run               Last # of DB Queries
------------------------------------------------------  -----  ---------  --------  ----------  --------------  -------------------  ----------------------
/opt/airflow/dags/etl_sederhana_25_572885_PPA_07200.py                           1           0  1.52s           2026-09-17T15:26:57                      12
================================================================================
[2026-09-17T15:27:28.803+0000] {manager.py:997} INFO - 
================================================================================
DAG File Processing Stats

File Path                                               PID    Runtime      # DAGs    # Errors  Last Runtime    Last Run               Last # of DB Queries
------------------------------------------------------  -----  ---------  --------  ----------  --------------  -------------------  ----------------------
/opt/airflow/dags/etl_sederhana_25_572885_PPA_07200.py                           1           0  1.41s           2026-09-17T15:27:28                      12
================================================================================
[2026-09-17T15:28:00.912+0000] {manager.py:997} INFO - 
================================================================================
DAG File Processing Stats

File Path                                               PID    Runtime      # DAGs    # Errors  Last Runtime    Last Run               Last # of DB Queries
------------------------------------------------------  -----  ---------  --------  ----------  --------------  -------------------  ----------------------
/opt/airflow/dags/etl_sederhana_25_572885_PPA_07200.py                           1           0  1.91s           2026-09-17T15:28:00                      12
================================================================================
[2026-09-17T15:28:17.199+0000] {manager.py:821} INFO - Searching for files in /opt/airflow/dags
[2026-09-17T15:28:17.244+0000] {manager.py:824} INFO - There are 1 files in /opt/airflow/dags
[2026-09-17T15:28:32.382+0000] {manager.py:997} INFO - 
================================================================================
DAG File Processing Stats

File Path                                               PID    Runtime      # DAGs    # Errors  Last Runtime    Last Run               Last # of DB Queries
------------------------------------------------------  -----  ---------  --------  ----------  --------------  -------------------  ----------------------
/opt/airflow/dags/etl_sederhana_25_572885_PPA_07200.py                           1           0  1.33s           2026-09-17T15:28:32                      12
================================================================================
[2026-09-17T15:29:02.385+0000] {manager.py:997} INFO - 
================================================================================
DAG File Processing Stats

File Path                                               PID    Runtime      # DAGs    # Errors  Last Runtime    Last Run               Last # of DB Queries
------------------------------------------------------  -----  ---------  --------  ----------  --------------  -------------------  ----------------------
/opt/airflow/dags/etl_sederhana_25_572885_PPA_07200.py                           1           0  1.33s           2026-09-17T15:28:32                      12
================================================================================
[2026-09-17T15:29:33.110+0000] {manager.py:997} INFO - 
================================================================================
DAG File Processing Stats

File Path                                               PID    Runtime      # DAGs    # Errors  Last Runtime    Last Run               Last # of DB Queries
------------------------------------------------------  -----  ---------  --------  ----------  --------------  -------------------  ----------------------
/opt/airflow/dags/etl_sederhana_25_572885_PPA_07200.py                           1           0  1.81s           2026-09-17T15:29:04                      12
================================================================================
[2026-09-17T15:30:03.908+0000] {manager.py:997} INFO - 
================================================================================
DAG File Processing Stats

File Path                                               PID    Runtime      # DAGs    # Errors  Last Runtime    Last Run               Last # of DB Queries
------------------------------------------------------  -----  ---------  --------  ----------  --------------  -------------------  ----------------------
/opt/airflow/dags/etl_sederhana_25_572885_PPA_07200.py                           1           0  1.76s           2026-09-17T15:29:36                      12
================================================================================
[2026-09-17T15:30:34.990+0000] {manager.py:997} INFO - 
================================================================================
DAG File Processing Stats

File Path                                               PID    Runtime      # DAGs    # Errors  Last Runtime    Last Run               Last # of DB Queries
------------------------------------------------------  -----  ---------  --------  ----------  --------------  -------------------  ----------------------
/opt/airflow/dags/etl_sederhana_25_572885_PPA_07200.py                           1           0  1.81s           2026-09-17T15:30:08                      12
================================================================================
[2026-09-17T15:31:05.756+0000] {manager.py:997} INFO - 
================================================================================
DAG File Processing Stats

File Path                                               PID    Runtime      # DAGs    # Errors  Last Runtime    Last Run               Last # of DB Queries
------------------------------------------------------  -----  ---------  --------  ----------  --------------  -------------------  ----------------------
/opt/airflow/dags/etl_sederhana_25_572885_PPA_07200.py                           1           0  2.36s           2026-09-17T15:30:41                      12
================================================================================
[2026-09-17T15:31:36.731+0000] {manager.py:997} INFO - 
================================================================================
DAG File Processing Stats

File Path                                               PID    Runtime      # DAGs    # Errors  Last Runtime    Last Run               Last # of DB Queries
------------------------------------------------------  -----  ---------  --------  ----------  --------------  -------------------  ----------------------
/opt/airflow/dags/etl_sederhana_25_572885_PPA_07200.py                           1           0  2.01s           2026-09-17T15:31:13                      12
================================================================================
[2026-09-17T15:32:07.231+0000] {manager.py:997} INFO - 
================================================================================
DAG File Processing Stats

File Path                                               PID    Runtime      # DAGs    # Errors  Last Runtime    Last Run               Last # of DB Queries
------------------------------------------------------  -----  ---------  --------  ----------  --------------  -------------------  ----------------------
/opt/airflow/dags/etl_sederhana_25_572885_PPA_07200.py                           1           0  1.31s           2026-09-17T15:31:44                      12
================================================================================
[2026-09-17T15:32:37.270+0000] {manager.py:997} INFO - 
================================================================================
DAG File Processing Stats

File Path                                               PID    Runtime      # DAGs    # Errors  Last Runtime    Last Run               Last # of DB Queries
------------------------------------------------------  -----  ---------  --------  ----------  --------------  -------------------  ----------------------
/opt/airflow/dags/etl_sederhana_25_572885_PPA_07200.py                           1           0  1.91s           2026-09-17T15:32:17                      12
================================================================================
[2026-09-17T15:33:07.504+0000] {manager.py:997} INFO - 
================================================================================
DAG File Processing Stats

File Path                                               PID    Runtime      # DAGs    # Errors  Last Runtime    Last Run               Last # of DB Queries
------------------------------------------------------  -----  ---------  --------  ----------  --------------  -------------------  ----------------------
/opt/airflow/dags/etl_sederhana_25_572885_PPA_07200.py                           1           0  2.42s           2026-09-17T15:32:50                      12
================================================================================
[2026-09-17T15:33:18.142+0000] {manager.py:821} INFO - Searching for files in /opt/airflow/dags
[2026-09-17T15:33:18.458+0000] {manager.py:824} INFO - There are 1 files in /opt/airflow/dags
[2026-09-17T15:33:37.882+0000] {manager.py:997} INFO - 
================================================================================
DAG File Processing Stats

File Path                                               PID    Runtime      # DAGs    # Errors  Last Runtime    Last Run               Last # of DB Queries
------------------------------------------------------  -----  ---------  --------  ----------  --------------  -------------------  ----------------------
/opt/airflow/dags/etl_sederhana_25_572885_PPA_07200.py                           1           0  4.96s           2026-09-17T15:33:25                      12
================================================================================
[2026-09-17T15:34:08.255+0000] {manager.py:997} INFO - 
================================================================================
DAG File Processing Stats

File Path                                               PID    Runtime      # DAGs    # Errors  Last Runtime    Last Run               Last # of DB Queries
------------------------------------------------------  -----  ---------  --------  ----------  --------------  -------------------  ----------------------
/opt/airflow/dags/etl_sederhana_25_572885_PPA_07200.py                           1           0  2.32s           2026-09-17T15:33:58                      12
================================================================================
[2026-09-17T15:34:38.563+0000] {manager.py:997} INFO - 
================================================================================
DAG File Processing Stats

File Path                                               PID    Runtime      # DAGs    # Errors  Last Runtime    Last Run               Last # of DB Queries
------------------------------------------------------  -----  ---------  --------  ----------  --------------  -------------------  ----------------------
/opt/airflow/dags/etl_sederhana_25_572885_PPA_07200.py                           1           0  6.48s           2026-09-17T15:34:35                      12
================================================================================
[2026-09-17T15:35:09.211+0000] {manager.py:997} INFO - 
================================================================================
DAG File Processing Stats

File Path                                               PID    Runtime      # DAGs    # Errors  Last Runtime    Last Run               Last # of DB Queries
------------------------------------------------------  -----  ---------  --------  ----------  --------------  -------------------  ----------------------
/opt/airflow/dags/etl_sederhana_25_572885_PPA_07200.py                           1           0  3.35s           2026-09-17T15:35:09                      12
================================================================================
[2026-09-17T15:35:40.996+0000] {manager.py:997} INFO - 
================================================================================
DAG File Processing Stats

File Path                                               PID    Runtime      # DAGs    # Errors  Last Runtime    Last Run               Last # of DB Queries
------------------------------------------------------  -----  ---------  --------  ----------  --------------  -------------------  ----------------------
/opt/airflow/dags/etl_sederhana_25_572885_PPA_07200.py                           1           0  1.52s           2026-09-17T15:35:40                      12
================================================================================
[2026-09-17T15:36:13.505+0000] {manager.py:997} INFO - 
================================================================================
DAG File Processing Stats

File Path                                               PID    Runtime      # DAGs    # Errors  Last Runtime    Last Run               Last # of DB Queries
------------------------------------------------------  -----  ---------  --------  ----------  --------------  -------------------  ----------------------
/opt/airflow/dags/etl_sederhana_25_572885_PPA_07200.py                           1           0  2.40s           2026-09-17T15:36:13                      12
================================================================================
[2026-09-17T15:36:46.256+0000] {manager.py:997} INFO - 
================================================================================
DAG File Processing Stats

File Path                                               PID    Runtime      # DAGs    # Errors  Last Runtime    Last Run               Last # of DB Queries
------------------------------------------------------  -----  ---------  --------  ----------  --------------  -------------------  ----------------------
/opt/airflow/dags/etl_sederhana_25_572885_PPA_07200.py                           1           0  2.53s           2026-09-17T15:36:46                      12
================================================================================
[2026-09-17T15:37:18.244+0000] {manager.py:997} INFO - 
================================================================================
DAG File Processing Stats

File Path                                               PID    Runtime      # DAGs    # Errors  Last Runtime    Last Run               Last # of DB Queries
------------------------------------------------------  -----  ---------  --------  ----------  --------------  -------------------  ----------------------
/opt/airflow/dags/etl_sederhana_25_572885_PPA_07200.py                           1           0  1.52s           2026-09-17T15:37:18                      12
================================================================================
[2026-09-17T15:37:51.184+0000] {manager.py:997} INFO - 
================================================================================
DAG File Processing Stats

File Path                                               PID    Runtime      # DAGs    # Errors  Last Runtime    Last Run               Last # of DB Queries
------------------------------------------------------  -----  ---------  --------  ----------  --------------  -------------------  ----------------------
/opt/airflow/dags/etl_sederhana_25_572885_PPA_07200.py                           1           0  2.52s           2026-09-17T15:37:51                      12
================================================================================
[2026-09-17T15:38:18.639+0000] {manager.py:821} INFO - Searching for files in /opt/airflow/dags
[2026-09-17T15:38:18.704+0000] {manager.py:824} INFO - There are 1 files in /opt/airflow/dags
[2026-09-17T15:38:23.772+0000] {manager.py:997} INFO - 
================================================================================
DAG File Processing Stats

File Path                                               PID    Runtime      # DAGs    # Errors  Last Runtime    Last Run               Last # of DB Queries
------------------------------------------------------  -----  ---------  --------  ----------  --------------  -------------------  ----------------------
/opt/airflow/dags/etl_sederhana_25_572885_PPA_07200.py                           1           0  2.42s           2026-09-17T15:38:23                      12
================================================================================
[2026-09-17T15:38:55.713+0000] {manager.py:997} INFO - 
================================================================================
DAG File Processing Stats

File Path                                               PID    Runtime      # DAGs    # Errors  Last Runtime    Last Run               Last # of DB Queries
------------------------------------------------------  -----  ---------  --------  ----------  --------------  -------------------  ----------------------
/opt/airflow/dags/etl_sederhana_25_572885_PPA_07200.py                           1           0  1.73s           2026-09-17T15:38:55                      12
================================================================================
[2026-09-17T15:39:27.924+0000] {manager.py:997} INFO - 
================================================================================
DAG File Processing Stats

File Path                                               PID    Runtime      # DAGs    # Errors  Last Runtime    Last Run               Last # of DB Queries
------------------------------------------------------  -----  ---------  --------  ----------  --------------  -------------------  ----------------------
/opt/airflow/dags/etl_sederhana_25_572885_PPA_07200.py                           1           0  2.11s           2026-09-17T15:39:27                      12
================================================================================
[2026-09-17T15:40:01.283+0000] {manager.py:997} INFO - 
================================================================================
DAG File Processing Stats

File Path                                               PID    Runtime      # DAGs    # Errors  Last Runtime    Last Run               Last # of DB Queries
------------------------------------------------------  -----  ---------  --------  ----------  --------------  -------------------  ----------------------
/opt/airflow/dags/etl_sederhana_25_572885_PPA_07200.py                           1           0  3.16s           2026-09-17T15:40:01                      12
================================================================================
[2026-09-17T15:40:37.712+0000] {manager.py:997} INFO - 
================================================================================
DAG File Processing Stats

File Path                                               PID    Runtime      # DAGs    # Errors  Last Runtime    Last Run               Last # of DB Queries
------------------------------------------------------  -----  ---------  --------  ----------  --------------  -------------------  ----------------------
/opt/airflow/dags/etl_sederhana_25_572885_PPA_07200.py                           1           0  5.30s           2026-09-17T15:40:37                      12
================================================================================
[2026-09-17T15:41:10.066+0000] {manager.py:997} INFO - 
================================================================================
DAG File Processing Stats

File Path                                               PID    Runtime      # DAGs    # Errors  Last Runtime    Last Run               Last # of DB Queries
------------------------------------------------------  -----  ---------  --------  ----------  --------------  -------------------  ----------------------
/opt/airflow/dags/etl_sederhana_25_572885_PPA_07200.py                           1           0  2.04s           2026-09-17T15:41:10                      12
================================================================================
[2026-09-17T15:41:41.798+0000] {manager.py:997} INFO - 
================================================================================
DAG File Processing Stats

File Path                                               PID    Runtime      # DAGs    # Errors  Last Runtime    Last Run               Last # of DB Queries
------------------------------------------------------  -----  ---------  --------  ----------  --------------  -------------------  ----------------------
/opt/airflow/dags/etl_sederhana_25_572885_PPA_07200.py                           1           0  1.54s           2026-09-17T15:41:41                      12
================================================================================
[2026-09-17T15:42:13.662+0000] {manager.py:997} INFO - 
================================================================================
DAG File Processing Stats

File Path                                               PID    Runtime      # DAGs    # Errors  Last Runtime    Last Run               Last # of DB Queries
------------------------------------------------------  -----  ---------  --------  ----------  --------------  -------------------  ----------------------
/opt/airflow/dags/etl_sederhana_25_572885_PPA_07200.py                           1           0  1.70s           2026-09-17T15:42:13                      12
================================================================================
[2026-09-17T15:42:46.012+0000] {manager.py:997} INFO - 
================================================================================
DAG File Processing Stats

File Path                                               PID    Runtime      # DAGs    # Errors  Last Runtime    Last Run               Last # of DB Queries
------------------------------------------------------  -----  ---------  --------  ----------  --------------  -------------------  ----------------------
/opt/airflow/dags/etl_sederhana_25_572885_PPA_07200.py                           1           0  1.95s           2026-09-17T15:42:46                      12
================================================================================
[2026-09-17T15:43:18.154+0000] {manager.py:997} INFO - 
================================================================================
DAG File Processing Stats

File Path                                               PID    Runtime      # DAGs    # Errors  Last Runtime    Last Run               Last # of DB Queries
------------------------------------------------------  -----  ---------  --------  ----------  --------------  -------------------  ----------------------
/opt/airflow/dags/etl_sederhana_25_572885_PPA_07200.py                           1           0  2.02s           2026-09-17T15:43:18                      12
================================================================================
[2026-09-17T15:43:19.218+0000] {manager.py:821} INFO - Searching for files in /opt/airflow/dags
[2026-09-17T15:43:19.300+0000] {manager.py:824} INFO - There are 1 files in /opt/airflow/dags
[2026-09-17T15:43:50.149+0000] {manager.py:997} INFO - 
================================================================================
DAG File Processing Stats

File Path                                               PID    Runtime      # DAGs    # Errors  Last Runtime    Last Run               Last # of DB Queries
------------------------------------------------------  -----  ---------  --------  ----------  --------------  -------------------  ----------------------
/opt/airflow/dags/etl_sederhana_25_572885_PPA_07200.py                           1           0  1.82s           2026-09-17T15:43:50                      12
================================================================================
[2026-09-17T15:44:22.621+0000] {manager.py:997} INFO - 
================================================================================
DAG File Processing Stats

File Path                                               PID    Runtime      # DAGs    # Errors  Last Runtime    Last Run               Last # of DB Queries
------------------------------------------------------  -----  ---------  --------  ----------  --------------  -------------------  ----------------------
/opt/airflow/dags/etl_sederhana_25_572885_PPA_07200.py                           1           0  2.22s           2026-09-17T15:44:22                      12
================================================================================
[2026-09-17T15:44:54.095+0000] {manager.py:997} INFO - 
================================================================================
DAG File Processing Stats

File Path                                               PID    Runtime      # DAGs    # Errors  Last Runtime    Last Run               Last # of DB Queries
------------------------------------------------------  -----  ---------  --------  ----------  --------------  -------------------  ----------------------
/opt/airflow/dags/etl_sederhana_25_572885_PPA_07200.py                           1           0  1.21s           2026-09-17T15:44:54                      12
================================================================================
[2026-09-17T15:45:26.116+0000] {manager.py:997} INFO - 
================================================================================
DAG File Processing Stats

File Path                                               PID    Runtime      # DAGs    # Errors  Last Runtime    Last Run               Last # of DB Queries
------------------------------------------------------  -----  ---------  --------  ----------  --------------  -------------------  ----------------------
/opt/airflow/dags/etl_sederhana_25_572885_PPA_07200.py                           1           0  1.81s           2026-09-17T15:45:26                      12
================================================================================
[2026-09-17T15:45:57.383+0000] {manager.py:997} INFO - 
================================================================================
DAG File Processing Stats

File Path                                               PID    Runtime      # DAGs    # Errors  Last Runtime    Last Run               Last # of DB Queries
------------------------------------------------------  -----  ---------  --------  ----------  --------------  -------------------  ----------------------
/opt/airflow/dags/etl_sederhana_25_572885_PPA_07200.py                           1           0  1.11s           2026-09-17T15:45:57                      12
================================================================================
[2026-09-17T15:46:28.794+0000] {manager.py:997} INFO - 
================================================================================
DAG File Processing Stats

File Path                                               PID    Runtime      # DAGs    # Errors  Last Runtime    Last Run               Last # of DB Queries
------------------------------------------------------  -----  ---------  --------  ----------  --------------  -------------------  ----------------------
/opt/airflow/dags/etl_sederhana_25_572885_PPA_07200.py                           1           0  1.23s           2026-09-17T15:46:28                      12
================================================================================
[2026-09-17T15:47:00.447+0000] {manager.py:997} INFO - 
================================================================================
DAG File Processing Stats

File Path                                               PID    Runtime      # DAGs    # Errors  Last Runtime    Last Run               Last # of DB Queries
------------------------------------------------------  -----  ---------  --------  ----------  --------------  -------------------  ----------------------
/opt/airflow/dags/etl_sederhana_25_572885_PPA_07200.py                           1           0  1.48s           2026-09-17T15:47:00                      12
================================================================================
[2026-09-17T15:47:32.129+0000] {manager.py:997} INFO - 
================================================================================
DAG File Processing Stats

File Path                                               PID    Runtime      # DAGs    # Errors  Last Runtime    Last Run               Last # of DB Queries
------------------------------------------------------  -----  ---------  --------  ----------  --------------  -------------------  ----------------------
/opt/airflow/dags/etl_sederhana_25_572885_PPA_07200.py                           1           0  1.51s           2026-09-17T15:47:32                      12
================================================================================
[2026-09-17T15:48:04.056+0000] {manager.py:997} INFO - 
================================================================================
DAG File Processing Stats

File Path                                               PID    Runtime      # DAGs    # Errors  Last Runtime    Last Run               Last # of DB Queries
------------------------------------------------------  -----  ---------  --------  ----------  --------------  -------------------  ----------------------
/opt/airflow/dags/etl_sederhana_25_572885_PPA_07200.py                           1           0  1.62s           2026-09-17T15:48:04                      12
================================================================================
[2026-09-17T15:48:19.361+0000] {manager.py:821} INFO - Searching for files in /opt/airflow/dags
[2026-09-17T15:48:19.418+0000] {manager.py:824} INFO - There are 1 files in /opt/airflow/dags
[2026-09-17T15:48:35.312+0000] {manager.py:997} INFO - 
================================================================================
DAG File Processing Stats

File Path                                               PID    Runtime      # DAGs    # Errors  Last Runtime    Last Run               Last # of DB Queries
------------------------------------------------------  -----  ---------  --------  ----------  --------------  -------------------  ----------------------
/opt/airflow/dags/etl_sederhana_25_572885_PPA_07200.py                           1           0  1.13s           2026-09-17T15:48:35                      12
================================================================================
[2026-09-17T15:49:07.620+0000] {manager.py:997} INFO - 
================================================================================
DAG File Processing Stats

File Path                                               PID    Runtime      # DAGs    # Errors  Last Runtime    Last Run               Last # of DB Queries
------------------------------------------------------  -----  ---------  --------  ----------  --------------  -------------------  ----------------------
/opt/airflow/dags/etl_sederhana_25_572885_PPA_07200.py                           1           0  2.04s           2026-09-17T15:49:07                      12
================================================================================
[2026-09-17T15:49:40.033+0000] {manager.py:997} INFO - 
================================================================================
DAG File Processing Stats

File Path                                               PID    Runtime      # DAGs    # Errors  Last Runtime    Last Run               Last # of DB Queries
------------------------------------------------------  -----  ---------  --------  ----------  --------------  -------------------  ----------------------
/opt/airflow/dags/etl_sederhana_25_572885_PPA_07200.py                           1           0  2.18s           2026-09-17T15:49:40                      12
================================================================================
[2026-09-17T15:50:11.427+0000] {manager.py:997} INFO - 
================================================================================
DAG File Processing Stats

File Path                                               PID    Runtime      # DAGs    # Errors  Last Runtime    Last Run               Last # of DB Queries
------------------------------------------------------  -----  ---------  --------  ----------  --------------  -------------------  ----------------------
/opt/airflow/dags/etl_sederhana_25_572885_PPA_07200.py                           1           0  1.23s           2026-09-17T15:50:11                      12
================================================================================
[2026-09-17T15:50:43.764+0000] {manager.py:997} INFO - 
================================================================================
DAG File Processing Stats

File Path                                               PID    Runtime      # DAGs    # Errors  Last Runtime    Last Run               Last # of DB Queries
------------------------------------------------------  -----  ---------  --------  ----------  --------------  -------------------  ----------------------
/opt/airflow/dags/etl_sederhana_25_572885_PPA_07200.py                           1           0  2.04s           2026-09-17T15:50:43                      12
================================================================================
[2026-09-17T15:51:15.296+0000] {manager.py:997} INFO - 
================================================================================
DAG File Processing Stats

File Path                                               PID    Runtime      # DAGs    # Errors  Last Runtime    Last Run               Last # of DB Queries
------------------------------------------------------  -----  ---------  --------  ----------  --------------  -------------------  ----------------------
/opt/airflow/dags/etl_sederhana_25_572885_PPA_07200.py                           1           0  1.41s           2026-09-17T15:51:15                      12
================================================================================
[2026-09-17T15:51:46.844+0000] {manager.py:997} INFO - 
================================================================================
DAG File Processing Stats

File Path                                               PID    Runtime      # DAGs    # Errors  Last Runtime    Last Run               Last # of DB Queries
------------------------------------------------------  -----  ---------  --------  ----------  --------------  -------------------  ----------------------
/opt/airflow/dags/etl_sederhana_25_572885_PPA_07200.py                           1           0  1.32s           2026-09-17T15:51:46                      12
================================================================================
[2026-09-17T15:52:18.729+0000] {manager.py:997} INFO - 
================================================================================
DAG File Processing Stats

File Path                                               PID    Runtime      # DAGs    # Errors  Last Runtime    Last Run               Last # of DB Queries
------------------------------------------------------  -----  ---------  --------  ----------  --------------  -------------------  ----------------------
/opt/airflow/dags/etl_sederhana_25_572885_PPA_07200.py                           1           0  1.75s           2026-09-17T15:52:18                      12
================================================================================
[2026-09-17T15:52:51.431+0000] {manager.py:997} INFO - 
================================================================================
DAG File Processing Stats

File Path                                               PID    Runtime      # DAGs    # Errors  Last Runtime    Last Run               Last # of DB Queries
------------------------------------------------------  -----  ---------  --------  ----------  --------------  -------------------  ----------------------
/opt/airflow/dags/etl_sederhana_25_572885_PPA_07200.py                           1           0  1.72s           2026-09-17T15:52:51                      12
================================================================================
[2026-09-17T15:53:20.021+0000] {manager.py:821} INFO - Searching for files in /opt/airflow/dags
[2026-09-17T15:53:20.192+0000] {manager.py:824} INFO - There are 1 files in /opt/airflow/dags
[2026-09-17T15:53:22.997+0000] {manager.py:997} INFO - 
================================================================================
DAG File Processing Stats

File Path                                               PID    Runtime      # DAGs    # Errors  Last Runtime    Last Run               Last # of DB Queries
------------------------------------------------------  -----  ---------  --------  ----------  --------------  -------------------  ----------------------
/opt/airflow/dags/etl_sederhana_25_572885_PPA_07200.py                           1           0  1.42s           2026-09-17T15:53:22                      12
================================================================================
[2026-09-17T15:53:54.747+0000] {manager.py:997} INFO - 
================================================================================
DAG File Processing Stats

File Path                                               PID    Runtime      # DAGs    # Errors  Last Runtime    Last Run               Last # of DB Queries
------------------------------------------------------  -----  ---------  --------  ----------  --------------  -------------------  ----------------------
/opt/airflow/dags/etl_sederhana_25_572885_PPA_07200.py                           1           0  1.62s           2026-09-17T15:53:54                      12
================================================================================
[2026-09-17T15:54:26.707+0000] {manager.py:997} INFO - 
================================================================================
DAG File Processing Stats

File Path                                               PID    Runtime      # DAGs    # Errors  Last Runtime    Last Run               Last # of DB Queries
------------------------------------------------------  -----  ---------  --------  ----------  --------------  -------------------  ----------------------
/opt/airflow/dags/etl_sederhana_25_572885_PPA_07200.py                           1           0  1.82s           2026-09-17T15:54:26                      12
================================================================================
[2026-09-17T15:54:59.782+0000] {manager.py:997} INFO - 
================================================================================
DAG File Processing Stats

File Path                                               PID    Runtime      # DAGs    # Errors  Last Runtime    Last Run               Last # of DB Queries
------------------------------------------------------  -----  ---------  --------  ----------  --------------  -------------------  ----------------------
/opt/airflow/dags/etl_sederhana_25_572885_PPA_07200.py                           1           0  2.66s           2026-09-17T15:54:59                      12
================================================================================
[2026-09-17T15:55:32.186+0000] {manager.py:997} INFO - 
================================================================================
DAG File Processing Stats

File Path                                               PID    Runtime      # DAGs    # Errors  Last Runtime    Last Run               Last # of DB Queries
------------------------------------------------------  -----  ---------  --------  ----------  --------------  -------------------  ----------------------
/opt/airflow/dags/etl_sederhana_25_572885_PPA_07200.py                           1           0  2.11s           2026-09-17T15:55:32                      12
================================================================================
[2026-09-17T15:56:03.797+0000] {manager.py:997} INFO - 
================================================================================
DAG File Processing Stats

File Path                                               PID    Runtime      # DAGs    # Errors  Last Runtime    Last Run               Last # of DB Queries
------------------------------------------------------  -----  ---------  --------  ----------  --------------  -------------------  ----------------------
/opt/airflow/dags/etl_sederhana_25_572885_PPA_07200.py                           1           0  1.47s           2026-09-17T15:56:03                      12
================================================================================
[2026-09-17T15:56:35.039+0000] {manager.py:997} INFO - 
================================================================================
DAG File Processing Stats

File Path                                               PID    Runtime      # DAGs    # Errors  Last Runtime    Last Run               Last # of DB Queries
------------------------------------------------------  -----  ---------  --------  ----------  --------------  -------------------  ----------------------
/opt/airflow/dags/etl_sederhana_25_572885_PPA_07200.py                           1           0  1.11s           2026-09-17T15:56:35                      12
================================================================================
[2026-09-17T15:57:06.545+0000] {manager.py:997} INFO - 
================================================================================
DAG File Processing Stats

File Path                                               PID    Runtime      # DAGs    # Errors  Last Runtime    Last Run               Last # of DB Queries
------------------------------------------------------  -----  ---------  --------  ----------  --------------  -------------------  ----------------------
/opt/airflow/dags/etl_sederhana_25_572885_PPA_07200.py                           1           0  1.32s           2026-09-17T15:57:06                      12
================================================================================
[2026-09-17T15:57:38.519+0000] {manager.py:997} INFO - 
================================================================================
DAG File Processing Stats

File Path                                               PID    Runtime      # DAGs    # Errors  Last Runtime    Last Run               Last # of DB Queries
------------------------------------------------------  -----  ---------  --------  ----------  --------------  -------------------  ----------------------
/opt/airflow/dags/etl_sederhana_25_572885_PPA_07200.py                           1           0  1.81s           2026-09-17T15:57:38                      12
================================================================================
[2026-09-17T15:58:10.837+0000] {manager.py:997} INFO - 
================================================================================
DAG File Processing Stats

File Path                                               PID    Runtime      # DAGs    # Errors  Last Runtime    Last Run               Last # of DB Queries
------------------------------------------------------  -----  ---------  --------  ----------  --------------  -------------------  ----------------------
/opt/airflow/dags/etl_sederhana_25_572885_PPA_07200.py                           1           0  1.91s           2026-09-17T15:58:10                      12
================================================================================
[2026-09-17T15:58:20.087+0000] {manager.py:821} INFO - Searching for files in /opt/airflow/dags
[2026-09-17T15:58:20.116+0000] {manager.py:824} INFO - There are 1 files in /opt/airflow/dags
[2026-09-17T15:58:42.080+0000] {manager.py:997} INFO - 
================================================================================
DAG File Processing Stats

File Path                                               PID    Runtime      # DAGs    # Errors  Last Runtime    Last Run               Last # of DB Queries
------------------------------------------------------  -----  ---------  --------  ----------  --------------  -------------------  ----------------------
/opt/airflow/dags/etl_sederhana_25_572885_PPA_07200.py                           1           0  1.11s           2026-09-17T15:58:42                      12
================================================================================
[2026-09-17T15:59:13.312+0000] {manager.py:997} INFO - 
================================================================================
DAG File Processing Stats

File Path                                               PID    Runtime      # DAGs    # Errors  Last Runtime    Last Run               Last # of DB Queries
------------------------------------------------------  -----  ---------  --------  ----------  --------------  -------------------  ----------------------
/opt/airflow/dags/etl_sederhana_25_572885_PPA_07200.py                           1           0  1.11s           2026-09-17T15:59:13                      12
================================================================================
[2026-09-17T15:59:44.739+0000] {manager.py:997} INFO - 
================================================================================
DAG File Processing Stats

File Path                                               PID    Runtime      # DAGs    # Errors  Last Runtime    Last Run               Last # of DB Queries
------------------------------------------------------  -----  ---------  --------  ----------  --------------  -------------------  ----------------------
/opt/airflow/dags/etl_sederhana_25_572885_PPA_07200.py                           1           0  1.31s           2026-09-17T15:59:44                      12
================================================================================
[2026-09-17T16:00:15.958+0000] {manager.py:997} INFO - 
================================================================================
DAG File Processing Stats

File Path                                               PID    Runtime      # DAGs    # Errors  Last Runtime    Last Run               Last # of DB Queries
------------------------------------------------------  -----  ---------  --------  ----------  --------------  -------------------  ----------------------
/opt/airflow/dags/etl_sederhana_25_572885_PPA_07200.py                           1           0  1.11s           2026-09-17T16:00:15                      12
================================================================================
[2026-09-17T16:00:47.674+0000] {manager.py:997} INFO - 
================================================================================
DAG File Processing Stats

File Path                                               PID    Runtime      # DAGs    # Errors  Last Runtime    Last Run               Last # of DB Queries
------------------------------------------------------  -----  ---------  --------  ----------  --------------  -------------------  ----------------------
/opt/airflow/dags/etl_sederhana_25_572885_PPA_07200.py                           1           0  1.53s           2026-09-17T16:00:47                      12
================================================================================
[2026-09-17T16:01:19.301+0000] {manager.py:997} INFO - 
================================================================================
DAG File Processing Stats

File Path                                               PID    Runtime      # DAGs    # Errors  Last Runtime    Last Run               Last # of DB Queries
------------------------------------------------------  -----  ---------  --------  ----------  --------------  -------------------  ----------------------
/opt/airflow/dags/etl_sederhana_25_572885_PPA_07200.py                           1           0  1.52s           2026-09-17T16:01:19                      12
================================================================================
[2026-09-17T16:01:51.378+0000] {manager.py:997} INFO - 
================================================================================
DAG File Processing Stats

File Path                                               PID    Runtime      # DAGs    # Errors  Last Runtime    Last Run               Last # of DB Queries
------------------------------------------------------  -----  ---------  --------  ----------  --------------  -------------------  ----------------------
/opt/airflow/dags/etl_sederhana_25_572885_PPA_07200.py                           1           0  1.93s           2026-09-17T16:01:51                      12
================================================================================
[2026-09-17T16:02:23.064+0000] {manager.py:997} INFO - 
================================================================================
DAG File Processing Stats

File Path                                               PID    Runtime      # DAGs    # Errors  Last Runtime    Last Run               Last # of DB Queries
------------------------------------------------------  -----  ---------  --------  ----------  --------------  -------------------  ----------------------
/opt/airflow/dags/etl_sederhana_25_572885_PPA_07200.py                           1           0  1.53s           2026-09-17T16:02:23                      12
================================================================================
[2026-09-17T16:02:53.106+0000] {manager.py:997} INFO - 
================================================================================
DAG File Processing Stats

File Path                                               PID    Runtime      # DAGs    # Errors  Last Runtime    Last Run               Last # of DB Queries
------------------------------------------------------  -----  ---------  --------  ----------  --------------  -------------------  ----------------------
/opt/airflow/dags/etl_sederhana_25_572885_PPA_07200.py                           1           0  1.53s           2026-09-17T16:02:23                      12
================================================================================
[2026-09-17T16:03:20.376+0000] {manager.py:821} INFO - Searching for files in /opt/airflow/dags
[2026-09-17T16:03:20.402+0000] {manager.py:824} INFO - There are 1 files in /opt/airflow/dags
[2026-09-17T16:03:23.608+0000] {manager.py:997} INFO - 
================================================================================
DAG File Processing Stats

File Path                                               PID    Runtime      # DAGs    # Errors  Last Runtime    Last Run               Last # of DB Queries
------------------------------------------------------  -----  ---------  --------  ----------  --------------  -------------------  ----------------------
/opt/airflow/dags/etl_sederhana_25_572885_PPA_07200.py                           1           0  1.91s           2026-09-17T16:02:55                      12
================================================================================
[2026-09-17T16:03:53.702+0000] {manager.py:997} INFO - 
================================================================================
DAG File Processing Stats

File Path                                               PID    Runtime      # DAGs    # Errors  Last Runtime    Last Run               Last # of DB Queries
------------------------------------------------------  -----  ---------  --------  ----------  --------------  -------------------  ----------------------
/opt/airflow/dags/etl_sederhana_25_572885_PPA_07200.py                           1           0  1.11s           2026-09-17T16:03:26                      12
================================================================================
[2026-09-17T16:04:24.144+0000] {manager.py:997} INFO - 
================================================================================
DAG File Processing Stats

File Path                                               PID    Runtime      # DAGs    # Errors  Last Runtime    Last Run               Last # of DB Queries
------------------------------------------------------  -----  ---------  --------  ----------  --------------  -------------------  ----------------------
/opt/airflow/dags/etl_sederhana_25_572885_PPA_07200.py                           1           0  1.92s           2026-09-17T16:03:58                      12
================================================================================
[2026-09-17T16:04:55.010+0000] {manager.py:997} INFO - 
================================================================================
DAG File Processing Stats

File Path                                               PID    Runtime      # DAGs    # Errors  Last Runtime    Last Run               Last # of DB Queries
------------------------------------------------------  -----  ---------  --------  ----------  --------------  -------------------  ----------------------
/opt/airflow/dags/etl_sederhana_25_572885_PPA_07200.py                           1           0  1.71s           2026-09-17T16:04:30                      12
================================================================================
[2026-09-17T16:05:25.653+0000] {manager.py:997} INFO - 
================================================================================
DAG File Processing Stats

File Path                                               PID    Runtime      # DAGs    # Errors  Last Runtime    Last Run               Last # of DB Queries
------------------------------------------------------  -----  ---------  --------  ----------  --------------  -------------------  ----------------------
/opt/airflow/dags/etl_sederhana_25_572885_PPA_07200.py                           1           0  1.52s           2026-09-17T16:05:02                      12
================================================================================
[2026-09-17T16:05:56.249+0000] {manager.py:997} INFO - 
================================================================================
DAG File Processing Stats

File Path                                               PID    Runtime      # DAGs    # Errors  Last Runtime    Last Run               Last # of DB Queries
------------------------------------------------------  -----  ---------  --------  ----------  --------------  -------------------  ----------------------
/opt/airflow/dags/etl_sederhana_25_572885_PPA_07200.py                           1           0  1.47s           2026-09-17T16:05:33                      12
================================================================================
[2026-09-17T16:06:26.816+0000] {manager.py:997} INFO - 
================================================================================
DAG File Processing Stats

File Path                                               PID    Runtime      # DAGs    # Errors  Last Runtime    Last Run               Last # of DB Queries
------------------------------------------------------  -----  ---------  --------  ----------  --------------  -------------------  ----------------------
/opt/airflow/dags/etl_sederhana_25_572885_PPA_07200.py                           1           0  1.63s           2026-09-17T16:06:05                      12
================================================================================
[2026-09-17T16:06:57.106+0000] {manager.py:997} INFO - 
================================================================================
DAG File Processing Stats

File Path                                               PID    Runtime      # DAGs    # Errors  Last Runtime    Last Run               Last # of DB Queries
------------------------------------------------------  -----  ---------  --------  ----------  --------------  -------------------  ----------------------
/opt/airflow/dags/etl_sederhana_25_572885_PPA_07200.py                           1           0  1.92s           2026-09-17T16:06:37                      12
================================================================================
[2026-09-17T16:07:27.593+0000] {manager.py:997} INFO - 
================================================================================
DAG File Processing Stats

File Path                                               PID    Runtime      # DAGs    # Errors  Last Runtime    Last Run               Last # of DB Queries
------------------------------------------------------  -----  ---------  --------  ----------  --------------  -------------------  ----------------------
/opt/airflow/dags/etl_sederhana_25_572885_PPA_07200.py                           1           0  1.41s           2026-09-17T16:07:09                      12
================================================================================
[2026-09-17T16:07:58.013+0000] {manager.py:997} INFO - 
================================================================================
DAG File Processing Stats

File Path                                               PID    Runtime      # DAGs    # Errors  Last Runtime    Last Run               Last # of DB Queries
------------------------------------------------------  -----  ---------  --------  ----------  --------------  -------------------  ----------------------
/opt/airflow/dags/etl_sederhana_25_572885_PPA_07200.py                           1           0  1.41s           2026-09-17T16:07:40                      12
================================================================================
[2026-09-17T16:08:21.227+0000] {manager.py:821} INFO - Searching for files in /opt/airflow/dags
[2026-09-17T16:08:21.301+0000] {manager.py:824} INFO - There are 1 files in /opt/airflow/dags
[2026-09-17T16:08:28.211+0000] {manager.py:997} INFO - 
================================================================================
DAG File Processing Stats

File Path                                               PID    Runtime      # DAGs    # Errors  Last Runtime    Last Run               Last # of DB Queries
------------------------------------------------------  -----  ---------  --------  ----------  --------------  -------------------  ----------------------
/opt/airflow/dags/etl_sederhana_25_572885_PPA_07200.py                           1           0  1.12s           2026-09-17T16:08:11                      12
================================================================================
[2026-09-17T16:08:58.333+0000] {manager.py:997} INFO - 
================================================================================
DAG File Processing Stats

File Path                                               PID    Runtime      # DAGs    # Errors  Last Runtime    Last Run               Last # of DB Queries
------------------------------------------------------  -----  ---------  --------  ----------  --------------  -------------------  ----------------------
/opt/airflow/dags/etl_sederhana_25_572885_PPA_07200.py                           1           0  2.62s           2026-09-17T16:08:45                      12
================================================================================
[2026-09-17T16:09:29.171+0000] {manager.py:997} INFO - 
================================================================================
DAG File Processing Stats

File Path                                               PID    Runtime      # DAGs    # Errors  Last Runtime    Last Run               Last # of DB Queries
------------------------------------------------------  -----  ---------  --------  ----------  --------------  -------------------  ----------------------
/opt/airflow/dags/etl_sederhana_25_572885_PPA_07200.py                           1           0  1.74s           2026-09-17T16:09:16                      12
================================================================================
[2026-09-17T16:09:59.627+0000] {manager.py:997} INFO - 
================================================================================
DAG File Processing Stats

File Path                                               PID    Runtime      # DAGs    # Errors  Last Runtime    Last Run               Last # of DB Queries
------------------------------------------------------  -----  ---------  --------  ----------  --------------  -------------------  ----------------------
/opt/airflow/dags/etl_sederhana_25_572885_PPA_07200.py                           1           0  1.36s           2026-09-17T16:09:48                      12
================================================================================
[2026-09-17T16:10:30.215+0000] {manager.py:997} INFO - 
================================================================================
DAG File Processing Stats

File Path                                               PID    Runtime      # DAGs    # Errors  Last Runtime    Last Run               Last # of DB Queries
------------------------------------------------------  -----  ---------  --------  ----------  --------------  -------------------  ----------------------
/opt/airflow/dags/etl_sederhana_25_572885_PPA_07200.py                           1           0  1.61s           2026-09-17T16:10:20                      12
================================================================================
[2026-09-17T16:11:00.882+0000] {manager.py:997} INFO - 
================================================================================
DAG File Processing Stats

File Path                                               PID    Runtime      # DAGs    # Errors  Last Runtime    Last Run               Last # of DB Queries
------------------------------------------------------  -----  ---------  --------  ----------  --------------  -------------------  ----------------------
/opt/airflow/dags/etl_sederhana_25_572885_PPA_07200.py                           1           0  2.02s           2026-09-17T16:10:52                      12
================================================================================
[2026-09-17T16:11:31.777+0000] {manager.py:997} INFO - 
================================================================================
DAG File Processing Stats

File Path                                               PID    Runtime      # DAGs    # Errors  Last Runtime    Last Run               Last # of DB Queries
------------------------------------------------------  -----  ---------  --------  ----------  --------------  -------------------  ----------------------
/opt/airflow/dags/etl_sederhana_25_572885_PPA_07200.py                           1           0  1.81s           2026-09-17T16:11:24                      12
================================================================================
[2026-09-17T16:12:02.461+0000] {manager.py:997} INFO - 
================================================================================
DAG File Processing Stats

File Path                                               PID    Runtime      # DAGs    # Errors  Last Runtime    Last Run               Last # of DB Queries
------------------------------------------------------  -----  ---------  --------  ----------  --------------  -------------------  ----------------------
/opt/airflow/dags/etl_sederhana_25_572885_PPA_07200.py                           1           0  1.63s           2026-09-17T16:11:56                      12
================================================================================
[2026-09-17T16:12:32.851+0000] {manager.py:997} INFO - 
================================================================================
DAG File Processing Stats

File Path                                               PID    Runtime      # DAGs    # Errors  Last Runtime    Last Run               Last # of DB Queries
------------------------------------------------------  -----  ---------  --------  ----------  --------------  -------------------  ----------------------
/opt/airflow/dags/etl_sederhana_25_572885_PPA_07200.py                           1           0  1.31s           2026-09-17T16:12:27                      12
================================================================================
[2026-09-17T16:13:03.591+0000] {manager.py:997} INFO - 
================================================================================
DAG File Processing Stats

File Path                                               PID    Runtime      # DAGs    # Errors  Last Runtime    Last Run               Last # of DB Queries
------------------------------------------------------  -----  ---------  --------  ----------  --------------  -------------------  ----------------------
/opt/airflow/dags/etl_sederhana_25_572885_PPA_07200.py                           1           0  1.44s           2026-09-17T16:12:59                      12
================================================================================
[2026-09-17T16:13:21.735+0000] {manager.py:821} INFO - Searching for files in /opt/airflow/dags
[2026-09-17T16:13:22.019+0000] {manager.py:824} INFO - There are 1 files in /opt/airflow/dags
[2026-09-17T16:13:34.119+0000] {manager.py:997} INFO - 
================================================================================
DAG File Processing Stats

File Path                                               PID    Runtime      # DAGs    # Errors  Last Runtime    Last Run               Last # of DB Queries
------------------------------------------------------  -----  ---------  --------  ----------  --------------  -------------------  ----------------------
/opt/airflow/dags/etl_sederhana_25_572885_PPA_07200.py                           1           0  2.61s           2026-09-17T16:13:32                      12
================================================================================
[2026-09-17T16:14:05.289+0000] {manager.py:997} INFO - 
================================================================================
DAG File Processing Stats

File Path                                               PID    Runtime      # DAGs    # Errors  Last Runtime    Last Run               Last # of DB Queries
------------------------------------------------------  -----  ---------  --------  ----------  --------------  -------------------  ----------------------
/opt/airflow/dags/etl_sederhana_25_572885_PPA_07200.py                           1           0  2.22s           2026-09-17T16:14:05                      12
================================================================================
[2026-09-17T16:14:38.449+0000] {manager.py:997} INFO - 
================================================================================
DAG File Processing Stats

File Path                                               PID    Runtime      # DAGs    # Errors  Last Runtime    Last Run               Last # of DB Queries
------------------------------------------------------  -----  ---------  --------  ----------  --------------  -------------------  ----------------------
/opt/airflow/dags/etl_sederhana_25_572885_PPA_07200.py                           1           0  2.97s           2026-09-17T16:14:38                      12
================================================================================
[2026-09-17T16:15:10.367+0000] {manager.py:997} INFO - 
================================================================================
DAG File Processing Stats

File Path                                               PID    Runtime      # DAGs    # Errors  Last Runtime    Last Run               Last # of DB Queries
------------------------------------------------------  -----  ---------  --------  ----------  --------------  -------------------  ----------------------
/opt/airflow/dags/etl_sederhana_25_572885_PPA_07200.py                           1           0  1.72s           2026-09-17T16:15:10                      12
================================================================================
[2026-09-17T16:15:42.307+0000] {manager.py:997} INFO - 
================================================================================
DAG File Processing Stats

File Path                                               PID    Runtime      # DAGs    # Errors  Last Runtime    Last Run               Last # of DB Queries
------------------------------------------------------  -----  ---------  --------  ----------  --------------  -------------------  ----------------------
/opt/airflow/dags/etl_sederhana_25_572885_PPA_07200.py                           1           0  1.74s           2026-09-17T16:15:42                      12
================================================================================
[2026-09-17T16:16:16.426+0000] {manager.py:997} INFO - 
================================================================================
DAG File Processing Stats

File Path                                               PID    Runtime      # DAGs    # Errors  Last Runtime    Last Run               Last # of DB Queries
------------------------------------------------------  -----  ---------  --------  ----------  --------------  -------------------  ----------------------
/opt/airflow/dags/etl_sederhana_25_572885_PPA_07200.py                           1           0  3.37s           2026-09-17T16:16:16                      12
================================================================================
[2026-09-17T16:16:48.383+0000] {manager.py:997} INFO - 
================================================================================
DAG File Processing Stats

File Path                                               PID    Runtime      # DAGs    # Errors  Last Runtime    Last Run               Last # of DB Queries
------------------------------------------------------  -----  ---------  --------  ----------  --------------  -------------------  ----------------------
/opt/airflow/dags/etl_sederhana_25_572885_PPA_07200.py                           1           0  1.78s           2026-09-17T16:16:48                      12
================================================================================
[2026-09-17T16:17:20.560+0000] {manager.py:997} INFO - 
================================================================================
DAG File Processing Stats

File Path                                               PID    Runtime      # DAGs    # Errors  Last Runtime    Last Run               Last # of DB Queries
------------------------------------------------------  -----  ---------  --------  ----------  --------------  -------------------  ----------------------
/opt/airflow/dags/etl_sederhana_25_572885_PPA_07200.py                           1           0  2.02s           2026-09-17T16:17:20                      12
================================================================================
[2026-09-17T16:17:52.005+0000] {manager.py:997} INFO - 
================================================================================
DAG File Processing Stats

File Path                                               PID    Runtime      # DAGs    # Errors  Last Runtime    Last Run               Last # of DB Queries
------------------------------------------------------  -----  ---------  --------  ----------  --------------  -------------------  ----------------------
/opt/airflow/dags/etl_sederhana_25_572885_PPA_07200.py                           1           0  1.24s           2026-09-17T16:17:52                      12
================================================================================
[2026-09-17T16:18:22.119+0000] {manager.py:821} INFO - Searching for files in /opt/airflow/dags
[2026-09-17T16:18:22.159+0000] {manager.py:824} INFO - There are 1 files in /opt/airflow/dags
[2026-09-17T16:18:23.985+0000] {manager.py:997} INFO - 
================================================================================
DAG File Processing Stats

File Path                                               PID    Runtime      # DAGs    # Errors  Last Runtime    Last Run               Last # of DB Queries
------------------------------------------------------  -----  ---------  --------  ----------  --------------  -------------------  ----------------------
/opt/airflow/dags/etl_sederhana_25_572885_PPA_07200.py                           1           0  1.78s           2026-09-17T16:18:23                      12
================================================================================
[2026-09-17T16:18:55.988+0000] {manager.py:997} INFO - 
================================================================================
DAG File Processing Stats

File Path                                               PID    Runtime      # DAGs    # Errors  Last Runtime    Last Run               Last # of DB Queries
------------------------------------------------------  -----  ---------  --------  ----------  --------------  -------------------  ----------------------
/opt/airflow/dags/etl_sederhana_25_572885_PPA_07200.py                           1           0  1.71s           2026-09-17T16:18:55                      12
================================================================================
[2026-09-17T16:19:28.324+0000] {manager.py:997} INFO - 
================================================================================
DAG File Processing Stats

File Path                                               PID    Runtime      # DAGs    # Errors  Last Runtime    Last Run               Last # of DB Queries
------------------------------------------------------  -----  ---------  --------  ----------  --------------  -------------------  ----------------------
/opt/airflow/dags/etl_sederhana_25_572885_PPA_07200.py                           1           0  2.12s           2026-09-17T16:19:28                      12
================================================================================
[2026-09-17T16:20:00.015+0000] {manager.py:997} INFO - 
================================================================================
DAG File Processing Stats

File Path                                               PID    Runtime      # DAGs    # Errors  Last Runtime    Last Run               Last # of DB Queries
------------------------------------------------------  -----  ---------  --------  ----------  --------------  -------------------  ----------------------
/opt/airflow/dags/etl_sederhana_25_572885_PPA_07200.py                           1           0  1.54s           2026-09-17T16:20:00                      12
================================================================================
[2026-09-17T16:20:32.557+0000] {manager.py:997} INFO - 
================================================================================
DAG File Processing Stats

File Path                                               PID    Runtime      # DAGs    # Errors  Last Runtime    Last Run               Last # of DB Queries
------------------------------------------------------  -----  ---------  --------  ----------  --------------  -------------------  ----------------------
/opt/airflow/dags/etl_sederhana_25_572885_PPA_07200.py                           1           0  2.24s           2026-09-17T16:20:32                      12
================================================================================
[2026-09-17T16:21:07.383+0000] {manager.py:997} INFO - 
================================================================================
DAG File Processing Stats

File Path                                               PID    Runtime      # DAGs    # Errors  Last Runtime    Last Run               Last # of DB Queries
------------------------------------------------------  -----  ---------  --------  ----------  --------------  -------------------  ----------------------
/opt/airflow/dags/etl_sederhana_25_572885_PPA_07200.py                           1           0  4.59s           2026-09-17T16:21:07                      12
================================================================================
[2026-09-17T16:21:37.434+0000] {manager.py:997} INFO - 
================================================================================
DAG File Processing Stats

File Path                                               PID    Runtime      # DAGs    # Errors  Last Runtime    Last Run               Last # of DB Queries
------------------------------------------------------  -----  ---------  --------  ----------  --------------  -------------------  ----------------------
/opt/airflow/dags/etl_sederhana_25_572885_PPA_07200.py                           1           0  4.59s           2026-09-17T16:21:07                      12
================================================================================
[2026-09-17T16:22:08.448+0000] {manager.py:997} INFO - 
================================================================================
DAG File Processing Stats

File Path                                               PID    Runtime      # DAGs    # Errors  Last Runtime    Last Run               Last # of DB Queries
------------------------------------------------------  -----  ---------  --------  ----------  --------------  -------------------  ----------------------
/opt/airflow/dags/etl_sederhana_25_572885_PPA_07200.py                           1           0  4.23s           2026-09-17T16:21:41                      12
================================================================================
[2026-09-17T16:22:38.681+0000] {manager.py:997} INFO - 
================================================================================
DAG File Processing Stats

File Path                                               PID    Runtime      # DAGs    # Errors  Last Runtime    Last Run               Last # of DB Queries
------------------------------------------------------  -----  ---------  --------  ----------  --------------  -------------------  ----------------------
/opt/airflow/dags/etl_sederhana_25_572885_PPA_07200.py                           1           0  1.81s           2026-09-17T16:22:14                      12
================================================================================
[2026-09-17T16:23:09.340+0000] {manager.py:997} INFO - 
================================================================================
DAG File Processing Stats

File Path                                               PID    Runtime      # DAGs    # Errors  Last Runtime    Last Run               Last # of DB Queries
------------------------------------------------------  -----  ---------  --------  ----------  --------------  -------------------  ----------------------
/opt/airflow/dags/etl_sederhana_25_572885_PPA_07200.py                           1           0  1.73s           2026-09-17T16:22:45                      12
================================================================================
[2026-09-17T16:23:22.640+0000] {manager.py:821} INFO - Searching for files in /opt/airflow/dags
[2026-09-17T16:23:22.778+0000] {manager.py:824} INFO - There are 1 files in /opt/airflow/dags
[2026-09-17T16:23:40.177+0000] {manager.py:997} INFO - 
================================================================================
DAG File Processing Stats

File Path                                               PID    Runtime      # DAGs    # Errors  Last Runtime    Last Run               Last # of DB Queries
------------------------------------------------------  -----  ---------  --------  ----------  --------------  -------------------  ----------------------
/opt/airflow/dags/etl_sederhana_25_572885_PPA_07200.py                           1           0  1.42s           2026-09-17T16:23:17                      12
================================================================================
[2026-09-17T16:24:10.440+0000] {manager.py:997} INFO - 
================================================================================
DAG File Processing Stats

File Path                                               PID    Runtime      # DAGs    # Errors  Last Runtime    Last Run               Last # of DB Queries
------------------------------------------------------  -----  ---------  --------  ----------  --------------  -------------------  ----------------------
/opt/airflow/dags/etl_sederhana_25_572885_PPA_07200.py                           1           0  1.32s           2026-09-17T16:23:49                      12
================================================================================
[2026-09-17T16:24:40.740+0000] {manager.py:997} INFO - 
================================================================================
DAG File Processing Stats

File Path                                               PID    Runtime      # DAGs    # Errors  Last Runtime    Last Run               Last # of DB Queries
------------------------------------------------------  -----  ---------  --------  ----------  --------------  -------------------  ----------------------
/opt/airflow/dags/etl_sederhana_25_572885_PPA_07200.py                           1           0  1.42s           2026-09-17T16:24:20                      12
================================================================================
[2026-09-17T16:25:11.065+0000] {manager.py:997} INFO - 
================================================================================
DAG File Processing Stats

File Path                                               PID    Runtime      # DAGs    # Errors  Last Runtime    Last Run               Last # of DB Queries
------------------------------------------------------  -----  ---------  --------  ----------  --------------  -------------------  ----------------------
/opt/airflow/dags/etl_sederhana_25_572885_PPA_07200.py                           1           0  1.41s           2026-09-17T16:24:52                      12
================================================================================
[2026-09-17T16:25:41.738+0000] {manager.py:997} INFO - 
================================================================================
DAG File Processing Stats

File Path                                               PID    Runtime      # DAGs    # Errors  Last Runtime    Last Run               Last # of DB Queries
------------------------------------------------------  -----  ---------  --------  ----------  --------------  -------------------  ----------------------
/opt/airflow/dags/etl_sederhana_25_572885_PPA_07200.py                           1           0  1.11s           2026-09-17T16:25:23                      12
================================================================================
[2026-09-17T16:26:11.978+0000] {manager.py:997} INFO - 
================================================================================
DAG File Processing Stats

File Path                                               PID    Runtime      # DAGs    # Errors  Last Runtime    Last Run               Last # of DB Queries
------------------------------------------------------  -----  ---------  --------  ----------  --------------  -------------------  ----------------------
/opt/airflow/dags/etl_sederhana_25_572885_PPA_07200.py                           1           0  2.14s           2026-09-17T16:25:55                      12
================================================================================
[2026-09-17T16:26:42.549+0000] {manager.py:997} INFO - 
================================================================================
DAG File Processing Stats

File Path                                               PID    Runtime      # DAGs    # Errors  Last Runtime    Last Run               Last # of DB Queries
------------------------------------------------------  -----  ---------  --------  ----------  --------------  -------------------  ----------------------
/opt/airflow/dags/etl_sederhana_25_572885_PPA_07200.py                           1           0  1.51s           2026-09-17T16:26:27                      12
================================================================================
[2026-09-17T16:27:13.170+0000] {manager.py:997} INFO - 
================================================================================
DAG File Processing Stats

File Path                                               PID    Runtime      # DAGs    # Errors  Last Runtime    Last Run               Last # of DB Queries
------------------------------------------------------  -----  ---------  --------  ----------  --------------  -------------------  ----------------------
/opt/airflow/dags/etl_sederhana_25_572885_PPA_07200.py                           1           0  1.25s           2026-09-17T16:26:58                      12
================================================================================
[2026-09-17T16:27:43.411+0000] {manager.py:997} INFO - 
================================================================================
DAG File Processing Stats

File Path                                               PID    Runtime      # DAGs    # Errors  Last Runtime    Last Run               Last # of DB Queries
------------------------------------------------------  -----  ---------  --------  ----------  --------------  -------------------  ----------------------
/opt/airflow/dags/etl_sederhana_25_572885_PPA_07200.py                           1           0  1.15s           2026-09-17T16:27:30                      12
================================================================================
[2026-09-17T16:28:13.724+0000] {manager.py:997} INFO - 
================================================================================
DAG File Processing Stats

File Path                                               PID    Runtime      # DAGs    # Errors  Last Runtime    Last Run               Last # of DB Queries
------------------------------------------------------  -----  ---------  --------  ----------  --------------  -------------------  ----------------------
/opt/airflow/dags/etl_sederhana_25_572885_PPA_07200.py                           1           0  1.11s           2026-09-17T16:28:01                      12
================================================================================
[2026-09-17T16:28:22.762+0000] {manager.py:821} INFO - Searching for files in /opt/airflow/dags
[2026-09-17T16:28:22.787+0000] {manager.py:824} INFO - There are 1 files in /opt/airflow/dags
[2026-09-17T16:28:44.401+0000] {manager.py:997} INFO - 
================================================================================
DAG File Processing Stats

File Path                                               PID    Runtime      # DAGs    # Errors  Last Runtime    Last Run               Last # of DB Queries
------------------------------------------------------  -----  ---------  --------  ----------  --------------  -------------------  ----------------------
/opt/airflow/dags/etl_sederhana_25_572885_PPA_07200.py                           1           0  1.65s           2026-09-17T16:28:33                      12
================================================================================
[2026-09-17T16:29:15.413+0000] {manager.py:997} INFO - 
================================================================================
DAG File Processing Stats

File Path                                               PID    Runtime      # DAGs    # Errors  Last Runtime    Last Run               Last # of DB Queries
------------------------------------------------------  -----  ---------  --------  ----------  --------------  -------------------  ----------------------
/opt/airflow/dags/etl_sederhana_25_572885_PPA_07200.py                           1           0  2.61s           2026-09-17T16:29:06                      12
================================================================================
[2026-09-17T16:29:46.140+0000] {manager.py:997} INFO - 
================================================================================
DAG File Processing Stats

File Path                                               PID    Runtime      # DAGs    # Errors  Last Runtime    Last Run               Last # of DB Queries
------------------------------------------------------  -----  ---------  --------  ----------  --------------  -------------------  ----------------------
/opt/airflow/dags/etl_sederhana_25_572885_PPA_07200.py                           1           0  1.61s           2026-09-17T16:29:37                      12
================================================================================
[2026-09-17T16:30:16.468+0000] {manager.py:997} INFO - 
================================================================================
DAG File Processing Stats

File Path                                               PID    Runtime      # DAGs    # Errors  Last Runtime    Last Run               Last # of DB Queries
------------------------------------------------------  -----  ---------  --------  ----------  --------------  -------------------  ----------------------
/opt/airflow/dags/etl_sederhana_25_572885_PPA_07200.py                           1           0  1.22s           2026-09-17T16:30:09                      12
================================================================================
[2026-09-17T16:30:47.418+0000] {manager.py:997} INFO - 
================================================================================
DAG File Processing Stats

File Path                                               PID    Runtime      # DAGs    # Errors  Last Runtime    Last Run               Last # of DB Queries
------------------------------------------------------  -----  ---------  --------  ----------  --------------  -------------------  ----------------------
/opt/airflow/dags/etl_sederhana_25_572885_PPA_07200.py                           1           0  2.53s           2026-09-17T16:30:42                      12
================================================================================
[2026-09-17T16:31:18.234+0000] {manager.py:997} INFO - 
================================================================================
DAG File Processing Stats

File Path                                               PID    Runtime      # DAGs    # Errors  Last Runtime    Last Run               Last # of DB Queries
------------------------------------------------------  -----  ---------  --------  ----------  --------------  -------------------  ----------------------
/opt/airflow/dags/etl_sederhana_25_572885_PPA_07200.py                           1           0  1.23s           2026-09-17T16:31:13                      12
================================================================================
[2026-09-17T16:31:48.492+0000] {manager.py:997} INFO - 
================================================================================
DAG File Processing Stats

File Path                                               PID    Runtime      # DAGs    # Errors  Last Runtime    Last Run               Last # of DB Queries
------------------------------------------------------  -----  ---------  --------  ----------  --------------  -------------------  ----------------------
/opt/airflow/dags/etl_sederhana_25_572885_PPA_07200.py                           1           0  1.53s           2026-09-17T16:31:45                      12
================================================================================
[2026-09-17T16:32:19.149+0000] {manager.py:997} INFO - 
================================================================================
DAG File Processing Stats

File Path                                               PID    Runtime      # DAGs    # Errors  Last Runtime    Last Run               Last # of DB Queries
------------------------------------------------------  -----  ---------  --------  ----------  --------------  -------------------  ----------------------
/opt/airflow/dags/etl_sederhana_25_572885_PPA_07200.py                           1           0  1.11s           2026-09-17T16:32:17                      12
================================================================================
[2026-09-17T16:32:49.500+0000] {manager.py:997} INFO - 
================================================================================
DAG File Processing Stats

File Path                                               PID    Runtime      # DAGs    # Errors  Last Runtime    Last Run               Last # of DB Queries
------------------------------------------------------  -----  ---------  --------  ----------  --------------  -------------------  ----------------------
/opt/airflow/dags/etl_sederhana_25_572885_PPA_07200.py                           1           0  1.31s           2026-09-17T16:32:48                      12
================================================================================
[2026-09-17T16:33:19.753+0000] {manager.py:997} INFO - 
================================================================================
DAG File Processing Stats

File Path                                               PID    Runtime      # DAGs    # Errors  Last Runtime    Last Run               Last # of DB Queries
------------------------------------------------------  -----  ---------  --------  ----------  --------------  -------------------  ----------------------
/opt/airflow/dags/etl_sederhana_25_572885_PPA_07200.py                           1           0  1.21s           2026-09-17T16:33:19                      12
================================================================================
[2026-09-17T16:33:22.931+0000] {manager.py:821} INFO - Searching for files in /opt/airflow/dags
[2026-09-17T16:33:22.980+0000] {manager.py:824} INFO - There are 1 files in /opt/airflow/dags
[2026-09-17T16:33:49.817+0000] {manager.py:997} INFO - 
================================================================================
DAG File Processing Stats

File Path                                               PID    Runtime      # DAGs    # Errors  Last Runtime    Last Run               Last # of DB Queries
------------------------------------------------------  -----  ---------  --------  ----------  --------------  -------------------  ----------------------
/opt/airflow/dags/etl_sederhana_25_572885_PPA_07200.py                           1           0  1.21s           2026-09-17T16:33:19                      12
================================================================================
[2026-09-17T16:34:19.880+0000] {manager.py:997} INFO - 
================================================================================
DAG File Processing Stats

File Path                                               PID    Runtime      # DAGs    # Errors  Last Runtime    Last Run               Last # of DB Queries
------------------------------------------------------  -----  ---------  --------  ----------  --------------  -------------------  ----------------------
/opt/airflow/dags/etl_sederhana_25_572885_PPA_07200.py                           1           0  2.02s           2026-09-17T16:33:52                      12
================================================================================
[2026-09-17T16:34:50.046+0000] {manager.py:997} INFO - 
================================================================================
DAG File Processing Stats

File Path                                               PID    Runtime      # DAGs    # Errors  Last Runtime    Last Run               Last # of DB Queries
------------------------------------------------------  -----  ---------  --------  ----------  --------------  -------------------  ----------------------
/opt/airflow/dags/etl_sederhana_25_572885_PPA_07200.py                           1           0  3.44s           2026-09-17T16:34:25                      12
================================================================================
[2026-09-17T16:35:20.924+0000] {manager.py:997} INFO - 
================================================================================
DAG File Processing Stats

File Path                                               PID    Runtime      # DAGs    # Errors  Last Runtime    Last Run               Last # of DB Queries
------------------------------------------------------  -----  ---------  --------  ----------  --------------  -------------------  ----------------------
/opt/airflow/dags/etl_sederhana_25_572885_PPA_07200.py                           1           0  2.12s           2026-09-17T16:34:58                      12
================================================================================
[2026-09-17T16:35:51.317+0000] {manager.py:997} INFO - 
================================================================================
DAG File Processing Stats

File Path                                               PID    Runtime      # DAGs    # Errors  Last Runtime    Last Run               Last # of DB Queries
------------------------------------------------------  -----  ---------  --------  ----------  --------------  -------------------  ----------------------
/opt/airflow/dags/etl_sederhana_25_572885_PPA_07200.py                           1           0  2.82s           2026-09-17T16:35:31                      12
================================================================================
[2026-09-17T16:36:22.071+0000] {manager.py:997} INFO - 
================================================================================
DAG File Processing Stats

File Path                                               PID    Runtime      # DAGs    # Errors  Last Runtime    Last Run               Last # of DB Queries
------------------------------------------------------  -----  ---------  --------  ----------  --------------  -------------------  ----------------------
/opt/airflow/dags/etl_sederhana_25_572885_PPA_07200.py                           1           0  2.06s           2026-09-17T16:36:03                      12
================================================================================
[2026-09-17T16:36:53.019+0000] {manager.py:997} INFO - 
================================================================================
DAG File Processing Stats

File Path                                               PID    Runtime      # DAGs    # Errors  Last Runtime    Last Run               Last # of DB Queries
------------------------------------------------------  -----  ---------  --------  ----------  --------------  -------------------  ----------------------
/opt/airflow/dags/etl_sederhana_25_572885_PPA_07200.py                           1           0  1.71s           2026-09-17T16:36:35                      12
================================================================================
[2026-09-17T16:37:23.052+0000] {manager.py:997} INFO - 
================================================================================
DAG File Processing Stats

File Path                                               PID    Runtime      # DAGs    # Errors  Last Runtime    Last Run               Last # of DB Queries
------------------------------------------------------  -----  ---------  --------  ----------  --------------  -------------------  ----------------------
/opt/airflow/dags/etl_sederhana_25_572885_PPA_07200.py                           1           0  2.01s           2026-09-17T16:37:07                      12
================================================================================
[2026-09-17T16:37:53.814+0000] {manager.py:997} INFO - 
================================================================================
DAG File Processing Stats

File Path                                               PID    Runtime      # DAGs    # Errors  Last Runtime    Last Run               Last # of DB Queries
------------------------------------------------------  -----  ---------  --------  ----------  --------------  -------------------  ----------------------
/opt/airflow/dags/etl_sederhana_25_572885_PPA_07200.py                           1           0  3.32s           2026-09-17T16:37:41                      12
================================================================================
[2026-09-17T16:38:23.673+0000] {manager.py:821} INFO - Searching for files in /opt/airflow/dags
[2026-09-17T16:38:23.782+0000] {manager.py:824} INFO - There are 1 files in /opt/airflow/dags
[2026-09-17T16:38:23.853+0000] {manager.py:997} INFO - 
================================================================================
DAG File Processing Stats

File Path                                               PID    Runtime      # DAGs    # Errors  Last Runtime    Last Run               Last # of DB Queries
------------------------------------------------------  -----  ---------  --------  ----------  --------------  -------------------  ----------------------
/opt/airflow/dags/etl_sederhana_25_572885_PPA_07200.py                           1           0  5.57s           2026-09-17T16:38:17                      12
================================================================================
[2026-09-17T16:38:54.089+0000] {manager.py:997} INFO - 
================================================================================
DAG File Processing Stats

File Path                                               PID    Runtime      # DAGs    # Errors  Last Runtime    Last Run               Last # of DB Queries
------------------------------------------------------  -----  ---------  --------  ----------  --------------  -------------------  ----------------------
/opt/airflow/dags/etl_sederhana_25_572885_PPA_07200.py                           1           0  2.92s           2026-09-17T16:38:50                      12
================================================================================
[2026-09-17T16:39:24.282+0000] {manager.py:997} INFO - 
================================================================================
DAG File Processing Stats

File Path                                               PID    Runtime      # DAGs    # Errors  Last Runtime    Last Run               Last # of DB Queries
------------------------------------------------------  -----  ---------  --------  ----------  --------------  -------------------  ----------------------
/opt/airflow/dags/etl_sederhana_25_572885_PPA_07200.py                           1           0  2.15s           2026-09-17T16:39:22                      12
================================================================================
[2026-09-17T16:39:55.947+0000] {manager.py:997} INFO - 
================================================================================
DAG File Processing Stats

File Path                                               PID    Runtime      # DAGs    # Errors  Last Runtime    Last Run               Last # of DB Queries
------------------------------------------------------  -----  ---------  --------  ----------  --------------  -------------------  ----------------------
/opt/airflow/dags/etl_sederhana_25_572885_PPA_07200.py                           1           0  2.63s           2026-09-17T16:39:55                      12
================================================================================
[2026-09-17T16:40:28.401+0000] {manager.py:997} INFO - 
================================================================================
DAG File Processing Stats

File Path                                               PID    Runtime      # DAGs    # Errors  Last Runtime    Last Run               Last # of DB Queries
------------------------------------------------------  -----  ---------  --------  ----------  --------------  -------------------  ----------------------
/opt/airflow/dags/etl_sederhana_25_572885_PPA_07200.py                           1           0  2.01s           2026-09-17T16:40:28                      12
================================================================================
[2026-09-17T16:41:00.679+0000] {manager.py:997} INFO - 
================================================================================
DAG File Processing Stats

File Path                                               PID    Runtime      # DAGs    # Errors  Last Runtime    Last Run               Last # of DB Queries
------------------------------------------------------  -----  ---------  --------  ----------  --------------  -------------------  ----------------------
/opt/airflow/dags/etl_sederhana_25_572885_PPA_07200.py                           1           0  2.15s           2026-09-17T16:41:00                      12
================================================================================
[2026-09-17T16:41:32.577+0000] {manager.py:997} INFO - 
================================================================================
DAG File Processing Stats

File Path                                               PID    Runtime      # DAGs    # Errors  Last Runtime    Last Run               Last # of DB Queries
------------------------------------------------------  -----  ---------  --------  ----------  --------------  -------------------  ----------------------
/opt/airflow/dags/etl_sederhana_25_572885_PPA_07200.py                           1           0  1.76s           2026-09-17T16:41:32                      12
================================================================================
[2026-09-17T16:42:06.145+0000] {manager.py:997} INFO - 
================================================================================
DAG File Processing Stats

File Path                                               PID    Runtime      # DAGs    # Errors  Last Runtime    Last Run               Last # of DB Queries
------------------------------------------------------  -----  ---------  --------  ----------  --------------  -------------------  ----------------------
/opt/airflow/dags/etl_sederhana_25_572885_PPA_07200.py                           1           0  3.23s           2026-09-17T16:42:06                      12
================================================================================
[2026-09-17T16:42:40.292+0000] {manager.py:997} INFO - 
================================================================================
DAG File Processing Stats

File Path                                               PID    Runtime      # DAGs    # Errors  Last Runtime    Last Run               Last # of DB Queries
------------------------------------------------------  -----  ---------  --------  ----------  --------------  -------------------  ----------------------
/opt/airflow/dags/etl_sederhana_25_572885_PPA_07200.py                           1           0  3.16s           2026-09-17T16:42:40                      12
================================================================================
[2026-09-17T16:43:12.925+0000] {manager.py:997} INFO - 
================================================================================
DAG File Processing Stats

File Path                                               PID    Runtime      # DAGs    # Errors  Last Runtime    Last Run               Last # of DB Queries
------------------------------------------------------  -----  ---------  --------  ----------  --------------  -------------------  ----------------------
/opt/airflow/dags/etl_sederhana_25_572885_PPA_07200.py                           1           0  2.22s           2026-09-17T16:43:12                      12
================================================================================
[2026-09-17T16:43:24.274+0000] {manager.py:821} INFO - Searching for files in /opt/airflow/dags
[2026-09-17T16:43:24.558+0000] {manager.py:824} INFO - There are 1 files in /opt/airflow/dags
[2026-09-17T16:43:42.969+0000] {manager.py:997} INFO - 
================================================================================
DAG File Processing Stats

File Path                                               PID    Runtime      # DAGs    # Errors  Last Runtime    Last Run               Last # of DB Queries
------------------------------------------------------  -----  ---------  --------  ----------  --------------  -------------------  ----------------------
/opt/airflow/dags/etl_sederhana_25_572885_PPA_07200.py                           1           0  2.22s           2026-09-17T16:43:12                      12
================================================================================
[2026-09-17T16:44:13.336+0000] {manager.py:997} INFO - 
================================================================================
DAG File Processing Stats

File Path                                               PID    Runtime      # DAGs    # Errors  Last Runtime    Last Run               Last # of DB Queries
------------------------------------------------------  -----  ---------  --------  ----------  --------------  -------------------  ----------------------
/opt/airflow/dags/etl_sederhana_25_572885_PPA_07200.py                           1           0  1.41s           2026-09-17T16:43:44                      12
================================================================================
[2026-09-17T16:44:43.635+0000] {manager.py:997} INFO - 
================================================================================
DAG File Processing Stats

File Path                                               PID    Runtime      # DAGs    # Errors  Last Runtime    Last Run               Last # of DB Queries
------------------------------------------------------  -----  ---------  --------  ----------  --------------  -------------------  ----------------------
/opt/airflow/dags/etl_sederhana_25_572885_PPA_07200.py                           1           0  2.12s           2026-09-17T16:44:16                      12
================================================================================
[2026-09-17T16:45:14.108+0000] {manager.py:997} INFO - 
================================================================================
DAG File Processing Stats

File Path                                               PID    Runtime      # DAGs    # Errors  Last Runtime    Last Run               Last # of DB Queries
------------------------------------------------------  -----  ---------  --------  ----------  --------------  -------------------  ----------------------
/opt/airflow/dags/etl_sederhana_25_572885_PPA_07200.py                           1           0  2.82s           2026-09-17T16:44:50                      12
================================================================================
[2026-09-17T16:45:45.085+0000] {manager.py:997} INFO - 
================================================================================
DAG File Processing Stats

File Path                                               PID    Runtime      # DAGs    # Errors  Last Runtime    Last Run               Last # of DB Queries
------------------------------------------------------  -----  ---------  --------  ----------  --------------  -------------------  ----------------------
/opt/airflow/dags/etl_sederhana_25_572885_PPA_07200.py                           1           0  2.75s           2026-09-17T16:45:23                      12
================================================================================
[2026-09-17T16:46:16.072+0000] {manager.py:997} INFO - 
================================================================================
DAG File Processing Stats

File Path                                               PID    Runtime      # DAGs    # Errors  Last Runtime    Last Run               Last # of DB Queries
------------------------------------------------------  -----  ---------  --------  ----------  --------------  -------------------  ----------------------
/opt/airflow/dags/etl_sederhana_25_572885_PPA_07200.py                           1           0  2.76s           2026-09-17T16:45:56                      12
================================================================================
[2026-09-17T16:46:46.449+0000] {manager.py:997} INFO - 
================================================================================
DAG File Processing Stats

File Path                                               PID    Runtime      # DAGs    # Errors  Last Runtime    Last Run               Last # of DB Queries
------------------------------------------------------  -----  ---------  --------  ----------  --------------  -------------------  ----------------------
/opt/airflow/dags/etl_sederhana_25_572885_PPA_07200.py                           1           0  2.35s           2026-09-17T16:46:28                      12
================================================================================
[2026-09-17T16:47:16.503+0000] {manager.py:997} INFO - 
================================================================================
DAG File Processing Stats

File Path                                               PID    Runtime      # DAGs    # Errors  Last Runtime    Last Run               Last # of DB Queries
------------------------------------------------------  -----  ---------  --------  ----------  --------------  -------------------  ----------------------
/opt/airflow/dags/etl_sederhana_25_572885_PPA_07200.py                           1           0  3.57s           2026-09-17T16:47:02                      12
================================================================================
[2026-09-17T16:47:47.296+0000] {manager.py:997} INFO - 
================================================================================
DAG File Processing Stats

File Path                                               PID    Runtime      # DAGs    # Errors  Last Runtime    Last Run               Last # of DB Queries
------------------------------------------------------  -----  ---------  --------  ----------  --------------  -------------------  ----------------------
/opt/airflow/dags/etl_sederhana_25_572885_PPA_07200.py                           1           0  2.96s           2026-09-17T16:47:35                      12
================================================================================
[2026-09-17T16:48:17.924+0000] {manager.py:997} INFO - 
================================================================================
DAG File Processing Stats

File Path                                               PID    Runtime      # DAGs    # Errors  Last Runtime    Last Run               Last # of DB Queries
------------------------------------------------------  -----  ---------  --------  ----------  --------------  -------------------  ----------------------
/opt/airflow/dags/etl_sederhana_25_572885_PPA_07200.py                           1           0  3.17s           2026-09-17T16:48:09                      12
================================================================================
[2026-09-17T16:48:24.459+0000] {manager.py:821} INFO - Searching for files in /opt/airflow/dags
[2026-09-17T16:48:24.595+0000] {manager.py:824} INFO - There are 1 files in /opt/airflow/dags
[2026-09-17T16:48:48.872+0000] {manager.py:997} INFO - 
================================================================================
DAG File Processing Stats

File Path                                               PID    Runtime      # DAGs    # Errors  Last Runtime    Last Run               Last # of DB Queries
------------------------------------------------------  -----  ---------  --------  ----------  --------------  -------------------  ----------------------
/opt/airflow/dags/etl_sederhana_25_572885_PPA_07200.py                           1           0  2.69s           2026-09-17T16:48:42                      12
================================================================================
[2026-09-17T16:49:19.193+0000] {manager.py:997} INFO - 
================================================================================
DAG File Processing Stats

File Path                                               PID    Runtime      # DAGs    # Errors  Last Runtime    Last Run               Last # of DB Queries
------------------------------------------------------  -----  ---------  --------  ----------  --------------  -------------------  ----------------------
/opt/airflow/dags/etl_sederhana_25_572885_PPA_07200.py                           1           0  1.84s           2026-09-17T16:49:14                      12
================================================================================
[2026-09-17T16:49:49.244+0000] {manager.py:997} INFO - 
================================================================================
DAG File Processing Stats

File Path                                               PID    Runtime      # DAGs    # Errors  Last Runtime    Last Run               Last # of DB Queries
------------------------------------------------------  -----  ---------  --------  ----------  --------------  -------------------  ----------------------
/opt/airflow/dags/etl_sederhana_25_572885_PPA_07200.py                           1           0  3.62s           2026-09-17T16:49:49                      12
================================================================================
[2026-09-17T16:50:22.751+0000] {manager.py:997} INFO - 
================================================================================
DAG File Processing Stats

File Path                                               PID    Runtime      # DAGs    # Errors  Last Runtime    Last Run               Last # of DB Queries
------------------------------------------------------  -----  ---------  --------  ----------  --------------  -------------------  ----------------------
/opt/airflow/dags/etl_sederhana_25_572885_PPA_07200.py                           1           0  3.27s           2026-09-17T16:50:22                      12
================================================================================
[2026-09-17T16:50:56.303+0000] {manager.py:997} INFO - 
================================================================================
DAG File Processing Stats

File Path                                               PID    Runtime      # DAGs    # Errors  Last Runtime    Last Run               Last # of DB Queries
------------------------------------------------------  -----  ---------  --------  ----------  --------------  -------------------  ----------------------
/opt/airflow/dags/etl_sederhana_25_572885_PPA_07200.py                           1           0  3.26s           2026-09-17T16:50:56                      12
================================================================================
[2026-09-17T16:51:30.788+0000] {manager.py:997} INFO - 
================================================================================
DAG File Processing Stats

File Path                                               PID    Runtime      # DAGs    # Errors  Last Runtime    Last Run               Last # of DB Queries
------------------------------------------------------  -----  ---------  --------  ----------  --------------  -------------------  ----------------------
/opt/airflow/dags/etl_sederhana_25_572885_PPA_07200.py                           1           0  4.04s           2026-09-17T16:51:30                      12
================================================================================
[2026-09-17T16:52:03.087+0000] {manager.py:997} INFO - 
================================================================================
DAG File Processing Stats

File Path                                               PID    Runtime      # DAGs    # Errors  Last Runtime    Last Run               Last # of DB Queries
------------------------------------------------------  -----  ---------  --------  ----------  --------------  -------------------  ----------------------
/opt/airflow/dags/etl_sederhana_25_572885_PPA_07200.py                           1           0  2.02s           2026-09-17T16:52:03                      12
================================================================================
[2026-09-17T16:52:36.150+0000] {manager.py:997} INFO - 
================================================================================
DAG File Processing Stats

File Path                                               PID    Runtime      # DAGs    # Errors  Last Runtime    Last Run               Last # of DB Queries
------------------------------------------------------  -----  ---------  --------  ----------  --------------  -------------------  ----------------------
/opt/airflow/dags/etl_sederhana_25_572885_PPA_07200.py                           1           0  2.49s           2026-09-17T16:52:36                      12
================================================================================
[2026-09-17T16:53:09.195+0000] {manager.py:997} INFO - 
================================================================================
DAG File Processing Stats

File Path                                               PID    Runtime      # DAGs    # Errors  Last Runtime    Last Run               Last # of DB Queries
------------------------------------------------------  -----  ---------  --------  ----------  --------------  -------------------  ----------------------
/opt/airflow/dags/etl_sederhana_25_572885_PPA_07200.py                           1           0  2.63s           2026-09-17T16:53:09                      12
================================================================================
[2026-09-17T16:53:24.475+0000] {manager.py:821} INFO - Searching for files in /opt/airflow/dags
[2026-09-17T16:53:24.526+0000] {manager.py:824} INFO - There are 1 files in /opt/airflow/dags
[2026-09-17T16:53:41.199+0000] {manager.py:997} INFO - 
================================================================================
DAG File Processing Stats

File Path                                               PID    Runtime      # DAGs    # Errors  Last Runtime    Last Run               Last # of DB Queries
------------------------------------------------------  -----  ---------  --------  ----------  --------------  -------------------  ----------------------
/opt/airflow/dags/etl_sederhana_25_572885_PPA_07200.py                           1           0  1.82s           2026-09-17T16:53:41                      12
================================================================================
[2026-09-17T16:54:13.347+0000] {manager.py:997} INFO - 
================================================================================
DAG File Processing Stats

File Path                                               PID    Runtime      # DAGs    # Errors  Last Runtime    Last Run               Last # of DB Queries
------------------------------------------------------  -----  ---------  --------  ----------  --------------  -------------------  ----------------------
/opt/airflow/dags/etl_sederhana_25_572885_PPA_07200.py                           1           0  1.47s           2026-09-17T16:54:13                      12
================================================================================
[2026-09-17T16:54:43.449+0000] {manager.py:997} INFO - 
================================================================================
DAG File Processing Stats

File Path                                               PID    Runtime      # DAGs    # Errors  Last Runtime    Last Run               Last # of DB Queries
------------------------------------------------------  -----  ---------  --------  ----------  --------------  -------------------  ----------------------
/opt/airflow/dags/etl_sederhana_25_572885_PPA_07200.py                           1           0  1.47s           2026-09-17T16:54:13                      12
================================================================================
[2026-09-17T16:55:13.618+0000] {manager.py:997} INFO - 
================================================================================
DAG File Processing Stats

File Path                                               PID    Runtime      # DAGs    # Errors  Last Runtime    Last Run               Last # of DB Queries
------------------------------------------------------  -----  ---------  --------  ----------  --------------  -------------------  ----------------------
/opt/airflow/dags/etl_sederhana_25_572885_PPA_07200.py                           1           0  3.17s           2026-09-17T16:54:47                      12
================================================================================
[2026-09-17T16:55:43.995+0000] {manager.py:997} INFO - 
================================================================================
DAG File Processing Stats

File Path                                               PID    Runtime      # DAGs    # Errors  Last Runtime    Last Run               Last # of DB Queries
------------------------------------------------------  -----  ---------  --------  ----------  --------------  -------------------  ----------------------
/opt/airflow/dags/etl_sederhana_25_572885_PPA_07200.py                           1           0  3.84s           2026-09-17T16:55:21                      12
================================================================================
[2026-09-17T16:56:15.147+0000] {manager.py:997} INFO - 
================================================================================
DAG File Processing Stats

File Path                                               PID    Runtime      # DAGs    # Errors  Last Runtime    Last Run               Last # of DB Queries
------------------------------------------------------  -----  ---------  --------  ----------  --------------  -------------------  ----------------------
/opt/airflow/dags/etl_sederhana_25_572885_PPA_07200.py                           1           0  10.65s          2026-09-17T16:56:02                      12
================================================================================
[2026-09-17T16:56:46.280+0000] {manager.py:997} INFO - 
================================================================================
DAG File Processing Stats

File Path                                               PID    Runtime      # DAGs    # Errors  Last Runtime    Last Run               Last # of DB Queries
------------------------------------------------------  -----  ---------  --------  ----------  --------------  -------------------  ----------------------
/opt/airflow/dags/etl_sederhana_25_572885_PPA_07200.py                           1           0  8.70s           2026-09-17T16:56:43                      12
================================================================================
[2026-09-17T16:57:18.304+0000] {manager.py:997} INFO - 
================================================================================
DAG File Processing Stats

File Path                                               PID    Runtime      # DAGs    # Errors  Last Runtime    Last Run               Last # of DB Queries
------------------------------------------------------  -----  ---------  --------  ----------  --------------  -------------------  ----------------------
/opt/airflow/dags/etl_sederhana_25_572885_PPA_07200.py                           1           0  4.06s           2026-09-17T16:57:18                      12
================================================================================
[2026-09-17T16:57:51.389+0000] {manager.py:997} INFO - 
================================================================================
DAG File Processing Stats

File Path                                               PID    Runtime      # DAGs    # Errors  Last Runtime    Last Run               Last # of DB Queries
------------------------------------------------------  -----  ---------  --------  ----------  --------------  -------------------  ----------------------
/opt/airflow/dags/etl_sederhana_25_572885_PPA_07200.py                           1           0  2.89s           2026-09-17T16:57:51                      12
================================================================================
[2026-09-17T16:58:24.366+0000] {manager.py:997} INFO - 
================================================================================
DAG File Processing Stats

File Path                                               PID    Runtime      # DAGs    # Errors  Last Runtime    Last Run               Last # of DB Queries
------------------------------------------------------  -----  ---------  --------  ----------  --------------  -------------------  ----------------------
/opt/airflow/dags/etl_sederhana_25_572885_PPA_07200.py                           1           0  2.88s           2026-09-17T16:58:24                      12
================================================================================
[2026-09-17T16:58:25.612+0000] {manager.py:821} INFO - Searching for files in /opt/airflow/dags
[2026-09-17T16:58:26.144+0000] {manager.py:824} INFO - There are 1 files in /opt/airflow/dags
[2026-09-17T16:58:56.532+0000] {manager.py:997} INFO - 
================================================================================
DAG File Processing Stats

File Path                                               PID    Runtime      # DAGs    # Errors  Last Runtime    Last Run               Last # of DB Queries
------------------------------------------------------  -----  ---------  --------  ----------  --------------  -------------------  ----------------------
/opt/airflow/dags/etl_sederhana_25_572885_PPA_07200.py                           1           0  1.91s           2026-09-17T16:58:56                      12
================================================================================
[2026-09-17T16:59:32.115+0000] {manager.py:997} INFO - 
================================================================================
DAG File Processing Stats

File Path                                               PID    Runtime      # DAGs    # Errors  Last Runtime    Last Run               Last # of DB Queries
------------------------------------------------------  -----  ---------  --------  ----------  --------------  -------------------  ----------------------
/opt/airflow/dags/etl_sederhana_25_572885_PPA_07200.py                           1           0  6.50s           2026-09-17T16:59:32                      12
================================================================================
[2026-09-17T17:00:06.870+0000] {manager.py:997} INFO - 
================================================================================
DAG File Processing Stats

File Path                                               PID    Runtime      # DAGs    # Errors  Last Runtime    Last Run               Last # of DB Queries
------------------------------------------------------  -----  ---------  --------  ----------  --------------  -------------------  ----------------------
/opt/airflow/dags/etl_sederhana_25_572885_PPA_07200.py                           1           0  4.54s           2026-09-17T17:00:06                      12
================================================================================
[2026-09-17T17:00:41.579+0000] {manager.py:997} INFO - 
================================================================================
DAG File Processing Stats

File Path                                               PID    Runtime      # DAGs    # Errors  Last Runtime    Last Run               Last # of DB Queries
------------------------------------------------------  -----  ---------  --------  ----------  --------------  -------------------  ----------------------
/opt/airflow/dags/etl_sederhana_25_572885_PPA_07200.py                           1           0  4.56s           2026-09-17T17:00:41                      12
================================================================================
[2026-09-17T17:01:11.734+0000] {manager.py:997} INFO - 
================================================================================
DAG File Processing Stats

File Path                                               PID    Runtime      # DAGs    # Errors  Last Runtime    Last Run               Last # of DB Queries
------------------------------------------------------  -----  ---------  --------  ----------  --------------  -------------------  ----------------------
/opt/airflow/dags/etl_sederhana_25_572885_PPA_07200.py                           1           0  5.14s           2026-09-17T17:00:49                      12
================================================================================
[2026-09-17T17:01:41.878+0000] {manager.py:997} INFO - 
================================================================================
DAG File Processing Stats

File Path                                               PID    Runtime      # DAGs    # Errors  Last Runtime    Last Run               Last # of DB Queries
------------------------------------------------------  -----  ---------  --------  ----------  --------------  -------------------  ----------------------
/opt/airflow/dags/etl_sederhana_25_572885_PPA_07200.py                           1           0  3.37s           2026-09-17T17:01:23                      12
================================================================================
[2026-09-17T17:02:11.905+0000] {manager.py:997} INFO - 
================================================================================
DAG File Processing Stats

File Path                                               PID    Runtime      # DAGs    # Errors  Last Runtime    Last Run               Last # of DB Queries
------------------------------------------------------  -----  ---------  --------  ----------  --------------  -------------------  ----------------------
/opt/airflow/dags/etl_sederhana_25_572885_PPA_07200.py                           1           0  5.63s           2026-09-17T17:01:59                      12
================================================================================
[2026-09-17T17:02:42.193+0000] {manager.py:997} INFO - 
================================================================================
DAG File Processing Stats

File Path                                               PID    Runtime      # DAGs    # Errors  Last Runtime    Last Run               Last # of DB Queries
------------------------------------------------------  -----  ---------  --------  ----------  --------------  -------------------  ----------------------
/opt/airflow/dags/etl_sederhana_25_572885_PPA_07200.py                           1           0  3.23s           2026-09-17T17:02:32                      12
================================================================================
[2026-09-17T17:03:39.316+0000] {manager.py:821} INFO - Searching for files in /opt/airflow/dags
[2026-09-17T17:03:39.418+0000] {manager.py:824} INFO - There are 1 files in /opt/airflow/dags
[2026-09-17T17:03:45.752+0000] {manager.py:997} INFO - 
================================================================================
DAG File Processing Stats

File Path                                               PID    Runtime      # DAGs    # Errors  Last Runtime    Last Run               Last # of DB Queries
------------------------------------------------------  -----  ---------  --------  ----------  --------------  -------------------  ----------------------
/opt/airflow/dags/etl_sederhana_25_572885_PPA_07200.py                           1           0  6.17s           2026-09-17T17:03:45                      12
================================================================================
[2026-09-17T17:04:17.241+0000] {manager.py:997} INFO - 
================================================================================
DAG File Processing Stats

File Path                                               PID    Runtime      # DAGs    # Errors  Last Runtime    Last Run               Last # of DB Queries
------------------------------------------------------  -----  ---------  --------  ----------  --------------  -------------------  ----------------------
/opt/airflow/dags/etl_sederhana_25_572885_PPA_07200.py                           1           0  1.31s           2026-09-17T17:04:17                      12
================================================================================
[2026-09-17T17:04:49.574+0000] {manager.py:997} INFO - 
================================================================================
DAG File Processing Stats

File Path                                               PID    Runtime      # DAGs    # Errors  Last Runtime    Last Run               Last # of DB Queries
------------------------------------------------------  -----  ---------  --------  ----------  --------------  -------------------  ----------------------
/opt/airflow/dags/etl_sederhana_25_572885_PPA_07200.py                           1           0  1.42s           2026-09-17T17:04:49                      12
================================================================================
[2026-09-17T17:05:22.336+0000] {manager.py:997} INFO - 
================================================================================
DAG File Processing Stats

File Path                                               PID    Runtime      # DAGs    # Errors  Last Runtime    Last Run               Last # of DB Queries
------------------------------------------------------  -----  ---------  --------  ----------  --------------  -------------------  ----------------------
/opt/airflow/dags/etl_sederhana_25_572885_PPA_07200.py                           1           0  2.12s           2026-09-17T17:05:22                      12
================================================================================
[2026-09-17T17:05:54.938+0000] {manager.py:997} INFO - 
================================================================================
DAG File Processing Stats

File Path                                               PID    Runtime      # DAGs    # Errors  Last Runtime    Last Run               Last # of DB Queries
------------------------------------------------------  -----  ---------  --------  ----------  --------------  -------------------  ----------------------
/opt/airflow/dags/etl_sederhana_25_572885_PPA_07200.py                           1           0  2.13s           2026-09-17T17:05:54                      12
================================================================================
[2026-09-17T17:06:26.660+0000] {manager.py:997} INFO - 
================================================================================
DAG File Processing Stats

File Path                                               PID    Runtime      # DAGs    # Errors  Last Runtime    Last Run               Last # of DB Queries
------------------------------------------------------  -----  ---------  --------  ----------  --------------  -------------------  ----------------------
/opt/airflow/dags/etl_sederhana_25_572885_PPA_07200.py                           1           0  1.52s           2026-09-17T17:06:26                      12
================================================================================
[2026-09-17T17:06:59.056+0000] {manager.py:997} INFO - 
================================================================================
DAG File Processing Stats

File Path                                               PID    Runtime      # DAGs    # Errors  Last Runtime    Last Run               Last # of DB Queries
------------------------------------------------------  -----  ---------  --------  ----------  --------------  -------------------  ----------------------
/opt/airflow/dags/etl_sederhana_25_572885_PPA_07200.py                           1           0  2.03s           2026-09-17T17:06:59                      12
================================================================================
[2026-09-17T17:07:31.167+0000] {manager.py:997} INFO - 
================================================================================
DAG File Processing Stats

File Path                                               PID    Runtime      # DAGs    # Errors  Last Runtime    Last Run               Last # of DB Queries
------------------------------------------------------  -----  ---------  --------  ----------  --------------  -------------------  ----------------------
/opt/airflow/dags/etl_sederhana_25_572885_PPA_07200.py                           1           0  1.81s           2026-09-17T17:07:31                      12
================================================================================
[2026-09-17T17:08:02.876+0000] {manager.py:997} INFO - 
================================================================================
DAG File Processing Stats

File Path                                               PID    Runtime      # DAGs    # Errors  Last Runtime    Last Run               Last # of DB Queries
------------------------------------------------------  -----  ---------  --------  ----------  --------------  -------------------  ----------------------
/opt/airflow/dags/etl_sederhana_25_572885_PPA_07200.py                           1           0  1.61s           2026-09-17T17:08:02                      12
================================================================================
[2026-09-17T17:08:36.081+0000] {manager.py:997} INFO - 
================================================================================
DAG File Processing Stats

File Path                                               PID    Runtime      # DAGs    # Errors  Last Runtime    Last Run               Last # of DB Queries
------------------------------------------------------  -----  ---------  --------  ----------  --------------  -------------------  ----------------------
/opt/airflow/dags/etl_sederhana_25_572885_PPA_07200.py                           1           0  2.64s           2026-09-17T17:08:36                      12
================================================================================
[2026-09-17T17:08:40.366+0000] {manager.py:821} INFO - Searching for files in /opt/airflow/dags
[2026-09-17T17:08:40.725+0000] {manager.py:824} INFO - There are 1 files in /opt/airflow/dags
[2026-09-17T17:09:08.220+0000] {manager.py:997} INFO - 
================================================================================
DAG File Processing Stats

File Path                                               PID    Runtime      # DAGs    # Errors  Last Runtime    Last Run               Last # of DB Queries
------------------------------------------------------  -----  ---------  --------  ----------  --------------  -------------------  ----------------------
/opt/airflow/dags/etl_sederhana_25_572885_PPA_07200.py                           1           0  1.94s           2026-09-17T17:09:08                      12
================================================================================
[2026-09-17T17:09:40.264+0000] {manager.py:997} INFO - 
================================================================================
DAG File Processing Stats

File Path                                               PID    Runtime      # DAGs    # Errors  Last Runtime    Last Run               Last # of DB Queries
------------------------------------------------------  -----  ---------  --------  ----------  --------------  -------------------  ----------------------
/opt/airflow/dags/etl_sederhana_25_572885_PPA_07200.py                           1           0  1.92s           2026-09-17T17:09:40                      12
================================================================================
[2026-09-17T17:10:13.909+0000] {manager.py:997} INFO - 
================================================================================
DAG File Processing Stats

File Path                                               PID    Runtime      # DAGs    # Errors  Last Runtime    Last Run               Last # of DB Queries
------------------------------------------------------  -----  ---------  --------  ----------  --------------  -------------------  ----------------------
/opt/airflow/dags/etl_sederhana_25_572885_PPA_07200.py                           1           0  3.52s           2026-09-17T17:10:13                      12
================================================================================
[2026-09-17T17:10:53.041+0000] {manager.py:997} INFO - 
================================================================================
DAG File Processing Stats

File Path                                               PID    Runtime      # DAGs    # Errors  Last Runtime    Last Run               Last # of DB Queries
------------------------------------------------------  -----  ---------  --------  ----------  --------------  -------------------  ----------------------
/opt/airflow/dags/etl_sederhana_25_572885_PPA_07200.py                           1           0  8.75s           2026-09-17T17:10:53                      12
================================================================================
[2026-09-17T17:11:28.814+0000] {manager.py:997} INFO - 
================================================================================
DAG File Processing Stats

File Path                                               PID    Runtime      # DAGs    # Errors  Last Runtime    Last Run               Last # of DB Queries
------------------------------------------------------  -----  ---------  --------  ----------  --------------  -------------------  ----------------------
/opt/airflow/dags/etl_sederhana_25_572885_PPA_07200.py                           1           0  5.34s           2026-09-17T17:11:28                      12
================================================================================
[2026-09-17T17:12:00.726+0000] {manager.py:997} INFO - 
================================================================================
DAG File Processing Stats

File Path                                               PID    Runtime      # DAGs    # Errors  Last Runtime    Last Run               Last # of DB Queries
------------------------------------------------------  -----  ---------  --------  ----------  --------------  -------------------  ----------------------
/opt/airflow/dags/etl_sederhana_25_572885_PPA_07200.py                           1           0  1.72s           2026-09-17T17:12:00                      12
================================================================================
[2026-09-17T17:12:33.941+0000] {manager.py:997} INFO - 
================================================================================
DAG File Processing Stats

File Path                                               PID    Runtime      # DAGs    # Errors  Last Runtime    Last Run               Last # of DB Queries
------------------------------------------------------  -----  ---------  --------  ----------  --------------  -------------------  ----------------------
/opt/airflow/dags/etl_sederhana_25_572885_PPA_07200.py                           1           0  3.00s           2026-09-17T17:12:33                      12
================================================================================
[2026-09-17T17:13:10.544+0000] {manager.py:997} INFO - 
================================================================================
DAG File Processing Stats

File Path                                               PID    Runtime      # DAGs    # Errors  Last Runtime    Last Run               Last # of DB Queries
------------------------------------------------------  -----  ---------  --------  ----------  --------------  -------------------  ----------------------
/opt/airflow/dags/etl_sederhana_25_572885_PPA_07200.py                           1           0  5.08s           2026-09-17T17:13:10                      12
================================================================================
[2026-09-17T17:13:40.775+0000] {manager.py:821} INFO - Searching for files in /opt/airflow/dags
[2026-09-17T17:13:44.814+0000] {manager.py:824} INFO - There are 1 files in /opt/airflow/dags
[2026-09-17T17:13:48.370+0000] {manager.py:997} INFO - 
================================================================================
DAG File Processing Stats

File Path                                               PID    Runtime      # DAGs    # Errors  Last Runtime    Last Run               Last # of DB Queries
------------------------------------------------------  -----  ---------  --------  ----------  --------------  -------------------  ----------------------
/opt/airflow/dags/etl_sederhana_25_572885_PPA_07200.py                           1           0  3.34s           2026-09-17T17:13:48                      12
================================================================================
[2026-09-17T17:14:23.376+0000] {manager.py:997} INFO - 
================================================================================
DAG File Processing Stats

File Path                                               PID    Runtime      # DAGs    # Errors  Last Runtime    Last Run               Last # of DB Queries
------------------------------------------------------  -----  ---------  --------  ----------  --------------  -------------------  ----------------------
/opt/airflow/dags/etl_sederhana_25_572885_PPA_07200.py                           1           0  4.85s           2026-09-17T17:14:23                      12
================================================================================
[2026-09-17T17:14:58.724+0000] {manager.py:997} INFO - 
================================================================================
DAG File Processing Stats

File Path                                               PID    Runtime      # DAGs    # Errors  Last Runtime    Last Run               Last # of DB Queries
------------------------------------------------------  -----  ---------  --------  ----------  --------------  -------------------  ----------------------
/opt/airflow/dags/etl_sederhana_25_572885_PPA_07200.py                           1           0  4.90s           2026-09-17T17:14:58                      12
================================================================================
[2026-09-17T17:15:40.455+0000] {manager.py:997} INFO - 
================================================================================
DAG File Processing Stats

File Path                                               PID    Runtime      # DAGs    # Errors  Last Runtime    Last Run               Last # of DB Queries
------------------------------------------------------  -----  ---------  --------  ----------  --------------  -------------------  ----------------------
/opt/airflow/dags/etl_sederhana_25_572885_PPA_07200.py                           1           0  11.07s          2026-09-17T17:15:40                      12
================================================================================
[2026-09-17T17:16:29.060+0000] {manager.py:997} INFO - 
================================================================================
DAG File Processing Stats

File Path                                               PID    Runtime      # DAGs    # Errors  Last Runtime    Last Run               Last # of DB Queries
------------------------------------------------------  -----  ---------  --------  ----------  --------------  -------------------  ----------------------
/opt/airflow/dags/etl_sederhana_25_572885_PPA_07200.py                           1           0  17.78s          2026-09-17T17:16:29                      12
================================================================================
[2026-09-17T17:17:14.913+0000] {manager.py:997} INFO - 
================================================================================
DAG File Processing Stats

File Path                                               PID    Runtime      # DAGs    # Errors  Last Runtime    Last Run               Last # of DB Queries
------------------------------------------------------  -----  ---------  --------  ----------  --------------  -------------------  ----------------------
/opt/airflow/dags/etl_sederhana_25_572885_PPA_07200.py                           1           0  15.27s          2026-09-17T17:17:14                      12
================================================================================
[2026-09-17T17:17:54.681+0000] {manager.py:997} INFO - 
================================================================================
DAG File Processing Stats

File Path                                               PID    Runtime      # DAGs    # Errors  Last Runtime    Last Run               Last # of DB Queries
------------------------------------------------------  -----  ---------  --------  ----------  --------------  -------------------  ----------------------
/opt/airflow/dags/etl_sederhana_25_572885_PPA_07200.py                           1           0  9.39s           2026-09-17T17:17:54                      12
================================================================================
[2026-09-17T17:18:28.289+0000] {manager.py:997} INFO - 
================================================================================
DAG File Processing Stats

File Path                                               PID    Runtime      # DAGs    # Errors  Last Runtime    Last Run               Last # of DB Queries
------------------------------------------------------  -----  ---------  --------  ----------  --------------  -------------------  ----------------------
/opt/airflow/dags/etl_sederhana_25_572885_PPA_07200.py                           1           0  3.38s           2026-09-17T17:18:28                      12
================================================================================
[2026-09-17T17:18:41.181+0000] {manager.py:821} INFO - Searching for files in /opt/airflow/dags
[2026-09-17T17:18:41.261+0000] {manager.py:824} INFO - There are 1 files in /opt/airflow/dags
[2026-09-17T17:19:04.665+0000] {manager.py:997} INFO - 
================================================================================
DAG File Processing Stats

File Path                                               PID    Runtime      # DAGs    # Errors  Last Runtime    Last Run               Last # of DB Queries
------------------------------------------------------  -----  ---------  --------  ----------  --------------  -------------------  ----------------------
/opt/airflow/dags/etl_sederhana_25_572885_PPA_07200.py                           1           0  5.56s           2026-09-17T17:19:04                      12
================================================================================
[2026-09-17T17:19:39.606+0000] {manager.py:997} INFO - 
================================================================================
DAG File Processing Stats

File Path                                               PID    Runtime      # DAGs    # Errors  Last Runtime    Last Run               Last # of DB Queries
------------------------------------------------------  -----  ---------  --------  ----------  --------------  -------------------  ----------------------
/opt/airflow/dags/etl_sederhana_25_572885_PPA_07200.py                           1           0  4.67s           2026-09-17T17:19:39                      12
================================================================================
[2026-09-17T17:20:13.978+0000] {manager.py:997} INFO - 
================================================================================
DAG File Processing Stats

File Path                                               PID    Runtime      # DAGs    # Errors  Last Runtime    Last Run               Last # of DB Queries
------------------------------------------------------  -----  ---------  --------  ----------  --------------  -------------------  ----------------------
/opt/airflow/dags/etl_sederhana_25_572885_PPA_07200.py                           1           0  4.07s           2026-09-17T17:20:13                      12
================================================================================
[2026-09-17T17:20:55.787+0000] {manager.py:997} INFO - 
================================================================================
DAG File Processing Stats

File Path                                               PID    Runtime      # DAGs    # Errors  Last Runtime    Last Run               Last # of DB Queries
------------------------------------------------------  -----  ---------  --------  ----------  --------------  -------------------  ----------------------
/opt/airflow/dags/etl_sederhana_25_572885_PPA_07200.py                           1           0  11.20s          2026-09-17T17:20:55                      12
================================================================================
[2026-09-17T17:21:30.995+0000] {manager.py:997} INFO - 
================================================================================
DAG File Processing Stats

File Path                                               PID    Runtime      # DAGs    # Errors  Last Runtime    Last Run               Last # of DB Queries
------------------------------------------------------  -----  ---------  --------  ----------  --------------  -------------------  ----------------------
/opt/airflow/dags/etl_sederhana_25_572885_PPA_07200.py                           1           0  4.95s           2026-09-17T17:21:30                      12
================================================================================
[2026-09-17T17:22:05.575+0000] {manager.py:997} INFO - 
================================================================================
DAG File Processing Stats

File Path                                               PID    Runtime      # DAGs    # Errors  Last Runtime    Last Run               Last # of DB Queries
------------------------------------------------------  -----  ---------  --------  ----------  --------------  -------------------  ----------------------
/opt/airflow/dags/etl_sederhana_25_572885_PPA_07200.py                           1           0  3.67s           2026-09-17T17:22:05                      12
================================================================================
[2026-09-17T17:22:41.379+0000] {manager.py:997} INFO - 
================================================================================
DAG File Processing Stats

File Path                                               PID    Runtime      # DAGs    # Errors  Last Runtime    Last Run               Last # of DB Queries
------------------------------------------------------  -----  ---------  --------  ----------  --------------  -------------------  ----------------------
/opt/airflow/dags/etl_sederhana_25_572885_PPA_07200.py                           1           0  4.93s           2026-09-17T17:22:41                      12
================================================================================
[2026-09-17T17:23:15.620+0000] {manager.py:997} INFO - 
================================================================================
DAG File Processing Stats

File Path                                               PID    Runtime      # DAGs    # Errors  Last Runtime    Last Run               Last # of DB Queries
------------------------------------------------------  -----  ---------  --------  ----------  --------------  -------------------  ----------------------
/opt/airflow/dags/etl_sederhana_25_572885_PPA_07200.py                           1           0  4.04s           2026-09-17T17:23:15                      12
================================================================================
[2026-09-17T17:23:41.339+0000] {manager.py:821} INFO - Searching for files in /opt/airflow/dags
[2026-09-17T17:23:41.491+0000] {manager.py:824} INFO - There are 1 files in /opt/airflow/dags
[2026-09-17T17:23:48.324+0000] {manager.py:997} INFO - 
================================================================================
DAG File Processing Stats

File Path                                               PID    Runtime      # DAGs    # Errors  Last Runtime    Last Run               Last # of DB Queries
------------------------------------------------------  -----  ---------  --------  ----------  --------------  -------------------  ----------------------
/opt/airflow/dags/etl_sederhana_25_572885_PPA_07200.py                           1           0  2.44s           2026-09-17T17:23:48                      12
================================================================================
[2026-09-17T17:24:22.123+0000] {manager.py:997} INFO - 
================================================================================
DAG File Processing Stats

File Path                                               PID    Runtime      # DAGs    # Errors  Last Runtime    Last Run               Last # of DB Queries
------------------------------------------------------  -----  ---------  --------  ----------  --------------  -------------------  ----------------------
/opt/airflow/dags/etl_sederhana_25_572885_PPA_07200.py                           1           0  3.54s           2026-09-17T17:24:22                      12
================================================================================
[2026-09-17T17:24:55.741+0000] {manager.py:997} INFO - 
================================================================================
DAG File Processing Stats

File Path                                               PID    Runtime      # DAGs    # Errors  Last Runtime    Last Run               Last # of DB Queries
------------------------------------------------------  -----  ---------  --------  ----------  --------------  -------------------  ----------------------
/opt/airflow/dags/etl_sederhana_25_572885_PPA_07200.py                           1           0  3.48s           2026-09-17T17:24:55                      12
================================================================================
[2026-09-17T17:25:29.236+0000] {manager.py:997} INFO - 
================================================================================
DAG File Processing Stats

File Path                                               PID    Runtime      # DAGs    # Errors  Last Runtime    Last Run               Last # of DB Queries
------------------------------------------------------  -----  ---------  --------  ----------  --------------  -------------------  ----------------------
/opt/airflow/dags/etl_sederhana_25_572885_PPA_07200.py                           1           0  3.25s           2026-09-17T17:25:29                      12
================================================================================
[2026-09-17T17:26:01.408+0000] {manager.py:997} INFO - 
================================================================================
DAG File Processing Stats

File Path                                               PID    Runtime      # DAGs    # Errors  Last Runtime    Last Run               Last # of DB Queries
------------------------------------------------------  -----  ---------  --------  ----------  --------------  -------------------  ----------------------
/opt/airflow/dags/etl_sederhana_25_572885_PPA_07200.py                           1           0  1.85s           2026-09-17T17:26:01                      12
================================================================================
[2026-09-17T17:26:33.369+0000] {manager.py:997} INFO - 
================================================================================
DAG File Processing Stats

File Path                                               PID    Runtime      # DAGs    # Errors  Last Runtime    Last Run               Last # of DB Queries
------------------------------------------------------  -----  ---------  --------  ----------  --------------  -------------------  ----------------------
/opt/airflow/dags/etl_sederhana_25_572885_PPA_07200.py                           1           0  1.82s           2026-09-17T17:26:33                      12
================================================================================
[2026-09-17T17:27:05.825+0000] {manager.py:997} INFO - 
================================================================================
DAG File Processing Stats

File Path                                               PID    Runtime      # DAGs    # Errors  Last Runtime    Last Run               Last # of DB Queries
------------------------------------------------------  -----  ---------  --------  ----------  --------------  -------------------  ----------------------
/opt/airflow/dags/etl_sederhana_25_572885_PPA_07200.py                           1           0  2.32s           2026-09-17T17:27:05                      12
================================================================================
[2026-09-17T17:27:39.297+0000] {manager.py:997} INFO - 
================================================================================
DAG File Processing Stats

File Path                                               PID    Runtime      # DAGs    # Errors  Last Runtime    Last Run               Last # of DB Queries
------------------------------------------------------  -----  ---------  --------  ----------  --------------  -------------------  ----------------------
/opt/airflow/dags/etl_sederhana_25_572885_PPA_07200.py                           1           0  3.29s           2026-09-17T17:27:39                      12
================================================================================
[2026-09-17T17:28:11.254+0000] {manager.py:997} INFO - 
================================================================================
DAG File Processing Stats

File Path                                               PID    Runtime      # DAGs    # Errors  Last Runtime    Last Run               Last # of DB Queries
------------------------------------------------------  -----  ---------  --------  ----------  --------------  -------------------  ----------------------
/opt/airflow/dags/etl_sederhana_25_572885_PPA_07200.py                           1           0  1.75s           2026-09-17T17:28:11                      12
================================================================================
[2026-09-17T17:28:41.388+0000] {manager.py:821} INFO - Searching for files in /opt/airflow/dags
[2026-09-17T17:28:41.409+0000] {manager.py:824} INFO - There are 1 files in /opt/airflow/dags
[2026-09-17T17:28:43.045+0000] {manager.py:997} INFO - 
================================================================================
DAG File Processing Stats

File Path                                               PID    Runtime      # DAGs    # Errors  Last Runtime    Last Run               Last # of DB Queries
------------------------------------------------------  -----  ---------  --------  ----------  --------------  -------------------  ----------------------
/opt/airflow/dags/etl_sederhana_25_572885_PPA_07200.py                           1           0  1.61s           2026-09-17T17:28:43                      12
================================================================================
[2026-09-17T17:29:14.574+0000] {manager.py:997} INFO - 
================================================================================
DAG File Processing Stats

File Path                                               PID    Runtime      # DAGs    # Errors  Last Runtime    Last Run               Last # of DB Queries
------------------------------------------------------  -----  ---------  --------  ----------  --------------  -------------------  ----------------------
/opt/airflow/dags/etl_sederhana_25_572885_PPA_07200.py                           1           0  1.41s           2026-09-17T17:29:14                      12
================================================================================
[2026-09-17T17:29:46.959+0000] {manager.py:997} INFO - 
================================================================================
DAG File Processing Stats

File Path                                               PID    Runtime      # DAGs    # Errors  Last Runtime    Last Run               Last # of DB Queries
------------------------------------------------------  -----  ---------  --------  ----------  --------------  -------------------  ----------------------
/opt/airflow/dags/etl_sederhana_25_572885_PPA_07200.py                           1           0  2.15s           2026-09-17T17:29:46                      12
================================================================================
[2026-09-17T17:30:34.756+0000] {manager.py:997} INFO - 
================================================================================
DAG File Processing Stats

File Path                                               PID    Runtime      # DAGs    # Errors  Last Runtime    Last Run               Last # of DB Queries
------------------------------------------------------  -----  ---------  --------  ----------  --------------  -------------------  ----------------------
/opt/airflow/dags/etl_sederhana_25_572885_PPA_07200.py                           1           0  16.96s          2026-09-17T17:30:34                      12
================================================================================
[2026-09-17T17:31:09.296+0000] {manager.py:997} INFO - 
================================================================================
DAG File Processing Stats

File Path                                               PID    Runtime      # DAGs    # Errors  Last Runtime    Last Run               Last # of DB Queries
------------------------------------------------------  -----  ---------  --------  ----------  --------------  -------------------  ----------------------
/opt/airflow/dags/etl_sederhana_25_572885_PPA_07200.py                           1           0  3.79s           2026-09-17T17:31:09                      12
================================================================================
[2026-09-17T17:31:41.510+0000] {manager.py:997} INFO - 
================================================================================
DAG File Processing Stats

File Path                                               PID    Runtime      # DAGs    # Errors  Last Runtime    Last Run               Last # of DB Queries
------------------------------------------------------  -----  ---------  --------  ----------  --------------  -------------------  ----------------------
/opt/airflow/dags/etl_sederhana_25_572885_PPA_07200.py                           1           0  2.08s           2026-09-17T17:31:41                      12
================================================================================
[2026-09-17T17:32:15.189+0000] {manager.py:997} INFO - 
================================================================================
DAG File Processing Stats

File Path                                               PID    Runtime      # DAGs    # Errors  Last Runtime    Last Run               Last # of DB Queries
------------------------------------------------------  -----  ---------  --------  ----------  --------------  -------------------  ----------------------
/opt/airflow/dags/etl_sederhana_25_572885_PPA_07200.py                           1           0  3.56s           2026-09-17T17:32:15                      12
================================================================================
[2026-09-17T17:32:49.105+0000] {manager.py:997} INFO - 
================================================================================
DAG File Processing Stats

File Path                                               PID    Runtime      # DAGs    # Errors  Last Runtime    Last Run               Last # of DB Queries
------------------------------------------------------  -----  ---------  --------  ----------  --------------  -------------------  ----------------------
/opt/airflow/dags/etl_sederhana_25_572885_PPA_07200.py                           1           0  3.23s           2026-09-17T17:32:49                      12
================================================================================
[2026-09-17T17:33:19.214+0000] {manager.py:997} INFO - 
================================================================================
DAG File Processing Stats

File Path                                               PID    Runtime      # DAGs    # Errors  Last Runtime    Last Run               Last # of DB Queries
------------------------------------------------------  -----  ---------  --------  ----------  --------------  -------------------  ----------------------
/opt/airflow/dags/etl_sederhana_25_572885_PPA_07200.py                           1           0  3.23s           2026-09-17T17:32:49                      12
================================================================================
[2026-09-17T17:33:41.590+0000] {manager.py:821} INFO - Searching for files in /opt/airflow/dags
[2026-09-17T17:33:41.795+0000] {manager.py:824} INFO - There are 1 files in /opt/airflow/dags
[2026-09-17T17:33:49.372+0000] {manager.py:997} INFO - 
================================================================================
DAG File Processing Stats

File Path                                               PID    Runtime      # DAGs    # Errors  Last Runtime    Last Run               Last # of DB Queries
------------------------------------------------------  -----  ---------  --------  ----------  --------------  -------------------  ----------------------
/opt/airflow/dags/etl_sederhana_25_572885_PPA_07200.py                           1           0  1.42s           2026-09-17T17:33:21                      12
================================================================================
[2026-09-17T17:34:19.482+0000] {manager.py:997} INFO - 
================================================================================
DAG File Processing Stats

File Path                                               PID    Runtime      # DAGs    # Errors  Last Runtime    Last Run               Last # of DB Queries
------------------------------------------------------  -----  ---------  --------  ----------  --------------  -------------------  ----------------------
/opt/airflow/dags/etl_sederhana_25_572885_PPA_07200.py                           1           0  1.66s           2026-09-17T17:33:53                      12
================================================================================
[2026-09-17T17:34:49.590+0000] {manager.py:997} INFO - 
================================================================================
DAG File Processing Stats

File Path                                               PID    Runtime      # DAGs    # Errors  Last Runtime    Last Run               Last # of DB Queries
------------------------------------------------------  -----  ---------  --------  ----------  --------------  -------------------  ----------------------
/opt/airflow/dags/etl_sederhana_25_572885_PPA_07200.py                           1           0  1.87s           2026-09-17T17:34:25                      12
================================================================================
[2026-09-17T17:35:19.734+0000] {manager.py:997} INFO - 
================================================================================
DAG File Processing Stats

File Path                                               PID    Runtime      # DAGs    # Errors  Last Runtime    Last Run               Last # of DB Queries
------------------------------------------------------  -----  ---------  --------  ----------  --------------  -------------------  ----------------------
/opt/airflow/dags/etl_sederhana_25_572885_PPA_07200.py                           1           0  1.15s           2026-09-17T17:34:57                      12
================================================================================
[2026-09-17T17:35:49.906+0000] {manager.py:997} INFO - 
================================================================================
DAG File Processing Stats

File Path                                               PID    Runtime      # DAGs    # Errors  Last Runtime    Last Run               Last # of DB Queries
------------------------------------------------------  -----  ---------  --------  ----------  --------------  -------------------  ----------------------
/opt/airflow/dags/etl_sederhana_25_572885_PPA_07200.py                           1           0  5.19s           2026-09-17T17:35:32                      12
================================================================================
[2026-09-17T17:36:20.920+0000] {manager.py:997} INFO - 
================================================================================
DAG File Processing Stats

File Path                                               PID    Runtime      # DAGs    # Errors  Last Runtime    Last Run               Last # of DB Queries
------------------------------------------------------  -----  ---------  --------  ----------  --------------  -------------------  ----------------------
/opt/airflow/dags/etl_sederhana_25_572885_PPA_07200.py                           1           0  4.54s           2026-09-17T17:36:07                      12
================================================================================
[2026-09-17T17:36:51.189+0000] {manager.py:997} INFO - 
================================================================================
DAG File Processing Stats

File Path                                               PID    Runtime      # DAGs    # Errors  Last Runtime    Last Run               Last # of DB Queries
------------------------------------------------------  -----  ---------  --------  ----------  --------------  -------------------  ----------------------
/opt/airflow/dags/etl_sederhana_25_572885_PPA_07200.py                           1           0  2.24s           2026-09-17T17:36:39                      12
================================================================================
[2026-09-17T17:37:21.829+0000] {manager.py:997} INFO - 
================================================================================
DAG File Processing Stats

File Path                                               PID    Runtime      # DAGs    # Errors  Last Runtime    Last Run               Last # of DB Queries
------------------------------------------------------  -----  ---------  --------  ----------  --------------  -------------------  ----------------------
/opt/airflow/dags/etl_sederhana_25_572885_PPA_07200.py                           1           0  1.52s           2026-09-17T17:37:11                      12
================================================================================
[2026-09-17T17:37:52.284+0000] {manager.py:997} INFO - 
================================================================================
DAG File Processing Stats

File Path                                               PID    Runtime      # DAGs    # Errors  Last Runtime    Last Run               Last # of DB Queries
------------------------------------------------------  -----  ---------  --------  ----------  --------------  -------------------  ----------------------
/opt/airflow/dags/etl_sederhana_25_572885_PPA_07200.py                           1           0  2.19s           2026-09-17T17:37:43                      12
================================================================================
[2026-09-17T17:38:23.030+0000] {manager.py:997} INFO - 
================================================================================
DAG File Processing Stats

File Path                                               PID    Runtime      # DAGs    # Errors  Last Runtime    Last Run               Last # of DB Queries
------------------------------------------------------  -----  ---------  --------  ----------  --------------  -------------------  ----------------------
/opt/airflow/dags/etl_sederhana_25_572885_PPA_07200.py                           1           0  1.51s           2026-09-17T17:38:15                      12
================================================================================
[2026-09-17T17:38:42.134+0000] {manager.py:821} INFO - Searching for files in /opt/airflow/dags
[2026-09-17T17:38:42.182+0000] {manager.py:824} INFO - There are 1 files in /opt/airflow/dags
[2026-09-17T17:38:53.363+0000] {manager.py:997} INFO - 
================================================================================
DAG File Processing Stats

File Path                                               PID    Runtime      # DAGs    # Errors  Last Runtime    Last Run               Last # of DB Queries
------------------------------------------------------  -----  ---------  --------  ----------  --------------  -------------------  ----------------------
/opt/airflow/dags/etl_sederhana_25_572885_PPA_07200.py                           1           0  1.41s           2026-09-17T17:38:47                      12
================================================================================
[2026-09-17T17:39:24.033+0000] {manager.py:997} INFO - 
================================================================================
DAG File Processing Stats

File Path                                               PID    Runtime      # DAGs    # Errors  Last Runtime    Last Run               Last # of DB Queries
------------------------------------------------------  -----  ---------  --------  ----------  --------------  -------------------  ----------------------
/opt/airflow/dags/etl_sederhana_25_572885_PPA_07200.py                           1           0  2.03s           2026-09-17T17:39:19                      12
================================================================================
[2026-09-17T17:39:54.336+0000] {manager.py:997} INFO - 
================================================================================
DAG File Processing Stats

File Path                                               PID    Runtime      # DAGs    # Errors  Last Runtime    Last Run               Last # of DB Queries
------------------------------------------------------  -----  ---------  --------  ----------  --------------  -------------------  ----------------------
/opt/airflow/dags/etl_sederhana_25_572885_PPA_07200.py                           1           0  1.57s           2026-09-17T17:39:51                      12
================================================================================
[2026-09-17T17:40:25.334+0000] {manager.py:997} INFO - 
================================================================================
DAG File Processing Stats

File Path                                               PID    Runtime      # DAGs    # Errors  Last Runtime    Last Run               Last # of DB Queries
------------------------------------------------------  -----  ---------  --------  ----------  --------------  -------------------  ----------------------
/opt/airflow/dags/etl_sederhana_25_572885_PPA_07200.py                           1           0  1.91s           2026-09-17T17:40:23                      12
================================================================================
[2026-09-17T17:40:55.471+0000] {manager.py:997} INFO - 
================================================================================
DAG File Processing Stats

File Path                                               PID    Runtime      # DAGs    # Errors  Last Runtime    Last Run               Last # of DB Queries
------------------------------------------------------  -----  ---------  --------  ----------  --------------  -------------------  ----------------------
/opt/airflow/dags/etl_sederhana_25_572885_PPA_07200.py                           1           0  2.11s           2026-09-17T17:40:55                      12
================================================================================
[2026-09-17T17:41:28.251+0000] {manager.py:997} INFO - 
================================================================================
DAG File Processing Stats

File Path                                               PID    Runtime      # DAGs    # Errors  Last Runtime    Last Run               Last # of DB Queries
------------------------------------------------------  -----  ---------  --------  ----------  --------------  -------------------  ----------------------
/opt/airflow/dags/etl_sederhana_25_572885_PPA_07200.py                           1           0  2.06s           2026-09-17T17:41:28                      12
================================================================================
[2026-09-17T17:42:00.162+0000] {manager.py:997} INFO - 
================================================================================
DAG File Processing Stats

File Path                                               PID    Runtime      # DAGs    # Errors  Last Runtime    Last Run               Last # of DB Queries
------------------------------------------------------  -----  ---------  --------  ----------  --------------  -------------------  ----------------------
/opt/airflow/dags/etl_sederhana_25_572885_PPA_07200.py                           1           0  1.62s           2026-09-17T17:42:00                      12
================================================================================
[2026-09-17T17:42:32.054+0000] {manager.py:997} INFO - 
================================================================================
DAG File Processing Stats

File Path                                               PID    Runtime      # DAGs    # Errors  Last Runtime    Last Run               Last # of DB Queries
------------------------------------------------------  -----  ---------  --------  ----------  --------------  -------------------  ----------------------
/opt/airflow/dags/etl_sederhana_25_572885_PPA_07200.py                           1           0  1.76s           2026-09-17T17:42:32                      12
================================================================================
[2026-09-17T17:43:04.105+0000] {manager.py:997} INFO - 
================================================================================
DAG File Processing Stats

File Path                                               PID    Runtime      # DAGs    # Errors  Last Runtime    Last Run               Last # of DB Queries
------------------------------------------------------  -----  ---------  --------  ----------  --------------  -------------------  ----------------------
/opt/airflow/dags/etl_sederhana_25_572885_PPA_07200.py                           1           0  1.92s           2026-09-17T17:43:04                      12
================================================================================
[2026-09-17T17:43:35.486+0000] {manager.py:997} INFO - 
================================================================================
DAG File Processing Stats

File Path                                               PID    Runtime      # DAGs    # Errors  Last Runtime    Last Run               Last # of DB Queries
------------------------------------------------------  -----  ---------  --------  ----------  --------------  -------------------  ----------------------
/opt/airflow/dags/etl_sederhana_25_572885_PPA_07200.py                           1           0  1.21s           2026-09-17T17:43:35                      12
================================================================================
[2026-09-17T17:43:42.674+0000] {manager.py:821} INFO - Searching for files in /opt/airflow/dags
[2026-09-17T17:43:42.806+0000] {manager.py:824} INFO - There are 1 files in /opt/airflow/dags
[2026-09-17T17:44:06.904+0000] {manager.py:997} INFO - 
================================================================================
DAG File Processing Stats

File Path                                               PID    Runtime      # DAGs    # Errors  Last Runtime    Last Run               Last # of DB Queries
------------------------------------------------------  -----  ---------  --------  ----------  --------------  -------------------  ----------------------
/opt/airflow/dags/etl_sederhana_25_572885_PPA_07200.py                           1           0  1.31s           2026-09-17T17:44:06                      12
================================================================================
[2026-09-17T17:44:37.908+0000] {manager.py:997} INFO - 
================================================================================
DAG File Processing Stats

File Path                                               PID    Runtime      # DAGs    # Errors  Last Runtime    Last Run               Last # of DB Queries
------------------------------------------------------  -----  ---------  --------  ----------  --------------  -------------------  ----------------------
/opt/airflow/dags/etl_sederhana_25_572885_PPA_07200.py                           1           0  0.91s           2026-09-17T17:44:37                      12
================================================================================
[2026-09-17T17:45:09.008+0000] {manager.py:997} INFO - 
================================================================================
DAG File Processing Stats

File Path                                               PID    Runtime      # DAGs    # Errors  Last Runtime    Last Run               Last # of DB Queries
------------------------------------------------------  -----  ---------  --------  ----------  --------------  -------------------  ----------------------
/opt/airflow/dags/etl_sederhana_25_572885_PPA_07200.py                           1           0  1.01s           2026-09-17T17:45:09                      12
================================================================================
[2026-09-17T17:45:39.936+0000] {manager.py:997} INFO - 
================================================================================
DAG File Processing Stats

File Path                                               PID    Runtime      # DAGs    # Errors  Last Runtime    Last Run               Last # of DB Queries
------------------------------------------------------  -----  ---------  --------  ----------  --------------  -------------------  ----------------------
/opt/airflow/dags/etl_sederhana_25_572885_PPA_07200.py                           1           0  0.81s           2026-09-17T17:45:39                      12
================================================================================
[2026-09-17T17:46:10.865+0000] {manager.py:997} INFO - 
================================================================================
DAG File Processing Stats

File Path                                               PID    Runtime      # DAGs    # Errors  Last Runtime    Last Run               Last # of DB Queries
------------------------------------------------------  -----  ---------  --------  ----------  --------------  -------------------  ----------------------
/opt/airflow/dags/etl_sederhana_25_572885_PPA_07200.py                           1           0  0.83s           2026-09-17T17:46:10                      12
================================================================================
[2026-09-17T17:46:41.659+0000] {manager.py:997} INFO - 
================================================================================
DAG File Processing Stats

File Path                                               PID    Runtime      # DAGs    # Errors  Last Runtime    Last Run               Last # of DB Queries
------------------------------------------------------  -----  ---------  --------  ----------  --------------  -------------------  ----------------------
/opt/airflow/dags/etl_sederhana_25_572885_PPA_07200.py                           1           0  0.71s           2026-09-17T17:46:41                      12
================================================================================
[2026-09-17T17:47:13.065+0000] {manager.py:997} INFO - 
================================================================================
DAG File Processing Stats

File Path                                               PID    Runtime      # DAGs    # Errors  Last Runtime    Last Run               Last # of DB Queries
------------------------------------------------------  -----  ---------  --------  ----------  --------------  -------------------  ----------------------
/opt/airflow/dags/etl_sederhana_25_572885_PPA_07200.py                           1           0  1.31s           2026-09-17T17:47:13                      12
================================================================================
[2026-09-17T17:47:44.290+0000] {manager.py:997} INFO - 
================================================================================
DAG File Processing Stats

File Path                                               PID    Runtime      # DAGs    # Errors  Last Runtime    Last Run               Last # of DB Queries
------------------------------------------------------  -----  ---------  --------  ----------  --------------  -------------------  ----------------------
/opt/airflow/dags/etl_sederhana_25_572885_PPA_07200.py                           1           0  1.11s           2026-09-17T17:47:44                      12
================================================================================
[2026-09-17T17:48:16.120+0000] {manager.py:997} INFO - 
================================================================================
DAG File Processing Stats

File Path                                               PID    Runtime      # DAGs    # Errors  Last Runtime    Last Run               Last # of DB Queries
------------------------------------------------------  -----  ---------  --------  ----------  --------------  -------------------  ----------------------
/opt/airflow/dags/etl_sederhana_25_572885_PPA_07200.py                           1           0  1.71s           2026-09-17T17:48:16                      12
================================================================================
[2026-09-17T17:48:43.481+0000] {manager.py:821} INFO - Searching for files in /opt/airflow/dags
[2026-09-17T17:48:43.514+0000] {manager.py:824} INFO - There are 1 files in /opt/airflow/dags
[2026-09-17T17:48:47.878+0000] {manager.py:997} INFO - 
================================================================================
DAG File Processing Stats

File Path                                               PID    Runtime      # DAGs    # Errors  Last Runtime    Last Run               Last # of DB Queries
------------------------------------------------------  -----  ---------  --------  ----------  --------------  -------------------  ----------------------
/opt/airflow/dags/etl_sederhana_25_572885_PPA_07200.py                           1           0  1.61s           2026-09-17T17:48:47                      12
================================================================================
[2026-09-17T17:49:18.965+0000] {manager.py:997} INFO - 
================================================================================
DAG File Processing Stats

File Path                                               PID    Runtime      # DAGs    # Errors  Last Runtime    Last Run               Last # of DB Queries
------------------------------------------------------  -----  ---------  --------  ----------  --------------  -------------------  ----------------------
/opt/airflow/dags/etl_sederhana_25_572885_PPA_07200.py                           1           0  0.91s           2026-09-17T17:49:18                      12
================================================================================
[2026-09-17T17:49:50.216+0000] {manager.py:997} INFO - 
================================================================================
DAG File Processing Stats

File Path                                               PID    Runtime      # DAGs    # Errors  Last Runtime    Last Run               Last # of DB Queries
------------------------------------------------------  -----  ---------  --------  ----------  --------------  -------------------  ----------------------
/opt/airflow/dags/etl_sederhana_25_572885_PPA_07200.py                           1           0  1.14s           2026-09-17T17:49:50                      12
================================================================================
[2026-09-17T17:50:21.230+0000] {manager.py:997} INFO - 
================================================================================
DAG File Processing Stats

File Path                                               PID    Runtime      # DAGs    # Errors  Last Runtime    Last Run               Last # of DB Queries
------------------------------------------------------  -----  ---------  --------  ----------  --------------  -------------------  ----------------------
/opt/airflow/dags/etl_sederhana_25_572885_PPA_07200.py                           1           0  0.92s           2026-09-17T17:50:21                      12
================================================================================
[2026-09-17T17:50:52.445+0000] {manager.py:997} INFO - 
================================================================================
DAG File Processing Stats

File Path                                               PID    Runtime      # DAGs    # Errors  Last Runtime    Last Run               Last # of DB Queries
------------------------------------------------------  -----  ---------  --------  ----------  --------------  -------------------  ----------------------
/opt/airflow/dags/etl_sederhana_25_572885_PPA_07200.py                           1           0  1.11s           2026-09-17T17:50:52                      12
================================================================================
[2026-09-17T17:51:23.666+0000] {manager.py:997} INFO - 
================================================================================
DAG File Processing Stats

File Path                                               PID    Runtime      # DAGs    # Errors  Last Runtime    Last Run               Last # of DB Queries
------------------------------------------------------  -----  ---------  --------  ----------  --------------  -------------------  ----------------------
/opt/airflow/dags/etl_sederhana_25_572885_PPA_07200.py                           1           0  1.11s           2026-09-17T17:51:23                      12
================================================================================
[2026-09-17T17:51:55.029+0000] {manager.py:997} INFO - 
================================================================================
DAG File Processing Stats

File Path                                               PID    Runtime      # DAGs    # Errors  Last Runtime    Last Run               Last # of DB Queries
------------------------------------------------------  -----  ---------  --------  ----------  --------------  -------------------  ----------------------
/opt/airflow/dags/etl_sederhana_25_572885_PPA_07200.py                           1           0  1.23s           2026-09-17T17:51:55                      12
================================================================================
[2026-09-17T17:52:26.345+0000] {manager.py:997} INFO - 
================================================================================
DAG File Processing Stats

File Path                                               PID    Runtime      # DAGs    # Errors  Last Runtime    Last Run               Last # of DB Queries
------------------------------------------------------  -----  ---------  --------  ----------  --------------  -------------------  ----------------------
/opt/airflow/dags/etl_sederhana_25_572885_PPA_07200.py                           1           0  1.22s           2026-09-17T17:52:26                      12
================================================================================
[2026-09-17T17:52:58.405+0000] {manager.py:997} INFO - 
================================================================================
DAG File Processing Stats

File Path                                               PID    Runtime      # DAGs    # Errors  Last Runtime    Last Run               Last # of DB Queries
------------------------------------------------------  -----  ---------  --------  ----------  --------------  -------------------  ----------------------
/opt/airflow/dags/etl_sederhana_25_572885_PPA_07200.py                           1           0  1.91s           2026-09-17T17:52:58                      12
================================================================================
[2026-09-17T17:53:30.273+0000] {manager.py:997} INFO - 
================================================================================
DAG File Processing Stats

File Path                                               PID    Runtime      # DAGs    # Errors  Last Runtime    Last Run               Last # of DB Queries
------------------------------------------------------  -----  ---------  --------  ----------  --------------  -------------------  ----------------------
/opt/airflow/dags/etl_sederhana_25_572885_PPA_07200.py                           1           0  1.71s           2026-09-17T17:53:30                      12
================================================================================
[2026-09-17T17:53:43.540+0000] {manager.py:821} INFO - Searching for files in /opt/airflow/dags
[2026-09-17T17:53:43.594+0000] {manager.py:824} INFO - There are 1 files in /opt/airflow/dags
[2026-09-17T17:54:02.059+0000] {manager.py:997} INFO - 
================================================================================
DAG File Processing Stats

File Path                                               PID    Runtime      # DAGs    # Errors  Last Runtime    Last Run               Last # of DB Queries
------------------------------------------------------  -----  ---------  --------  ----------  --------------  -------------------  ----------------------
/opt/airflow/dags/etl_sederhana_25_572885_PPA_07200.py                           1           0  1.64s           2026-09-17T17:54:02                      12
================================================================================
[2026-09-17T17:54:34.186+0000] {manager.py:997} INFO - 
================================================================================
DAG File Processing Stats

File Path                                               PID    Runtime      # DAGs    # Errors  Last Runtime    Last Run               Last # of DB Queries
------------------------------------------------------  -----  ---------  --------  ----------  --------------  -------------------  ----------------------
/opt/airflow/dags/etl_sederhana_25_572885_PPA_07200.py                           1           0  1.84s           2026-09-17T17:54:34                      12
================================================================================
[2026-09-17T17:55:05.376+0000] {manager.py:997} INFO - 
================================================================================
DAG File Processing Stats

File Path                                               PID    Runtime      # DAGs    # Errors  Last Runtime    Last Run               Last # of DB Queries
------------------------------------------------------  -----  ---------  --------  ----------  --------------  -------------------  ----------------------
/opt/airflow/dags/etl_sederhana_25_572885_PPA_07200.py                           1           0  1.01s           2026-09-17T17:55:05                      12
================================================================================
[2026-09-17T17:55:36.394+0000] {manager.py:997} INFO - 
================================================================================
DAG File Processing Stats

File Path                                               PID    Runtime      # DAGs    # Errors  Last Runtime    Last Run               Last # of DB Queries
------------------------------------------------------  -----  ---------  --------  ----------  --------------  -------------------  ----------------------
/opt/airflow/dags/etl_sederhana_25_572885_PPA_07200.py                           1           0  0.91s           2026-09-17T17:55:36                      12
================================================================================
[2026-09-17T17:56:07.311+0000] {manager.py:997} INFO - 
================================================================================
DAG File Processing Stats

File Path                                               PID    Runtime      # DAGs    # Errors  Last Runtime    Last Run               Last # of DB Queries
------------------------------------------------------  -----  ---------  --------  ----------  --------------  -------------------  ----------------------
/opt/airflow/dags/etl_sederhana_25_572885_PPA_07200.py                           1           0  0.81s           2026-09-17T17:56:07                      12
================================================================================
[2026-09-17T17:56:38.397+0000] {manager.py:997} INFO - 
================================================================================
DAG File Processing Stats

File Path                                               PID    Runtime      # DAGs    # Errors  Last Runtime    Last Run               Last # of DB Queries
------------------------------------------------------  -----  ---------  --------  ----------  --------------  -------------------  ----------------------
/opt/airflow/dags/etl_sederhana_25_572885_PPA_07200.py                           1           0  1.01s           2026-09-17T17:56:38                      12
================================================================================
[2026-09-17T17:57:09.400+0000] {manager.py:997} INFO - 
================================================================================
DAG File Processing Stats

File Path                                               PID    Runtime      # DAGs    # Errors  Last Runtime    Last Run               Last # of DB Queries
------------------------------------------------------  -----  ---------  --------  ----------  --------------  -------------------  ----------------------
/opt/airflow/dags/etl_sederhana_25_572885_PPA_07200.py                           1           0  0.93s           2026-09-17T17:57:09                      12
================================================================================
[2026-09-17T17:57:40.292+0000] {manager.py:997} INFO - 
================================================================================
DAG File Processing Stats

File Path                                               PID    Runtime      # DAGs    # Errors  Last Runtime    Last Run               Last # of DB Queries
------------------------------------------------------  -----  ---------  --------  ----------  --------------  -------------------  ----------------------
/opt/airflow/dags/etl_sederhana_25_572885_PPA_07200.py                           1           0  0.81s           2026-09-17T17:57:40                      12
================================================================================
[2026-09-17T17:58:11.279+0000] {manager.py:997} INFO - 
================================================================================
DAG File Processing Stats

File Path                                               PID    Runtime      # DAGs    # Errors  Last Runtime    Last Run               Last # of DB Queries
------------------------------------------------------  -----  ---------  --------  ----------  --------------  -------------------  ----------------------
/opt/airflow/dags/etl_sederhana_25_572885_PPA_07200.py                           1           0  0.91s           2026-09-17T17:58:11                      12
================================================================================
[2026-09-17T17:58:42.330+0000] {manager.py:997} INFO - 
================================================================================
DAG File Processing Stats

File Path                                               PID    Runtime      # DAGs    # Errors  Last Runtime    Last Run               Last # of DB Queries
------------------------------------------------------  -----  ---------  --------  ----------  --------------  -------------------  ----------------------
/opt/airflow/dags/etl_sederhana_25_572885_PPA_07200.py                           1           0  0.92s           2026-09-17T17:58:42                      12
================================================================================
[2026-09-17T17:58:44.392+0000] {manager.py:821} INFO - Searching for files in /opt/airflow/dags
[2026-09-17T17:58:44.449+0000] {manager.py:824} INFO - There are 1 files in /opt/airflow/dags
[2026-09-17T17:59:13.272+0000] {manager.py:997} INFO - 
================================================================================
DAG File Processing Stats

File Path                                               PID    Runtime      # DAGs    # Errors  Last Runtime    Last Run               Last # of DB Queries
------------------------------------------------------  -----  ---------  --------  ----------  --------------  -------------------  ----------------------
/opt/airflow/dags/etl_sederhana_25_572885_PPA_07200.py                           1           0  0.81s           2026-09-17T17:59:13                      12
================================================================================
[2026-09-17T17:59:44.196+0000] {manager.py:997} INFO - 
================================================================================
DAG File Processing Stats

File Path                                               PID    Runtime      # DAGs    # Errors  Last Runtime    Last Run               Last # of DB Queries
------------------------------------------------------  -----  ---------  --------  ----------  --------------  -------------------  ----------------------
/opt/airflow/dags/etl_sederhana_25_572885_PPA_07200.py                           1           0  0.81s           2026-09-17T17:59:44                      12
================================================================================
[2026-09-17T18:00:14.985+0000] {manager.py:997} INFO - 
================================================================================
DAG File Processing Stats

File Path                                               PID    Runtime      # DAGs    # Errors  Last Runtime    Last Run               Last # of DB Queries
------------------------------------------------------  -----  ---------  --------  ----------  --------------  -------------------  ----------------------
/opt/airflow/dags/etl_sederhana_25_572885_PPA_07200.py                           1           0  0.71s           2026-09-17T18:00:14                      12
================================================================================
[2026-09-17T18:00:48.674+0000] {manager.py:997} INFO - 
================================================================================
DAG File Processing Stats

File Path                                               PID    Runtime      # DAGs    # Errors  Last Runtime    Last Run               Last # of DB Queries
------------------------------------------------------  -----  ---------  --------  ----------  --------------  -------------------  ----------------------
/opt/airflow/dags/etl_sederhana_25_572885_PPA_07200.py                           1           0  3.65s           2026-09-17T18:00:48                      12
================================================================================
[2026-09-17T18:01:19.746+0000] {manager.py:997} INFO - 
================================================================================
DAG File Processing Stats

File Path                                               PID    Runtime      # DAGs    # Errors  Last Runtime    Last Run               Last # of DB Queries
------------------------------------------------------  -----  ---------  --------  ----------  --------------  -------------------  ----------------------
/opt/airflow/dags/etl_sederhana_25_572885_PPA_07200.py                           1           0  0.91s           2026-09-17T18:01:19                      12
================================================================================
[2026-09-17T18:01:50.500+0000] {manager.py:997} INFO - 
================================================================================
DAG File Processing Stats

File Path                                               PID    Runtime      # DAGs    # Errors  Last Runtime    Last Run               Last # of DB Queries
------------------------------------------------------  -----  ---------  --------  ----------  --------------  -------------------  ----------------------
/opt/airflow/dags/etl_sederhana_25_572885_PPA_07200.py                           1           0  0.71s           2026-09-17T18:01:50                      12
================================================================================
[2026-09-17T18:02:21.402+0000] {manager.py:997} INFO - 
================================================================================
DAG File Processing Stats

File Path                                               PID    Runtime      # DAGs    # Errors  Last Runtime    Last Run               Last # of DB Queries
------------------------------------------------------  -----  ---------  --------  ----------  --------------  -------------------  ----------------------
/opt/airflow/dags/etl_sederhana_25_572885_PPA_07200.py                           1           0  0.81s           2026-09-17T18:02:21                      12
================================================================================
[2026-09-17T18:02:52.304+0000] {manager.py:997} INFO - 
================================================================================
DAG File Processing Stats

File Path                                               PID    Runtime      # DAGs    # Errors  Last Runtime    Last Run               Last # of DB Queries
------------------------------------------------------  -----  ---------  --------  ----------  --------------  -------------------  ----------------------
/opt/airflow/dags/etl_sederhana_25_572885_PPA_07200.py                           1           0  0.81s           2026-09-17T18:02:52                      12
================================================================================
[2026-09-17T18:03:23.192+0000] {manager.py:997} INFO - 
================================================================================
DAG File Processing Stats

File Path                                               PID    Runtime      # DAGs    # Errors  Last Runtime    Last Run               Last # of DB Queries
------------------------------------------------------  -----  ---------  --------  ----------  --------------  -------------------  ----------------------
/opt/airflow/dags/etl_sederhana_25_572885_PPA_07200.py                           1           0  0.81s           2026-09-17T18:03:23                      12
================================================================================
[2026-09-17T18:03:44.534+0000] {manager.py:821} INFO - Searching for files in /opt/airflow/dags
[2026-09-17T18:03:44.548+0000] {manager.py:824} INFO - There are 1 files in /opt/airflow/dags
[2026-09-17T18:03:54.186+0000] {manager.py:997} INFO - 
================================================================================
DAG File Processing Stats

File Path                                               PID    Runtime      # DAGs    # Errors  Last Runtime    Last Run               Last # of DB Queries
------------------------------------------------------  -----  ---------  --------  ----------  --------------  -------------------  ----------------------
/opt/airflow/dags/etl_sederhana_25_572885_PPA_07200.py                           1           0  0.91s           2026-09-17T18:03:54                      12
================================================================================
[2026-09-17T18:04:25.050+0000] {manager.py:997} INFO - 
================================================================================
DAG File Processing Stats

File Path                                               PID    Runtime      # DAGs    # Errors  Last Runtime    Last Run               Last # of DB Queries
------------------------------------------------------  -----  ---------  --------  ----------  --------------  -------------------  ----------------------
/opt/airflow/dags/etl_sederhana_25_572885_PPA_07200.py                           1           0  0.71s           2026-09-17T18:04:25                      12
================================================================================
[2026-09-17T18:04:55.942+0000] {manager.py:997} INFO - 
================================================================================
DAG File Processing Stats

File Path                                               PID    Runtime      # DAGs    # Errors  Last Runtime    Last Run               Last # of DB Queries
------------------------------------------------------  -----  ---------  --------  ----------  --------------  -------------------  ----------------------
/opt/airflow/dags/etl_sederhana_25_572885_PPA_07200.py                           1           0  0.81s           2026-09-17T18:04:55                      12
================================================================================
[2026-09-17T18:05:26.724+0000] {manager.py:997} INFO - 
================================================================================
DAG File Processing Stats

File Path                                               PID    Runtime      # DAGs    # Errors  Last Runtime    Last Run               Last # of DB Queries
------------------------------------------------------  -----  ---------  --------  ----------  --------------  -------------------  ----------------------
/opt/airflow/dags/etl_sederhana_25_572885_PPA_07200.py                           1           0  0.71s           2026-09-17T18:05:26                      12
================================================================================
[2026-09-17T18:05:57.663+0000] {manager.py:997} INFO - 
================================================================================
DAG File Processing Stats

File Path                                               PID    Runtime      # DAGs    # Errors  Last Runtime    Last Run               Last # of DB Queries
------------------------------------------------------  -----  ---------  --------  ----------  --------------  -------------------  ----------------------
/opt/airflow/dags/etl_sederhana_25_572885_PPA_07200.py                           1           0  0.81s           2026-09-17T18:05:57                      12
================================================================================
[2026-09-17T18:06:28.442+0000] {manager.py:997} INFO - 
================================================================================
DAG File Processing Stats

File Path                                               PID    Runtime      # DAGs    # Errors  Last Runtime    Last Run               Last # of DB Queries
------------------------------------------------------  -----  ---------  --------  ----------  --------------  -------------------  ----------------------
/opt/airflow/dags/etl_sederhana_25_572885_PPA_07200.py                           1           0  0.71s           2026-09-17T18:06:28                      12
================================================================================
[2026-09-17T18:06:59.228+0000] {manager.py:997} INFO - 
================================================================================
DAG File Processing Stats

File Path                                               PID    Runtime      # DAGs    # Errors  Last Runtime    Last Run               Last # of DB Queries
------------------------------------------------------  -----  ---------  --------  ----------  --------------  -------------------  ----------------------
/opt/airflow/dags/etl_sederhana_25_572885_PPA_07200.py                           1           0  0.71s           2026-09-17T18:06:59                      12
================================================================================
[2026-09-17T18:07:34.436+0000] {manager.py:997} INFO - 
================================================================================
DAG File Processing Stats

File Path                                               PID    Runtime      # DAGs    # Errors  Last Runtime    Last Run               Last # of DB Queries
------------------------------------------------------  -----  ---------  --------  ----------  --------------  -------------------  ----------------------
/opt/airflow/dags/etl_sederhana_25_572885_PPA_07200.py                           1           0  4.98s           2026-09-17T18:07:34                      12
================================================================================
[2026-09-17T18:08:06.221+0000] {manager.py:997} INFO - 
================================================================================
DAG File Processing Stats

File Path                                               PID    Runtime      # DAGs    # Errors  Last Runtime    Last Run               Last # of DB Queries
------------------------------------------------------  -----  ---------  --------  ----------  --------------  -------------------  ----------------------
/opt/airflow/dags/etl_sederhana_25_572885_PPA_07200.py                           1           0  1.62s           2026-09-17T18:08:06                      12
================================================================================
[2026-09-17T18:08:37.703+0000] {manager.py:997} INFO - 
================================================================================
DAG File Processing Stats

File Path                                               PID    Runtime      # DAGs    # Errors  Last Runtime    Last Run               Last # of DB Queries
------------------------------------------------------  -----  ---------  --------  ----------  --------------  -------------------  ----------------------
/opt/airflow/dags/etl_sederhana_25_572885_PPA_07200.py                           1           0  1.35s           2026-09-17T18:08:37                      12
================================================================================
[2026-09-17T18:08:44.901+0000] {manager.py:821} INFO - Searching for files in /opt/airflow/dags
[2026-09-17T18:08:44.949+0000] {manager.py:824} INFO - There are 1 files in /opt/airflow/dags
[2026-09-17T18:09:09.984+0000] {manager.py:997} INFO - 
================================================================================
DAG File Processing Stats

File Path                                               PID    Runtime      # DAGs    # Errors  Last Runtime    Last Run               Last # of DB Queries
------------------------------------------------------  -----  ---------  --------  ----------  --------------  -------------------  ----------------------
/opt/airflow/dags/etl_sederhana_25_572885_PPA_07200.py                           1           0  2.15s           2026-09-17T18:09:09                      12
================================================================================
[2026-09-17T18:09:41.107+0000] {manager.py:997} INFO - 
================================================================================
DAG File Processing Stats

File Path                                               PID    Runtime      # DAGs    # Errors  Last Runtime    Last Run               Last # of DB Queries
------------------------------------------------------  -----  ---------  --------  ----------  --------------  -------------------  ----------------------
/opt/airflow/dags/etl_sederhana_25_572885_PPA_07200.py                           1           0  1.01s           2026-09-17T18:09:41                      12
================================================================================
[2026-09-17T18:10:12.196+0000] {manager.py:997} INFO - 
================================================================================
DAG File Processing Stats

File Path                                               PID    Runtime      # DAGs    # Errors  Last Runtime    Last Run               Last # of DB Queries
------------------------------------------------------  -----  ---------  --------  ----------  --------------  -------------------  ----------------------
/opt/airflow/dags/etl_sederhana_25_572885_PPA_07200.py                           1           0  1.01s           2026-09-17T18:10:12                      12
================================================================================
[2026-09-17T18:10:43.122+0000] {manager.py:997} INFO - 
================================================================================
DAG File Processing Stats

File Path                                               PID    Runtime      # DAGs    # Errors  Last Runtime    Last Run               Last # of DB Queries
------------------------------------------------------  -----  ---------  --------  ----------  --------------  -------------------  ----------------------
/opt/airflow/dags/etl_sederhana_25_572885_PPA_07200.py                           1           0  0.81s           2026-09-17T18:10:43                      12
================================================================================
[2026-09-17T18:11:14.414+0000] {manager.py:997} INFO - 
================================================================================
DAG File Processing Stats

File Path                                               PID    Runtime      # DAGs    # Errors  Last Runtime    Last Run               Last # of DB Queries
------------------------------------------------------  -----  ---------  --------  ----------  --------------  -------------------  ----------------------
/opt/airflow/dags/etl_sederhana_25_572885_PPA_07200.py                           1           0  1.22s           2026-09-17T18:11:14                      12
================================================================================
[2026-09-17T18:11:45.227+0000] {manager.py:997} INFO - 
================================================================================
DAG File Processing Stats

File Path                                               PID    Runtime      # DAGs    # Errors  Last Runtime    Last Run               Last # of DB Queries
------------------------------------------------------  -----  ---------  --------  ----------  --------------  -------------------  ----------------------
/opt/airflow/dags/etl_sederhana_25_572885_PPA_07200.py                           1           0  0.71s           2026-09-17T18:11:45                      12
================================================================================
[2026-09-17T18:12:16.121+0000] {manager.py:997} INFO - 
================================================================================
DAG File Processing Stats

File Path                                               PID    Runtime      # DAGs    # Errors  Last Runtime    Last Run               Last # of DB Queries
------------------------------------------------------  -----  ---------  --------  ----------  --------------  -------------------  ----------------------
/opt/airflow/dags/etl_sederhana_25_572885_PPA_07200.py                           1           0  0.81s           2026-09-17T18:12:16                      12
================================================================================
[2026-09-17T18:12:48.178+0000] {manager.py:997} INFO - 
================================================================================
DAG File Processing Stats

File Path                                               PID    Runtime      # DAGs    # Errors  Last Runtime    Last Run               Last # of DB Queries
------------------------------------------------------  -----  ---------  --------  ----------  --------------  -------------------  ----------------------
/opt/airflow/dags/etl_sederhana_25_572885_PPA_07200.py                           1           0  1.97s           2026-09-17T18:12:48                      12
================================================================================
[2026-09-17T18:13:19.739+0000] {manager.py:997} INFO - 
================================================================================
DAG File Processing Stats

File Path                                               PID    Runtime      # DAGs    # Errors  Last Runtime    Last Run               Last # of DB Queries
------------------------------------------------------  -----  ---------  --------  ----------  --------------  -------------------  ----------------------
/opt/airflow/dags/etl_sederhana_25_572885_PPA_07200.py                           1           0  1.42s           2026-09-17T18:13:19                      12
================================================================================
[2026-09-17T18:13:45.007+0000] {manager.py:821} INFO - Searching for files in /opt/airflow/dags
[2026-09-17T18:13:45.041+0000] {manager.py:824} INFO - There are 1 files in /opt/airflow/dags
[2026-09-17T18:13:50.763+0000] {manager.py:997} INFO - 
================================================================================
DAG File Processing Stats

File Path                                               PID    Runtime      # DAGs    # Errors  Last Runtime    Last Run               Last # of DB Queries
------------------------------------------------------  -----  ---------  --------  ----------  --------------  -------------------  ----------------------
/opt/airflow/dags/etl_sederhana_25_572885_PPA_07200.py                           1           0  0.91s           2026-09-17T18:13:50                      12
================================================================================
[2026-09-17T18:14:23.112+0000] {manager.py:997} INFO - 
================================================================================
DAG File Processing Stats

File Path                                               PID    Runtime      # DAGs    # Errors  Last Runtime    Last Run               Last # of DB Queries
------------------------------------------------------  -----  ---------  --------  ----------  --------------  -------------------  ----------------------
/opt/airflow/dags/etl_sederhana_25_572885_PPA_07200.py                           1           0  2.24s           2026-09-17T18:14:23                      12
================================================================================
[2026-09-17T18:14:54.266+0000] {manager.py:997} INFO - 
================================================================================
DAG File Processing Stats

File Path                                               PID    Runtime      # DAGs    # Errors  Last Runtime    Last Run               Last # of DB Queries
------------------------------------------------------  -----  ---------  --------  ----------  --------------  -------------------  ----------------------
/opt/airflow/dags/etl_sederhana_25_572885_PPA_07200.py                           1           0  1.01s           2026-09-17T18:14:54                      12
================================================================================
[2026-09-17T18:15:26.753+0000] {manager.py:997} INFO - 
================================================================================
DAG File Processing Stats

File Path                                               PID    Runtime      # DAGs    # Errors  Last Runtime    Last Run               Last # of DB Queries
------------------------------------------------------  -----  ---------  --------  ----------  --------------  -------------------  ----------------------
/opt/airflow/dags/etl_sederhana_25_572885_PPA_07200.py                           1           0  2.34s           2026-09-17T18:15:26                      12
================================================================================
[2026-09-17T18:15:58.138+0000] {manager.py:997} INFO - 
================================================================================
DAG File Processing Stats

File Path                                               PID    Runtime      # DAGs    # Errors  Last Runtime    Last Run               Last # of DB Queries
------------------------------------------------------  -----  ---------  --------  ----------  --------------  -------------------  ----------------------
/opt/airflow/dags/etl_sederhana_25_572885_PPA_07200.py                           1           0  1.23s           2026-09-17T18:15:58                      12
================================================================================
[2026-09-17T18:16:29.914+0000] {manager.py:997} INFO - 
================================================================================
DAG File Processing Stats

File Path                                               PID    Runtime      # DAGs    # Errors  Last Runtime    Last Run               Last # of DB Queries
------------------------------------------------------  -----  ---------  --------  ----------  --------------  -------------------  ----------------------
/opt/airflow/dags/etl_sederhana_25_572885_PPA_07200.py                           1           0  1.62s           2026-09-17T18:16:29                      12
================================================================================
[2026-09-17T18:17:01.013+0000] {manager.py:997} INFO - 
================================================================================
DAG File Processing Stats

File Path                                               PID    Runtime      # DAGs    # Errors  Last Runtime    Last Run               Last # of DB Queries
------------------------------------------------------  -----  ---------  --------  ----------  --------------  -------------------  ----------------------
/opt/airflow/dags/etl_sederhana_25_572885_PPA_07200.py                           1           0  0.91s           2026-09-17T18:17:01                      12
================================================================================
[2026-09-17T18:17:32.351+0000] {manager.py:997} INFO - 
================================================================================
DAG File Processing Stats

File Path                                               PID    Runtime      # DAGs    # Errors  Last Runtime    Last Run               Last # of DB Queries
------------------------------------------------------  -----  ---------  --------  ----------  --------------  -------------------  ----------------------
/opt/airflow/dags/etl_sederhana_25_572885_PPA_07200.py                           1           0  1.23s           2026-09-17T18:17:32                      12
================================================================================
[2026-09-17T18:18:04.918+0000] {manager.py:997} INFO - 
================================================================================
DAG File Processing Stats

File Path                                               PID    Runtime      # DAGs    # Errors  Last Runtime    Last Run               Last # of DB Queries
------------------------------------------------------  -----  ---------  --------  ----------  --------------  -------------------  ----------------------
/opt/airflow/dags/etl_sederhana_25_572885_PPA_07200.py                           1           0  2.44s           2026-09-17T18:18:04                      12
================================================================================
[2026-09-17T18:18:36.310+0000] {manager.py:997} INFO - 
================================================================================
DAG File Processing Stats

File Path                                               PID    Runtime      # DAGs    # Errors  Last Runtime    Last Run               Last # of DB Queries
------------------------------------------------------  -----  ---------  --------  ----------  --------------  -------------------  ----------------------
/opt/airflow/dags/etl_sederhana_25_572885_PPA_07200.py                           1           0  1.01s           2026-09-17T18:18:36                      12
================================================================================
[2026-09-17T18:18:45.634+0000] {manager.py:821} INFO - Searching for files in /opt/airflow/dags
[2026-09-17T18:18:45.738+0000] {manager.py:824} INFO - There are 1 files in /opt/airflow/dags
[2026-09-17T18:19:14.022+0000] {manager.py:997} INFO - 
================================================================================
DAG File Processing Stats

File Path                                               PID    Runtime      # DAGs    # Errors  Last Runtime    Last Run               Last # of DB Queries
------------------------------------------------------  -----  ---------  --------  ----------  --------------  -------------------  ----------------------
/opt/airflow/dags/etl_sederhana_25_572885_PPA_07200.py                           1           0  7.37s           2026-09-17T18:19:14                      12
================================================================================
[2026-09-17T18:19:46.905+0000] {manager.py:997} INFO - 
================================================================================
DAG File Processing Stats

File Path                                               PID    Runtime      # DAGs    # Errors  Last Runtime    Last Run               Last # of DB Queries
------------------------------------------------------  -----  ---------  --------  ----------  --------------  -------------------  ----------------------
/opt/airflow/dags/etl_sederhana_25_572885_PPA_07200.py                           1           0  2.72s           2026-09-17T18:19:46                      12
================================================================================
[2026-09-17T18:20:18.159+0000] {manager.py:997} INFO - 
================================================================================
DAG File Processing Stats

File Path                                               PID    Runtime      # DAGs    # Errors  Last Runtime    Last Run               Last # of DB Queries
------------------------------------------------------  -----  ---------  --------  ----------  --------------  -------------------  ----------------------
/opt/airflow/dags/etl_sederhana_25_572885_PPA_07200.py                           1           0  1.12s           2026-09-17T18:20:18                      12
================================================================================
[2026-09-17T18:20:49.501+0000] {manager.py:997} INFO - 
================================================================================
DAG File Processing Stats

File Path                                               PID    Runtime      # DAGs    # Errors  Last Runtime    Last Run               Last # of DB Queries
------------------------------------------------------  -----  ---------  --------  ----------  --------------  -------------------  ----------------------
/opt/airflow/dags/etl_sederhana_25_572885_PPA_07200.py                           1           0  1.21s           2026-09-17T18:20:49                      12
================================================================================
[2026-09-17T18:21:20.647+0000] {manager.py:997} INFO - 
================================================================================
DAG File Processing Stats

File Path                                               PID    Runtime      # DAGs    # Errors  Last Runtime    Last Run               Last # of DB Queries
------------------------------------------------------  -----  ---------  --------  ----------  --------------  -------------------  ----------------------
/opt/airflow/dags/etl_sederhana_25_572885_PPA_07200.py                           1           0  1.01s           2026-09-17T18:21:20                      12
================================================================================
[2026-09-17T18:21:52.072+0000] {manager.py:997} INFO - 
================================================================================
DAG File Processing Stats

File Path                                               PID    Runtime      # DAGs    # Errors  Last Runtime    Last Run               Last # of DB Queries
------------------------------------------------------  -----  ---------  --------  ----------  --------------  -------------------  ----------------------
/opt/airflow/dags/etl_sederhana_25_572885_PPA_07200.py                           1           0  1.33s           2026-09-17T18:21:52                      12
================================================================================
[2026-09-17T18:22:23.788+0000] {manager.py:997} INFO - 
================================================================================
DAG File Processing Stats

File Path                                               PID    Runtime      # DAGs    # Errors  Last Runtime    Last Run               Last # of DB Queries
------------------------------------------------------  -----  ---------  --------  ----------  --------------  -------------------  ----------------------
/opt/airflow/dags/etl_sederhana_25_572885_PPA_07200.py                           1           0  1.61s           2026-09-17T18:22:23                      12
================================================================================
[2026-09-17T18:23:03.756+0000] {manager.py:997} INFO - 
================================================================================
DAG File Processing Stats

File Path                                               PID    Runtime      # DAGs    # Errors  Last Runtime    Last Run               Last # of DB Queries
------------------------------------------------------  -----  ---------  --------  ----------  --------------  -------------------  ----------------------
/opt/airflow/dags/etl_sederhana_25_572885_PPA_07200.py                           1           0  8.95s           2026-09-17T18:23:03                      12
================================================================================
[2026-09-17T18:23:36.278+0000] {manager.py:997} INFO - 
================================================================================
DAG File Processing Stats

File Path                                               PID    Runtime      # DAGs    # Errors  Last Runtime    Last Run               Last # of DB Queries
------------------------------------------------------  -----  ---------  --------  ----------  --------------  -------------------  ----------------------
/opt/airflow/dags/etl_sederhana_25_572885_PPA_07200.py                           1           0  2.33s           2026-09-17T18:23:36                      12
================================================================================
