[2026-09-15T13:26:33.515+0000] {processor.py:186} INFO - Started process (PID=93) to work on /opt/airflow/dags/etl_sederhana_25_572885_PPA_07200.py
[2026-09-15T13:26:33.519+0000] {processor.py:914} INFO - Processing file /opt/airflow/dags/etl_sederhana_25_572885_PPA_07200.py for tasks to queue
[2026-09-15T13:26:33.523+0000] {logging_mixin.py:190} INFO - [2026-09-15T13:26:33.523+0000] {dagbag.py:588} INFO - Filling up the DagBag from /opt/airflow/dags/etl_sederhana_25_572885_PPA_07200.py
[2026-09-15T13:26:35.476+0000] {processor.py:925} INFO - DAG(s) 'etl_sederhana_25_572885_PPA_07200' retrieved from /opt/airflow/dags/etl_sederhana_25_572885_PPA_07200.py
[2026-09-15T13:26:35.615+0000] {logging_mixin.py:190} INFO - [2026-09-15T13:26:35.614+0000] {override.py:1912} INFO - Created Permission View: can edit on DAG:etl_sederhana_25_572885_PPA_07200
[2026-09-15T13:26:35.639+0000] {logging_mixin.py:190} INFO - [2026-09-15T13:26:35.638+0000] {override.py:1912} INFO - Created Permission View: can read on DAG:etl_sederhana_25_572885_PPA_07200
[2026-09-15T13:26:35.657+0000] {logging_mixin.py:190} INFO - [2026-09-15T13:26:35.656+0000] {override.py:1912} INFO - Created Permission View: can delete on DAG:etl_sederhana_25_572885_PPA_07200
[2026-09-15T13:26:35.689+0000] {logging_mixin.py:190} INFO - [2026-09-15T13:26:35.688+0000] {override.py:1912} INFO - Created Permission View: can create on DAG Run:etl_sederhana_25_572885_PPA_07200
[2026-09-15T13:26:35.711+0000] {logging_mixin.py:190} INFO - [2026-09-15T13:26:35.710+0000] {override.py:1912} INFO - Created Permission View: menu access on DAG Run:etl_sederhana_25_572885_PPA_07200
[2026-09-15T13:26:35.734+0000] {logging_mixin.py:190} INFO - [2026-09-15T13:26:35.733+0000] {override.py:1912} INFO - Created Permission View: can read on DAG Run:etl_sederhana_25_572885_PPA_07200
[2026-09-15T13:26:35.751+0000] {logging_mixin.py:190} INFO - [2026-09-15T13:26:35.750+0000] {override.py:1912} INFO - Created Permission View: can delete on DAG Run:etl_sederhana_25_572885_PPA_07200
[2026-09-15T13:26:35.754+0000] {logging_mixin.py:190} INFO - [2026-09-15T13:26:35.753+0000] {dag.py:3239} INFO - Sync 1 DAGs
[2026-09-15T13:26:35.766+0000] {logging_mixin.py:190} INFO - [2026-09-15T13:26:35.766+0000] {dag.py:3262} INFO - Creating ORM DAG for etl_sederhana_25_572885_PPA_07200
[2026-09-15T13:26:35.778+0000] {logging_mixin.py:190} INFO - [2026-09-15T13:26:35.778+0000] {dag.py:4180} INFO - Setting next_dagrun for etl_sederhana_25_572885_PPA_07200 to 2026-09-14 00:00:00+00:00, run_after=2026-09-15 00:00:00+00:00
[2026-09-15T13:26:35.809+0000] {processor.py:208} INFO - Processing /opt/airflow/dags/etl_sederhana_25_572885_PPA_07200.py took 2.304 seconds
[2026-09-15T13:27:06.762+0000] {processor.py:186} INFO - Started process (PID=169) to work on /opt/airflow/dags/etl_sederhana_25_572885_PPA_07200.py
[2026-09-15T13:27:06.763+0000] {processor.py:914} INFO - Processing file /opt/airflow/dags/etl_sederhana_25_572885_PPA_07200.py for tasks to queue
[2026-09-15T13:27:06.766+0000] {logging_mixin.py:190} INFO - [2026-09-15T13:27:06.766+0000] {dagbag.py:588} INFO - Filling up the DagBag from /opt/airflow/dags/etl_sederhana_25_572885_PPA_07200.py
[2026-09-15T13:27:07.158+0000] {processor.py:925} INFO - DAG(s) 'etl_sederhana_25_572885_PPA_07200' retrieved from /opt/airflow/dags/etl_sederhana_25_572885_PPA_07200.py
[2026-09-15T13:27:07.171+0000] {logging_mixin.py:190} INFO - [2026-09-15T13:27:07.170+0000] {dag.py:3239} INFO - Sync 1 DAGs
[2026-09-15T13:27:07.184+0000] {logging_mixin.py:190} INFO - [2026-09-15T13:27:07.184+0000] {dag.py:4180} INFO - Setting next_dagrun for etl_sederhana_25_572885_PPA_07200 to 2026-09-14 00:00:00+00:00, run_after=2026-09-15 00:00:00+00:00
[2026-09-15T13:27:07.206+0000] {processor.py:208} INFO - Processing /opt/airflow/dags/etl_sederhana_25_572885_PPA_07200.py took 0.450 seconds
[2026-09-15T13:27:38.202+0000] {processor.py:186} INFO - Started process (PID=179) to work on /opt/airflow/dags/etl_sederhana_25_572885_PPA_07200.py
[2026-09-15T13:27:38.206+0000] {processor.py:914} INFO - Processing file /opt/airflow/dags/etl_sederhana_25_572885_PPA_07200.py for tasks to queue
[2026-09-15T13:27:38.212+0000] {logging_mixin.py:190} INFO - [2026-09-15T13:27:38.212+0000] {dagbag.py:588} INFO - Filling up the DagBag from /opt/airflow/dags/etl_sederhana_25_572885_PPA_07200.py
[2026-09-15T13:27:40.728+0000] {processor.py:925} INFO - DAG(s) 'etl_sederhana_25_572885_PPA_07200' retrieved from /opt/airflow/dags/etl_sederhana_25_572885_PPA_07200.py
[2026-09-15T13:27:40.757+0000] {logging_mixin.py:190} INFO - [2026-09-15T13:27:40.756+0000] {dag.py:3239} INFO - Sync 1 DAGs
[2026-09-15T13:27:40.786+0000] {logging_mixin.py:190} INFO - [2026-09-15T13:27:40.786+0000] {dag.py:4180} INFO - Setting next_dagrun for etl_sederhana_25_572885_PPA_07200 to 2026-09-14 00:00:00+00:00, run_after=2026-09-15 00:00:00+00:00
[2026-09-15T13:27:40.821+0000] {processor.py:208} INFO - Processing /opt/airflow/dags/etl_sederhana_25_572885_PPA_07200.py took 2.628 seconds
[2026-09-15T13:28:11.270+0000] {processor.py:186} INFO - Started process (PID=188) to work on /opt/airflow/dags/etl_sederhana_25_572885_PPA_07200.py
[2026-09-15T13:28:11.272+0000] {processor.py:914} INFO - Processing file /opt/airflow/dags/etl_sederhana_25_572885_PPA_07200.py for tasks to queue
[2026-09-15T13:28:11.280+0000] {logging_mixin.py:190} INFO - [2026-09-15T13:28:11.279+0000] {dagbag.py:588} INFO - Filling up the DagBag from /opt/airflow/dags/etl_sederhana_25_572885_PPA_07200.py
[2026-09-15T13:28:11.743+0000] {processor.py:925} INFO - DAG(s) 'etl_sederhana_25_572885_PPA_07200' retrieved from /opt/airflow/dags/etl_sederhana_25_572885_PPA_07200.py
[2026-09-15T13:28:11.756+0000] {logging_mixin.py:190} INFO - [2026-09-15T13:28:11.756+0000] {dag.py:3239} INFO - Sync 1 DAGs
[2026-09-15T13:28:11.770+0000] {logging_mixin.py:190} INFO - [2026-09-15T13:28:11.769+0000] {dag.py:4180} INFO - Setting next_dagrun for etl_sederhana_25_572885_PPA_07200 to 2026-09-14 00:00:00+00:00, run_after=2026-09-15 00:00:00+00:00
[2026-09-15T13:28:11.796+0000] {processor.py:208} INFO - Processing /opt/airflow/dags/etl_sederhana_25_572885_PPA_07200.py took 0.532 seconds
[2026-09-15T13:28:42.179+0000] {processor.py:186} INFO - Started process (PID=197) to work on /opt/airflow/dags/etl_sederhana_25_572885_PPA_07200.py
[2026-09-15T13:28:42.182+0000] {processor.py:914} INFO - Processing file /opt/airflow/dags/etl_sederhana_25_572885_PPA_07200.py for tasks to queue
[2026-09-15T13:28:42.184+0000] {logging_mixin.py:190} INFO - [2026-09-15T13:28:42.184+0000] {dagbag.py:588} INFO - Filling up the DagBag from /opt/airflow/dags/etl_sederhana_25_572885_PPA_07200.py
[2026-09-15T13:28:42.551+0000] {processor.py:925} INFO - DAG(s) 'etl_sederhana_25_572885_PPA_07200' retrieved from /opt/airflow/dags/etl_sederhana_25_572885_PPA_07200.py
[2026-09-15T13:28:42.566+0000] {logging_mixin.py:190} INFO - [2026-09-15T13:28:42.565+0000] {dag.py:3239} INFO - Sync 1 DAGs
[2026-09-15T13:28:42.583+0000] {logging_mixin.py:190} INFO - [2026-09-15T13:28:42.583+0000] {dag.py:4180} INFO - Setting next_dagrun for etl_sederhana_25_572885_PPA_07200 to 2026-09-14 00:00:00+00:00, run_after=2026-09-15 00:00:00+00:00
[2026-09-15T13:28:42.608+0000] {processor.py:208} INFO - Processing /opt/airflow/dags/etl_sederhana_25_572885_PPA_07200.py took 0.438 seconds
[2026-09-15T13:29:13.083+0000] {processor.py:186} INFO - Started process (PID=206) to work on /opt/airflow/dags/etl_sederhana_25_572885_PPA_07200.py
[2026-09-15T13:29:13.090+0000] {processor.py:914} INFO - Processing file /opt/airflow/dags/etl_sederhana_25_572885_PPA_07200.py for tasks to queue
[2026-09-15T13:29:13.097+0000] {logging_mixin.py:190} INFO - [2026-09-15T13:29:13.096+0000] {dagbag.py:588} INFO - Filling up the DagBag from /opt/airflow/dags/etl_sederhana_25_572885_PPA_07200.py
[2026-09-15T13:29:13.602+0000] {processor.py:925} INFO - DAG(s) 'etl_sederhana_25_572885_PPA_07200' retrieved from /opt/airflow/dags/etl_sederhana_25_572885_PPA_07200.py
[2026-09-15T13:29:13.621+0000] {logging_mixin.py:190} INFO - [2026-09-15T13:29:13.621+0000] {dag.py:3239} INFO - Sync 1 DAGs
[2026-09-15T13:29:13.637+0000] {logging_mixin.py:190} INFO - [2026-09-15T13:29:13.637+0000] {dag.py:4180} INFO - Setting next_dagrun for etl_sederhana_25_572885_PPA_07200 to 2026-09-14 00:00:00+00:00, run_after=2026-09-15 00:00:00+00:00
[2026-09-15T13:29:13.668+0000] {processor.py:208} INFO - Processing /opt/airflow/dags/etl_sederhana_25_572885_PPA_07200.py took 0.600 seconds
[2026-09-15T13:29:44.052+0000] {processor.py:186} INFO - Started process (PID=215) to work on /opt/airflow/dags/etl_sederhana_25_572885_PPA_07200.py
[2026-09-15T13:29:44.055+0000] {processor.py:914} INFO - Processing file /opt/airflow/dags/etl_sederhana_25_572885_PPA_07200.py for tasks to queue
[2026-09-15T13:29:44.058+0000] {logging_mixin.py:190} INFO - [2026-09-15T13:29:44.058+0000] {dagbag.py:588} INFO - Filling up the DagBag from /opt/airflow/dags/etl_sederhana_25_572885_PPA_07200.py
[2026-09-15T13:29:44.428+0000] {processor.py:925} INFO - DAG(s) 'etl_sederhana_25_572885_PPA_07200' retrieved from /opt/airflow/dags/etl_sederhana_25_572885_PPA_07200.py
[2026-09-15T13:29:44.441+0000] {logging_mixin.py:190} INFO - [2026-09-15T13:29:44.441+0000] {dag.py:3239} INFO - Sync 1 DAGs
[2026-09-15T13:29:44.454+0000] {logging_mixin.py:190} INFO - [2026-09-15T13:29:44.454+0000] {dag.py:4180} INFO - Setting next_dagrun for etl_sederhana_25_572885_PPA_07200 to 2026-09-14 00:00:00+00:00, run_after=2026-09-15 00:00:00+00:00
[2026-09-15T13:29:44.485+0000] {processor.py:208} INFO - Processing /opt/airflow/dags/etl_sederhana_25_572885_PPA_07200.py took 0.438 seconds
[2026-09-15T13:30:14.781+0000] {processor.py:186} INFO - Started process (PID=224) to work on /opt/airflow/dags/etl_sederhana_25_572885_PPA_07200.py
[2026-09-15T13:30:14.784+0000] {processor.py:914} INFO - Processing file /opt/airflow/dags/etl_sederhana_25_572885_PPA_07200.py for tasks to queue
[2026-09-15T13:30:14.789+0000] {logging_mixin.py:190} INFO - [2026-09-15T13:30:14.788+0000] {dagbag.py:588} INFO - Filling up the DagBag from /opt/airflow/dags/etl_sederhana_25_572885_PPA_07200.py
[2026-09-15T13:30:15.228+0000] {processor.py:925} INFO - DAG(s) 'etl_sederhana_25_572885_PPA_07200' retrieved from /opt/airflow/dags/etl_sederhana_25_572885_PPA_07200.py
[2026-09-15T13:30:15.242+0000] {logging_mixin.py:190} INFO - [2026-09-15T13:30:15.241+0000] {dag.py:3239} INFO - Sync 1 DAGs
[2026-09-15T13:30:15.258+0000] {logging_mixin.py:190} INFO - [2026-09-15T13:30:15.257+0000] {dag.py:4180} INFO - Setting next_dagrun for etl_sederhana_25_572885_PPA_07200 to 2026-09-14 00:00:00+00:00, run_after=2026-09-15 00:00:00+00:00
[2026-09-15T13:30:15.294+0000] {processor.py:208} INFO - Processing /opt/airflow/dags/etl_sederhana_25_572885_PPA_07200.py took 0.521 seconds
[2026-09-15T13:30:45.516+0000] {processor.py:186} INFO - Started process (PID=234) to work on /opt/airflow/dags/etl_sederhana_25_572885_PPA_07200.py
[2026-09-15T13:30:45.518+0000] {processor.py:914} INFO - Processing file /opt/airflow/dags/etl_sederhana_25_572885_PPA_07200.py for tasks to queue
[2026-09-15T13:30:45.521+0000] {logging_mixin.py:190} INFO - [2026-09-15T13:30:45.521+0000] {dagbag.py:588} INFO - Filling up the DagBag from /opt/airflow/dags/etl_sederhana_25_572885_PPA_07200.py
[2026-09-15T13:30:45.937+0000] {processor.py:925} INFO - DAG(s) 'etl_sederhana_25_572885_PPA_07200' retrieved from /opt/airflow/dags/etl_sederhana_25_572885_PPA_07200.py
[2026-09-15T13:30:45.954+0000] {logging_mixin.py:190} INFO - [2026-09-15T13:30:45.953+0000] {dag.py:3239} INFO - Sync 1 DAGs
[2026-09-15T13:30:45.968+0000] {logging_mixin.py:190} INFO - [2026-09-15T13:30:45.968+0000] {dag.py:4180} INFO - Setting next_dagrun for etl_sederhana_25_572885_PPA_07200 to 2026-09-14 00:00:00+00:00, run_after=2026-09-15 00:00:00+00:00
[2026-09-15T13:30:45.993+0000] {processor.py:208} INFO - Processing /opt/airflow/dags/etl_sederhana_25_572885_PPA_07200.py took 0.482 seconds
[2026-09-15T13:31:16.232+0000] {processor.py:186} INFO - Started process (PID=243) to work on /opt/airflow/dags/etl_sederhana_25_572885_PPA_07200.py
[2026-09-15T13:31:16.235+0000] {processor.py:914} INFO - Processing file /opt/airflow/dags/etl_sederhana_25_572885_PPA_07200.py for tasks to queue
[2026-09-15T13:31:16.238+0000] {logging_mixin.py:190} INFO - [2026-09-15T13:31:16.238+0000] {dagbag.py:588} INFO - Filling up the DagBag from /opt/airflow/dags/etl_sederhana_25_572885_PPA_07200.py
[2026-09-15T13:31:16.721+0000] {processor.py:925} INFO - DAG(s) 'etl_sederhana_25_572885_PPA_07200' retrieved from /opt/airflow/dags/etl_sederhana_25_572885_PPA_07200.py
[2026-09-15T13:31:16.739+0000] {logging_mixin.py:190} INFO - [2026-09-15T13:31:16.738+0000] {dag.py:3239} INFO - Sync 1 DAGs
[2026-09-15T13:31:16.756+0000] {logging_mixin.py:190} INFO - [2026-09-15T13:31:16.755+0000] {dag.py:4180} INFO - Setting next_dagrun for etl_sederhana_25_572885_PPA_07200 to 2026-09-14 00:00:00+00:00, run_after=2026-09-15 00:00:00+00:00
[2026-09-15T13:31:16.783+0000] {processor.py:208} INFO - Processing /opt/airflow/dags/etl_sederhana_25_572885_PPA_07200.py took 0.557 seconds
[2026-09-15T13:31:47.054+0000] {processor.py:186} INFO - Started process (PID=252) to work on /opt/airflow/dags/etl_sederhana_25_572885_PPA_07200.py
[2026-09-15T13:31:47.060+0000] {processor.py:914} INFO - Processing file /opt/airflow/dags/etl_sederhana_25_572885_PPA_07200.py for tasks to queue
[2026-09-15T13:31:47.067+0000] {logging_mixin.py:190} INFO - [2026-09-15T13:31:47.066+0000] {dagbag.py:588} INFO - Filling up the DagBag from /opt/airflow/dags/etl_sederhana_25_572885_PPA_07200.py
[2026-09-15T13:31:48.039+0000] {processor.py:925} INFO - DAG(s) 'etl_sederhana_25_572885_PPA_07200' retrieved from /opt/airflow/dags/etl_sederhana_25_572885_PPA_07200.py
[2026-09-15T13:31:48.071+0000] {logging_mixin.py:190} INFO - [2026-09-15T13:31:48.070+0000] {dag.py:3239} INFO - Sync 1 DAGs
[2026-09-15T13:31:48.106+0000] {logging_mixin.py:190} INFO - [2026-09-15T13:31:48.105+0000] {dag.py:4180} INFO - Setting next_dagrun for etl_sederhana_25_572885_PPA_07200 to 2026-09-14 00:00:00+00:00, run_after=2026-09-15 00:00:00+00:00
[2026-09-15T13:31:48.144+0000] {processor.py:208} INFO - Processing /opt/airflow/dags/etl_sederhana_25_572885_PPA_07200.py took 1.104 seconds
[2026-09-15T13:32:18.477+0000] {processor.py:186} INFO - Started process (PID=261) to work on /opt/airflow/dags/etl_sederhana_25_572885_PPA_07200.py
[2026-09-15T13:32:18.480+0000] {processor.py:914} INFO - Processing file /opt/airflow/dags/etl_sederhana_25_572885_PPA_07200.py for tasks to queue
[2026-09-15T13:32:18.484+0000] {logging_mixin.py:190} INFO - [2026-09-15T13:32:18.484+0000] {dagbag.py:588} INFO - Filling up the DagBag from /opt/airflow/dags/etl_sederhana_25_572885_PPA_07200.py
[2026-09-15T13:32:19.019+0000] {processor.py:925} INFO - DAG(s) 'etl_sederhana_25_572885_PPA_07200' retrieved from /opt/airflow/dags/etl_sederhana_25_572885_PPA_07200.py
[2026-09-15T13:32:19.035+0000] {logging_mixin.py:190} INFO - [2026-09-15T13:32:19.035+0000] {dag.py:3239} INFO - Sync 1 DAGs
[2026-09-15T13:32:19.051+0000] {logging_mixin.py:190} INFO - [2026-09-15T13:32:19.051+0000] {dag.py:4180} INFO - Setting next_dagrun for etl_sederhana_25_572885_PPA_07200 to 2026-09-14 00:00:00+00:00, run_after=2026-09-15 00:00:00+00:00
[2026-09-15T13:32:19.074+0000] {processor.py:208} INFO - Processing /opt/airflow/dags/etl_sederhana_25_572885_PPA_07200.py took 0.604 seconds
[2026-09-15T13:32:53.180+0000] {processor.py:186} INFO - Started process (PID=294) to work on /opt/airflow/dags/etl_sederhana_25_572885_PPA_07200.py
[2026-09-15T13:32:53.185+0000] {processor.py:914} INFO - Processing file /opt/airflow/dags/etl_sederhana_25_572885_PPA_07200.py for tasks to queue
[2026-09-15T13:32:53.193+0000] {logging_mixin.py:190} INFO - [2026-09-15T13:32:53.192+0000] {dagbag.py:588} INFO - Filling up the DagBag from /opt/airflow/dags/etl_sederhana_25_572885_PPA_07200.py
[2026-09-15T13:32:54.412+0000] {processor.py:925} INFO - DAG(s) 'etl_sederhana_25_572885_PPA_07200' retrieved from /opt/airflow/dags/etl_sederhana_25_572885_PPA_07200.py
[2026-09-15T13:32:54.460+0000] {logging_mixin.py:190} INFO - [2026-09-15T13:32:54.459+0000] {dag.py:3239} INFO - Sync 1 DAGs
[2026-09-15T13:32:54.510+0000] {logging_mixin.py:190} INFO - [2026-09-15T13:32:54.510+0000] {dag.py:4180} INFO - Setting next_dagrun for etl_sederhana_25_572885_PPA_07200 to 2026-09-15 00:00:00+00:00, run_after=2026-09-16 00:00:00+00:00
[2026-09-15T13:32:54.566+0000] {processor.py:208} INFO - Processing /opt/airflow/dags/etl_sederhana_25_572885_PPA_07200.py took 1.407 seconds
[2026-09-15T13:33:02.047+0000] {processor.py:186} INFO - Started process (PID=320) to work on /opt/airflow/dags/etl_sederhana_25_572885_PPA_07200.py
[2026-09-15T13:33:02.052+0000] {processor.py:914} INFO - Processing file /opt/airflow/dags/etl_sederhana_25_572885_PPA_07200.py for tasks to queue
[2026-09-15T13:33:02.062+0000] {logging_mixin.py:190} INFO - [2026-09-15T13:33:02.061+0000] {dagbag.py:588} INFO - Filling up the DagBag from /opt/airflow/dags/etl_sederhana_25_572885_PPA_07200.py
[2026-09-15T13:33:02.801+0000] {processor.py:925} INFO - DAG(s) 'etl_sederhana_25_572885_PPA_07200' retrieved from /opt/airflow/dags/etl_sederhana_25_572885_PPA_07200.py
[2026-09-15T13:33:02.834+0000] {logging_mixin.py:190} INFO - [2026-09-15T13:33:02.833+0000] {dag.py:3239} INFO - Sync 1 DAGs
[2026-09-15T13:33:02.872+0000] {logging_mixin.py:190} INFO - [2026-09-15T13:33:02.872+0000] {dag.py:4180} INFO - Setting next_dagrun for etl_sederhana_25_572885_PPA_07200 to 2026-09-15 00:00:00+00:00, run_after=2026-09-16 00:00:00+00:00
[2026-09-15T13:33:02.927+0000] {processor.py:208} INFO - Processing /opt/airflow/dags/etl_sederhana_25_572885_PPA_07200.py took 0.894 seconds
[2026-09-15T13:33:34.990+0000] {processor.py:186} INFO - Started process (PID=456) to work on /opt/airflow/dags/etl_sederhana_25_572885_PPA_07200.py
[2026-09-15T13:33:34.992+0000] {processor.py:914} INFO - Processing file /opt/airflow/dags/etl_sederhana_25_572885_PPA_07200.py for tasks to queue
[2026-09-15T13:33:34.996+0000] {logging_mixin.py:190} INFO - [2026-09-15T13:33:34.995+0000] {dagbag.py:588} INFO - Filling up the DagBag from /opt/airflow/dags/etl_sederhana_25_572885_PPA_07200.py
[2026-09-15T13:33:35.468+0000] {processor.py:925} INFO - DAG(s) 'etl_sederhana_25_572885_PPA_07200' retrieved from /opt/airflow/dags/etl_sederhana_25_572885_PPA_07200.py
[2026-09-15T13:33:35.486+0000] {logging_mixin.py:190} INFO - [2026-09-15T13:33:35.486+0000] {dag.py:3239} INFO - Sync 1 DAGs
[2026-09-15T13:33:35.505+0000] {logging_mixin.py:190} INFO - [2026-09-15T13:33:35.505+0000] {dag.py:4180} INFO - Setting next_dagrun for etl_sederhana_25_572885_PPA_07200 to 2026-09-15 00:00:00+00:00, run_after=2026-09-16 00:00:00+00:00
[2026-09-15T13:33:35.535+0000] {processor.py:208} INFO - Processing /opt/airflow/dags/etl_sederhana_25_572885_PPA_07200.py took 0.552 seconds
[2026-09-15T13:34:06.519+0000] {processor.py:186} INFO - Started process (PID=489) to work on /opt/airflow/dags/etl_sederhana_25_572885_PPA_07200.py
[2026-09-15T13:34:06.523+0000] {processor.py:914} INFO - Processing file /opt/airflow/dags/etl_sederhana_25_572885_PPA_07200.py for tasks to queue
[2026-09-15T13:34:06.527+0000] {logging_mixin.py:190} INFO - [2026-09-15T13:34:06.526+0000] {dagbag.py:588} INFO - Filling up the DagBag from /opt/airflow/dags/etl_sederhana_25_572885_PPA_07200.py
[2026-09-15T13:34:07.134+0000] {processor.py:925} INFO - DAG(s) 'etl_sederhana_25_572885_PPA_07200' retrieved from /opt/airflow/dags/etl_sederhana_25_572885_PPA_07200.py
[2026-09-15T13:34:07.155+0000] {logging_mixin.py:190} INFO - [2026-09-15T13:34:07.154+0000] {dag.py:3239} INFO - Sync 1 DAGs
[2026-09-15T13:34:07.175+0000] {logging_mixin.py:190} INFO - [2026-09-15T13:34:07.175+0000] {dag.py:4180} INFO - Setting next_dagrun for etl_sederhana_25_572885_PPA_07200 to 2026-09-15 00:00:00+00:00, run_after=2026-09-16 00:00:00+00:00
[2026-09-15T13:34:07.201+0000] {processor.py:208} INFO - Processing /opt/airflow/dags/etl_sederhana_25_572885_PPA_07200.py took 0.689 seconds
[2026-09-15T13:34:37.843+0000] {processor.py:186} INFO - Started process (PID=498) to work on /opt/airflow/dags/etl_sederhana_25_572885_PPA_07200.py
[2026-09-15T13:34:37.848+0000] {processor.py:914} INFO - Processing file /opt/airflow/dags/etl_sederhana_25_572885_PPA_07200.py for tasks to queue
[2026-09-15T13:34:37.853+0000] {logging_mixin.py:190} INFO - [2026-09-15T13:34:37.853+0000] {dagbag.py:588} INFO - Filling up the DagBag from /opt/airflow/dags/etl_sederhana_25_572885_PPA_07200.py
[2026-09-15T13:34:38.270+0000] {processor.py:925} INFO - DAG(s) 'etl_sederhana_25_572885_PPA_07200' retrieved from /opt/airflow/dags/etl_sederhana_25_572885_PPA_07200.py
[2026-09-15T13:34:38.283+0000] {logging_mixin.py:190} INFO - [2026-09-15T13:34:38.283+0000] {dag.py:3239} INFO - Sync 1 DAGs
[2026-09-15T13:34:38.297+0000] {logging_mixin.py:190} INFO - [2026-09-15T13:34:38.297+0000] {dag.py:4180} INFO - Setting next_dagrun for etl_sederhana_25_572885_PPA_07200 to 2026-09-15 00:00:00+00:00, run_after=2026-09-16 00:00:00+00:00
[2026-09-15T13:34:38.319+0000] {processor.py:208} INFO - Processing /opt/airflow/dags/etl_sederhana_25_572885_PPA_07200.py took 0.481 seconds
[2026-09-15T13:35:09.327+0000] {processor.py:186} INFO - Started process (PID=507) to work on /opt/airflow/dags/etl_sederhana_25_572885_PPA_07200.py
[2026-09-15T13:35:09.328+0000] {processor.py:914} INFO - Processing file /opt/airflow/dags/etl_sederhana_25_572885_PPA_07200.py for tasks to queue
[2026-09-15T13:35:09.331+0000] {logging_mixin.py:190} INFO - [2026-09-15T13:35:09.331+0000] {dagbag.py:588} INFO - Filling up the DagBag from /opt/airflow/dags/etl_sederhana_25_572885_PPA_07200.py
[2026-09-15T13:35:09.843+0000] {processor.py:925} INFO - DAG(s) 'etl_sederhana_25_572885_PPA_07200' retrieved from /opt/airflow/dags/etl_sederhana_25_572885_PPA_07200.py
[2026-09-15T13:35:09.868+0000] {logging_mixin.py:190} INFO - [2026-09-15T13:35:09.868+0000] {dag.py:3239} INFO - Sync 1 DAGs
[2026-09-15T13:35:09.886+0000] {logging_mixin.py:190} INFO - [2026-09-15T13:35:09.885+0000] {dag.py:4180} INFO - Setting next_dagrun for etl_sederhana_25_572885_PPA_07200 to 2026-09-15 00:00:00+00:00, run_after=2026-09-16 00:00:00+00:00
[2026-09-15T13:35:09.915+0000] {processor.py:208} INFO - Processing /opt/airflow/dags/etl_sederhana_25_572885_PPA_07200.py took 0.593 seconds
[2026-09-15T13:35:25.394+0000] {processor.py:186} INFO - Started process (PID=509) to work on /opt/airflow/dags/etl_sederhana_25_572885_PPA_07200.py
[2026-09-15T13:35:25.397+0000] {processor.py:914} INFO - Processing file /opt/airflow/dags/etl_sederhana_25_572885_PPA_07200.py for tasks to queue
[2026-09-15T13:35:25.402+0000] {logging_mixin.py:190} INFO - [2026-09-15T13:35:25.401+0000] {dagbag.py:588} INFO - Filling up the DagBag from /opt/airflow/dags/etl_sederhana_25_572885_PPA_07200.py
[2026-09-15T13:35:25.928+0000] {processor.py:925} INFO - DAG(s) 'etl_sederhana_25_572885_PPA_07200' retrieved from /opt/airflow/dags/etl_sederhana_25_572885_PPA_07200.py
[2026-09-15T13:35:25.945+0000] {logging_mixin.py:190} INFO - [2026-09-15T13:35:25.945+0000] {dag.py:3239} INFO - Sync 1 DAGs
[2026-09-15T13:35:25.965+0000] {logging_mixin.py:190} INFO - [2026-09-15T13:35:25.965+0000] {dag.py:4180} INFO - Setting next_dagrun for etl_sederhana_25_572885_PPA_07200 to 2026-09-15 00:00:00+00:00, run_after=2026-09-16 00:00:00+00:00
[2026-09-15T13:35:26.013+0000] {processor.py:208} INFO - Processing /opt/airflow/dags/etl_sederhana_25_572885_PPA_07200.py took 0.625 seconds
[2026-09-15T13:35:56.245+0000] {processor.py:186} INFO - Started process (PID=519) to work on /opt/airflow/dags/etl_sederhana_25_572885_PPA_07200.py
[2026-09-15T13:35:56.248+0000] {processor.py:914} INFO - Processing file /opt/airflow/dags/etl_sederhana_25_572885_PPA_07200.py for tasks to queue
[2026-09-15T13:35:56.256+0000] {logging_mixin.py:190} INFO - [2026-09-15T13:35:56.255+0000] {dagbag.py:588} INFO - Filling up the DagBag from /opt/airflow/dags/etl_sederhana_25_572885_PPA_07200.py
[2026-09-15T13:35:56.699+0000] {processor.py:925} INFO - DAG(s) 'etl_sederhana_25_572885_PPA_07200' retrieved from /opt/airflow/dags/etl_sederhana_25_572885_PPA_07200.py
[2026-09-15T13:35:56.712+0000] {logging_mixin.py:190} INFO - [2026-09-15T13:35:56.712+0000] {dag.py:3239} INFO - Sync 1 DAGs
[2026-09-15T13:35:56.726+0000] {logging_mixin.py:190} INFO - [2026-09-15T13:35:56.726+0000] {dag.py:4180} INFO - Setting next_dagrun for etl_sederhana_25_572885_PPA_07200 to 2026-09-15 00:00:00+00:00, run_after=2026-09-16 00:00:00+00:00
[2026-09-15T13:35:56.748+0000] {processor.py:208} INFO - Processing /opt/airflow/dags/etl_sederhana_25_572885_PPA_07200.py took 0.509 seconds
[2026-09-15T13:36:31.383+0000] {processor.py:186} INFO - Started process (PID=624) to work on /opt/airflow/dags/etl_sederhana_25_572885_PPA_07200.py
[2026-09-15T13:36:31.386+0000] {processor.py:914} INFO - Processing file /opt/airflow/dags/etl_sederhana_25_572885_PPA_07200.py for tasks to queue
[2026-09-15T13:36:31.391+0000] {logging_mixin.py:190} INFO - [2026-09-15T13:36:31.391+0000] {dagbag.py:588} INFO - Filling up the DagBag from /opt/airflow/dags/etl_sederhana_25_572885_PPA_07200.py
[2026-09-15T13:36:32.115+0000] {processor.py:925} INFO - DAG(s) 'etl_sederhana_25_572885_PPA_07200' retrieved from /opt/airflow/dags/etl_sederhana_25_572885_PPA_07200.py
[2026-09-15T13:36:32.150+0000] {logging_mixin.py:190} INFO - [2026-09-15T13:36:32.150+0000] {dag.py:3239} INFO - Sync 1 DAGs
[2026-09-15T13:36:32.194+0000] {logging_mixin.py:190} INFO - [2026-09-15T13:36:32.194+0000] {dag.py:4180} INFO - Setting next_dagrun for etl_sederhana_25_572885_PPA_07200 to 2026-09-15 00:00:00+00:00, run_after=2026-09-16 00:00:00+00:00
[2026-09-15T13:36:32.246+0000] {processor.py:208} INFO - Processing /opt/airflow/dags/etl_sederhana_25_572885_PPA_07200.py took 0.870 seconds
[2026-09-15T13:37:02.543+0000] {processor.py:186} INFO - Started process (PID=633) to work on /opt/airflow/dags/etl_sederhana_25_572885_PPA_07200.py
[2026-09-15T13:37:02.546+0000] {processor.py:914} INFO - Processing file /opt/airflow/dags/etl_sederhana_25_572885_PPA_07200.py for tasks to queue
[2026-09-15T13:37:02.550+0000] {logging_mixin.py:190} INFO - [2026-09-15T13:37:02.550+0000] {dagbag.py:588} INFO - Filling up the DagBag from /opt/airflow/dags/etl_sederhana_25_572885_PPA_07200.py
[2026-09-15T13:37:03.119+0000] {processor.py:925} INFO - DAG(s) 'etl_sederhana_25_572885_PPA_07200' retrieved from /opt/airflow/dags/etl_sederhana_25_572885_PPA_07200.py
[2026-09-15T13:37:03.137+0000] {logging_mixin.py:190} INFO - [2026-09-15T13:37:03.136+0000] {dag.py:3239} INFO - Sync 1 DAGs
[2026-09-15T13:37:03.155+0000] {logging_mixin.py:190} INFO - [2026-09-15T13:37:03.155+0000] {dag.py:4180} INFO - Setting next_dagrun for etl_sederhana_25_572885_PPA_07200 to 2026-09-15 00:00:00+00:00, run_after=2026-09-16 00:00:00+00:00
[2026-09-15T13:37:03.179+0000] {processor.py:208} INFO - Processing /opt/airflow/dags/etl_sederhana_25_572885_PPA_07200.py took 0.644 seconds
[2026-09-15T13:37:33.562+0000] {processor.py:186} INFO - Started process (PID=642) to work on /opt/airflow/dags/etl_sederhana_25_572885_PPA_07200.py
[2026-09-15T13:37:33.566+0000] {processor.py:914} INFO - Processing file /opt/airflow/dags/etl_sederhana_25_572885_PPA_07200.py for tasks to queue
[2026-09-15T13:37:33.571+0000] {logging_mixin.py:190} INFO - [2026-09-15T13:37:33.570+0000] {dagbag.py:588} INFO - Filling up the DagBag from /opt/airflow/dags/etl_sederhana_25_572885_PPA_07200.py
[2026-09-15T13:37:34.210+0000] {processor.py:925} INFO - DAG(s) 'etl_sederhana_25_572885_PPA_07200' retrieved from /opt/airflow/dags/etl_sederhana_25_572885_PPA_07200.py
[2026-09-15T13:37:34.234+0000] {logging_mixin.py:190} INFO - [2026-09-15T13:37:34.234+0000] {dag.py:3239} INFO - Sync 1 DAGs
[2026-09-15T13:37:34.261+0000] {logging_mixin.py:190} INFO - [2026-09-15T13:37:34.261+0000] {dag.py:4180} INFO - Setting next_dagrun for etl_sederhana_25_572885_PPA_07200 to 2026-09-15 00:00:00+00:00, run_after=2026-09-16 00:00:00+00:00
[2026-09-15T13:37:34.298+0000] {processor.py:208} INFO - Processing /opt/airflow/dags/etl_sederhana_25_572885_PPA_07200.py took 0.744 seconds
[2026-09-15T13:38:04.733+0000] {processor.py:186} INFO - Started process (PID=658) to work on /opt/airflow/dags/etl_sederhana_25_572885_PPA_07200.py
[2026-09-15T13:38:04.736+0000] {processor.py:914} INFO - Processing file /opt/airflow/dags/etl_sederhana_25_572885_PPA_07200.py for tasks to queue
[2026-09-15T13:38:04.744+0000] {logging_mixin.py:190} INFO - [2026-09-15T13:38:04.743+0000] {dagbag.py:588} INFO - Filling up the DagBag from /opt/airflow/dags/etl_sederhana_25_572885_PPA_07200.py
[2026-09-15T13:38:05.304+0000] {processor.py:925} INFO - DAG(s) 'etl_sederhana_25_572885_PPA_07200' retrieved from /opt/airflow/dags/etl_sederhana_25_572885_PPA_07200.py
[2026-09-15T13:38:05.324+0000] {logging_mixin.py:190} INFO - [2026-09-15T13:38:05.324+0000] {dag.py:3239} INFO - Sync 1 DAGs
[2026-09-15T13:38:05.346+0000] {logging_mixin.py:190} INFO - [2026-09-15T13:38:05.346+0000] {dag.py:4180} INFO - Setting next_dagrun for etl_sederhana_25_572885_PPA_07200 to 2026-09-15 00:00:00+00:00, run_after=2026-09-16 00:00:00+00:00
[2026-09-15T13:38:05.379+0000] {processor.py:208} INFO - Processing /opt/airflow/dags/etl_sederhana_25_572885_PPA_07200.py took 0.653 seconds
[2026-09-15T13:38:35.856+0000] {processor.py:186} INFO - Started process (PID=667) to work on /opt/airflow/dags/etl_sederhana_25_572885_PPA_07200.py
[2026-09-15T13:38:35.860+0000] {processor.py:914} INFO - Processing file /opt/airflow/dags/etl_sederhana_25_572885_PPA_07200.py for tasks to queue
[2026-09-15T13:38:35.866+0000] {logging_mixin.py:190} INFO - [2026-09-15T13:38:35.865+0000] {dagbag.py:588} INFO - Filling up the DagBag from /opt/airflow/dags/etl_sederhana_25_572885_PPA_07200.py
[2026-09-15T13:38:36.281+0000] {processor.py:925} INFO - DAG(s) 'etl_sederhana_25_572885_PPA_07200' retrieved from /opt/airflow/dags/etl_sederhana_25_572885_PPA_07200.py
[2026-09-15T13:38:36.294+0000] {logging_mixin.py:190} INFO - [2026-09-15T13:38:36.294+0000] {dag.py:3239} INFO - Sync 1 DAGs
[2026-09-15T13:38:36.311+0000] {logging_mixin.py:190} INFO - [2026-09-15T13:38:36.310+0000] {dag.py:4180} INFO - Setting next_dagrun for etl_sederhana_25_572885_PPA_07200 to 2026-09-15 00:00:00+00:00, run_after=2026-09-16 00:00:00+00:00
[2026-09-15T13:38:36.341+0000] {processor.py:208} INFO - Processing /opt/airflow/dags/etl_sederhana_25_572885_PPA_07200.py took 0.497 seconds
[2026-09-15T13:38:55.066+0000] {processor.py:186} INFO - Started process (PID=669) to work on /opt/airflow/dags/etl_sederhana_25_572885_PPA_07200.py
[2026-09-15T13:38:55.071+0000] {processor.py:914} INFO - Processing file /opt/airflow/dags/etl_sederhana_25_572885_PPA_07200.py for tasks to queue
[2026-09-15T13:38:55.075+0000] {logging_mixin.py:190} INFO - [2026-09-15T13:38:55.075+0000] {dagbag.py:588} INFO - Filling up the DagBag from /opt/airflow/dags/etl_sederhana_25_572885_PPA_07200.py
[2026-09-15T13:38:55.682+0000] {processor.py:925} INFO - DAG(s) 'etl_sederhana_25_572885_PPA_07200' retrieved from /opt/airflow/dags/etl_sederhana_25_572885_PPA_07200.py
[2026-09-15T13:38:55.701+0000] {logging_mixin.py:190} INFO - [2026-09-15T13:38:55.701+0000] {dag.py:3239} INFO - Sync 1 DAGs
[2026-09-15T13:38:55.721+0000] {logging_mixin.py:190} INFO - [2026-09-15T13:38:55.721+0000] {dag.py:4180} INFO - Setting next_dagrun for etl_sederhana_25_572885_PPA_07200 to 2026-09-15 00:00:00+00:00, run_after=2026-09-16 00:00:00+00:00
[2026-09-15T13:38:55.760+0000] {processor.py:208} INFO - Processing /opt/airflow/dags/etl_sederhana_25_572885_PPA_07200.py took 0.710 seconds
[2026-09-15T13:39:17.917+0000] {processor.py:186} INFO - Started process (PID=678) to work on /opt/airflow/dags/etl_sederhana_25_572885_PPA_07200.py
[2026-09-15T13:39:17.920+0000] {processor.py:914} INFO - Processing file /opt/airflow/dags/etl_sederhana_25_572885_PPA_07200.py for tasks to queue
[2026-09-15T13:39:17.925+0000] {logging_mixin.py:190} INFO - [2026-09-15T13:39:17.924+0000] {dagbag.py:588} INFO - Filling up the DagBag from /opt/airflow/dags/etl_sederhana_25_572885_PPA_07200.py
[2026-09-15T13:39:18.582+0000] {processor.py:925} INFO - DAG(s) 'etl_sederhana_25_572885_PPA_07200' retrieved from /opt/airflow/dags/etl_sederhana_25_572885_PPA_07200.py
[2026-09-15T13:39:18.615+0000] {logging_mixin.py:190} INFO - [2026-09-15T13:39:18.614+0000] {dag.py:3239} INFO - Sync 1 DAGs
[2026-09-15T13:39:18.634+0000] {logging_mixin.py:190} INFO - [2026-09-15T13:39:18.634+0000] {dag.py:4180} INFO - Setting next_dagrun for etl_sederhana_25_572885_PPA_07200 to 2026-09-15 00:00:00+00:00, run_after=2026-09-16 00:00:00+00:00
[2026-09-15T13:39:18.672+0000] {processor.py:208} INFO - Processing /opt/airflow/dags/etl_sederhana_25_572885_PPA_07200.py took 0.770 seconds
[2026-09-15T13:39:49.274+0000] {processor.py:186} INFO - Started process (PID=687) to work on /opt/airflow/dags/etl_sederhana_25_572885_PPA_07200.py
[2026-09-15T13:39:49.275+0000] {processor.py:914} INFO - Processing file /opt/airflow/dags/etl_sederhana_25_572885_PPA_07200.py for tasks to queue
[2026-09-15T13:39:49.278+0000] {logging_mixin.py:190} INFO - [2026-09-15T13:39:49.278+0000] {dagbag.py:588} INFO - Filling up the DagBag from /opt/airflow/dags/etl_sederhana_25_572885_PPA_07200.py
[2026-09-15T13:39:49.638+0000] {processor.py:925} INFO - DAG(s) 'etl_sederhana_25_572885_PPA_07200' retrieved from /opt/airflow/dags/etl_sederhana_25_572885_PPA_07200.py
[2026-09-15T13:39:49.650+0000] {logging_mixin.py:190} INFO - [2026-09-15T13:39:49.650+0000] {dag.py:3239} INFO - Sync 1 DAGs
[2026-09-15T13:39:49.663+0000] {logging_mixin.py:190} INFO - [2026-09-15T13:39:49.663+0000] {dag.py:4180} INFO - Setting next_dagrun for etl_sederhana_25_572885_PPA_07200 to 2026-09-15 00:00:00+00:00, run_after=2026-09-16 00:00:00+00:00
[2026-09-15T13:39:49.682+0000] {processor.py:208} INFO - Processing /opt/airflow/dags/etl_sederhana_25_572885_PPA_07200.py took 0.414 seconds
[2026-09-15T13:40:20.529+0000] {processor.py:186} INFO - Started process (PID=696) to work on /opt/airflow/dags/etl_sederhana_25_572885_PPA_07200.py
[2026-09-15T13:40:20.530+0000] {processor.py:914} INFO - Processing file /opt/airflow/dags/etl_sederhana_25_572885_PPA_07200.py for tasks to queue
[2026-09-15T13:40:20.534+0000] {logging_mixin.py:190} INFO - [2026-09-15T13:40:20.533+0000] {dagbag.py:588} INFO - Filling up the DagBag from /opt/airflow/dags/etl_sederhana_25_572885_PPA_07200.py
[2026-09-15T13:40:20.876+0000] {processor.py:925} INFO - DAG(s) 'etl_sederhana_25_572885_PPA_07200' retrieved from /opt/airflow/dags/etl_sederhana_25_572885_PPA_07200.py
[2026-09-15T13:40:20.888+0000] {logging_mixin.py:190} INFO - [2026-09-15T13:40:20.888+0000] {dag.py:3239} INFO - Sync 1 DAGs
[2026-09-15T13:40:20.901+0000] {logging_mixin.py:190} INFO - [2026-09-15T13:40:20.901+0000] {dag.py:4180} INFO - Setting next_dagrun for etl_sederhana_25_572885_PPA_07200 to 2026-09-15 00:00:00+00:00, run_after=2026-09-16 00:00:00+00:00
[2026-09-15T13:40:20.926+0000] {processor.py:208} INFO - Processing /opt/airflow/dags/etl_sederhana_25_572885_PPA_07200.py took 0.402 seconds
[2026-09-15T13:40:51.919+0000] {processor.py:186} INFO - Started process (PID=705) to work on /opt/airflow/dags/etl_sederhana_25_572885_PPA_07200.py
[2026-09-15T13:40:51.922+0000] {processor.py:914} INFO - Processing file /opt/airflow/dags/etl_sederhana_25_572885_PPA_07200.py for tasks to queue
[2026-09-15T13:40:51.925+0000] {logging_mixin.py:190} INFO - [2026-09-15T13:40:51.924+0000] {dagbag.py:588} INFO - Filling up the DagBag from /opt/airflow/dags/etl_sederhana_25_572885_PPA_07200.py
[2026-09-15T13:40:52.302+0000] {processor.py:925} INFO - DAG(s) 'etl_sederhana_25_572885_PPA_07200' retrieved from /opt/airflow/dags/etl_sederhana_25_572885_PPA_07200.py
[2026-09-15T13:40:52.316+0000] {logging_mixin.py:190} INFO - [2026-09-15T13:40:52.315+0000] {dag.py:3239} INFO - Sync 1 DAGs
[2026-09-15T13:40:52.328+0000] {logging_mixin.py:190} INFO - [2026-09-15T13:40:52.328+0000] {dag.py:4180} INFO - Setting next_dagrun for etl_sederhana_25_572885_PPA_07200 to 2026-09-15 00:00:00+00:00, run_after=2026-09-16 00:00:00+00:00
[2026-09-15T13:40:52.347+0000] {processor.py:208} INFO - Processing /opt/airflow/dags/etl_sederhana_25_572885_PPA_07200.py took 0.433 seconds
[2026-09-15T13:41:22.551+0000] {processor.py:186} INFO - Started process (PID=714) to work on /opt/airflow/dags/etl_sederhana_25_572885_PPA_07200.py
[2026-09-15T13:41:22.554+0000] {processor.py:914} INFO - Processing file /opt/airflow/dags/etl_sederhana_25_572885_PPA_07200.py for tasks to queue
[2026-09-15T13:41:22.556+0000] {logging_mixin.py:190} INFO - [2026-09-15T13:41:22.556+0000] {dagbag.py:588} INFO - Filling up the DagBag from /opt/airflow/dags/etl_sederhana_25_572885_PPA_07200.py
[2026-09-15T13:41:22.923+0000] {processor.py:925} INFO - DAG(s) 'etl_sederhana_25_572885_PPA_07200' retrieved from /opt/airflow/dags/etl_sederhana_25_572885_PPA_07200.py
[2026-09-15T13:41:22.935+0000] {logging_mixin.py:190} INFO - [2026-09-15T13:41:22.935+0000] {dag.py:3239} INFO - Sync 1 DAGs
[2026-09-15T13:41:22.948+0000] {logging_mixin.py:190} INFO - [2026-09-15T13:41:22.948+0000] {dag.py:4180} INFO - Setting next_dagrun for etl_sederhana_25_572885_PPA_07200 to 2026-09-15 00:00:00+00:00, run_after=2026-09-16 00:00:00+00:00
[2026-09-15T13:41:22.970+0000] {processor.py:208} INFO - Processing /opt/airflow/dags/etl_sederhana_25_572885_PPA_07200.py took 0.425 seconds
[2026-09-15T13:41:53.656+0000] {processor.py:186} INFO - Started process (PID=819) to work on /opt/airflow/dags/etl_sederhana_25_572885_PPA_07200.py
[2026-09-15T13:41:53.658+0000] {processor.py:914} INFO - Processing file /opt/airflow/dags/etl_sederhana_25_572885_PPA_07200.py for tasks to queue
[2026-09-15T13:41:53.662+0000] {logging_mixin.py:190} INFO - [2026-09-15T13:41:53.661+0000] {dagbag.py:588} INFO - Filling up the DagBag from /opt/airflow/dags/etl_sederhana_25_572885_PPA_07200.py
[2026-09-15T13:41:54.209+0000] {processor.py:925} INFO - DAG(s) 'etl_sederhana_25_572885_PPA_07200' retrieved from /opt/airflow/dags/etl_sederhana_25_572885_PPA_07200.py
[2026-09-15T13:41:54.228+0000] {logging_mixin.py:190} INFO - [2026-09-15T13:41:54.227+0000] {dag.py:3239} INFO - Sync 1 DAGs
[2026-09-15T13:41:54.249+0000] {logging_mixin.py:190} INFO - [2026-09-15T13:41:54.249+0000] {dag.py:4180} INFO - Setting next_dagrun for etl_sederhana_25_572885_PPA_07200 to 2026-09-15 00:00:00+00:00, run_after=2026-09-16 00:00:00+00:00
[2026-09-15T13:41:54.277+0000] {processor.py:208} INFO - Processing /opt/airflow/dags/etl_sederhana_25_572885_PPA_07200.py took 0.627 seconds
[2026-09-15T13:42:24.709+0000] {processor.py:186} INFO - Started process (PID=828) to work on /opt/airflow/dags/etl_sederhana_25_572885_PPA_07200.py
[2026-09-15T13:42:24.712+0000] {processor.py:914} INFO - Processing file /opt/airflow/dags/etl_sederhana_25_572885_PPA_07200.py for tasks to queue
[2026-09-15T13:42:24.716+0000] {logging_mixin.py:190} INFO - [2026-09-15T13:42:24.716+0000] {dagbag.py:588} INFO - Filling up the DagBag from /opt/airflow/dags/etl_sederhana_25_572885_PPA_07200.py
[2026-09-15T13:42:25.177+0000] {processor.py:925} INFO - DAG(s) 'etl_sederhana_25_572885_PPA_07200' retrieved from /opt/airflow/dags/etl_sederhana_25_572885_PPA_07200.py
[2026-09-15T13:42:25.190+0000] {logging_mixin.py:190} INFO - [2026-09-15T13:42:25.189+0000] {dag.py:3239} INFO - Sync 1 DAGs
[2026-09-15T13:42:25.206+0000] {logging_mixin.py:190} INFO - [2026-09-15T13:42:25.205+0000] {dag.py:4180} INFO - Setting next_dagrun for etl_sederhana_25_572885_PPA_07200 to 2026-09-15 00:00:00+00:00, run_after=2026-09-16 00:00:00+00:00
[2026-09-15T13:42:25.232+0000] {processor.py:208} INFO - Processing /opt/airflow/dags/etl_sederhana_25_572885_PPA_07200.py took 0.528 seconds
[2026-09-15T13:42:55.476+0000] {processor.py:186} INFO - Started process (PID=837) to work on /opt/airflow/dags/etl_sederhana_25_572885_PPA_07200.py
[2026-09-15T13:42:55.479+0000] {processor.py:914} INFO - Processing file /opt/airflow/dags/etl_sederhana_25_572885_PPA_07200.py for tasks to queue
[2026-09-15T13:42:55.482+0000] {logging_mixin.py:190} INFO - [2026-09-15T13:42:55.481+0000] {dagbag.py:588} INFO - Filling up the DagBag from /opt/airflow/dags/etl_sederhana_25_572885_PPA_07200.py
[2026-09-15T13:42:55.877+0000] {processor.py:925} INFO - DAG(s) 'etl_sederhana_25_572885_PPA_07200' retrieved from /opt/airflow/dags/etl_sederhana_25_572885_PPA_07200.py
[2026-09-15T13:42:55.890+0000] {logging_mixin.py:190} INFO - [2026-09-15T13:42:55.890+0000] {dag.py:3239} INFO - Sync 1 DAGs
[2026-09-15T13:42:55.936+0000] {logging_mixin.py:190} INFO - [2026-09-15T13:42:55.936+0000] {dag.py:4180} INFO - Setting next_dagrun for etl_sederhana_25_572885_PPA_07200 to 2026-09-15 00:00:00+00:00, run_after=2026-09-16 00:00:00+00:00
[2026-09-15T13:42:55.959+0000] {processor.py:208} INFO - Processing /opt/airflow/dags/etl_sederhana_25_572885_PPA_07200.py took 0.488 seconds
[2026-09-15T13:43:26.279+0000] {processor.py:186} INFO - Started process (PID=846) to work on /opt/airflow/dags/etl_sederhana_25_572885_PPA_07200.py
[2026-09-15T13:43:26.282+0000] {processor.py:914} INFO - Processing file /opt/airflow/dags/etl_sederhana_25_572885_PPA_07200.py for tasks to queue
[2026-09-15T13:43:26.288+0000] {logging_mixin.py:190} INFO - [2026-09-15T13:43:26.287+0000] {dagbag.py:588} INFO - Filling up the DagBag from /opt/airflow/dags/etl_sederhana_25_572885_PPA_07200.py
[2026-09-15T13:43:26.909+0000] {processor.py:925} INFO - DAG(s) 'etl_sederhana_25_572885_PPA_07200' retrieved from /opt/airflow/dags/etl_sederhana_25_572885_PPA_07200.py
[2026-09-15T13:43:26.939+0000] {logging_mixin.py:190} INFO - [2026-09-15T13:43:26.939+0000] {dag.py:3239} INFO - Sync 1 DAGs
[2026-09-15T13:43:26.973+0000] {logging_mixin.py:190} INFO - [2026-09-15T13:43:26.972+0000] {dag.py:4180} INFO - Setting next_dagrun for etl_sederhana_25_572885_PPA_07200 to 2026-09-15 00:00:00+00:00, run_after=2026-09-16 00:00:00+00:00
[2026-09-15T13:43:27.018+0000] {processor.py:208} INFO - Processing /opt/airflow/dags/etl_sederhana_25_572885_PPA_07200.py took 0.744 seconds
[2026-09-15T13:43:51.476+0000] {processor.py:186} INFO - Started process (PID=855) to work on /opt/airflow/dags/etl_sederhana_25_572885_PPA_07200.py
[2026-09-15T13:43:51.479+0000] {processor.py:914} INFO - Processing file /opt/airflow/dags/etl_sederhana_25_572885_PPA_07200.py for tasks to queue
[2026-09-15T13:43:51.484+0000] {logging_mixin.py:190} INFO - [2026-09-15T13:43:51.484+0000] {dagbag.py:588} INFO - Filling up the DagBag from /opt/airflow/dags/etl_sederhana_25_572885_PPA_07200.py
[2026-09-15T13:43:52.108+0000] {processor.py:925} INFO - DAG(s) 'etl_sederhana_25_572885_PPA_07200' retrieved from /opt/airflow/dags/etl_sederhana_25_572885_PPA_07200.py
[2026-09-15T13:43:52.134+0000] {logging_mixin.py:190} INFO - [2026-09-15T13:43:52.133+0000] {dag.py:3239} INFO - Sync 1 DAGs
[2026-09-15T13:43:52.158+0000] {logging_mixin.py:190} INFO - [2026-09-15T13:43:52.158+0000] {dag.py:4180} INFO - Setting next_dagrun for etl_sederhana_25_572885_PPA_07200 to 2026-09-15 00:00:00+00:00, run_after=2026-09-16 00:00:00+00:00
[2026-09-15T13:43:52.199+0000] {processor.py:208} INFO - Processing /opt/airflow/dags/etl_sederhana_25_572885_PPA_07200.py took 0.732 seconds
[2026-09-15T13:44:22.333+0000] {processor.py:186} INFO - Started process (PID=912) to work on /opt/airflow/dags/etl_sederhana_25_572885_PPA_07200.py
[2026-09-15T13:44:22.336+0000] {processor.py:914} INFO - Processing file /opt/airflow/dags/etl_sederhana_25_572885_PPA_07200.py for tasks to queue
[2026-09-15T13:44:22.339+0000] {logging_mixin.py:190} INFO - [2026-09-15T13:44:22.339+0000] {dagbag.py:588} INFO - Filling up the DagBag from /opt/airflow/dags/etl_sederhana_25_572885_PPA_07200.py
[2026-09-15T13:44:22.911+0000] {processor.py:925} INFO - DAG(s) 'etl_sederhana_25_572885_PPA_07200' retrieved from /opt/airflow/dags/etl_sederhana_25_572885_PPA_07200.py
[2026-09-15T13:44:22.930+0000] {logging_mixin.py:190} INFO - [2026-09-15T13:44:22.930+0000] {dag.py:3239} INFO - Sync 1 DAGs
[2026-09-15T13:44:22.952+0000] {logging_mixin.py:190} INFO - [2026-09-15T13:44:22.951+0000] {dag.py:4180} INFO - Setting next_dagrun for etl_sederhana_25_572885_PPA_07200 to 2026-09-15 00:00:00+00:00, run_after=2026-09-16 00:00:00+00:00
[2026-09-15T13:44:22.979+0000] {processor.py:208} INFO - Processing /opt/airflow/dags/etl_sederhana_25_572885_PPA_07200.py took 0.653 seconds
[2026-09-15T13:44:54.112+0000] {processor.py:186} INFO - Started process (PID=969) to work on /opt/airflow/dags/etl_sederhana_25_572885_PPA_07200.py
[2026-09-15T13:44:54.115+0000] {processor.py:914} INFO - Processing file /opt/airflow/dags/etl_sederhana_25_572885_PPA_07200.py for tasks to queue
[2026-09-15T13:44:54.119+0000] {logging_mixin.py:190} INFO - [2026-09-15T13:44:54.119+0000] {dagbag.py:588} INFO - Filling up the DagBag from /opt/airflow/dags/etl_sederhana_25_572885_PPA_07200.py
[2026-09-15T13:44:54.673+0000] {processor.py:925} INFO - DAG(s) 'etl_sederhana_25_572885_PPA_07200' retrieved from /opt/airflow/dags/etl_sederhana_25_572885_PPA_07200.py
[2026-09-15T13:44:54.692+0000] {logging_mixin.py:190} INFO - [2026-09-15T13:44:54.692+0000] {dag.py:3239} INFO - Sync 1 DAGs
[2026-09-15T13:44:54.712+0000] {logging_mixin.py:190} INFO - [2026-09-15T13:44:54.711+0000] {dag.py:4180} INFO - Setting next_dagrun for etl_sederhana_25_572885_PPA_07200 to 2026-09-15 00:00:00+00:00, run_after=2026-09-16 00:00:00+00:00
[2026-09-15T13:44:54.740+0000] {processor.py:208} INFO - Processing /opt/airflow/dags/etl_sederhana_25_572885_PPA_07200.py took 0.635 seconds
[2026-09-15T13:45:25.421+0000] {processor.py:186} INFO - Started process (PID=978) to work on /opt/airflow/dags/etl_sederhana_25_572885_PPA_07200.py
[2026-09-15T13:45:25.424+0000] {processor.py:914} INFO - Processing file /opt/airflow/dags/etl_sederhana_25_572885_PPA_07200.py for tasks to queue
[2026-09-15T13:45:25.433+0000] {logging_mixin.py:190} INFO - [2026-09-15T13:45:25.432+0000] {dagbag.py:588} INFO - Filling up the DagBag from /opt/airflow/dags/etl_sederhana_25_572885_PPA_07200.py
[2026-09-15T13:45:26.014+0000] {processor.py:925} INFO - DAG(s) 'etl_sederhana_25_572885_PPA_07200' retrieved from /opt/airflow/dags/etl_sederhana_25_572885_PPA_07200.py
[2026-09-15T13:45:26.032+0000] {logging_mixin.py:190} INFO - [2026-09-15T13:45:26.032+0000] {dag.py:3239} INFO - Sync 1 DAGs
[2026-09-15T13:45:26.053+0000] {logging_mixin.py:190} INFO - [2026-09-15T13:45:26.053+0000] {dag.py:4180} INFO - Setting next_dagrun for etl_sederhana_25_572885_PPA_07200 to 2026-09-15 00:00:00+00:00, run_after=2026-09-16 00:00:00+00:00
[2026-09-15T13:45:26.090+0000] {processor.py:208} INFO - Processing /opt/airflow/dags/etl_sederhana_25_572885_PPA_07200.py took 0.676 seconds
[2026-09-15T13:45:56.746+0000] {processor.py:186} INFO - Started process (PID=987) to work on /opt/airflow/dags/etl_sederhana_25_572885_PPA_07200.py
[2026-09-15T13:45:56.758+0000] {processor.py:914} INFO - Processing file /opt/airflow/dags/etl_sederhana_25_572885_PPA_07200.py for tasks to queue
[2026-09-15T13:45:56.779+0000] {logging_mixin.py:190} INFO - [2026-09-15T13:45:56.778+0000] {dagbag.py:588} INFO - Filling up the DagBag from /opt/airflow/dags/etl_sederhana_25_572885_PPA_07200.py
[2026-09-15T13:45:57.265+0000] {processor.py:925} INFO - DAG(s) 'etl_sederhana_25_572885_PPA_07200' retrieved from /opt/airflow/dags/etl_sederhana_25_572885_PPA_07200.py
[2026-09-15T13:45:57.280+0000] {logging_mixin.py:190} INFO - [2026-09-15T13:45:57.280+0000] {dag.py:3239} INFO - Sync 1 DAGs
[2026-09-15T13:45:57.295+0000] {logging_mixin.py:190} INFO - [2026-09-15T13:45:57.295+0000] {dag.py:4180} INFO - Setting next_dagrun for etl_sederhana_25_572885_PPA_07200 to 2026-09-15 00:00:00+00:00, run_after=2026-09-16 00:00:00+00:00
[2026-09-15T13:45:57.331+0000] {processor.py:208} INFO - Processing /opt/airflow/dags/etl_sederhana_25_572885_PPA_07200.py took 0.590 seconds
[2026-09-15T13:46:28.171+0000] {processor.py:186} INFO - Started process (PID=996) to work on /opt/airflow/dags/etl_sederhana_25_572885_PPA_07200.py
[2026-09-15T13:46:28.175+0000] {processor.py:914} INFO - Processing file /opt/airflow/dags/etl_sederhana_25_572885_PPA_07200.py for tasks to queue
[2026-09-15T13:46:28.179+0000] {logging_mixin.py:190} INFO - [2026-09-15T13:46:28.178+0000] {dagbag.py:588} INFO - Filling up the DagBag from /opt/airflow/dags/etl_sederhana_25_572885_PPA_07200.py
[2026-09-15T13:46:28.601+0000] {processor.py:925} INFO - DAG(s) 'etl_sederhana_25_572885_PPA_07200' retrieved from /opt/airflow/dags/etl_sederhana_25_572885_PPA_07200.py
[2026-09-15T13:46:28.638+0000] {logging_mixin.py:190} INFO - [2026-09-15T13:46:28.637+0000] {dag.py:3239} INFO - Sync 1 DAGs
[2026-09-15T13:46:28.661+0000] {logging_mixin.py:190} INFO - [2026-09-15T13:46:28.661+0000] {dag.py:4180} INFO - Setting next_dagrun for etl_sederhana_25_572885_PPA_07200 to 2026-09-15 00:00:00+00:00, run_after=2026-09-16 00:00:00+00:00
[2026-09-15T13:46:28.685+0000] {processor.py:208} INFO - Processing /opt/airflow/dags/etl_sederhana_25_572885_PPA_07200.py took 0.519 seconds
[2026-09-15T13:46:59.849+0000] {processor.py:186} INFO - Started process (PID=1005) to work on /opt/airflow/dags/etl_sederhana_25_572885_PPA_07200.py
[2026-09-15T13:46:59.878+0000] {processor.py:914} INFO - Processing file /opt/airflow/dags/etl_sederhana_25_572885_PPA_07200.py for tasks to queue
[2026-09-15T13:46:59.901+0000] {logging_mixin.py:190} INFO - [2026-09-15T13:46:59.895+0000] {dagbag.py:588} INFO - Filling up the DagBag from /opt/airflow/dags/etl_sederhana_25_572885_PPA_07200.py
[2026-09-15T13:47:02.009+0000] {processor.py:925} INFO - DAG(s) 'etl_sederhana_25_572885_PPA_07200' retrieved from /opt/airflow/dags/etl_sederhana_25_572885_PPA_07200.py
[2026-09-15T13:47:02.052+0000] {logging_mixin.py:190} INFO - [2026-09-15T13:47:02.051+0000] {dag.py:3239} INFO - Sync 1 DAGs
[2026-09-15T13:47:02.086+0000] {logging_mixin.py:190} INFO - [2026-09-15T13:47:02.086+0000] {dag.py:4180} INFO - Setting next_dagrun for etl_sederhana_25_572885_PPA_07200 to 2026-09-15 00:00:00+00:00, run_after=2026-09-16 00:00:00+00:00
[2026-09-15T13:47:02.121+0000] {processor.py:208} INFO - Processing /opt/airflow/dags/etl_sederhana_25_572885_PPA_07200.py took 2.472 seconds
[2026-09-15T13:47:32.593+0000] {processor.py:186} INFO - Started process (PID=1014) to work on /opt/airflow/dags/etl_sederhana_25_572885_PPA_07200.py
[2026-09-15T13:47:32.596+0000] {processor.py:914} INFO - Processing file /opt/airflow/dags/etl_sederhana_25_572885_PPA_07200.py for tasks to queue
[2026-09-15T13:47:32.601+0000] {logging_mixin.py:190} INFO - [2026-09-15T13:47:32.600+0000] {dagbag.py:588} INFO - Filling up the DagBag from /opt/airflow/dags/etl_sederhana_25_572885_PPA_07200.py
[2026-09-15T13:47:33.018+0000] {processor.py:925} INFO - DAG(s) 'etl_sederhana_25_572885_PPA_07200' retrieved from /opt/airflow/dags/etl_sederhana_25_572885_PPA_07200.py
[2026-09-15T13:47:33.031+0000] {logging_mixin.py:190} INFO - [2026-09-15T13:47:33.030+0000] {dag.py:3239} INFO - Sync 1 DAGs
[2026-09-15T13:47:33.044+0000] {logging_mixin.py:190} INFO - [2026-09-15T13:47:33.043+0000] {dag.py:4180} INFO - Setting next_dagrun for etl_sederhana_25_572885_PPA_07200 to 2026-09-15 00:00:00+00:00, run_after=2026-09-16 00:00:00+00:00
[2026-09-15T13:47:33.067+0000] {processor.py:208} INFO - Processing /opt/airflow/dags/etl_sederhana_25_572885_PPA_07200.py took 0.484 seconds
[2026-09-15T13:48:03.414+0000] {processor.py:186} INFO - Started process (PID=1023) to work on /opt/airflow/dags/etl_sederhana_25_572885_PPA_07200.py
[2026-09-15T13:48:03.417+0000] {processor.py:914} INFO - Processing file /opt/airflow/dags/etl_sederhana_25_572885_PPA_07200.py for tasks to queue
[2026-09-15T13:48:03.422+0000] {logging_mixin.py:190} INFO - [2026-09-15T13:48:03.421+0000] {dagbag.py:588} INFO - Filling up the DagBag from /opt/airflow/dags/etl_sederhana_25_572885_PPA_07200.py
[2026-09-15T13:48:03.873+0000] {processor.py:925} INFO - DAG(s) 'etl_sederhana_25_572885_PPA_07200' retrieved from /opt/airflow/dags/etl_sederhana_25_572885_PPA_07200.py
[2026-09-15T13:48:03.888+0000] {logging_mixin.py:190} INFO - [2026-09-15T13:48:03.888+0000] {dag.py:3239} INFO - Sync 1 DAGs
[2026-09-15T13:48:03.922+0000] {logging_mixin.py:190} INFO - [2026-09-15T13:48:03.922+0000] {dag.py:4180} INFO - Setting next_dagrun for etl_sederhana_25_572885_PPA_07200 to 2026-09-15 00:00:00+00:00, run_after=2026-09-16 00:00:00+00:00
[2026-09-15T13:48:03.951+0000] {processor.py:208} INFO - Processing /opt/airflow/dags/etl_sederhana_25_572885_PPA_07200.py took 0.543 seconds
[2026-09-15T13:48:34.611+0000] {processor.py:186} INFO - Started process (PID=1128) to work on /opt/airflow/dags/etl_sederhana_25_572885_PPA_07200.py
[2026-09-15T13:48:34.613+0000] {processor.py:914} INFO - Processing file /opt/airflow/dags/etl_sederhana_25_572885_PPA_07200.py for tasks to queue
[2026-09-15T13:48:34.616+0000] {logging_mixin.py:190} INFO - [2026-09-15T13:48:34.615+0000] {dagbag.py:588} INFO - Filling up the DagBag from /opt/airflow/dags/etl_sederhana_25_572885_PPA_07200.py
[2026-09-15T13:48:35.107+0000] {processor.py:925} INFO - DAG(s) 'etl_sederhana_25_572885_PPA_07200' retrieved from /opt/airflow/dags/etl_sederhana_25_572885_PPA_07200.py
[2026-09-15T13:48:35.126+0000] {logging_mixin.py:190} INFO - [2026-09-15T13:48:35.125+0000] {dag.py:3239} INFO - Sync 1 DAGs
[2026-09-15T13:48:35.149+0000] {logging_mixin.py:190} INFO - [2026-09-15T13:48:35.148+0000] {dag.py:4180} INFO - Setting next_dagrun for etl_sederhana_25_572885_PPA_07200 to 2026-09-15 00:00:00+00:00, run_after=2026-09-16 00:00:00+00:00
[2026-09-15T13:48:35.183+0000] {processor.py:208} INFO - Processing /opt/airflow/dags/etl_sederhana_25_572885_PPA_07200.py took 0.578 seconds
[2026-09-15T13:49:06.190+0000] {processor.py:186} INFO - Started process (PID=1137) to work on /opt/airflow/dags/etl_sederhana_25_572885_PPA_07200.py
[2026-09-15T13:49:06.192+0000] {processor.py:914} INFO - Processing file /opt/airflow/dags/etl_sederhana_25_572885_PPA_07200.py for tasks to queue
[2026-09-15T13:49:06.195+0000] {logging_mixin.py:190} INFO - [2026-09-15T13:49:06.194+0000] {dagbag.py:588} INFO - Filling up the DagBag from /opt/airflow/dags/etl_sederhana_25_572885_PPA_07200.py
[2026-09-15T13:49:06.613+0000] {processor.py:925} INFO - DAG(s) 'etl_sederhana_25_572885_PPA_07200' retrieved from /opt/airflow/dags/etl_sederhana_25_572885_PPA_07200.py
[2026-09-15T13:49:06.627+0000] {logging_mixin.py:190} INFO - [2026-09-15T13:49:06.627+0000] {dag.py:3239} INFO - Sync 1 DAGs
[2026-09-15T13:49:06.642+0000] {logging_mixin.py:190} INFO - [2026-09-15T13:49:06.641+0000] {dag.py:4180} INFO - Setting next_dagrun for etl_sederhana_25_572885_PPA_07200 to 2026-09-15 00:00:00+00:00, run_after=2026-09-16 00:00:00+00:00
[2026-09-15T13:49:06.662+0000] {processor.py:208} INFO - Processing /opt/airflow/dags/etl_sederhana_25_572885_PPA_07200.py took 0.478 seconds
[2026-09-15T13:49:37.059+0000] {processor.py:186} INFO - Started process (PID=1153) to work on /opt/airflow/dags/etl_sederhana_25_572885_PPA_07200.py
[2026-09-15T13:49:37.062+0000] {processor.py:914} INFO - Processing file /opt/airflow/dags/etl_sederhana_25_572885_PPA_07200.py for tasks to queue
[2026-09-15T13:49:37.065+0000] {logging_mixin.py:190} INFO - [2026-09-15T13:49:37.065+0000] {dagbag.py:588} INFO - Filling up the DagBag from /opt/airflow/dags/etl_sederhana_25_572885_PPA_07200.py
[2026-09-15T13:49:37.480+0000] {processor.py:925} INFO - DAG(s) 'etl_sederhana_25_572885_PPA_07200' retrieved from /opt/airflow/dags/etl_sederhana_25_572885_PPA_07200.py
[2026-09-15T13:49:37.493+0000] {logging_mixin.py:190} INFO - [2026-09-15T13:49:37.493+0000] {dag.py:3239} INFO - Sync 1 DAGs
[2026-09-15T13:49:37.507+0000] {logging_mixin.py:190} INFO - [2026-09-15T13:49:37.507+0000] {dag.py:4180} INFO - Setting next_dagrun for etl_sederhana_25_572885_PPA_07200 to 2026-09-15 00:00:00+00:00, run_after=2026-09-16 00:00:00+00:00
[2026-09-15T13:49:37.529+0000] {processor.py:208} INFO - Processing /opt/airflow/dags/etl_sederhana_25_572885_PPA_07200.py took 0.476 seconds
[2026-09-15T13:50:07.905+0000] {processor.py:186} INFO - Started process (PID=1162) to work on /opt/airflow/dags/etl_sederhana_25_572885_PPA_07200.py
[2026-09-15T13:50:07.911+0000] {processor.py:914} INFO - Processing file /opt/airflow/dags/etl_sederhana_25_572885_PPA_07200.py for tasks to queue
[2026-09-15T13:50:07.916+0000] {logging_mixin.py:190} INFO - [2026-09-15T13:50:07.915+0000] {dagbag.py:588} INFO - Filling up the DagBag from /opt/airflow/dags/etl_sederhana_25_572885_PPA_07200.py
[2026-09-15T13:50:08.374+0000] {processor.py:925} INFO - DAG(s) 'etl_sederhana_25_572885_PPA_07200' retrieved from /opt/airflow/dags/etl_sederhana_25_572885_PPA_07200.py
[2026-09-15T13:50:08.391+0000] {logging_mixin.py:190} INFO - [2026-09-15T13:50:08.391+0000] {dag.py:3239} INFO - Sync 1 DAGs
[2026-09-15T13:50:08.413+0000] {logging_mixin.py:190} INFO - [2026-09-15T13:50:08.413+0000] {dag.py:4180} INFO - Setting next_dagrun for etl_sederhana_25_572885_PPA_07200 to 2026-09-15 00:00:00+00:00, run_after=2026-09-16 00:00:00+00:00
[2026-09-15T13:50:08.440+0000] {processor.py:208} INFO - Processing /opt/airflow/dags/etl_sederhana_25_572885_PPA_07200.py took 0.544 seconds
[2026-09-15T13:50:38.708+0000] {processor.py:186} INFO - Started process (PID=1172) to work on /opt/airflow/dags/etl_sederhana_25_572885_PPA_07200.py
[2026-09-15T13:50:38.710+0000] {processor.py:914} INFO - Processing file /opt/airflow/dags/etl_sederhana_25_572885_PPA_07200.py for tasks to queue
[2026-09-15T13:50:38.712+0000] {logging_mixin.py:190} INFO - [2026-09-15T13:50:38.712+0000] {dagbag.py:588} INFO - Filling up the DagBag from /opt/airflow/dags/etl_sederhana_25_572885_PPA_07200.py
[2026-09-15T13:50:39.073+0000] {processor.py:925} INFO - DAG(s) 'etl_sederhana_25_572885_PPA_07200' retrieved from /opt/airflow/dags/etl_sederhana_25_572885_PPA_07200.py
[2026-09-15T13:50:39.088+0000] {logging_mixin.py:190} INFO - [2026-09-15T13:50:39.088+0000] {dag.py:3239} INFO - Sync 1 DAGs
[2026-09-15T13:50:39.102+0000] {logging_mixin.py:190} INFO - [2026-09-15T13:50:39.102+0000] {dag.py:4180} INFO - Setting next_dagrun for etl_sederhana_25_572885_PPA_07200 to 2026-09-15 00:00:00+00:00, run_after=2026-09-16 00:00:00+00:00
[2026-09-15T13:50:39.134+0000] {processor.py:208} INFO - Processing /opt/airflow/dags/etl_sederhana_25_572885_PPA_07200.py took 0.431 seconds
[2026-09-15T13:50:52.498+0000] {processor.py:186} INFO - Started process (PID=1174) to work on /opt/airflow/dags/etl_sederhana_25_572885_PPA_07200.py
[2026-09-15T13:50:52.502+0000] {processor.py:914} INFO - Processing file /opt/airflow/dags/etl_sederhana_25_572885_PPA_07200.py for tasks to queue
[2026-09-15T13:50:52.508+0000] {logging_mixin.py:190} INFO - [2026-09-15T13:50:52.507+0000] {dagbag.py:588} INFO - Filling up the DagBag from /opt/airflow/dags/etl_sederhana_25_572885_PPA_07200.py
[2026-09-15T13:50:53.280+0000] {processor.py:925} INFO - DAG(s) 'etl_sederhana_25_572885_PPA_07200' retrieved from /opt/airflow/dags/etl_sederhana_25_572885_PPA_07200.py
[2026-09-15T13:50:53.309+0000] {logging_mixin.py:190} INFO - [2026-09-15T13:50:53.308+0000] {dag.py:3239} INFO - Sync 1 DAGs
[2026-09-15T13:50:53.336+0000] {logging_mixin.py:190} INFO - [2026-09-15T13:50:53.336+0000] {dag.py:4180} INFO - Setting next_dagrun for etl_sederhana_25_572885_PPA_07200 to 2026-09-15 00:00:00+00:00, run_after=2026-09-16 00:00:00+00:00
[2026-09-15T13:50:53.379+0000] {processor.py:208} INFO - Processing /opt/airflow/dags/etl_sederhana_25_572885_PPA_07200.py took 0.892 seconds
[2026-09-15T13:51:08.876+0000] {processor.py:186} INFO - Started process (PID=1183) to work on /opt/airflow/dags/etl_sederhana_25_572885_PPA_07200.py
[2026-09-15T13:51:08.880+0000] {processor.py:914} INFO - Processing file /opt/airflow/dags/etl_sederhana_25_572885_PPA_07200.py for tasks to queue
[2026-09-15T13:51:08.887+0000] {logging_mixin.py:190} INFO - [2026-09-15T13:51:08.886+0000] {dagbag.py:588} INFO - Filling up the DagBag from /opt/airflow/dags/etl_sederhana_25_572885_PPA_07200.py
[2026-09-15T13:51:09.945+0000] {processor.py:925} INFO - DAG(s) 'etl_sederhana_25_572885_PPA_07200' retrieved from /opt/airflow/dags/etl_sederhana_25_572885_PPA_07200.py
[2026-09-15T13:51:09.975+0000] {logging_mixin.py:190} INFO - [2026-09-15T13:51:09.975+0000] {dag.py:3239} INFO - Sync 1 DAGs
[2026-09-15T13:51:10.012+0000] {logging_mixin.py:190} INFO - [2026-09-15T13:51:10.011+0000] {dag.py:4180} INFO - Setting next_dagrun for etl_sederhana_25_572885_PPA_07200 to 2026-09-15 00:00:00+00:00, run_after=2026-09-16 00:00:00+00:00
[2026-09-15T13:51:10.093+0000] {processor.py:208} INFO - Processing /opt/airflow/dags/etl_sederhana_25_572885_PPA_07200.py took 1.230 seconds
[2026-09-15T13:51:31.953+0000] {processor.py:186} INFO - Started process (PID=1185) to work on /opt/airflow/dags/etl_sederhana_25_572885_PPA_07200.py
[2026-09-15T13:51:31.959+0000] {processor.py:914} INFO - Processing file /opt/airflow/dags/etl_sederhana_25_572885_PPA_07200.py for tasks to queue
[2026-09-15T13:51:31.966+0000] {logging_mixin.py:190} INFO - [2026-09-15T13:51:31.965+0000] {dagbag.py:588} INFO - Filling up the DagBag from /opt/airflow/dags/etl_sederhana_25_572885_PPA_07200.py
[2026-09-15T13:51:32.820+0000] {processor.py:925} INFO - DAG(s) 'etl_sederhana_25_572885_PPA_07200' retrieved from /opt/airflow/dags/etl_sederhana_25_572885_PPA_07200.py
[2026-09-15T13:51:33.093+0000] {logging_mixin.py:190} INFO - [2026-09-15T13:51:33.093+0000] {dag.py:3239} INFO - Sync 1 DAGs
[2026-09-15T13:51:33.136+0000] {logging_mixin.py:190} INFO - [2026-09-15T13:51:33.135+0000] {dag.py:4180} INFO - Setting next_dagrun for etl_sederhana_25_572885_PPA_07200 to 2026-09-15 00:00:00+00:00, run_after=2026-09-16 00:00:00+00:00
[2026-09-15T13:51:33.194+0000] {processor.py:208} INFO - Processing /opt/airflow/dags/etl_sederhana_25_572885_PPA_07200.py took 1.253 seconds
[2026-09-15T13:52:03.634+0000] {processor.py:186} INFO - Started process (PID=1218) to work on /opt/airflow/dags/etl_sederhana_25_572885_PPA_07200.py
[2026-09-15T13:52:03.637+0000] {processor.py:914} INFO - Processing file /opt/airflow/dags/etl_sederhana_25_572885_PPA_07200.py for tasks to queue
[2026-09-15T13:52:03.640+0000] {logging_mixin.py:190} INFO - [2026-09-15T13:52:03.640+0000] {dagbag.py:588} INFO - Filling up the DagBag from /opt/airflow/dags/etl_sederhana_25_572885_PPA_07200.py
[2026-09-15T13:52:04.176+0000] {processor.py:925} INFO - DAG(s) 'etl_sederhana_25_572885_PPA_07200' retrieved from /opt/airflow/dags/etl_sederhana_25_572885_PPA_07200.py
[2026-09-15T13:52:04.195+0000] {logging_mixin.py:190} INFO - [2026-09-15T13:52:04.195+0000] {dag.py:3239} INFO - Sync 1 DAGs
[2026-09-15T13:52:04.220+0000] {logging_mixin.py:190} INFO - [2026-09-15T13:52:04.220+0000] {dag.py:4180} INFO - Setting next_dagrun for etl_sederhana_25_572885_PPA_07200 to 2026-09-15 00:00:00+00:00, run_after=2026-09-16 00:00:00+00:00
[2026-09-15T13:52:04.256+0000] {processor.py:208} INFO - Processing /opt/airflow/dags/etl_sederhana_25_572885_PPA_07200.py took 0.629 seconds
[2026-09-15T13:52:34.914+0000] {processor.py:186} INFO - Started process (PID=1323) to work on /opt/airflow/dags/etl_sederhana_25_572885_PPA_07200.py
[2026-09-15T13:52:34.917+0000] {processor.py:914} INFO - Processing file /opt/airflow/dags/etl_sederhana_25_572885_PPA_07200.py for tasks to queue
[2026-09-15T13:52:34.922+0000] {logging_mixin.py:190} INFO - [2026-09-15T13:52:34.922+0000] {dagbag.py:588} INFO - Filling up the DagBag from /opt/airflow/dags/etl_sederhana_25_572885_PPA_07200.py
[2026-09-15T13:52:35.473+0000] {processor.py:925} INFO - DAG(s) 'etl_sederhana_25_572885_PPA_07200' retrieved from /opt/airflow/dags/etl_sederhana_25_572885_PPA_07200.py
[2026-09-15T13:52:35.490+0000] {logging_mixin.py:190} INFO - [2026-09-15T13:52:35.490+0000] {dag.py:3239} INFO - Sync 1 DAGs
[2026-09-15T13:52:35.509+0000] {logging_mixin.py:190} INFO - [2026-09-15T13:52:35.509+0000] {dag.py:4180} INFO - Setting next_dagrun for etl_sederhana_25_572885_PPA_07200 to 2026-09-15 00:00:00+00:00, run_after=2026-09-16 00:00:00+00:00
[2026-09-15T13:52:35.539+0000] {processor.py:208} INFO - Processing /opt/airflow/dags/etl_sederhana_25_572885_PPA_07200.py took 0.633 seconds
[2026-09-15T13:53:06.258+0000] {processor.py:186} INFO - Started process (PID=1332) to work on /opt/airflow/dags/etl_sederhana_25_572885_PPA_07200.py
[2026-09-15T13:53:06.263+0000] {processor.py:914} INFO - Processing file /opt/airflow/dags/etl_sederhana_25_572885_PPA_07200.py for tasks to queue
[2026-09-15T13:53:06.274+0000] {logging_mixin.py:190} INFO - [2026-09-15T13:53:06.272+0000] {dagbag.py:588} INFO - Filling up the DagBag from /opt/airflow/dags/etl_sederhana_25_572885_PPA_07200.py
[2026-09-15T13:53:07.310+0000] {processor.py:925} INFO - DAG(s) 'etl_sederhana_25_572885_PPA_07200' retrieved from /opt/airflow/dags/etl_sederhana_25_572885_PPA_07200.py
[2026-09-15T13:53:07.346+0000] {logging_mixin.py:190} INFO - [2026-09-15T13:53:07.344+0000] {dag.py:3239} INFO - Sync 1 DAGs
[2026-09-15T13:53:07.396+0000] {logging_mixin.py:190} INFO - [2026-09-15T13:53:07.396+0000] {dag.py:4180} INFO - Setting next_dagrun for etl_sederhana_25_572885_PPA_07200 to 2026-09-15 00:00:00+00:00, run_after=2026-09-16 00:00:00+00:00
[2026-09-15T13:53:07.463+0000] {processor.py:208} INFO - Processing /opt/airflow/dags/etl_sederhana_25_572885_PPA_07200.py took 1.218 seconds
[2026-09-15T13:53:38.635+0000] {processor.py:186} INFO - Started process (PID=1348) to work on /opt/airflow/dags/etl_sederhana_25_572885_PPA_07200.py
[2026-09-15T13:53:38.637+0000] {processor.py:914} INFO - Processing file /opt/airflow/dags/etl_sederhana_25_572885_PPA_07200.py for tasks to queue
[2026-09-15T13:53:38.640+0000] {logging_mixin.py:190} INFO - [2026-09-15T13:53:38.640+0000] {dagbag.py:588} INFO - Filling up the DagBag from /opt/airflow/dags/etl_sederhana_25_572885_PPA_07200.py
[2026-09-15T13:53:39.048+0000] {processor.py:925} INFO - DAG(s) 'etl_sederhana_25_572885_PPA_07200' retrieved from /opt/airflow/dags/etl_sederhana_25_572885_PPA_07200.py
[2026-09-15T13:53:39.062+0000] {logging_mixin.py:190} INFO - [2026-09-15T13:53:39.061+0000] {dag.py:3239} INFO - Sync 1 DAGs
[2026-09-15T13:53:39.075+0000] {logging_mixin.py:190} INFO - [2026-09-15T13:53:39.075+0000] {dag.py:4180} INFO - Setting next_dagrun for etl_sederhana_25_572885_PPA_07200 to 2026-09-15 00:00:00+00:00, run_after=2026-09-16 00:00:00+00:00
[2026-09-15T13:53:39.090+0000] {processor.py:208} INFO - Processing /opt/airflow/dags/etl_sederhana_25_572885_PPA_07200.py took 0.459 seconds
[2026-09-15T13:54:09.967+0000] {processor.py:186} INFO - Started process (PID=1357) to work on /opt/airflow/dags/etl_sederhana_25_572885_PPA_07200.py
[2026-09-15T13:54:09.968+0000] {processor.py:914} INFO - Processing file /opt/airflow/dags/etl_sederhana_25_572885_PPA_07200.py for tasks to queue
[2026-09-15T13:54:09.973+0000] {logging_mixin.py:190} INFO - [2026-09-15T13:54:09.973+0000] {dagbag.py:588} INFO - Filling up the DagBag from /opt/airflow/dags/etl_sederhana_25_572885_PPA_07200.py
[2026-09-15T13:54:10.399+0000] {processor.py:925} INFO - DAG(s) 'etl_sederhana_25_572885_PPA_07200' retrieved from /opt/airflow/dags/etl_sederhana_25_572885_PPA_07200.py
[2026-09-15T13:54:10.422+0000] {logging_mixin.py:190} INFO - [2026-09-15T13:54:10.422+0000] {dag.py:3239} INFO - Sync 1 DAGs
[2026-09-15T13:54:10.437+0000] {logging_mixin.py:190} INFO - [2026-09-15T13:54:10.436+0000] {dag.py:4180} INFO - Setting next_dagrun for etl_sederhana_25_572885_PPA_07200 to 2026-09-15 00:00:00+00:00, run_after=2026-09-16 00:00:00+00:00
[2026-09-15T13:54:10.457+0000] {processor.py:208} INFO - Processing /opt/airflow/dags/etl_sederhana_25_572885_PPA_07200.py took 0.495 seconds
[2026-09-15T13:54:41.123+0000] {processor.py:186} INFO - Started process (PID=1367) to work on /opt/airflow/dags/etl_sederhana_25_572885_PPA_07200.py
[2026-09-15T13:54:41.125+0000] {processor.py:914} INFO - Processing file /opt/airflow/dags/etl_sederhana_25_572885_PPA_07200.py for tasks to queue
[2026-09-15T13:54:41.129+0000] {logging_mixin.py:190} INFO - [2026-09-15T13:54:41.129+0000] {dagbag.py:588} INFO - Filling up the DagBag from /opt/airflow/dags/etl_sederhana_25_572885_PPA_07200.py
[2026-09-15T13:54:41.540+0000] {processor.py:925} INFO - DAG(s) 'etl_sederhana_25_572885_PPA_07200' retrieved from /opt/airflow/dags/etl_sederhana_25_572885_PPA_07200.py
[2026-09-15T13:54:41.553+0000] {logging_mixin.py:190} INFO - [2026-09-15T13:54:41.553+0000] {dag.py:3239} INFO - Sync 1 DAGs
[2026-09-15T13:54:41.567+0000] {logging_mixin.py:190} INFO - [2026-09-15T13:54:41.567+0000] {dag.py:4180} INFO - Setting next_dagrun for etl_sederhana_25_572885_PPA_07200 to 2026-09-15 00:00:00+00:00, run_after=2026-09-16 00:00:00+00:00
[2026-09-15T13:54:41.599+0000] {processor.py:208} INFO - Processing /opt/airflow/dags/etl_sederhana_25_572885_PPA_07200.py took 0.482 seconds
[2026-09-15T13:55:12.064+0000] {processor.py:186} INFO - Started process (PID=1376) to work on /opt/airflow/dags/etl_sederhana_25_572885_PPA_07200.py
[2026-09-15T13:55:12.067+0000] {processor.py:914} INFO - Processing file /opt/airflow/dags/etl_sederhana_25_572885_PPA_07200.py for tasks to queue
[2026-09-15T13:55:12.070+0000] {logging_mixin.py:190} INFO - [2026-09-15T13:55:12.070+0000] {dagbag.py:588} INFO - Filling up the DagBag from /opt/airflow/dags/etl_sederhana_25_572885_PPA_07200.py
[2026-09-15T13:55:12.486+0000] {processor.py:925} INFO - DAG(s) 'etl_sederhana_25_572885_PPA_07200' retrieved from /opt/airflow/dags/etl_sederhana_25_572885_PPA_07200.py
[2026-09-15T13:55:12.502+0000] {logging_mixin.py:190} INFO - [2026-09-15T13:55:12.502+0000] {dag.py:3239} INFO - Sync 1 DAGs
[2026-09-15T13:55:12.518+0000] {logging_mixin.py:190} INFO - [2026-09-15T13:55:12.518+0000] {dag.py:4180} INFO - Setting next_dagrun for etl_sederhana_25_572885_PPA_07200 to 2026-09-15 00:00:00+00:00, run_after=2026-09-16 00:00:00+00:00
[2026-09-15T13:55:12.536+0000] {processor.py:208} INFO - Processing /opt/airflow/dags/etl_sederhana_25_572885_PPA_07200.py took 0.477 seconds
[2026-09-15T13:55:42.965+0000] {processor.py:186} INFO - Started process (PID=1385) to work on /opt/airflow/dags/etl_sederhana_25_572885_PPA_07200.py
[2026-09-15T13:55:42.967+0000] {processor.py:914} INFO - Processing file /opt/airflow/dags/etl_sederhana_25_572885_PPA_07200.py for tasks to queue
[2026-09-15T13:55:42.971+0000] {logging_mixin.py:190} INFO - [2026-09-15T13:55:42.971+0000] {dagbag.py:588} INFO - Filling up the DagBag from /opt/airflow/dags/etl_sederhana_25_572885_PPA_07200.py
[2026-09-15T13:55:43.395+0000] {processor.py:925} INFO - DAG(s) 'etl_sederhana_25_572885_PPA_07200' retrieved from /opt/airflow/dags/etl_sederhana_25_572885_PPA_07200.py
[2026-09-15T13:55:43.408+0000] {logging_mixin.py:190} INFO - [2026-09-15T13:55:43.408+0000] {dag.py:3239} INFO - Sync 1 DAGs
[2026-09-15T13:55:43.422+0000] {logging_mixin.py:190} INFO - [2026-09-15T13:55:43.421+0000] {dag.py:4180} INFO - Setting next_dagrun for etl_sederhana_25_572885_PPA_07200 to 2026-09-15 00:00:00+00:00, run_after=2026-09-16 00:00:00+00:00
[2026-09-15T13:55:43.437+0000] {processor.py:208} INFO - Processing /opt/airflow/dags/etl_sederhana_25_572885_PPA_07200.py took 0.479 seconds
[2026-09-15T13:56:13.830+0000] {processor.py:186} INFO - Started process (PID=1394) to work on /opt/airflow/dags/etl_sederhana_25_572885_PPA_07200.py
[2026-09-15T13:56:13.832+0000] {processor.py:914} INFO - Processing file /opt/airflow/dags/etl_sederhana_25_572885_PPA_07200.py for tasks to queue
[2026-09-15T13:56:13.834+0000] {logging_mixin.py:190} INFO - [2026-09-15T13:56:13.834+0000] {dagbag.py:588} INFO - Filling up the DagBag from /opt/airflow/dags/etl_sederhana_25_572885_PPA_07200.py
[2026-09-15T13:56:14.218+0000] {processor.py:925} INFO - DAG(s) 'etl_sederhana_25_572885_PPA_07200' retrieved from /opt/airflow/dags/etl_sederhana_25_572885_PPA_07200.py
[2026-09-15T13:56:14.230+0000] {logging_mixin.py:190} INFO - [2026-09-15T13:56:14.230+0000] {dag.py:3239} INFO - Sync 1 DAGs
[2026-09-15T13:56:14.248+0000] {logging_mixin.py:190} INFO - [2026-09-15T13:56:14.247+0000] {dag.py:4180} INFO - Setting next_dagrun for etl_sederhana_25_572885_PPA_07200 to 2026-09-15 00:00:00+00:00, run_after=2026-09-16 00:00:00+00:00
[2026-09-15T13:56:14.264+0000] {processor.py:208} INFO - Processing /opt/airflow/dags/etl_sederhana_25_572885_PPA_07200.py took 0.438 seconds
[2026-09-15T13:56:44.663+0000] {processor.py:186} INFO - Started process (PID=1403) to work on /opt/airflow/dags/etl_sederhana_25_572885_PPA_07200.py
[2026-09-15T13:56:44.665+0000] {processor.py:914} INFO - Processing file /opt/airflow/dags/etl_sederhana_25_572885_PPA_07200.py for tasks to queue
[2026-09-15T13:56:44.668+0000] {logging_mixin.py:190} INFO - [2026-09-15T13:56:44.668+0000] {dagbag.py:588} INFO - Filling up the DagBag from /opt/airflow/dags/etl_sederhana_25_572885_PPA_07200.py
[2026-09-15T13:56:45.082+0000] {processor.py:925} INFO - DAG(s) 'etl_sederhana_25_572885_PPA_07200' retrieved from /opt/airflow/dags/etl_sederhana_25_572885_PPA_07200.py
[2026-09-15T13:56:45.104+0000] {logging_mixin.py:190} INFO - [2026-09-15T13:56:45.104+0000] {dag.py:3239} INFO - Sync 1 DAGs
[2026-09-15T13:56:45.118+0000] {logging_mixin.py:190} INFO - [2026-09-15T13:56:45.118+0000] {dag.py:4180} INFO - Setting next_dagrun for etl_sederhana_25_572885_PPA_07200 to 2026-09-15 00:00:00+00:00, run_after=2026-09-16 00:00:00+00:00
[2026-09-15T13:56:45.135+0000] {processor.py:208} INFO - Processing /opt/airflow/dags/etl_sederhana_25_572885_PPA_07200.py took 0.480 seconds
[2026-09-15T13:57:15.442+0000] {processor.py:186} INFO - Started process (PID=1412) to work on /opt/airflow/dags/etl_sederhana_25_572885_PPA_07200.py
[2026-09-15T13:57:15.445+0000] {processor.py:914} INFO - Processing file /opt/airflow/dags/etl_sederhana_25_572885_PPA_07200.py for tasks to queue
[2026-09-15T13:57:15.449+0000] {logging_mixin.py:190} INFO - [2026-09-15T13:57:15.448+0000] {dagbag.py:588} INFO - Filling up the DagBag from /opt/airflow/dags/etl_sederhana_25_572885_PPA_07200.py
[2026-09-15T13:57:15.885+0000] {processor.py:925} INFO - DAG(s) 'etl_sederhana_25_572885_PPA_07200' retrieved from /opt/airflow/dags/etl_sederhana_25_572885_PPA_07200.py
[2026-09-15T13:57:15.906+0000] {logging_mixin.py:190} INFO - [2026-09-15T13:57:15.905+0000] {dag.py:3239} INFO - Sync 1 DAGs
[2026-09-15T13:57:15.924+0000] {logging_mixin.py:190} INFO - [2026-09-15T13:57:15.924+0000] {dag.py:4180} INFO - Setting next_dagrun for etl_sederhana_25_572885_PPA_07200 to 2026-09-15 00:00:00+00:00, run_after=2026-09-16 00:00:00+00:00
[2026-09-15T13:57:15.940+0000] {processor.py:208} INFO - Processing /opt/airflow/dags/etl_sederhana_25_572885_PPA_07200.py took 0.506 seconds
[2026-09-15T13:57:46.107+0000] {processor.py:186} INFO - Started process (PID=1421) to work on /opt/airflow/dags/etl_sederhana_25_572885_PPA_07200.py
[2026-09-15T13:57:46.108+0000] {processor.py:914} INFO - Processing file /opt/airflow/dags/etl_sederhana_25_572885_PPA_07200.py for tasks to queue
[2026-09-15T13:57:46.111+0000] {logging_mixin.py:190} INFO - [2026-09-15T13:57:46.111+0000] {dagbag.py:588} INFO - Filling up the DagBag from /opt/airflow/dags/etl_sederhana_25_572885_PPA_07200.py
[2026-09-15T13:57:46.538+0000] {processor.py:925} INFO - DAG(s) 'etl_sederhana_25_572885_PPA_07200' retrieved from /opt/airflow/dags/etl_sederhana_25_572885_PPA_07200.py
[2026-09-15T13:57:46.562+0000] {logging_mixin.py:190} INFO - [2026-09-15T13:57:46.562+0000] {dag.py:3239} INFO - Sync 1 DAGs
[2026-09-15T13:57:46.580+0000] {logging_mixin.py:190} INFO - [2026-09-15T13:57:46.580+0000] {dag.py:4180} INFO - Setting next_dagrun for etl_sederhana_25_572885_PPA_07200 to 2026-09-15 00:00:00+00:00, run_after=2026-09-16 00:00:00+00:00
[2026-09-15T13:57:46.595+0000] {processor.py:208} INFO - Processing /opt/airflow/dags/etl_sederhana_25_572885_PPA_07200.py took 0.493 seconds
[2026-09-15T13:58:16.830+0000] {processor.py:186} INFO - Started process (PID=1430) to work on /opt/airflow/dags/etl_sederhana_25_572885_PPA_07200.py
[2026-09-15T13:58:16.832+0000] {processor.py:914} INFO - Processing file /opt/airflow/dags/etl_sederhana_25_572885_PPA_07200.py for tasks to queue
[2026-09-15T13:58:16.835+0000] {logging_mixin.py:190} INFO - [2026-09-15T13:58:16.835+0000] {dagbag.py:588} INFO - Filling up the DagBag from /opt/airflow/dags/etl_sederhana_25_572885_PPA_07200.py
[2026-09-15T13:58:17.286+0000] {processor.py:925} INFO - DAG(s) 'etl_sederhana_25_572885_PPA_07200' retrieved from /opt/airflow/dags/etl_sederhana_25_572885_PPA_07200.py
[2026-09-15T13:58:17.300+0000] {logging_mixin.py:190} INFO - [2026-09-15T13:58:17.299+0000] {dag.py:3239} INFO - Sync 1 DAGs
[2026-09-15T13:58:17.313+0000] {logging_mixin.py:190} INFO - [2026-09-15T13:58:17.313+0000] {dag.py:4180} INFO - Setting next_dagrun for etl_sederhana_25_572885_PPA_07200 to 2026-09-15 00:00:00+00:00, run_after=2026-09-16 00:00:00+00:00
[2026-09-15T13:58:17.332+0000] {processor.py:208} INFO - Processing /opt/airflow/dags/etl_sederhana_25_572885_PPA_07200.py took 0.508 seconds
[2026-09-15T13:58:47.516+0000] {processor.py:186} INFO - Started process (PID=1439) to work on /opt/airflow/dags/etl_sederhana_25_572885_PPA_07200.py
[2026-09-15T13:58:47.518+0000] {processor.py:914} INFO - Processing file /opt/airflow/dags/etl_sederhana_25_572885_PPA_07200.py for tasks to queue
[2026-09-15T13:58:47.521+0000] {logging_mixin.py:190} INFO - [2026-09-15T13:58:47.521+0000] {dagbag.py:588} INFO - Filling up the DagBag from /opt/airflow/dags/etl_sederhana_25_572885_PPA_07200.py
[2026-09-15T13:58:47.952+0000] {processor.py:925} INFO - DAG(s) 'etl_sederhana_25_572885_PPA_07200' retrieved from /opt/airflow/dags/etl_sederhana_25_572885_PPA_07200.py
[2026-09-15T13:58:47.967+0000] {logging_mixin.py:190} INFO - [2026-09-15T13:58:47.967+0000] {dag.py:3239} INFO - Sync 1 DAGs
[2026-09-15T13:58:47.985+0000] {logging_mixin.py:190} INFO - [2026-09-15T13:58:47.985+0000] {dag.py:4180} INFO - Setting next_dagrun for etl_sederhana_25_572885_PPA_07200 to 2026-09-15 00:00:00+00:00, run_after=2026-09-16 00:00:00+00:00
[2026-09-15T13:58:48.011+0000] {processor.py:208} INFO - Processing /opt/airflow/dags/etl_sederhana_25_572885_PPA_07200.py took 0.500 seconds
[2026-09-15T13:59:18.243+0000] {processor.py:186} INFO - Started process (PID=1448) to work on /opt/airflow/dags/etl_sederhana_25_572885_PPA_07200.py
[2026-09-15T13:59:18.246+0000] {processor.py:914} INFO - Processing file /opt/airflow/dags/etl_sederhana_25_572885_PPA_07200.py for tasks to queue
[2026-09-15T13:59:18.251+0000] {logging_mixin.py:190} INFO - [2026-09-15T13:59:18.250+0000] {dagbag.py:588} INFO - Filling up the DagBag from /opt/airflow/dags/etl_sederhana_25_572885_PPA_07200.py
[2026-09-15T13:59:18.922+0000] {processor.py:925} INFO - DAG(s) 'etl_sederhana_25_572885_PPA_07200' retrieved from /opt/airflow/dags/etl_sederhana_25_572885_PPA_07200.py
[2026-09-15T13:59:18.940+0000] {logging_mixin.py:190} INFO - [2026-09-15T13:59:18.939+0000] {dag.py:3239} INFO - Sync 1 DAGs
[2026-09-15T13:59:18.956+0000] {logging_mixin.py:190} INFO - [2026-09-15T13:59:18.956+0000] {dag.py:4180} INFO - Setting next_dagrun for etl_sederhana_25_572885_PPA_07200 to 2026-09-15 00:00:00+00:00, run_after=2026-09-16 00:00:00+00:00
[2026-09-15T13:59:18.984+0000] {processor.py:208} INFO - Processing /opt/airflow/dags/etl_sederhana_25_572885_PPA_07200.py took 0.750 seconds
[2026-09-15T13:59:49.162+0000] {processor.py:186} INFO - Started process (PID=1457) to work on /opt/airflow/dags/etl_sederhana_25_572885_PPA_07200.py
[2026-09-15T13:59:49.167+0000] {processor.py:914} INFO - Processing file /opt/airflow/dags/etl_sederhana_25_572885_PPA_07200.py for tasks to queue
[2026-09-15T13:59:49.172+0000] {logging_mixin.py:190} INFO - [2026-09-15T13:59:49.171+0000] {dagbag.py:588} INFO - Filling up the DagBag from /opt/airflow/dags/etl_sederhana_25_572885_PPA_07200.py
[2026-09-15T13:59:49.818+0000] {processor.py:925} INFO - DAG(s) 'etl_sederhana_25_572885_PPA_07200' retrieved from /opt/airflow/dags/etl_sederhana_25_572885_PPA_07200.py
[2026-09-15T13:59:49.837+0000] {logging_mixin.py:190} INFO - [2026-09-15T13:59:49.837+0000] {dag.py:3239} INFO - Sync 1 DAGs
[2026-09-15T13:59:49.856+0000] {logging_mixin.py:190} INFO - [2026-09-15T13:59:49.856+0000] {dag.py:4180} INFO - Setting next_dagrun for etl_sederhana_25_572885_PPA_07200 to 2026-09-15 00:00:00+00:00, run_after=2026-09-16 00:00:00+00:00
[2026-09-15T13:59:49.897+0000] {processor.py:208} INFO - Processing /opt/airflow/dags/etl_sederhana_25_572885_PPA_07200.py took 0.741 seconds
[2026-09-15T14:00:20.116+0000] {processor.py:186} INFO - Started process (PID=1466) to work on /opt/airflow/dags/etl_sederhana_25_572885_PPA_07200.py
[2026-09-15T14:00:20.118+0000] {processor.py:914} INFO - Processing file /opt/airflow/dags/etl_sederhana_25_572885_PPA_07200.py for tasks to queue
[2026-09-15T14:00:20.120+0000] {logging_mixin.py:190} INFO - [2026-09-15T14:00:20.120+0000] {dagbag.py:588} INFO - Filling up the DagBag from /opt/airflow/dags/etl_sederhana_25_572885_PPA_07200.py
[2026-09-15T14:00:20.547+0000] {processor.py:925} INFO - DAG(s) 'etl_sederhana_25_572885_PPA_07200' retrieved from /opt/airflow/dags/etl_sederhana_25_572885_PPA_07200.py
[2026-09-15T14:00:20.574+0000] {logging_mixin.py:190} INFO - [2026-09-15T14:00:20.574+0000] {dag.py:3239} INFO - Sync 1 DAGs
[2026-09-15T14:00:20.602+0000] {logging_mixin.py:190} INFO - [2026-09-15T14:00:20.602+0000] {dag.py:4180} INFO - Setting next_dagrun for etl_sederhana_25_572885_PPA_07200 to 2026-09-15 00:00:00+00:00, run_after=2026-09-16 00:00:00+00:00
[2026-09-15T14:00:20.633+0000] {processor.py:208} INFO - Processing /opt/airflow/dags/etl_sederhana_25_572885_PPA_07200.py took 0.521 seconds
[2026-09-15T14:00:50.893+0000] {processor.py:186} INFO - Started process (PID=1475) to work on /opt/airflow/dags/etl_sederhana_25_572885_PPA_07200.py
[2026-09-15T14:00:50.898+0000] {processor.py:914} INFO - Processing file /opt/airflow/dags/etl_sederhana_25_572885_PPA_07200.py for tasks to queue
[2026-09-15T14:00:50.906+0000] {logging_mixin.py:190} INFO - [2026-09-15T14:00:50.904+0000] {dagbag.py:588} INFO - Filling up the DagBag from /opt/airflow/dags/etl_sederhana_25_572885_PPA_07200.py
[2026-09-15T14:00:51.325+0000] {processor.py:925} INFO - DAG(s) 'etl_sederhana_25_572885_PPA_07200' retrieved from /opt/airflow/dags/etl_sederhana_25_572885_PPA_07200.py
[2026-09-15T14:00:51.343+0000] {logging_mixin.py:190} INFO - [2026-09-15T14:00:51.343+0000] {dag.py:3239} INFO - Sync 1 DAGs
[2026-09-15T14:00:51.359+0000] {logging_mixin.py:190} INFO - [2026-09-15T14:00:51.359+0000] {dag.py:4180} INFO - Setting next_dagrun for etl_sederhana_25_572885_PPA_07200 to 2026-09-15 00:00:00+00:00, run_after=2026-09-16 00:00:00+00:00
[2026-09-15T14:00:51.393+0000] {processor.py:208} INFO - Processing /opt/airflow/dags/etl_sederhana_25_572885_PPA_07200.py took 0.510 seconds
[2026-09-15T14:01:21.558+0000] {processor.py:186} INFO - Started process (PID=1485) to work on /opt/airflow/dags/etl_sederhana_25_572885_PPA_07200.py
[2026-09-15T14:01:21.560+0000] {processor.py:914} INFO - Processing file /opt/airflow/dags/etl_sederhana_25_572885_PPA_07200.py for tasks to queue
[2026-09-15T14:01:21.562+0000] {logging_mixin.py:190} INFO - [2026-09-15T14:01:21.562+0000] {dagbag.py:588} INFO - Filling up the DagBag from /opt/airflow/dags/etl_sederhana_25_572885_PPA_07200.py
[2026-09-15T14:01:21.945+0000] {processor.py:925} INFO - DAG(s) 'etl_sederhana_25_572885_PPA_07200' retrieved from /opt/airflow/dags/etl_sederhana_25_572885_PPA_07200.py
[2026-09-15T14:01:21.963+0000] {logging_mixin.py:190} INFO - [2026-09-15T14:01:21.962+0000] {dag.py:3239} INFO - Sync 1 DAGs
[2026-09-15T14:01:21.987+0000] {logging_mixin.py:190} INFO - [2026-09-15T14:01:21.987+0000] {dag.py:4180} INFO - Setting next_dagrun for etl_sederhana_25_572885_PPA_07200 to 2026-09-15 00:00:00+00:00, run_after=2026-09-16 00:00:00+00:00
[2026-09-15T14:01:22.051+0000] {processor.py:208} INFO - Processing /opt/airflow/dags/etl_sederhana_25_572885_PPA_07200.py took 0.497 seconds
[2026-09-15T14:01:52.309+0000] {processor.py:186} INFO - Started process (PID=1494) to work on /opt/airflow/dags/etl_sederhana_25_572885_PPA_07200.py
[2026-09-15T14:01:52.312+0000] {processor.py:914} INFO - Processing file /opt/airflow/dags/etl_sederhana_25_572885_PPA_07200.py for tasks to queue
[2026-09-15T14:01:52.319+0000] {logging_mixin.py:190} INFO - [2026-09-15T14:01:52.318+0000] {dagbag.py:588} INFO - Filling up the DagBag from /opt/airflow/dags/etl_sederhana_25_572885_PPA_07200.py
[2026-09-15T14:01:52.697+0000] {processor.py:925} INFO - DAG(s) 'etl_sederhana_25_572885_PPA_07200' retrieved from /opt/airflow/dags/etl_sederhana_25_572885_PPA_07200.py
[2026-09-15T14:01:52.712+0000] {logging_mixin.py:190} INFO - [2026-09-15T14:01:52.712+0000] {dag.py:3239} INFO - Sync 1 DAGs
[2026-09-15T14:01:52.728+0000] {logging_mixin.py:190} INFO - [2026-09-15T14:01:52.728+0000] {dag.py:4180} INFO - Setting next_dagrun for etl_sederhana_25_572885_PPA_07200 to 2026-09-15 00:00:00+00:00, run_after=2026-09-16 00:00:00+00:00
[2026-09-15T14:01:52.760+0000] {processor.py:208} INFO - Processing /opt/airflow/dags/etl_sederhana_25_572885_PPA_07200.py took 0.462 seconds
[2026-09-15T14:02:23.036+0000] {processor.py:186} INFO - Started process (PID=1503) to work on /opt/airflow/dags/etl_sederhana_25_572885_PPA_07200.py
[2026-09-15T14:02:23.038+0000] {processor.py:914} INFO - Processing file /opt/airflow/dags/etl_sederhana_25_572885_PPA_07200.py for tasks to queue
[2026-09-15T14:02:23.042+0000] {logging_mixin.py:190} INFO - [2026-09-15T14:02:23.041+0000] {dagbag.py:588} INFO - Filling up the DagBag from /opt/airflow/dags/etl_sederhana_25_572885_PPA_07200.py
[2026-09-15T14:02:23.468+0000] {processor.py:925} INFO - DAG(s) 'etl_sederhana_25_572885_PPA_07200' retrieved from /opt/airflow/dags/etl_sederhana_25_572885_PPA_07200.py
[2026-09-15T14:02:23.484+0000] {logging_mixin.py:190} INFO - [2026-09-15T14:02:23.484+0000] {dag.py:3239} INFO - Sync 1 DAGs
[2026-09-15T14:02:23.502+0000] {logging_mixin.py:190} INFO - [2026-09-15T14:02:23.502+0000] {dag.py:4180} INFO - Setting next_dagrun for etl_sederhana_25_572885_PPA_07200 to 2026-09-15 00:00:00+00:00, run_after=2026-09-16 00:00:00+00:00
[2026-09-15T14:02:23.542+0000] {processor.py:208} INFO - Processing /opt/airflow/dags/etl_sederhana_25_572885_PPA_07200.py took 0.512 seconds
[2026-09-15T14:02:53.724+0000] {processor.py:186} INFO - Started process (PID=1512) to work on /opt/airflow/dags/etl_sederhana_25_572885_PPA_07200.py
[2026-09-15T14:02:53.728+0000] {processor.py:914} INFO - Processing file /opt/airflow/dags/etl_sederhana_25_572885_PPA_07200.py for tasks to queue
[2026-09-15T14:02:53.731+0000] {logging_mixin.py:190} INFO - [2026-09-15T14:02:53.731+0000] {dagbag.py:588} INFO - Filling up the DagBag from /opt/airflow/dags/etl_sederhana_25_572885_PPA_07200.py
[2026-09-15T14:02:54.174+0000] {processor.py:925} INFO - DAG(s) 'etl_sederhana_25_572885_PPA_07200' retrieved from /opt/airflow/dags/etl_sederhana_25_572885_PPA_07200.py
[2026-09-15T14:02:54.185+0000] {logging_mixin.py:190} INFO - [2026-09-15T14:02:54.185+0000] {dag.py:3239} INFO - Sync 1 DAGs
[2026-09-15T14:02:54.198+0000] {logging_mixin.py:190} INFO - [2026-09-15T14:02:54.198+0000] {dag.py:4180} INFO - Setting next_dagrun for etl_sederhana_25_572885_PPA_07200 to 2026-09-15 00:00:00+00:00, run_after=2026-09-16 00:00:00+00:00
[2026-09-15T14:02:54.223+0000] {processor.py:208} INFO - Processing /opt/airflow/dags/etl_sederhana_25_572885_PPA_07200.py took 0.504 seconds
[2026-09-15T14:03:24.442+0000] {processor.py:186} INFO - Started process (PID=1521) to work on /opt/airflow/dags/etl_sederhana_25_572885_PPA_07200.py
[2026-09-15T14:03:24.446+0000] {processor.py:914} INFO - Processing file /opt/airflow/dags/etl_sederhana_25_572885_PPA_07200.py for tasks to queue
[2026-09-15T14:03:24.449+0000] {logging_mixin.py:190} INFO - [2026-09-15T14:03:24.449+0000] {dagbag.py:588} INFO - Filling up the DagBag from /opt/airflow/dags/etl_sederhana_25_572885_PPA_07200.py
[2026-09-15T14:03:24.909+0000] {processor.py:925} INFO - DAG(s) 'etl_sederhana_25_572885_PPA_07200' retrieved from /opt/airflow/dags/etl_sederhana_25_572885_PPA_07200.py
[2026-09-15T14:03:24.924+0000] {logging_mixin.py:190} INFO - [2026-09-15T14:03:24.923+0000] {dag.py:3239} INFO - Sync 1 DAGs
[2026-09-15T14:03:24.940+0000] {logging_mixin.py:190} INFO - [2026-09-15T14:03:24.939+0000] {dag.py:4180} INFO - Setting next_dagrun for etl_sederhana_25_572885_PPA_07200 to 2026-09-15 00:00:00+00:00, run_after=2026-09-16 00:00:00+00:00
[2026-09-15T14:03:24.966+0000] {processor.py:208} INFO - Processing /opt/airflow/dags/etl_sederhana_25_572885_PPA_07200.py took 0.532 seconds
[2026-09-15T14:03:55.162+0000] {processor.py:186} INFO - Started process (PID=1530) to work on /opt/airflow/dags/etl_sederhana_25_572885_PPA_07200.py
[2026-09-15T14:03:55.164+0000] {processor.py:914} INFO - Processing file /opt/airflow/dags/etl_sederhana_25_572885_PPA_07200.py for tasks to queue
[2026-09-15T14:03:55.169+0000] {logging_mixin.py:190} INFO - [2026-09-15T14:03:55.168+0000] {dagbag.py:588} INFO - Filling up the DagBag from /opt/airflow/dags/etl_sederhana_25_572885_PPA_07200.py
[2026-09-15T14:03:55.522+0000] {processor.py:925} INFO - DAG(s) 'etl_sederhana_25_572885_PPA_07200' retrieved from /opt/airflow/dags/etl_sederhana_25_572885_PPA_07200.py
[2026-09-15T14:03:55.534+0000] {logging_mixin.py:190} INFO - [2026-09-15T14:03:55.533+0000] {dag.py:3239} INFO - Sync 1 DAGs
[2026-09-15T14:03:55.546+0000] {logging_mixin.py:190} INFO - [2026-09-15T14:03:55.546+0000] {dag.py:4180} INFO - Setting next_dagrun for etl_sederhana_25_572885_PPA_07200 to 2026-09-15 00:00:00+00:00, run_after=2026-09-16 00:00:00+00:00
[2026-09-15T14:03:55.573+0000] {processor.py:208} INFO - Processing /opt/airflow/dags/etl_sederhana_25_572885_PPA_07200.py took 0.418 seconds
[2026-09-15T14:04:25.755+0000] {processor.py:186} INFO - Started process (PID=1539) to work on /opt/airflow/dags/etl_sederhana_25_572885_PPA_07200.py
[2026-09-15T14:04:25.761+0000] {processor.py:914} INFO - Processing file /opt/airflow/dags/etl_sederhana_25_572885_PPA_07200.py for tasks to queue
[2026-09-15T14:04:25.767+0000] {logging_mixin.py:190} INFO - [2026-09-15T14:04:25.766+0000] {dagbag.py:588} INFO - Filling up the DagBag from /opt/airflow/dags/etl_sederhana_25_572885_PPA_07200.py
[2026-09-15T14:04:26.221+0000] {processor.py:925} INFO - DAG(s) 'etl_sederhana_25_572885_PPA_07200' retrieved from /opt/airflow/dags/etl_sederhana_25_572885_PPA_07200.py
[2026-09-15T14:04:26.236+0000] {logging_mixin.py:190} INFO - [2026-09-15T14:04:26.236+0000] {dag.py:3239} INFO - Sync 1 DAGs
[2026-09-15T14:04:26.250+0000] {logging_mixin.py:190} INFO - [2026-09-15T14:04:26.250+0000] {dag.py:4180} INFO - Setting next_dagrun for etl_sederhana_25_572885_PPA_07200 to 2026-09-15 00:00:00+00:00, run_after=2026-09-16 00:00:00+00:00
[2026-09-15T14:04:26.293+0000] {processor.py:208} INFO - Processing /opt/airflow/dags/etl_sederhana_25_572885_PPA_07200.py took 0.543 seconds
[2026-09-15T14:04:56.571+0000] {processor.py:186} INFO - Started process (PID=1548) to work on /opt/airflow/dags/etl_sederhana_25_572885_PPA_07200.py
[2026-09-15T14:04:56.582+0000] {processor.py:914} INFO - Processing file /opt/airflow/dags/etl_sederhana_25_572885_PPA_07200.py for tasks to queue
[2026-09-15T14:04:56.587+0000] {logging_mixin.py:190} INFO - [2026-09-15T14:04:56.587+0000] {dagbag.py:588} INFO - Filling up the DagBag from /opt/airflow/dags/etl_sederhana_25_572885_PPA_07200.py
[2026-09-15T14:04:57.000+0000] {processor.py:925} INFO - DAG(s) 'etl_sederhana_25_572885_PPA_07200' retrieved from /opt/airflow/dags/etl_sederhana_25_572885_PPA_07200.py
[2026-09-15T14:04:57.014+0000] {logging_mixin.py:190} INFO - [2026-09-15T14:04:57.013+0000] {dag.py:3239} INFO - Sync 1 DAGs
[2026-09-15T14:04:57.028+0000] {logging_mixin.py:190} INFO - [2026-09-15T14:04:57.028+0000] {dag.py:4180} INFO - Setting next_dagrun for etl_sederhana_25_572885_PPA_07200 to 2026-09-15 00:00:00+00:00, run_after=2026-09-16 00:00:00+00:00
[2026-09-15T14:04:57.076+0000] {processor.py:208} INFO - Processing /opt/airflow/dags/etl_sederhana_25_572885_PPA_07200.py took 0.510 seconds
[2026-09-15T14:05:27.367+0000] {processor.py:186} INFO - Started process (PID=1557) to work on /opt/airflow/dags/etl_sederhana_25_572885_PPA_07200.py
[2026-09-15T14:05:27.373+0000] {processor.py:914} INFO - Processing file /opt/airflow/dags/etl_sederhana_25_572885_PPA_07200.py for tasks to queue
[2026-09-15T14:05:27.395+0000] {logging_mixin.py:190} INFO - [2026-09-15T14:05:27.394+0000] {dagbag.py:588} INFO - Filling up the DagBag from /opt/airflow/dags/etl_sederhana_25_572885_PPA_07200.py
[2026-09-15T14:05:27.861+0000] {processor.py:925} INFO - DAG(s) 'etl_sederhana_25_572885_PPA_07200' retrieved from /opt/airflow/dags/etl_sederhana_25_572885_PPA_07200.py
[2026-09-15T14:05:27.875+0000] {logging_mixin.py:190} INFO - [2026-09-15T14:05:27.875+0000] {dag.py:3239} INFO - Sync 1 DAGs
[2026-09-15T14:05:27.892+0000] {logging_mixin.py:190} INFO - [2026-09-15T14:05:27.892+0000] {dag.py:4180} INFO - Setting next_dagrun for etl_sederhana_25_572885_PPA_07200 to 2026-09-15 00:00:00+00:00, run_after=2026-09-16 00:00:00+00:00
[2026-09-15T14:05:27.923+0000] {processor.py:208} INFO - Processing /opt/airflow/dags/etl_sederhana_25_572885_PPA_07200.py took 0.565 seconds
[2026-09-15T14:05:58.150+0000] {processor.py:186} INFO - Started process (PID=1566) to work on /opt/airflow/dags/etl_sederhana_25_572885_PPA_07200.py
[2026-09-15T14:05:58.152+0000] {processor.py:914} INFO - Processing file /opt/airflow/dags/etl_sederhana_25_572885_PPA_07200.py for tasks to queue
[2026-09-15T14:05:58.155+0000] {logging_mixin.py:190} INFO - [2026-09-15T14:05:58.155+0000] {dagbag.py:588} INFO - Filling up the DagBag from /opt/airflow/dags/etl_sederhana_25_572885_PPA_07200.py
[2026-09-15T14:05:58.645+0000] {processor.py:925} INFO - DAG(s) 'etl_sederhana_25_572885_PPA_07200' retrieved from /opt/airflow/dags/etl_sederhana_25_572885_PPA_07200.py
[2026-09-15T14:05:58.689+0000] {logging_mixin.py:190} INFO - [2026-09-15T14:05:58.689+0000] {dag.py:3239} INFO - Sync 1 DAGs
[2026-09-15T14:05:58.715+0000] {logging_mixin.py:190} INFO - [2026-09-15T14:05:58.715+0000] {dag.py:4180} INFO - Setting next_dagrun for etl_sederhana_25_572885_PPA_07200 to 2026-09-15 00:00:00+00:00, run_after=2026-09-16 00:00:00+00:00
[2026-09-15T14:05:58.747+0000] {processor.py:208} INFO - Processing /opt/airflow/dags/etl_sederhana_25_572885_PPA_07200.py took 0.604 seconds
[2026-09-15T14:06:29.075+0000] {processor.py:186} INFO - Started process (PID=1575) to work on /opt/airflow/dags/etl_sederhana_25_572885_PPA_07200.py
[2026-09-15T14:06:29.078+0000] {processor.py:914} INFO - Processing file /opt/airflow/dags/etl_sederhana_25_572885_PPA_07200.py for tasks to queue
[2026-09-15T14:06:29.081+0000] {logging_mixin.py:190} INFO - [2026-09-15T14:06:29.081+0000] {dagbag.py:588} INFO - Filling up the DagBag from /opt/airflow/dags/etl_sederhana_25_572885_PPA_07200.py
[2026-09-15T14:06:29.500+0000] {processor.py:925} INFO - DAG(s) 'etl_sederhana_25_572885_PPA_07200' retrieved from /opt/airflow/dags/etl_sederhana_25_572885_PPA_07200.py
[2026-09-15T14:06:29.513+0000] {logging_mixin.py:190} INFO - [2026-09-15T14:06:29.512+0000] {dag.py:3239} INFO - Sync 1 DAGs
[2026-09-15T14:06:29.526+0000] {logging_mixin.py:190} INFO - [2026-09-15T14:06:29.526+0000] {dag.py:4180} INFO - Setting next_dagrun for etl_sederhana_25_572885_PPA_07200 to 2026-09-15 00:00:00+00:00, run_after=2026-09-16 00:00:00+00:00
[2026-09-15T14:06:29.551+0000] {processor.py:208} INFO - Processing /opt/airflow/dags/etl_sederhana_25_572885_PPA_07200.py took 0.486 seconds
[2026-09-15T14:06:59.814+0000] {processor.py:186} INFO - Started process (PID=1584) to work on /opt/airflow/dags/etl_sederhana_25_572885_PPA_07200.py
[2026-09-15T14:06:59.818+0000] {processor.py:914} INFO - Processing file /opt/airflow/dags/etl_sederhana_25_572885_PPA_07200.py for tasks to queue
[2026-09-15T14:06:59.826+0000] {logging_mixin.py:190} INFO - [2026-09-15T14:06:59.825+0000] {dagbag.py:588} INFO - Filling up the DagBag from /opt/airflow/dags/etl_sederhana_25_572885_PPA_07200.py
[2026-09-15T14:07:00.637+0000] {processor.py:925} INFO - DAG(s) 'etl_sederhana_25_572885_PPA_07200' retrieved from /opt/airflow/dags/etl_sederhana_25_572885_PPA_07200.py
[2026-09-15T14:07:00.667+0000] {logging_mixin.py:190} INFO - [2026-09-15T14:07:00.667+0000] {dag.py:3239} INFO - Sync 1 DAGs
[2026-09-15T14:07:00.697+0000] {logging_mixin.py:190} INFO - [2026-09-15T14:07:00.697+0000] {dag.py:4180} INFO - Setting next_dagrun for etl_sederhana_25_572885_PPA_07200 to 2026-09-15 00:00:00+00:00, run_after=2026-09-16 00:00:00+00:00
[2026-09-15T14:07:00.750+0000] {processor.py:208} INFO - Processing /opt/airflow/dags/etl_sederhana_25_572885_PPA_07200.py took 0.948 seconds
[2026-09-15T14:07:30.989+0000] {processor.py:186} INFO - Started process (PID=1593) to work on /opt/airflow/dags/etl_sederhana_25_572885_PPA_07200.py
[2026-09-15T14:07:30.992+0000] {processor.py:914} INFO - Processing file /opt/airflow/dags/etl_sederhana_25_572885_PPA_07200.py for tasks to queue
[2026-09-15T14:07:30.998+0000] {logging_mixin.py:190} INFO - [2026-09-15T14:07:30.997+0000] {dagbag.py:588} INFO - Filling up the DagBag from /opt/airflow/dags/etl_sederhana_25_572885_PPA_07200.py
[2026-09-15T14:07:31.796+0000] {processor.py:925} INFO - DAG(s) 'etl_sederhana_25_572885_PPA_07200' retrieved from /opt/airflow/dags/etl_sederhana_25_572885_PPA_07200.py
[2026-09-15T14:07:31.851+0000] {logging_mixin.py:190} INFO - [2026-09-15T14:07:31.850+0000] {dag.py:3239} INFO - Sync 1 DAGs
[2026-09-15T14:07:31.895+0000] {logging_mixin.py:190} INFO - [2026-09-15T14:07:31.894+0000] {dag.py:4180} INFO - Setting next_dagrun for etl_sederhana_25_572885_PPA_07200 to 2026-09-15 00:00:00+00:00, run_after=2026-09-16 00:00:00+00:00
[2026-09-15T14:07:31.956+0000] {processor.py:208} INFO - Processing /opt/airflow/dags/etl_sederhana_25_572885_PPA_07200.py took 0.978 seconds
[2026-09-15T14:08:02.608+0000] {processor.py:186} INFO - Started process (PID=1602) to work on /opt/airflow/dags/etl_sederhana_25_572885_PPA_07200.py
[2026-09-15T14:08:02.625+0000] {processor.py:914} INFO - Processing file /opt/airflow/dags/etl_sederhana_25_572885_PPA_07200.py for tasks to queue
[2026-09-15T14:08:02.646+0000] {logging_mixin.py:190} INFO - [2026-09-15T14:08:02.645+0000] {dagbag.py:588} INFO - Filling up the DagBag from /opt/airflow/dags/etl_sederhana_25_572885_PPA_07200.py
[2026-09-15T14:08:05.598+0000] {processor.py:925} INFO - DAG(s) 'etl_sederhana_25_572885_PPA_07200' retrieved from /opt/airflow/dags/etl_sederhana_25_572885_PPA_07200.py
[2026-09-15T14:08:05.667+0000] {logging_mixin.py:190} INFO - [2026-09-15T14:08:05.665+0000] {dag.py:3239} INFO - Sync 1 DAGs
[2026-09-15T14:08:05.746+0000] {logging_mixin.py:190} INFO - [2026-09-15T14:08:05.746+0000] {dag.py:4180} INFO - Setting next_dagrun for etl_sederhana_25_572885_PPA_07200 to 2026-09-15 00:00:00+00:00, run_after=2026-09-16 00:00:00+00:00
[2026-09-15T14:08:05.814+0000] {processor.py:208} INFO - Processing /opt/airflow/dags/etl_sederhana_25_572885_PPA_07200.py took 3.238 seconds
[2026-09-15T14:08:36.227+0000] {processor.py:186} INFO - Started process (PID=1611) to work on /opt/airflow/dags/etl_sederhana_25_572885_PPA_07200.py
[2026-09-15T14:08:36.231+0000] {processor.py:914} INFO - Processing file /opt/airflow/dags/etl_sederhana_25_572885_PPA_07200.py for tasks to queue
[2026-09-15T14:08:36.242+0000] {logging_mixin.py:190} INFO - [2026-09-15T14:08:36.241+0000] {dagbag.py:588} INFO - Filling up the DagBag from /opt/airflow/dags/etl_sederhana_25_572885_PPA_07200.py
[2026-09-15T14:08:37.889+0000] {processor.py:925} INFO - DAG(s) 'etl_sederhana_25_572885_PPA_07200' retrieved from /opt/airflow/dags/etl_sederhana_25_572885_PPA_07200.py
[2026-09-15T14:08:37.953+0000] {logging_mixin.py:190} INFO - [2026-09-15T14:08:37.952+0000] {dag.py:3239} INFO - Sync 1 DAGs
[2026-09-15T14:08:38.024+0000] {logging_mixin.py:190} INFO - [2026-09-15T14:08:38.024+0000] {dag.py:4180} INFO - Setting next_dagrun for etl_sederhana_25_572885_PPA_07200 to 2026-09-15 00:00:00+00:00, run_after=2026-09-16 00:00:00+00:00
[2026-09-15T14:08:38.103+0000] {processor.py:208} INFO - Processing /opt/airflow/dags/etl_sederhana_25_572885_PPA_07200.py took 1.895 seconds
[2026-09-15T14:09:08.424+0000] {processor.py:186} INFO - Started process (PID=1621) to work on /opt/airflow/dags/etl_sederhana_25_572885_PPA_07200.py
[2026-09-15T14:09:08.427+0000] {processor.py:914} INFO - Processing file /opt/airflow/dags/etl_sederhana_25_572885_PPA_07200.py for tasks to queue
[2026-09-15T14:09:08.437+0000] {logging_mixin.py:190} INFO - [2026-09-15T14:09:08.436+0000] {dagbag.py:588} INFO - Filling up the DagBag from /opt/airflow/dags/etl_sederhana_25_572885_PPA_07200.py
[2026-09-15T14:09:09.103+0000] {processor.py:925} INFO - DAG(s) 'etl_sederhana_25_572885_PPA_07200' retrieved from /opt/airflow/dags/etl_sederhana_25_572885_PPA_07200.py
[2026-09-15T14:09:09.131+0000] {logging_mixin.py:190} INFO - [2026-09-15T14:09:09.131+0000] {dag.py:3239} INFO - Sync 1 DAGs
[2026-09-15T14:09:09.167+0000] {logging_mixin.py:190} INFO - [2026-09-15T14:09:09.166+0000] {dag.py:4180} INFO - Setting next_dagrun for etl_sederhana_25_572885_PPA_07200 to 2026-09-15 00:00:00+00:00, run_after=2026-09-16 00:00:00+00:00
[2026-09-15T14:09:09.222+0000] {processor.py:208} INFO - Processing /opt/airflow/dags/etl_sederhana_25_572885_PPA_07200.py took 0.806 seconds
[2026-09-15T14:09:39.498+0000] {processor.py:186} INFO - Started process (PID=1630) to work on /opt/airflow/dags/etl_sederhana_25_572885_PPA_07200.py
[2026-09-15T14:09:39.511+0000] {processor.py:914} INFO - Processing file /opt/airflow/dags/etl_sederhana_25_572885_PPA_07200.py for tasks to queue
[2026-09-15T14:09:39.554+0000] {logging_mixin.py:190} INFO - [2026-09-15T14:09:39.552+0000] {dagbag.py:588} INFO - Filling up the DagBag from /opt/airflow/dags/etl_sederhana_25_572885_PPA_07200.py
[2026-09-15T14:09:40.667+0000] {processor.py:925} INFO - DAG(s) 'etl_sederhana_25_572885_PPA_07200' retrieved from /opt/airflow/dags/etl_sederhana_25_572885_PPA_07200.py
[2026-09-15T14:09:40.688+0000] {logging_mixin.py:190} INFO - [2026-09-15T14:09:40.688+0000] {dag.py:3239} INFO - Sync 1 DAGs
[2026-09-15T14:09:40.707+0000] {logging_mixin.py:190} INFO - [2026-09-15T14:09:40.707+0000] {dag.py:4180} INFO - Setting next_dagrun for etl_sederhana_25_572885_PPA_07200 to 2026-09-15 00:00:00+00:00, run_after=2026-09-16 00:00:00+00:00
[2026-09-15T14:09:40.733+0000] {processor.py:208} INFO - Processing /opt/airflow/dags/etl_sederhana_25_572885_PPA_07200.py took 1.263 seconds
[2026-09-15T14:10:11.614+0000] {processor.py:186} INFO - Started process (PID=1639) to work on /opt/airflow/dags/etl_sederhana_25_572885_PPA_07200.py
[2026-09-15T14:10:11.619+0000] {processor.py:914} INFO - Processing file /opt/airflow/dags/etl_sederhana_25_572885_PPA_07200.py for tasks to queue
[2026-09-15T14:10:11.628+0000] {logging_mixin.py:190} INFO - [2026-09-15T14:10:11.627+0000] {dagbag.py:588} INFO - Filling up the DagBag from /opt/airflow/dags/etl_sederhana_25_572885_PPA_07200.py
[2026-09-15T14:10:12.734+0000] {processor.py:925} INFO - DAG(s) 'etl_sederhana_25_572885_PPA_07200' retrieved from /opt/airflow/dags/etl_sederhana_25_572885_PPA_07200.py
[2026-09-15T14:10:12.763+0000] {logging_mixin.py:190} INFO - [2026-09-15T14:10:12.763+0000] {dag.py:3239} INFO - Sync 1 DAGs
[2026-09-15T14:10:12.872+0000] {logging_mixin.py:190} INFO - [2026-09-15T14:10:12.871+0000] {dag.py:4180} INFO - Setting next_dagrun for etl_sederhana_25_572885_PPA_07200 to 2026-09-15 00:00:00+00:00, run_after=2026-09-16 00:00:00+00:00
[2026-09-15T14:10:12.914+0000] {processor.py:208} INFO - Processing /opt/airflow/dags/etl_sederhana_25_572885_PPA_07200.py took 1.309 seconds
[2026-09-15T14:10:43.458+0000] {processor.py:186} INFO - Started process (PID=1655) to work on /opt/airflow/dags/etl_sederhana_25_572885_PPA_07200.py
[2026-09-15T14:10:43.461+0000] {processor.py:914} INFO - Processing file /opt/airflow/dags/etl_sederhana_25_572885_PPA_07200.py for tasks to queue
[2026-09-15T14:10:43.467+0000] {logging_mixin.py:190} INFO - [2026-09-15T14:10:43.467+0000] {dagbag.py:588} INFO - Filling up the DagBag from /opt/airflow/dags/etl_sederhana_25_572885_PPA_07200.py
[2026-09-15T14:10:44.611+0000] {processor.py:925} INFO - DAG(s) 'etl_sederhana_25_572885_PPA_07200' retrieved from /opt/airflow/dags/etl_sederhana_25_572885_PPA_07200.py
[2026-09-15T14:10:44.765+0000] {logging_mixin.py:190} INFO - [2026-09-15T14:10:44.765+0000] {dag.py:3239} INFO - Sync 1 DAGs
[2026-09-15T14:10:44.896+0000] {logging_mixin.py:190} INFO - [2026-09-15T14:10:44.896+0000] {dag.py:4180} INFO - Setting next_dagrun for etl_sederhana_25_572885_PPA_07200 to 2026-09-15 00:00:00+00:00, run_after=2026-09-16 00:00:00+00:00
[2026-09-15T14:10:44.935+0000] {processor.py:208} INFO - Processing /opt/airflow/dags/etl_sederhana_25_572885_PPA_07200.py took 1.488 seconds
[2026-09-15T14:11:16.415+0000] {processor.py:186} INFO - Started process (PID=1665) to work on /opt/airflow/dags/etl_sederhana_25_572885_PPA_07200.py
[2026-09-15T14:11:16.423+0000] {processor.py:914} INFO - Processing file /opt/airflow/dags/etl_sederhana_25_572885_PPA_07200.py for tasks to queue
[2026-09-15T14:11:16.469+0000] {logging_mixin.py:190} INFO - [2026-09-15T14:11:16.468+0000] {dagbag.py:588} INFO - Filling up the DagBag from /opt/airflow/dags/etl_sederhana_25_572885_PPA_07200.py
[2026-09-15T14:11:17.996+0000] {processor.py:925} INFO - DAG(s) 'etl_sederhana_25_572885_PPA_07200' retrieved from /opt/airflow/dags/etl_sederhana_25_572885_PPA_07200.py
[2026-09-15T14:11:18.070+0000] {logging_mixin.py:190} INFO - [2026-09-15T14:11:18.069+0000] {dag.py:3239} INFO - Sync 1 DAGs
[2026-09-15T14:11:18.201+0000] {logging_mixin.py:190} INFO - [2026-09-15T14:11:18.201+0000] {dag.py:4180} INFO - Setting next_dagrun for etl_sederhana_25_572885_PPA_07200 to 2026-09-15 00:00:00+00:00, run_after=2026-09-16 00:00:00+00:00
[2026-09-15T14:11:18.303+0000] {processor.py:208} INFO - Processing /opt/airflow/dags/etl_sederhana_25_572885_PPA_07200.py took 1.894 seconds
[2026-09-15T14:11:48.812+0000] {processor.py:186} INFO - Started process (PID=1674) to work on /opt/airflow/dags/etl_sederhana_25_572885_PPA_07200.py
[2026-09-15T14:11:48.814+0000] {processor.py:914} INFO - Processing file /opt/airflow/dags/etl_sederhana_25_572885_PPA_07200.py for tasks to queue
[2026-09-15T14:11:48.817+0000] {logging_mixin.py:190} INFO - [2026-09-15T14:11:48.817+0000] {dagbag.py:588} INFO - Filling up the DagBag from /opt/airflow/dags/etl_sederhana_25_572885_PPA_07200.py
[2026-09-15T14:11:49.392+0000] {processor.py:925} INFO - DAG(s) 'etl_sederhana_25_572885_PPA_07200' retrieved from /opt/airflow/dags/etl_sederhana_25_572885_PPA_07200.py
[2026-09-15T14:11:49.414+0000] {logging_mixin.py:190} INFO - [2026-09-15T14:11:49.413+0000] {dag.py:3239} INFO - Sync 1 DAGs
[2026-09-15T14:11:49.438+0000] {logging_mixin.py:190} INFO - [2026-09-15T14:11:49.438+0000] {dag.py:4180} INFO - Setting next_dagrun for etl_sederhana_25_572885_PPA_07200 to 2026-09-15 00:00:00+00:00, run_after=2026-09-16 00:00:00+00:00
[2026-09-15T14:11:49.474+0000] {processor.py:208} INFO - Processing /opt/airflow/dags/etl_sederhana_25_572885_PPA_07200.py took 0.671 seconds
[2026-09-15T14:12:19.751+0000] {processor.py:186} INFO - Started process (PID=1683) to work on /opt/airflow/dags/etl_sederhana_25_572885_PPA_07200.py
[2026-09-15T14:12:19.757+0000] {processor.py:914} INFO - Processing file /opt/airflow/dags/etl_sederhana_25_572885_PPA_07200.py for tasks to queue
[2026-09-15T14:12:19.765+0000] {logging_mixin.py:190} INFO - [2026-09-15T14:12:19.764+0000] {dagbag.py:588} INFO - Filling up the DagBag from /opt/airflow/dags/etl_sederhana_25_572885_PPA_07200.py
[2026-09-15T14:12:21.102+0000] {processor.py:925} INFO - DAG(s) 'etl_sederhana_25_572885_PPA_07200' retrieved from /opt/airflow/dags/etl_sederhana_25_572885_PPA_07200.py
[2026-09-15T14:12:21.132+0000] {logging_mixin.py:190} INFO - [2026-09-15T14:12:21.131+0000] {dag.py:3239} INFO - Sync 1 DAGs
[2026-09-15T14:12:21.197+0000] {logging_mixin.py:190} INFO - [2026-09-15T14:12:21.197+0000] {dag.py:4180} INFO - Setting next_dagrun for etl_sederhana_25_572885_PPA_07200 to 2026-09-15 00:00:00+00:00, run_after=2026-09-16 00:00:00+00:00
[2026-09-15T14:12:21.265+0000] {processor.py:208} INFO - Processing /opt/airflow/dags/etl_sederhana_25_572885_PPA_07200.py took 1.521 seconds
[2026-09-15T14:12:24.664+0000] {processor.py:186} INFO - Started process (PID=1685) to work on /opt/airflow/dags/etl_sederhana_25_572885_PPA_07200.py
[2026-09-15T14:12:24.686+0000] {processor.py:914} INFO - Processing file /opt/airflow/dags/etl_sederhana_25_572885_PPA_07200.py for tasks to queue
[2026-09-15T14:12:24.746+0000] {logging_mixin.py:190} INFO - [2026-09-15T14:12:24.745+0000] {dagbag.py:588} INFO - Filling up the DagBag from /opt/airflow/dags/etl_sederhana_25_572885_PPA_07200.py
[2026-09-15T14:12:26.428+0000] {processor.py:925} INFO - DAG(s) 'etl_sederhana_25_572885_PPA_07200' retrieved from /opt/airflow/dags/etl_sederhana_25_572885_PPA_07200.py
[2026-09-15T14:12:26.559+0000] {logging_mixin.py:190} INFO - [2026-09-15T14:12:26.558+0000] {dag.py:3239} INFO - Sync 1 DAGs
[2026-09-15T14:12:26.593+0000] {logging_mixin.py:190} INFO - [2026-09-15T14:12:26.593+0000] {dag.py:4180} INFO - Setting next_dagrun for etl_sederhana_25_572885_PPA_07200 to 2026-09-15 00:00:00+00:00, run_after=2026-09-16 00:00:00+00:00
[2026-09-15T14:12:26.934+0000] {processor.py:208} INFO - Processing /opt/airflow/dags/etl_sederhana_25_572885_PPA_07200.py took 2.286 seconds
[2026-09-15T14:12:57.784+0000] {processor.py:186} INFO - Started process (PID=1694) to work on /opt/airflow/dags/etl_sederhana_25_572885_PPA_07200.py
[2026-09-15T14:12:57.816+0000] {processor.py:914} INFO - Processing file /opt/airflow/dags/etl_sederhana_25_572885_PPA_07200.py for tasks to queue
[2026-09-15T14:12:57.831+0000] {logging_mixin.py:190} INFO - [2026-09-15T14:12:57.830+0000] {dagbag.py:588} INFO - Filling up the DagBag from /opt/airflow/dags/etl_sederhana_25_572885_PPA_07200.py
[2026-09-15T14:12:59.234+0000] {processor.py:925} INFO - DAG(s) 'etl_sederhana_25_572885_PPA_07200' retrieved from /opt/airflow/dags/etl_sederhana_25_572885_PPA_07200.py
[2026-09-15T14:12:59.381+0000] {logging_mixin.py:190} INFO - [2026-09-15T14:12:59.381+0000] {dag.py:3239} INFO - Sync 1 DAGs
[2026-09-15T14:12:59.413+0000] {logging_mixin.py:190} INFO - [2026-09-15T14:12:59.412+0000] {dag.py:4180} INFO - Setting next_dagrun for etl_sederhana_25_572885_PPA_07200 to 2026-09-15 00:00:00+00:00, run_after=2026-09-16 00:00:00+00:00
[2026-09-15T14:12:59.537+0000] {processor.py:208} INFO - Processing /opt/airflow/dags/etl_sederhana_25_572885_PPA_07200.py took 1.759 seconds
[2026-09-15T14:13:30.626+0000] {processor.py:186} INFO - Started process (PID=1703) to work on /opt/airflow/dags/etl_sederhana_25_572885_PPA_07200.py
[2026-09-15T14:13:30.642+0000] {processor.py:914} INFO - Processing file /opt/airflow/dags/etl_sederhana_25_572885_PPA_07200.py for tasks to queue
[2026-09-15T14:13:30.672+0000] {logging_mixin.py:190} INFO - [2026-09-15T14:13:30.672+0000] {dagbag.py:588} INFO - Filling up the DagBag from /opt/airflow/dags/etl_sederhana_25_572885_PPA_07200.py
[2026-09-15T14:13:31.615+0000] {processor.py:925} INFO - DAG(s) 'etl_sederhana_25_572885_PPA_07200' retrieved from /opt/airflow/dags/etl_sederhana_25_572885_PPA_07200.py
[2026-09-15T14:13:31.744+0000] {logging_mixin.py:190} INFO - [2026-09-15T14:13:31.743+0000] {dag.py:3239} INFO - Sync 1 DAGs
[2026-09-15T14:13:31.860+0000] {logging_mixin.py:190} INFO - [2026-09-15T14:13:31.860+0000] {dag.py:4180} INFO - Setting next_dagrun for etl_sederhana_25_572885_PPA_07200 to 2026-09-15 00:00:00+00:00, run_after=2026-09-16 00:00:00+00:00
[2026-09-15T14:13:31.997+0000] {processor.py:208} INFO - Processing /opt/airflow/dags/etl_sederhana_25_572885_PPA_07200.py took 1.377 seconds
[2026-09-15T14:14:02.688+0000] {processor.py:186} INFO - Started process (PID=1712) to work on /opt/airflow/dags/etl_sederhana_25_572885_PPA_07200.py
[2026-09-15T14:14:02.700+0000] {processor.py:914} INFO - Processing file /opt/airflow/dags/etl_sederhana_25_572885_PPA_07200.py for tasks to queue
[2026-09-15T14:14:02.781+0000] {logging_mixin.py:190} INFO - [2026-09-15T14:14:02.781+0000] {dagbag.py:588} INFO - Filling up the DagBag from /opt/airflow/dags/etl_sederhana_25_572885_PPA_07200.py
[2026-09-15T14:14:03.742+0000] {processor.py:925} INFO - DAG(s) 'etl_sederhana_25_572885_PPA_07200' retrieved from /opt/airflow/dags/etl_sederhana_25_572885_PPA_07200.py
[2026-09-15T14:14:03.770+0000] {logging_mixin.py:190} INFO - [2026-09-15T14:14:03.769+0000] {dag.py:3239} INFO - Sync 1 DAGs
[2026-09-15T14:14:03.792+0000] {logging_mixin.py:190} INFO - [2026-09-15T14:14:03.792+0000] {dag.py:4180} INFO - Setting next_dagrun for etl_sederhana_25_572885_PPA_07200 to 2026-09-15 00:00:00+00:00, run_after=2026-09-16 00:00:00+00:00
[2026-09-15T14:14:03.909+0000] {processor.py:208} INFO - Processing /opt/airflow/dags/etl_sederhana_25_572885_PPA_07200.py took 1.232 seconds
[2026-09-15T14:14:34.262+0000] {processor.py:186} INFO - Started process (PID=1721) to work on /opt/airflow/dags/etl_sederhana_25_572885_PPA_07200.py
[2026-09-15T14:14:34.264+0000] {processor.py:914} INFO - Processing file /opt/airflow/dags/etl_sederhana_25_572885_PPA_07200.py for tasks to queue
[2026-09-15T14:14:34.267+0000] {logging_mixin.py:190} INFO - [2026-09-15T14:14:34.267+0000] {dagbag.py:588} INFO - Filling up the DagBag from /opt/airflow/dags/etl_sederhana_25_572885_PPA_07200.py
[2026-09-15T14:14:34.977+0000] {processor.py:925} INFO - DAG(s) 'etl_sederhana_25_572885_PPA_07200' retrieved from /opt/airflow/dags/etl_sederhana_25_572885_PPA_07200.py
[2026-09-15T14:14:34.995+0000] {logging_mixin.py:190} INFO - [2026-09-15T14:14:34.995+0000] {dag.py:3239} INFO - Sync 1 DAGs
[2026-09-15T14:14:35.016+0000] {logging_mixin.py:190} INFO - [2026-09-15T14:14:35.016+0000] {dag.py:4180} INFO - Setting next_dagrun for etl_sederhana_25_572885_PPA_07200 to 2026-09-15 00:00:00+00:00, run_after=2026-09-16 00:00:00+00:00
[2026-09-15T14:14:35.043+0000] {processor.py:208} INFO - Processing /opt/airflow/dags/etl_sederhana_25_572885_PPA_07200.py took 0.788 seconds
[2026-09-15T14:15:05.370+0000] {processor.py:186} INFO - Started process (PID=1730) to work on /opt/airflow/dags/etl_sederhana_25_572885_PPA_07200.py
[2026-09-15T14:15:05.373+0000] {processor.py:914} INFO - Processing file /opt/airflow/dags/etl_sederhana_25_572885_PPA_07200.py for tasks to queue
[2026-09-15T14:15:05.376+0000] {logging_mixin.py:190} INFO - [2026-09-15T14:15:05.375+0000] {dagbag.py:588} INFO - Filling up the DagBag from /opt/airflow/dags/etl_sederhana_25_572885_PPA_07200.py
[2026-09-15T14:15:05.884+0000] {processor.py:925} INFO - DAG(s) 'etl_sederhana_25_572885_PPA_07200' retrieved from /opt/airflow/dags/etl_sederhana_25_572885_PPA_07200.py
[2026-09-15T14:15:05.906+0000] {logging_mixin.py:190} INFO - [2026-09-15T14:15:05.905+0000] {dag.py:3239} INFO - Sync 1 DAGs
[2026-09-15T14:15:05.927+0000] {logging_mixin.py:190} INFO - [2026-09-15T14:15:05.927+0000] {dag.py:4180} INFO - Setting next_dagrun for etl_sederhana_25_572885_PPA_07200 to 2026-09-15 00:00:00+00:00, run_after=2026-09-16 00:00:00+00:00
[2026-09-15T14:15:05.956+0000] {processor.py:208} INFO - Processing /opt/airflow/dags/etl_sederhana_25_572885_PPA_07200.py took 0.593 seconds
[2026-09-15T14:15:36.242+0000] {processor.py:186} INFO - Started process (PID=1739) to work on /opt/airflow/dags/etl_sederhana_25_572885_PPA_07200.py
[2026-09-15T14:15:36.244+0000] {processor.py:914} INFO - Processing file /opt/airflow/dags/etl_sederhana_25_572885_PPA_07200.py for tasks to queue
[2026-09-15T14:15:36.248+0000] {logging_mixin.py:190} INFO - [2026-09-15T14:15:36.247+0000] {dagbag.py:588} INFO - Filling up the DagBag from /opt/airflow/dags/etl_sederhana_25_572885_PPA_07200.py
[2026-09-15T14:15:36.755+0000] {processor.py:925} INFO - DAG(s) 'etl_sederhana_25_572885_PPA_07200' retrieved from /opt/airflow/dags/etl_sederhana_25_572885_PPA_07200.py
[2026-09-15T14:15:36.776+0000] {logging_mixin.py:190} INFO - [2026-09-15T14:15:36.776+0000] {dag.py:3239} INFO - Sync 1 DAGs
[2026-09-15T14:15:36.794+0000] {logging_mixin.py:190} INFO - [2026-09-15T14:15:36.794+0000] {dag.py:4180} INFO - Setting next_dagrun for etl_sederhana_25_572885_PPA_07200 to 2026-09-15 00:00:00+00:00, run_after=2026-09-16 00:00:00+00:00
[2026-09-15T14:15:36.822+0000] {processor.py:208} INFO - Processing /opt/airflow/dags/etl_sederhana_25_572885_PPA_07200.py took 0.587 seconds
[2026-09-15T14:16:07.135+0000] {processor.py:186} INFO - Started process (PID=1748) to work on /opt/airflow/dags/etl_sederhana_25_572885_PPA_07200.py
[2026-09-15T14:16:07.137+0000] {processor.py:914} INFO - Processing file /opt/airflow/dags/etl_sederhana_25_572885_PPA_07200.py for tasks to queue
[2026-09-15T14:16:07.142+0000] {logging_mixin.py:190} INFO - [2026-09-15T14:16:07.142+0000] {dagbag.py:588} INFO - Filling up the DagBag from /opt/airflow/dags/etl_sederhana_25_572885_PPA_07200.py
[2026-09-15T14:16:07.637+0000] {processor.py:925} INFO - DAG(s) 'etl_sederhana_25_572885_PPA_07200' retrieved from /opt/airflow/dags/etl_sederhana_25_572885_PPA_07200.py
[2026-09-15T14:16:07.655+0000] {logging_mixin.py:190} INFO - [2026-09-15T14:16:07.654+0000] {dag.py:3239} INFO - Sync 1 DAGs
[2026-09-15T14:16:07.673+0000] {logging_mixin.py:190} INFO - [2026-09-15T14:16:07.672+0000] {dag.py:4180} INFO - Setting next_dagrun for etl_sederhana_25_572885_PPA_07200 to 2026-09-15 00:00:00+00:00, run_after=2026-09-16 00:00:00+00:00
[2026-09-15T14:16:07.709+0000] {processor.py:208} INFO - Processing /opt/airflow/dags/etl_sederhana_25_572885_PPA_07200.py took 0.581 seconds
[2026-09-15T14:16:38.011+0000] {processor.py:186} INFO - Started process (PID=1757) to work on /opt/airflow/dags/etl_sederhana_25_572885_PPA_07200.py
[2026-09-15T14:16:38.013+0000] {processor.py:914} INFO - Processing file /opt/airflow/dags/etl_sederhana_25_572885_PPA_07200.py for tasks to queue
[2026-09-15T14:16:38.016+0000] {logging_mixin.py:190} INFO - [2026-09-15T14:16:38.016+0000] {dagbag.py:588} INFO - Filling up the DagBag from /opt/airflow/dags/etl_sederhana_25_572885_PPA_07200.py
[2026-09-15T14:16:38.699+0000] {processor.py:925} INFO - DAG(s) 'etl_sederhana_25_572885_PPA_07200' retrieved from /opt/airflow/dags/etl_sederhana_25_572885_PPA_07200.py
[2026-09-15T14:16:38.718+0000] {logging_mixin.py:190} INFO - [2026-09-15T14:16:38.718+0000] {dag.py:3239} INFO - Sync 1 DAGs
[2026-09-15T14:16:38.737+0000] {logging_mixin.py:190} INFO - [2026-09-15T14:16:38.737+0000] {dag.py:4180} INFO - Setting next_dagrun for etl_sederhana_25_572885_PPA_07200 to 2026-09-15 00:00:00+00:00, run_after=2026-09-16 00:00:00+00:00
[2026-09-15T14:16:38.768+0000] {processor.py:208} INFO - Processing /opt/airflow/dags/etl_sederhana_25_572885_PPA_07200.py took 0.765 seconds
[2026-09-15T14:17:08.912+0000] {processor.py:186} INFO - Started process (PID=1766) to work on /opt/airflow/dags/etl_sederhana_25_572885_PPA_07200.py
[2026-09-15T14:17:08.916+0000] {processor.py:914} INFO - Processing file /opt/airflow/dags/etl_sederhana_25_572885_PPA_07200.py for tasks to queue
[2026-09-15T14:17:08.920+0000] {logging_mixin.py:190} INFO - [2026-09-15T14:17:08.919+0000] {dagbag.py:588} INFO - Filling up the DagBag from /opt/airflow/dags/etl_sederhana_25_572885_PPA_07200.py
[2026-09-15T14:17:09.424+0000] {processor.py:925} INFO - DAG(s) 'etl_sederhana_25_572885_PPA_07200' retrieved from /opt/airflow/dags/etl_sederhana_25_572885_PPA_07200.py
[2026-09-15T14:17:09.445+0000] {logging_mixin.py:190} INFO - [2026-09-15T14:17:09.444+0000] {dag.py:3239} INFO - Sync 1 DAGs
[2026-09-15T14:17:09.469+0000] {logging_mixin.py:190} INFO - [2026-09-15T14:17:09.469+0000] {dag.py:4180} INFO - Setting next_dagrun for etl_sederhana_25_572885_PPA_07200 to 2026-09-15 00:00:00+00:00, run_after=2026-09-16 00:00:00+00:00
[2026-09-15T14:17:09.501+0000] {processor.py:208} INFO - Processing /opt/airflow/dags/etl_sederhana_25_572885_PPA_07200.py took 0.595 seconds
[2026-09-15T14:17:39.726+0000] {processor.py:186} INFO - Started process (PID=1775) to work on /opt/airflow/dags/etl_sederhana_25_572885_PPA_07200.py
[2026-09-15T14:17:39.729+0000] {processor.py:914} INFO - Processing file /opt/airflow/dags/etl_sederhana_25_572885_PPA_07200.py for tasks to queue
[2026-09-15T14:17:39.733+0000] {logging_mixin.py:190} INFO - [2026-09-15T14:17:39.732+0000] {dagbag.py:588} INFO - Filling up the DagBag from /opt/airflow/dags/etl_sederhana_25_572885_PPA_07200.py
[2026-09-15T14:17:40.259+0000] {processor.py:925} INFO - DAG(s) 'etl_sederhana_25_572885_PPA_07200' retrieved from /opt/airflow/dags/etl_sederhana_25_572885_PPA_07200.py
[2026-09-15T14:17:40.281+0000] {logging_mixin.py:190} INFO - [2026-09-15T14:17:40.281+0000] {dag.py:3239} INFO - Sync 1 DAGs
[2026-09-15T14:17:40.301+0000] {logging_mixin.py:190} INFO - [2026-09-15T14:17:40.301+0000] {dag.py:4180} INFO - Setting next_dagrun for etl_sederhana_25_572885_PPA_07200 to 2026-09-15 00:00:00+00:00, run_after=2026-09-16 00:00:00+00:00
[2026-09-15T14:17:40.335+0000] {processor.py:208} INFO - Processing /opt/airflow/dags/etl_sederhana_25_572885_PPA_07200.py took 0.616 seconds
[2026-09-15T14:18:10.563+0000] {processor.py:186} INFO - Started process (PID=1784) to work on /opt/airflow/dags/etl_sederhana_25_572885_PPA_07200.py
[2026-09-15T14:18:10.566+0000] {processor.py:914} INFO - Processing file /opt/airflow/dags/etl_sederhana_25_572885_PPA_07200.py for tasks to queue
[2026-09-15T14:18:10.569+0000] {logging_mixin.py:190} INFO - [2026-09-15T14:18:10.569+0000] {dagbag.py:588} INFO - Filling up the DagBag from /opt/airflow/dags/etl_sederhana_25_572885_PPA_07200.py
[2026-09-15T14:18:11.170+0000] {processor.py:925} INFO - DAG(s) 'etl_sederhana_25_572885_PPA_07200' retrieved from /opt/airflow/dags/etl_sederhana_25_572885_PPA_07200.py
[2026-09-15T14:18:11.192+0000] {logging_mixin.py:190} INFO - [2026-09-15T14:18:11.191+0000] {dag.py:3239} INFO - Sync 1 DAGs
[2026-09-15T14:18:11.214+0000] {logging_mixin.py:190} INFO - [2026-09-15T14:18:11.214+0000] {dag.py:4180} INFO - Setting next_dagrun for etl_sederhana_25_572885_PPA_07200 to 2026-09-15 00:00:00+00:00, run_after=2026-09-16 00:00:00+00:00
[2026-09-15T14:18:11.251+0000] {processor.py:208} INFO - Processing /opt/airflow/dags/etl_sederhana_25_572885_PPA_07200.py took 0.694 seconds
[2026-09-15T14:18:41.508+0000] {processor.py:186} INFO - Started process (PID=1793) to work on /opt/airflow/dags/etl_sederhana_25_572885_PPA_07200.py
[2026-09-15T14:18:41.514+0000] {processor.py:914} INFO - Processing file /opt/airflow/dags/etl_sederhana_25_572885_PPA_07200.py for tasks to queue
[2026-09-15T14:18:41.540+0000] {logging_mixin.py:190} INFO - [2026-09-15T14:18:41.540+0000] {dagbag.py:588} INFO - Filling up the DagBag from /opt/airflow/dags/etl_sederhana_25_572885_PPA_07200.py
[2026-09-15T14:18:42.263+0000] {processor.py:925} INFO - DAG(s) 'etl_sederhana_25_572885_PPA_07200' retrieved from /opt/airflow/dags/etl_sederhana_25_572885_PPA_07200.py
[2026-09-15T14:18:42.287+0000] {logging_mixin.py:190} INFO - [2026-09-15T14:18:42.287+0000] {dag.py:3239} INFO - Sync 1 DAGs
[2026-09-15T14:18:42.314+0000] {logging_mixin.py:190} INFO - [2026-09-15T14:18:42.313+0000] {dag.py:4180} INFO - Setting next_dagrun for etl_sederhana_25_572885_PPA_07200 to 2026-09-15 00:00:00+00:00, run_after=2026-09-16 00:00:00+00:00
[2026-09-15T14:18:42.358+0000] {processor.py:208} INFO - Processing /opt/airflow/dags/etl_sederhana_25_572885_PPA_07200.py took 0.861 seconds
[2026-09-15T14:19:12.627+0000] {processor.py:186} INFO - Started process (PID=1802) to work on /opt/airflow/dags/etl_sederhana_25_572885_PPA_07200.py
[2026-09-15T14:19:12.631+0000] {processor.py:914} INFO - Processing file /opt/airflow/dags/etl_sederhana_25_572885_PPA_07200.py for tasks to queue
[2026-09-15T14:19:12.634+0000] {logging_mixin.py:190} INFO - [2026-09-15T14:19:12.634+0000] {dagbag.py:588} INFO - Filling up the DagBag from /opt/airflow/dags/etl_sederhana_25_572885_PPA_07200.py
[2026-09-15T14:19:13.185+0000] {processor.py:925} INFO - DAG(s) 'etl_sederhana_25_572885_PPA_07200' retrieved from /opt/airflow/dags/etl_sederhana_25_572885_PPA_07200.py
[2026-09-15T14:19:13.204+0000] {logging_mixin.py:190} INFO - [2026-09-15T14:19:13.204+0000] {dag.py:3239} INFO - Sync 1 DAGs
[2026-09-15T14:19:13.223+0000] {logging_mixin.py:190} INFO - [2026-09-15T14:19:13.223+0000] {dag.py:4180} INFO - Setting next_dagrun for etl_sederhana_25_572885_PPA_07200 to 2026-09-15 00:00:00+00:00, run_after=2026-09-16 00:00:00+00:00
[2026-09-15T14:19:13.255+0000] {processor.py:208} INFO - Processing /opt/airflow/dags/etl_sederhana_25_572885_PPA_07200.py took 0.634 seconds
[2026-09-15T14:19:43.444+0000] {processor.py:186} INFO - Started process (PID=1811) to work on /opt/airflow/dags/etl_sederhana_25_572885_PPA_07200.py
[2026-09-15T14:19:43.446+0000] {processor.py:914} INFO - Processing file /opt/airflow/dags/etl_sederhana_25_572885_PPA_07200.py for tasks to queue
[2026-09-15T14:19:43.449+0000] {logging_mixin.py:190} INFO - [2026-09-15T14:19:43.449+0000] {dagbag.py:588} INFO - Filling up the DagBag from /opt/airflow/dags/etl_sederhana_25_572885_PPA_07200.py
[2026-09-15T14:19:43.965+0000] {processor.py:925} INFO - DAG(s) 'etl_sederhana_25_572885_PPA_07200' retrieved from /opt/airflow/dags/etl_sederhana_25_572885_PPA_07200.py
[2026-09-15T14:19:43.982+0000] {logging_mixin.py:190} INFO - [2026-09-15T14:19:43.982+0000] {dag.py:3239} INFO - Sync 1 DAGs
[2026-09-15T14:19:44.003+0000] {logging_mixin.py:190} INFO - [2026-09-15T14:19:44.003+0000] {dag.py:4180} INFO - Setting next_dagrun for etl_sederhana_25_572885_PPA_07200 to 2026-09-15 00:00:00+00:00, run_after=2026-09-16 00:00:00+00:00
[2026-09-15T14:19:44.037+0000] {processor.py:208} INFO - Processing /opt/airflow/dags/etl_sederhana_25_572885_PPA_07200.py took 0.599 seconds
[2026-09-15T14:20:14.273+0000] {processor.py:186} INFO - Started process (PID=1820) to work on /opt/airflow/dags/etl_sederhana_25_572885_PPA_07200.py
[2026-09-15T14:20:14.277+0000] {processor.py:914} INFO - Processing file /opt/airflow/dags/etl_sederhana_25_572885_PPA_07200.py for tasks to queue
[2026-09-15T14:20:14.281+0000] {logging_mixin.py:190} INFO - [2026-09-15T14:20:14.281+0000] {dagbag.py:588} INFO - Filling up the DagBag from /opt/airflow/dags/etl_sederhana_25_572885_PPA_07200.py
[2026-09-15T14:20:14.895+0000] {processor.py:925} INFO - DAG(s) 'etl_sederhana_25_572885_PPA_07200' retrieved from /opt/airflow/dags/etl_sederhana_25_572885_PPA_07200.py
[2026-09-15T14:20:14.921+0000] {logging_mixin.py:190} INFO - [2026-09-15T14:20:14.921+0000] {dag.py:3239} INFO - Sync 1 DAGs
[2026-09-15T14:20:14.954+0000] {logging_mixin.py:190} INFO - [2026-09-15T14:20:14.953+0000] {dag.py:4180} INFO - Setting next_dagrun for etl_sederhana_25_572885_PPA_07200 to 2026-09-15 00:00:00+00:00, run_after=2026-09-16 00:00:00+00:00
[2026-09-15T14:20:15.107+0000] {processor.py:208} INFO - Processing /opt/airflow/dags/etl_sederhana_25_572885_PPA_07200.py took 0.841 seconds
[2026-09-15T14:20:45.591+0000] {processor.py:186} INFO - Started process (PID=1829) to work on /opt/airflow/dags/etl_sederhana_25_572885_PPA_07200.py
[2026-09-15T14:20:45.595+0000] {processor.py:914} INFO - Processing file /opt/airflow/dags/etl_sederhana_25_572885_PPA_07200.py for tasks to queue
[2026-09-15T14:20:45.691+0000] {logging_mixin.py:190} INFO - [2026-09-15T14:20:45.690+0000] {dagbag.py:588} INFO - Filling up the DagBag from /opt/airflow/dags/etl_sederhana_25_572885_PPA_07200.py
[2026-09-15T14:20:46.816+0000] {processor.py:925} INFO - DAG(s) 'etl_sederhana_25_572885_PPA_07200' retrieved from /opt/airflow/dags/etl_sederhana_25_572885_PPA_07200.py
[2026-09-15T14:20:46.843+0000] {logging_mixin.py:190} INFO - [2026-09-15T14:20:46.842+0000] {dag.py:3239} INFO - Sync 1 DAGs
[2026-09-15T14:20:46.870+0000] {logging_mixin.py:190} INFO - [2026-09-15T14:20:46.869+0000] {dag.py:4180} INFO - Setting next_dagrun for etl_sederhana_25_572885_PPA_07200 to 2026-09-15 00:00:00+00:00, run_after=2026-09-16 00:00:00+00:00
[2026-09-15T14:20:47.022+0000] {processor.py:208} INFO - Processing /opt/airflow/dags/etl_sederhana_25_572885_PPA_07200.py took 1.438 seconds
[2026-09-15T14:21:17.258+0000] {processor.py:186} INFO - Started process (PID=1845) to work on /opt/airflow/dags/etl_sederhana_25_572885_PPA_07200.py
[2026-09-15T14:21:17.260+0000] {processor.py:914} INFO - Processing file /opt/airflow/dags/etl_sederhana_25_572885_PPA_07200.py for tasks to queue
[2026-09-15T14:21:17.265+0000] {logging_mixin.py:190} INFO - [2026-09-15T14:21:17.264+0000] {dagbag.py:588} INFO - Filling up the DagBag from /opt/airflow/dags/etl_sederhana_25_572885_PPA_07200.py
[2026-09-15T14:21:17.816+0000] {processor.py:925} INFO - DAG(s) 'etl_sederhana_25_572885_PPA_07200' retrieved from /opt/airflow/dags/etl_sederhana_25_572885_PPA_07200.py
[2026-09-15T14:21:17.876+0000] {logging_mixin.py:190} INFO - [2026-09-15T14:21:17.875+0000] {dag.py:3239} INFO - Sync 1 DAGs
[2026-09-15T14:21:17.953+0000] {logging_mixin.py:190} INFO - [2026-09-15T14:21:17.952+0000] {dag.py:4180} INFO - Setting next_dagrun for etl_sederhana_25_572885_PPA_07200 to 2026-09-15 00:00:00+00:00, run_after=2026-09-16 00:00:00+00:00
[2026-09-15T14:21:18.009+0000] {processor.py:208} INFO - Processing /opt/airflow/dags/etl_sederhana_25_572885_PPA_07200.py took 0.758 seconds
[2026-09-15T14:21:48.229+0000] {processor.py:186} INFO - Started process (PID=1854) to work on /opt/airflow/dags/etl_sederhana_25_572885_PPA_07200.py
[2026-09-15T14:21:48.231+0000] {processor.py:914} INFO - Processing file /opt/airflow/dags/etl_sederhana_25_572885_PPA_07200.py for tasks to queue
[2026-09-15T14:21:48.235+0000] {logging_mixin.py:190} INFO - [2026-09-15T14:21:48.234+0000] {dagbag.py:588} INFO - Filling up the DagBag from /opt/airflow/dags/etl_sederhana_25_572885_PPA_07200.py
[2026-09-15T14:21:48.791+0000] {processor.py:925} INFO - DAG(s) 'etl_sederhana_25_572885_PPA_07200' retrieved from /opt/airflow/dags/etl_sederhana_25_572885_PPA_07200.py
[2026-09-15T14:21:48.811+0000] {logging_mixin.py:190} INFO - [2026-09-15T14:21:48.811+0000] {dag.py:3239} INFO - Sync 1 DAGs
[2026-09-15T14:21:48.833+0000] {logging_mixin.py:190} INFO - [2026-09-15T14:21:48.832+0000] {dag.py:4180} INFO - Setting next_dagrun for etl_sederhana_25_572885_PPA_07200 to 2026-09-15 00:00:00+00:00, run_after=2026-09-16 00:00:00+00:00
[2026-09-15T14:21:48.866+0000] {processor.py:208} INFO - Processing /opt/airflow/dags/etl_sederhana_25_572885_PPA_07200.py took 0.645 seconds
[2026-09-15T14:22:19.055+0000] {processor.py:186} INFO - Started process (PID=1863) to work on /opt/airflow/dags/etl_sederhana_25_572885_PPA_07200.py
[2026-09-15T14:22:19.058+0000] {processor.py:914} INFO - Processing file /opt/airflow/dags/etl_sederhana_25_572885_PPA_07200.py for tasks to queue
[2026-09-15T14:22:19.063+0000] {logging_mixin.py:190} INFO - [2026-09-15T14:22:19.063+0000] {dagbag.py:588} INFO - Filling up the DagBag from /opt/airflow/dags/etl_sederhana_25_572885_PPA_07200.py
[2026-09-15T14:22:19.618+0000] {processor.py:925} INFO - DAG(s) 'etl_sederhana_25_572885_PPA_07200' retrieved from /opt/airflow/dags/etl_sederhana_25_572885_PPA_07200.py
[2026-09-15T14:22:19.640+0000] {logging_mixin.py:190} INFO - [2026-09-15T14:22:19.639+0000] {dag.py:3239} INFO - Sync 1 DAGs
[2026-09-15T14:22:19.661+0000] {logging_mixin.py:190} INFO - [2026-09-15T14:22:19.661+0000] {dag.py:4180} INFO - Setting next_dagrun for etl_sederhana_25_572885_PPA_07200 to 2026-09-15 00:00:00+00:00, run_after=2026-09-16 00:00:00+00:00
[2026-09-15T14:22:19.699+0000] {processor.py:208} INFO - Processing /opt/airflow/dags/etl_sederhana_25_572885_PPA_07200.py took 0.653 seconds
[2026-09-15T14:22:49.875+0000] {processor.py:186} INFO - Started process (PID=1873) to work on /opt/airflow/dags/etl_sederhana_25_572885_PPA_07200.py
[2026-09-15T14:22:49.877+0000] {processor.py:914} INFO - Processing file /opt/airflow/dags/etl_sederhana_25_572885_PPA_07200.py for tasks to queue
[2026-09-15T14:22:49.880+0000] {logging_mixin.py:190} INFO - [2026-09-15T14:22:49.880+0000] {dagbag.py:588} INFO - Filling up the DagBag from /opt/airflow/dags/etl_sederhana_25_572885_PPA_07200.py
[2026-09-15T14:22:50.433+0000] {processor.py:925} INFO - DAG(s) 'etl_sederhana_25_572885_PPA_07200' retrieved from /opt/airflow/dags/etl_sederhana_25_572885_PPA_07200.py
[2026-09-15T14:22:50.451+0000] {logging_mixin.py:190} INFO - [2026-09-15T14:22:50.451+0000] {dag.py:3239} INFO - Sync 1 DAGs
[2026-09-15T14:22:50.470+0000] {logging_mixin.py:190} INFO - [2026-09-15T14:22:50.470+0000] {dag.py:4180} INFO - Setting next_dagrun for etl_sederhana_25_572885_PPA_07200 to 2026-09-15 00:00:00+00:00, run_after=2026-09-16 00:00:00+00:00
[2026-09-15T14:22:50.501+0000] {processor.py:208} INFO - Processing /opt/airflow/dags/etl_sederhana_25_572885_PPA_07200.py took 0.633 seconds
[2026-09-15T14:23:20.743+0000] {processor.py:186} INFO - Started process (PID=1882) to work on /opt/airflow/dags/etl_sederhana_25_572885_PPA_07200.py
[2026-09-15T14:23:20.745+0000] {processor.py:914} INFO - Processing file /opt/airflow/dags/etl_sederhana_25_572885_PPA_07200.py for tasks to queue
[2026-09-15T14:23:20.749+0000] {logging_mixin.py:190} INFO - [2026-09-15T14:23:20.749+0000] {dagbag.py:588} INFO - Filling up the DagBag from /opt/airflow/dags/etl_sederhana_25_572885_PPA_07200.py
[2026-09-15T14:23:21.258+0000] {processor.py:925} INFO - DAG(s) 'etl_sederhana_25_572885_PPA_07200' retrieved from /opt/airflow/dags/etl_sederhana_25_572885_PPA_07200.py
[2026-09-15T14:23:21.280+0000] {logging_mixin.py:190} INFO - [2026-09-15T14:23:21.279+0000] {dag.py:3239} INFO - Sync 1 DAGs
[2026-09-15T14:23:21.312+0000] {logging_mixin.py:190} INFO - [2026-09-15T14:23:21.312+0000] {dag.py:4180} INFO - Setting next_dagrun for etl_sederhana_25_572885_PPA_07200 to 2026-09-15 00:00:00+00:00, run_after=2026-09-16 00:00:00+00:00
[2026-09-15T14:23:21.345+0000] {processor.py:208} INFO - Processing /opt/airflow/dags/etl_sederhana_25_572885_PPA_07200.py took 0.609 seconds
[2026-09-15T14:23:51.674+0000] {processor.py:186} INFO - Started process (PID=1891) to work on /opt/airflow/dags/etl_sederhana_25_572885_PPA_07200.py
[2026-09-15T14:23:51.677+0000] {processor.py:914} INFO - Processing file /opt/airflow/dags/etl_sederhana_25_572885_PPA_07200.py for tasks to queue
[2026-09-15T14:23:51.683+0000] {logging_mixin.py:190} INFO - [2026-09-15T14:23:51.682+0000] {dagbag.py:588} INFO - Filling up the DagBag from /opt/airflow/dags/etl_sederhana_25_572885_PPA_07200.py
[2026-09-15T14:23:52.404+0000] {processor.py:925} INFO - DAG(s) 'etl_sederhana_25_572885_PPA_07200' retrieved from /opt/airflow/dags/etl_sederhana_25_572885_PPA_07200.py
[2026-09-15T14:23:52.430+0000] {logging_mixin.py:190} INFO - [2026-09-15T14:23:52.430+0000] {dag.py:3239} INFO - Sync 1 DAGs
[2026-09-15T14:23:52.456+0000] {logging_mixin.py:190} INFO - [2026-09-15T14:23:52.456+0000] {dag.py:4180} INFO - Setting next_dagrun for etl_sederhana_25_572885_PPA_07200 to 2026-09-15 00:00:00+00:00, run_after=2026-09-16 00:00:00+00:00
[2026-09-15T14:23:52.489+0000] {processor.py:208} INFO - Processing /opt/airflow/dags/etl_sederhana_25_572885_PPA_07200.py took 0.828 seconds
[2026-09-15T14:24:22.696+0000] {processor.py:186} INFO - Started process (PID=1900) to work on /opt/airflow/dags/etl_sederhana_25_572885_PPA_07200.py
[2026-09-15T14:24:22.700+0000] {processor.py:914} INFO - Processing file /opt/airflow/dags/etl_sederhana_25_572885_PPA_07200.py for tasks to queue
[2026-09-15T14:24:22.711+0000] {logging_mixin.py:190} INFO - [2026-09-15T14:24:22.709+0000] {dagbag.py:588} INFO - Filling up the DagBag from /opt/airflow/dags/etl_sederhana_25_572885_PPA_07200.py
[2026-09-15T14:24:23.516+0000] {processor.py:925} INFO - DAG(s) 'etl_sederhana_25_572885_PPA_07200' retrieved from /opt/airflow/dags/etl_sederhana_25_572885_PPA_07200.py
[2026-09-15T14:24:23.545+0000] {logging_mixin.py:190} INFO - [2026-09-15T14:24:23.544+0000] {dag.py:3239} INFO - Sync 1 DAGs
[2026-09-15T14:24:23.570+0000] {logging_mixin.py:190} INFO - [2026-09-15T14:24:23.570+0000] {dag.py:4180} INFO - Setting next_dagrun for etl_sederhana_25_572885_PPA_07200 to 2026-09-15 00:00:00+00:00, run_after=2026-09-16 00:00:00+00:00
[2026-09-15T14:24:23.680+0000] {processor.py:208} INFO - Processing /opt/airflow/dags/etl_sederhana_25_572885_PPA_07200.py took 0.994 seconds
[2026-09-15T14:24:53.922+0000] {processor.py:186} INFO - Started process (PID=1909) to work on /opt/airflow/dags/etl_sederhana_25_572885_PPA_07200.py
[2026-09-15T14:24:53.925+0000] {processor.py:914} INFO - Processing file /opt/airflow/dags/etl_sederhana_25_572885_PPA_07200.py for tasks to queue
[2026-09-15T14:24:53.930+0000] {logging_mixin.py:190} INFO - [2026-09-15T14:24:53.930+0000] {dagbag.py:588} INFO - Filling up the DagBag from /opt/airflow/dags/etl_sederhana_25_572885_PPA_07200.py
[2026-09-15T14:24:54.578+0000] {processor.py:925} INFO - DAG(s) 'etl_sederhana_25_572885_PPA_07200' retrieved from /opt/airflow/dags/etl_sederhana_25_572885_PPA_07200.py
[2026-09-15T14:24:54.606+0000] {logging_mixin.py:190} INFO - [2026-09-15T14:24:54.605+0000] {dag.py:3239} INFO - Sync 1 DAGs
[2026-09-15T14:24:54.630+0000] {logging_mixin.py:190} INFO - [2026-09-15T14:24:54.630+0000] {dag.py:4180} INFO - Setting next_dagrun for etl_sederhana_25_572885_PPA_07200 to 2026-09-15 00:00:00+00:00, run_after=2026-09-16 00:00:00+00:00
[2026-09-15T14:24:54.667+0000] {processor.py:208} INFO - Processing /opt/airflow/dags/etl_sederhana_25_572885_PPA_07200.py took 0.756 seconds
[2026-09-15T14:25:24.914+0000] {processor.py:186} INFO - Started process (PID=1918) to work on /opt/airflow/dags/etl_sederhana_25_572885_PPA_07200.py
[2026-09-15T14:25:24.917+0000] {processor.py:914} INFO - Processing file /opt/airflow/dags/etl_sederhana_25_572885_PPA_07200.py for tasks to queue
[2026-09-15T14:25:24.926+0000] {logging_mixin.py:190} INFO - [2026-09-15T14:25:24.925+0000] {dagbag.py:588} INFO - Filling up the DagBag from /opt/airflow/dags/etl_sederhana_25_572885_PPA_07200.py
[2026-09-15T14:25:25.658+0000] {processor.py:925} INFO - DAG(s) 'etl_sederhana_25_572885_PPA_07200' retrieved from /opt/airflow/dags/etl_sederhana_25_572885_PPA_07200.py
[2026-09-15T14:25:25.681+0000] {logging_mixin.py:190} INFO - [2026-09-15T14:25:25.680+0000] {dag.py:3239} INFO - Sync 1 DAGs
[2026-09-15T14:25:25.705+0000] {logging_mixin.py:190} INFO - [2026-09-15T14:25:25.704+0000] {dag.py:4180} INFO - Setting next_dagrun for etl_sederhana_25_572885_PPA_07200 to 2026-09-15 00:00:00+00:00, run_after=2026-09-16 00:00:00+00:00
[2026-09-15T14:25:25.739+0000] {processor.py:208} INFO - Processing /opt/airflow/dags/etl_sederhana_25_572885_PPA_07200.py took 0.838 seconds
[2026-09-15T14:25:55.932+0000] {processor.py:186} INFO - Started process (PID=1927) to work on /opt/airflow/dags/etl_sederhana_25_572885_PPA_07200.py
[2026-09-15T14:25:55.935+0000] {processor.py:914} INFO - Processing file /opt/airflow/dags/etl_sederhana_25_572885_PPA_07200.py for tasks to queue
[2026-09-15T14:25:55.940+0000] {logging_mixin.py:190} INFO - [2026-09-15T14:25:55.939+0000] {dagbag.py:588} INFO - Filling up the DagBag from /opt/airflow/dags/etl_sederhana_25_572885_PPA_07200.py
[2026-09-15T14:25:56.656+0000] {processor.py:925} INFO - DAG(s) 'etl_sederhana_25_572885_PPA_07200' retrieved from /opt/airflow/dags/etl_sederhana_25_572885_PPA_07200.py
[2026-09-15T14:25:56.677+0000] {logging_mixin.py:190} INFO - [2026-09-15T14:25:56.677+0000] {dag.py:3239} INFO - Sync 1 DAGs
[2026-09-15T14:25:56.708+0000] {logging_mixin.py:190} INFO - [2026-09-15T14:25:56.708+0000] {dag.py:4180} INFO - Setting next_dagrun for etl_sederhana_25_572885_PPA_07200 to 2026-09-15 00:00:00+00:00, run_after=2026-09-16 00:00:00+00:00
[2026-09-15T14:25:56.742+0000] {processor.py:208} INFO - Processing /opt/airflow/dags/etl_sederhana_25_572885_PPA_07200.py took 0.820 seconds
[2026-09-15T14:26:26.985+0000] {processor.py:186} INFO - Started process (PID=1936) to work on /opt/airflow/dags/etl_sederhana_25_572885_PPA_07200.py
[2026-09-15T14:26:26.988+0000] {processor.py:914} INFO - Processing file /opt/airflow/dags/etl_sederhana_25_572885_PPA_07200.py for tasks to queue
[2026-09-15T14:26:26.993+0000] {logging_mixin.py:190} INFO - [2026-09-15T14:26:26.992+0000] {dagbag.py:588} INFO - Filling up the DagBag from /opt/airflow/dags/etl_sederhana_25_572885_PPA_07200.py
[2026-09-15T14:26:27.724+0000] {processor.py:925} INFO - DAG(s) 'etl_sederhana_25_572885_PPA_07200' retrieved from /opt/airflow/dags/etl_sederhana_25_572885_PPA_07200.py
[2026-09-15T14:26:27.747+0000] {logging_mixin.py:190} INFO - [2026-09-15T14:26:27.746+0000] {dag.py:3239} INFO - Sync 1 DAGs
[2026-09-15T14:26:27.771+0000] {logging_mixin.py:190} INFO - [2026-09-15T14:26:27.771+0000] {dag.py:4180} INFO - Setting next_dagrun for etl_sederhana_25_572885_PPA_07200 to 2026-09-15 00:00:00+00:00, run_after=2026-09-16 00:00:00+00:00
[2026-09-15T14:26:27.807+0000] {processor.py:208} INFO - Processing /opt/airflow/dags/etl_sederhana_25_572885_PPA_07200.py took 0.831 seconds
[2026-09-15T14:26:58.057+0000] {processor.py:186} INFO - Started process (PID=1945) to work on /opt/airflow/dags/etl_sederhana_25_572885_PPA_07200.py
[2026-09-15T14:26:58.061+0000] {processor.py:914} INFO - Processing file /opt/airflow/dags/etl_sederhana_25_572885_PPA_07200.py for tasks to queue
[2026-09-15T14:26:58.068+0000] {logging_mixin.py:190} INFO - [2026-09-15T14:26:58.067+0000] {dagbag.py:588} INFO - Filling up the DagBag from /opt/airflow/dags/etl_sederhana_25_572885_PPA_07200.py
[2026-09-15T14:26:58.822+0000] {processor.py:925} INFO - DAG(s) 'etl_sederhana_25_572885_PPA_07200' retrieved from /opt/airflow/dags/etl_sederhana_25_572885_PPA_07200.py
[2026-09-15T14:26:58.864+0000] {logging_mixin.py:190} INFO - [2026-09-15T14:26:58.862+0000] {dag.py:3239} INFO - Sync 1 DAGs
[2026-09-15T14:26:58.898+0000] {logging_mixin.py:190} INFO - [2026-09-15T14:26:58.897+0000] {dag.py:4180} INFO - Setting next_dagrun for etl_sederhana_25_572885_PPA_07200 to 2026-09-15 00:00:00+00:00, run_after=2026-09-16 00:00:00+00:00
[2026-09-15T14:26:59.008+0000] {processor.py:208} INFO - Processing /opt/airflow/dags/etl_sederhana_25_572885_PPA_07200.py took 0.964 seconds
[2026-09-15T14:27:29.230+0000] {processor.py:186} INFO - Started process (PID=1954) to work on /opt/airflow/dags/etl_sederhana_25_572885_PPA_07200.py
[2026-09-15T14:27:29.232+0000] {processor.py:914} INFO - Processing file /opt/airflow/dags/etl_sederhana_25_572885_PPA_07200.py for tasks to queue
[2026-09-15T14:27:29.237+0000] {logging_mixin.py:190} INFO - [2026-09-15T14:27:29.236+0000] {dagbag.py:588} INFO - Filling up the DagBag from /opt/airflow/dags/etl_sederhana_25_572885_PPA_07200.py
[2026-09-15T14:27:29.867+0000] {processor.py:925} INFO - DAG(s) 'etl_sederhana_25_572885_PPA_07200' retrieved from /opt/airflow/dags/etl_sederhana_25_572885_PPA_07200.py
[2026-09-15T14:27:29.892+0000] {logging_mixin.py:190} INFO - [2026-09-15T14:27:29.891+0000] {dag.py:3239} INFO - Sync 1 DAGs
[2026-09-15T14:27:29.954+0000] {logging_mixin.py:190} INFO - [2026-09-15T14:27:29.954+0000] {dag.py:4180} INFO - Setting next_dagrun for etl_sederhana_25_572885_PPA_07200 to 2026-09-15 00:00:00+00:00, run_after=2026-09-16 00:00:00+00:00
[2026-09-15T14:27:30.043+0000] {processor.py:208} INFO - Processing /opt/airflow/dags/etl_sederhana_25_572885_PPA_07200.py took 0.820 seconds
[2026-09-15T14:28:00.322+0000] {processor.py:186} INFO - Started process (PID=1963) to work on /opt/airflow/dags/etl_sederhana_25_572885_PPA_07200.py
[2026-09-15T14:28:00.325+0000] {processor.py:914} INFO - Processing file /opt/airflow/dags/etl_sederhana_25_572885_PPA_07200.py for tasks to queue
[2026-09-15T14:28:00.329+0000] {logging_mixin.py:190} INFO - [2026-09-15T14:28:00.329+0000] {dagbag.py:588} INFO - Filling up the DagBag from /opt/airflow/dags/etl_sederhana_25_572885_PPA_07200.py
[2026-09-15T14:28:00.837+0000] {processor.py:925} INFO - DAG(s) 'etl_sederhana_25_572885_PPA_07200' retrieved from /opt/airflow/dags/etl_sederhana_25_572885_PPA_07200.py
[2026-09-15T14:28:00.854+0000] {logging_mixin.py:190} INFO - [2026-09-15T14:28:00.854+0000] {dag.py:3239} INFO - Sync 1 DAGs
[2026-09-15T14:28:00.874+0000] {logging_mixin.py:190} INFO - [2026-09-15T14:28:00.874+0000] {dag.py:4180} INFO - Setting next_dagrun for etl_sederhana_25_572885_PPA_07200 to 2026-09-15 00:00:00+00:00, run_after=2026-09-16 00:00:00+00:00
[2026-09-15T14:28:00.904+0000] {processor.py:208} INFO - Processing /opt/airflow/dags/etl_sederhana_25_572885_PPA_07200.py took 0.592 seconds
[2026-09-15T14:28:31.159+0000] {processor.py:186} INFO - Started process (PID=1972) to work on /opt/airflow/dags/etl_sederhana_25_572885_PPA_07200.py
[2026-09-15T14:28:31.161+0000] {processor.py:914} INFO - Processing file /opt/airflow/dags/etl_sederhana_25_572885_PPA_07200.py for tasks to queue
[2026-09-15T14:28:31.165+0000] {logging_mixin.py:190} INFO - [2026-09-15T14:28:31.165+0000] {dagbag.py:588} INFO - Filling up the DagBag from /opt/airflow/dags/etl_sederhana_25_572885_PPA_07200.py
[2026-09-15T14:28:31.696+0000] {processor.py:925} INFO - DAG(s) 'etl_sederhana_25_572885_PPA_07200' retrieved from /opt/airflow/dags/etl_sederhana_25_572885_PPA_07200.py
[2026-09-15T14:28:31.715+0000] {logging_mixin.py:190} INFO - [2026-09-15T14:28:31.715+0000] {dag.py:3239} INFO - Sync 1 DAGs
[2026-09-15T14:28:31.743+0000] {logging_mixin.py:190} INFO - [2026-09-15T14:28:31.743+0000] {dag.py:4180} INFO - Setting next_dagrun for etl_sederhana_25_572885_PPA_07200 to 2026-09-15 00:00:00+00:00, run_after=2026-09-16 00:00:00+00:00
[2026-09-15T14:28:31.777+0000] {processor.py:208} INFO - Processing /opt/airflow/dags/etl_sederhana_25_572885_PPA_07200.py took 0.625 seconds
[2026-09-15T14:29:02.061+0000] {processor.py:186} INFO - Started process (PID=1981) to work on /opt/airflow/dags/etl_sederhana_25_572885_PPA_07200.py
[2026-09-15T14:29:02.063+0000] {processor.py:914} INFO - Processing file /opt/airflow/dags/etl_sederhana_25_572885_PPA_07200.py for tasks to queue
[2026-09-15T14:29:02.067+0000] {logging_mixin.py:190} INFO - [2026-09-15T14:29:02.067+0000] {dagbag.py:588} INFO - Filling up the DagBag from /opt/airflow/dags/etl_sederhana_25_572885_PPA_07200.py
[2026-09-15T14:29:02.576+0000] {processor.py:925} INFO - DAG(s) 'etl_sederhana_25_572885_PPA_07200' retrieved from /opt/airflow/dags/etl_sederhana_25_572885_PPA_07200.py
[2026-09-15T14:29:02.595+0000] {logging_mixin.py:190} INFO - [2026-09-15T14:29:02.595+0000] {dag.py:3239} INFO - Sync 1 DAGs
[2026-09-15T14:29:02.615+0000] {logging_mixin.py:190} INFO - [2026-09-15T14:29:02.615+0000] {dag.py:4180} INFO - Setting next_dagrun for etl_sederhana_25_572885_PPA_07200 to 2026-09-15 00:00:00+00:00, run_after=2026-09-16 00:00:00+00:00
[2026-09-15T14:29:02.647+0000] {processor.py:208} INFO - Processing /opt/airflow/dags/etl_sederhana_25_572885_PPA_07200.py took 0.595 seconds
[2026-09-15T14:29:33.178+0000] {processor.py:186} INFO - Started process (PID=1990) to work on /opt/airflow/dags/etl_sederhana_25_572885_PPA_07200.py
[2026-09-15T14:29:33.181+0000] {processor.py:914} INFO - Processing file /opt/airflow/dags/etl_sederhana_25_572885_PPA_07200.py for tasks to queue
[2026-09-15T14:29:33.185+0000] {logging_mixin.py:190} INFO - [2026-09-15T14:29:33.185+0000] {dagbag.py:588} INFO - Filling up the DagBag from /opt/airflow/dags/etl_sederhana_25_572885_PPA_07200.py
[2026-09-15T14:29:33.883+0000] {processor.py:925} INFO - DAG(s) 'etl_sederhana_25_572885_PPA_07200' retrieved from /opt/airflow/dags/etl_sederhana_25_572885_PPA_07200.py
[2026-09-15T14:29:33.902+0000] {logging_mixin.py:190} INFO - [2026-09-15T14:29:33.901+0000] {dag.py:3239} INFO - Sync 1 DAGs
[2026-09-15T14:29:33.925+0000] {logging_mixin.py:190} INFO - [2026-09-15T14:29:33.925+0000] {dag.py:4180} INFO - Setting next_dagrun for etl_sederhana_25_572885_PPA_07200 to 2026-09-15 00:00:00+00:00, run_after=2026-09-16 00:00:00+00:00
[2026-09-15T14:29:33.959+0000] {processor.py:208} INFO - Processing /opt/airflow/dags/etl_sederhana_25_572885_PPA_07200.py took 0.787 seconds
[2026-09-15T14:30:04.201+0000] {processor.py:186} INFO - Started process (PID=1999) to work on /opt/airflow/dags/etl_sederhana_25_572885_PPA_07200.py
[2026-09-15T14:30:04.205+0000] {processor.py:914} INFO - Processing file /opt/airflow/dags/etl_sederhana_25_572885_PPA_07200.py for tasks to queue
[2026-09-15T14:30:04.209+0000] {logging_mixin.py:190} INFO - [2026-09-15T14:30:04.209+0000] {dagbag.py:588} INFO - Filling up the DagBag from /opt/airflow/dags/etl_sederhana_25_572885_PPA_07200.py
[2026-09-15T14:30:04.742+0000] {processor.py:925} INFO - DAG(s) 'etl_sederhana_25_572885_PPA_07200' retrieved from /opt/airflow/dags/etl_sederhana_25_572885_PPA_07200.py
[2026-09-15T14:30:04.761+0000] {logging_mixin.py:190} INFO - [2026-09-15T14:30:04.760+0000] {dag.py:3239} INFO - Sync 1 DAGs
[2026-09-15T14:30:04.785+0000] {logging_mixin.py:190} INFO - [2026-09-15T14:30:04.784+0000] {dag.py:4180} INFO - Setting next_dagrun for etl_sederhana_25_572885_PPA_07200 to 2026-09-15 00:00:00+00:00, run_after=2026-09-16 00:00:00+00:00
[2026-09-15T14:30:04.820+0000] {processor.py:208} INFO - Processing /opt/airflow/dags/etl_sederhana_25_572885_PPA_07200.py took 0.632 seconds
[2026-09-15T14:30:35.155+0000] {processor.py:186} INFO - Started process (PID=2008) to work on /opt/airflow/dags/etl_sederhana_25_572885_PPA_07200.py
[2026-09-15T14:30:35.161+0000] {processor.py:914} INFO - Processing file /opt/airflow/dags/etl_sederhana_25_572885_PPA_07200.py for tasks to queue
[2026-09-15T14:30:35.178+0000] {logging_mixin.py:190} INFO - [2026-09-15T14:30:35.177+0000] {dagbag.py:588} INFO - Filling up the DagBag from /opt/airflow/dags/etl_sederhana_25_572885_PPA_07200.py
[2026-09-15T14:30:36.125+0000] {processor.py:925} INFO - DAG(s) 'etl_sederhana_25_572885_PPA_07200' retrieved from /opt/airflow/dags/etl_sederhana_25_572885_PPA_07200.py
[2026-09-15T14:30:36.151+0000] {logging_mixin.py:190} INFO - [2026-09-15T14:30:36.150+0000] {dag.py:3239} INFO - Sync 1 DAGs
[2026-09-15T14:30:36.224+0000] {logging_mixin.py:190} INFO - [2026-09-15T14:30:36.224+0000] {dag.py:4180} INFO - Setting next_dagrun for etl_sederhana_25_572885_PPA_07200 to 2026-09-15 00:00:00+00:00, run_after=2026-09-16 00:00:00+00:00
[2026-09-15T14:30:36.263+0000] {processor.py:208} INFO - Processing /opt/airflow/dags/etl_sederhana_25_572885_PPA_07200.py took 1.116 seconds
[2026-09-15T14:31:06.646+0000] {processor.py:186} INFO - Started process (PID=2017) to work on /opt/airflow/dags/etl_sederhana_25_572885_PPA_07200.py
[2026-09-15T14:31:06.651+0000] {processor.py:914} INFO - Processing file /opt/airflow/dags/etl_sederhana_25_572885_PPA_07200.py for tasks to queue
[2026-09-15T14:31:06.658+0000] {logging_mixin.py:190} INFO - [2026-09-15T14:31:06.657+0000] {dagbag.py:588} INFO - Filling up the DagBag from /opt/airflow/dags/etl_sederhana_25_572885_PPA_07200.py
[2026-09-15T14:31:07.714+0000] {processor.py:925} INFO - DAG(s) 'etl_sederhana_25_572885_PPA_07200' retrieved from /opt/airflow/dags/etl_sederhana_25_572885_PPA_07200.py
[2026-09-15T14:31:07.738+0000] {logging_mixin.py:190} INFO - [2026-09-15T14:31:07.738+0000] {dag.py:3239} INFO - Sync 1 DAGs
[2026-09-15T14:31:07.884+0000] {logging_mixin.py:190} INFO - [2026-09-15T14:31:07.884+0000] {dag.py:4180} INFO - Setting next_dagrun for etl_sederhana_25_572885_PPA_07200 to 2026-09-15 00:00:00+00:00, run_after=2026-09-16 00:00:00+00:00
[2026-09-15T14:31:07.920+0000] {processor.py:208} INFO - Processing /opt/airflow/dags/etl_sederhana_25_572885_PPA_07200.py took 1.281 seconds
[2026-09-15T14:31:38.282+0000] {processor.py:186} INFO - Started process (PID=2026) to work on /opt/airflow/dags/etl_sederhana_25_572885_PPA_07200.py
[2026-09-15T14:31:38.285+0000] {processor.py:914} INFO - Processing file /opt/airflow/dags/etl_sederhana_25_572885_PPA_07200.py for tasks to queue
[2026-09-15T14:31:38.290+0000] {logging_mixin.py:190} INFO - [2026-09-15T14:31:38.289+0000] {dagbag.py:588} INFO - Filling up the DagBag from /opt/airflow/dags/etl_sederhana_25_572885_PPA_07200.py
[2026-09-15T14:31:38.907+0000] {processor.py:925} INFO - DAG(s) 'etl_sederhana_25_572885_PPA_07200' retrieved from /opt/airflow/dags/etl_sederhana_25_572885_PPA_07200.py
[2026-09-15T14:31:38.939+0000] {logging_mixin.py:190} INFO - [2026-09-15T14:31:38.938+0000] {dag.py:3239} INFO - Sync 1 DAGs
[2026-09-15T14:31:38.964+0000] {logging_mixin.py:190} INFO - [2026-09-15T14:31:38.964+0000] {dag.py:4180} INFO - Setting next_dagrun for etl_sederhana_25_572885_PPA_07200 to 2026-09-15 00:00:00+00:00, run_after=2026-09-16 00:00:00+00:00
[2026-09-15T14:31:39.000+0000] {processor.py:208} INFO - Processing /opt/airflow/dags/etl_sederhana_25_572885_PPA_07200.py took 0.727 seconds
[2026-09-15T14:32:09.537+0000] {processor.py:186} INFO - Started process (PID=2035) to work on /opt/airflow/dags/etl_sederhana_25_572885_PPA_07200.py
[2026-09-15T14:32:09.666+0000] {processor.py:914} INFO - Processing file /opt/airflow/dags/etl_sederhana_25_572885_PPA_07200.py for tasks to queue
[2026-09-15T14:32:09.690+0000] {logging_mixin.py:190} INFO - [2026-09-15T14:32:09.689+0000] {dagbag.py:588} INFO - Filling up the DagBag from /opt/airflow/dags/etl_sederhana_25_572885_PPA_07200.py
[2026-09-15T14:32:10.307+0000] {processor.py:925} INFO - DAG(s) 'etl_sederhana_25_572885_PPA_07200' retrieved from /opt/airflow/dags/etl_sederhana_25_572885_PPA_07200.py
[2026-09-15T14:32:10.348+0000] {logging_mixin.py:190} INFO - [2026-09-15T14:32:10.347+0000] {dag.py:3239} INFO - Sync 1 DAGs
[2026-09-15T14:32:10.382+0000] {logging_mixin.py:190} INFO - [2026-09-15T14:32:10.382+0000] {dag.py:4180} INFO - Setting next_dagrun for etl_sederhana_25_572885_PPA_07200 to 2026-09-15 00:00:00+00:00, run_after=2026-09-16 00:00:00+00:00
[2026-09-15T14:32:10.426+0000] {processor.py:208} INFO - Processing /opt/airflow/dags/etl_sederhana_25_572885_PPA_07200.py took 0.899 seconds
[2026-09-15T14:32:41.545+0000] {processor.py:186} INFO - Started process (PID=2044) to work on /opt/airflow/dags/etl_sederhana_25_572885_PPA_07200.py
[2026-09-15T14:32:41.645+0000] {processor.py:914} INFO - Processing file /opt/airflow/dags/etl_sederhana_25_572885_PPA_07200.py for tasks to queue
[2026-09-15T14:32:41.673+0000] {logging_mixin.py:190} INFO - [2026-09-15T14:32:41.672+0000] {dagbag.py:588} INFO - Filling up the DagBag from /opt/airflow/dags/etl_sederhana_25_572885_PPA_07200.py
[2026-09-15T14:32:43.400+0000] {processor.py:925} INFO - DAG(s) 'etl_sederhana_25_572885_PPA_07200' retrieved from /opt/airflow/dags/etl_sederhana_25_572885_PPA_07200.py
[2026-09-15T14:32:43.454+0000] {logging_mixin.py:190} INFO - [2026-09-15T14:32:43.453+0000] {dag.py:3239} INFO - Sync 1 DAGs
[2026-09-15T14:32:43.566+0000] {logging_mixin.py:190} INFO - [2026-09-15T14:32:43.566+0000] {dag.py:4180} INFO - Setting next_dagrun for etl_sederhana_25_572885_PPA_07200 to 2026-09-15 00:00:00+00:00, run_after=2026-09-16 00:00:00+00:00
[2026-09-15T14:32:43.696+0000] {processor.py:208} INFO - Processing /opt/airflow/dags/etl_sederhana_25_572885_PPA_07200.py took 2.159 seconds
[2026-09-15T14:33:14.443+0000] {processor.py:186} INFO - Started process (PID=2054) to work on /opt/airflow/dags/etl_sederhana_25_572885_PPA_07200.py
[2026-09-15T14:33:14.445+0000] {processor.py:914} INFO - Processing file /opt/airflow/dags/etl_sederhana_25_572885_PPA_07200.py for tasks to queue
[2026-09-15T14:33:14.449+0000] {logging_mixin.py:190} INFO - [2026-09-15T14:33:14.448+0000] {dagbag.py:588} INFO - Filling up the DagBag from /opt/airflow/dags/etl_sederhana_25_572885_PPA_07200.py
[2026-09-15T14:33:14.896+0000] {processor.py:925} INFO - DAG(s) 'etl_sederhana_25_572885_PPA_07200' retrieved from /opt/airflow/dags/etl_sederhana_25_572885_PPA_07200.py
[2026-09-15T14:33:14.939+0000] {logging_mixin.py:190} INFO - [2026-09-15T14:33:14.938+0000] {dag.py:3239} INFO - Sync 1 DAGs
[2026-09-15T14:33:14.962+0000] {logging_mixin.py:190} INFO - [2026-09-15T14:33:14.962+0000] {dag.py:4180} INFO - Setting next_dagrun for etl_sederhana_25_572885_PPA_07200 to 2026-09-15 00:00:00+00:00, run_after=2026-09-16 00:00:00+00:00
[2026-09-15T14:33:14.994+0000] {processor.py:208} INFO - Processing /opt/airflow/dags/etl_sederhana_25_572885_PPA_07200.py took 0.558 seconds
[2026-09-15T14:33:45.437+0000] {processor.py:186} INFO - Started process (PID=2063) to work on /opt/airflow/dags/etl_sederhana_25_572885_PPA_07200.py
[2026-09-15T14:33:45.465+0000] {processor.py:914} INFO - Processing file /opt/airflow/dags/etl_sederhana_25_572885_PPA_07200.py for tasks to queue
[2026-09-15T14:33:45.496+0000] {logging_mixin.py:190} INFO - [2026-09-15T14:33:45.495+0000] {dagbag.py:588} INFO - Filling up the DagBag from /opt/airflow/dags/etl_sederhana_25_572885_PPA_07200.py
[2026-09-15T14:33:46.237+0000] {processor.py:925} INFO - DAG(s) 'etl_sederhana_25_572885_PPA_07200' retrieved from /opt/airflow/dags/etl_sederhana_25_572885_PPA_07200.py
[2026-09-15T14:33:46.269+0000] {logging_mixin.py:190} INFO - [2026-09-15T14:33:46.268+0000] {dag.py:3239} INFO - Sync 1 DAGs
[2026-09-15T14:33:46.301+0000] {logging_mixin.py:190} INFO - [2026-09-15T14:33:46.300+0000] {dag.py:4180} INFO - Setting next_dagrun for etl_sederhana_25_572885_PPA_07200 to 2026-09-15 00:00:00+00:00, run_after=2026-09-16 00:00:00+00:00
[2026-09-15T14:33:46.344+0000] {processor.py:208} INFO - Processing /opt/airflow/dags/etl_sederhana_25_572885_PPA_07200.py took 0.915 seconds
[2026-09-15T14:34:16.540+0000] {processor.py:186} INFO - Started process (PID=2072) to work on /opt/airflow/dags/etl_sederhana_25_572885_PPA_07200.py
[2026-09-15T14:34:16.543+0000] {processor.py:914} INFO - Processing file /opt/airflow/dags/etl_sederhana_25_572885_PPA_07200.py for tasks to queue
[2026-09-15T14:34:16.549+0000] {logging_mixin.py:190} INFO - [2026-09-15T14:34:16.548+0000] {dagbag.py:588} INFO - Filling up the DagBag from /opt/airflow/dags/etl_sederhana_25_572885_PPA_07200.py
[2026-09-15T14:34:16.941+0000] {processor.py:925} INFO - DAG(s) 'etl_sederhana_25_572885_PPA_07200' retrieved from /opt/airflow/dags/etl_sederhana_25_572885_PPA_07200.py
[2026-09-15T14:34:16.975+0000] {logging_mixin.py:190} INFO - [2026-09-15T14:34:16.974+0000] {dag.py:3239} INFO - Sync 1 DAGs
[2026-09-15T14:34:16.995+0000] {logging_mixin.py:190} INFO - [2026-09-15T14:34:16.994+0000] {dag.py:4180} INFO - Setting next_dagrun for etl_sederhana_25_572885_PPA_07200 to 2026-09-15 00:00:00+00:00, run_after=2026-09-16 00:00:00+00:00
[2026-09-15T14:34:17.040+0000] {processor.py:208} INFO - Processing /opt/airflow/dags/etl_sederhana_25_572885_PPA_07200.py took 0.507 seconds
[2026-09-15T14:34:47.326+0000] {processor.py:186} INFO - Started process (PID=2081) to work on /opt/airflow/dags/etl_sederhana_25_572885_PPA_07200.py
[2026-09-15T14:34:47.329+0000] {processor.py:914} INFO - Processing file /opt/airflow/dags/etl_sederhana_25_572885_PPA_07200.py for tasks to queue
[2026-09-15T14:34:47.335+0000] {logging_mixin.py:190} INFO - [2026-09-15T14:34:47.334+0000] {dagbag.py:588} INFO - Filling up the DagBag from /opt/airflow/dags/etl_sederhana_25_572885_PPA_07200.py
[2026-09-15T14:34:47.988+0000] {processor.py:925} INFO - DAG(s) 'etl_sederhana_25_572885_PPA_07200' retrieved from /opt/airflow/dags/etl_sederhana_25_572885_PPA_07200.py
[2026-09-15T14:34:48.025+0000] {logging_mixin.py:190} INFO - [2026-09-15T14:34:48.024+0000] {dag.py:3239} INFO - Sync 1 DAGs
[2026-09-15T14:34:48.093+0000] {logging_mixin.py:190} INFO - [2026-09-15T14:34:48.092+0000] {dag.py:4180} INFO - Setting next_dagrun for etl_sederhana_25_572885_PPA_07200 to 2026-09-15 00:00:00+00:00, run_after=2026-09-16 00:00:00+00:00
[2026-09-15T14:34:48.163+0000] {processor.py:208} INFO - Processing /opt/airflow/dags/etl_sederhana_25_572885_PPA_07200.py took 0.845 seconds
[2026-09-15T14:35:18.789+0000] {processor.py:186} INFO - Started process (PID=2090) to work on /opt/airflow/dags/etl_sederhana_25_572885_PPA_07200.py
[2026-09-15T14:35:18.880+0000] {processor.py:914} INFO - Processing file /opt/airflow/dags/etl_sederhana_25_572885_PPA_07200.py for tasks to queue
[2026-09-15T14:35:18.900+0000] {logging_mixin.py:190} INFO - [2026-09-15T14:35:18.899+0000] {dagbag.py:588} INFO - Filling up the DagBag from /opt/airflow/dags/etl_sederhana_25_572885_PPA_07200.py
[2026-09-15T14:35:20.361+0000] {processor.py:925} INFO - DAG(s) 'etl_sederhana_25_572885_PPA_07200' retrieved from /opt/airflow/dags/etl_sederhana_25_572885_PPA_07200.py
[2026-09-15T14:35:20.420+0000] {logging_mixin.py:190} INFO - [2026-09-15T14:35:20.419+0000] {dag.py:3239} INFO - Sync 1 DAGs
[2026-09-15T14:35:20.468+0000] {logging_mixin.py:190} INFO - [2026-09-15T14:35:20.468+0000] {dag.py:4180} INFO - Setting next_dagrun for etl_sederhana_25_572885_PPA_07200 to 2026-09-15 00:00:00+00:00, run_after=2026-09-16 00:00:00+00:00
[2026-09-15T14:35:20.575+0000] {processor.py:208} INFO - Processing /opt/airflow/dags/etl_sederhana_25_572885_PPA_07200.py took 1.795 seconds
[2026-09-15T14:35:50.904+0000] {processor.py:186} INFO - Started process (PID=2099) to work on /opt/airflow/dags/etl_sederhana_25_572885_PPA_07200.py
[2026-09-15T14:35:50.908+0000] {processor.py:914} INFO - Processing file /opt/airflow/dags/etl_sederhana_25_572885_PPA_07200.py for tasks to queue
[2026-09-15T14:35:50.945+0000] {logging_mixin.py:190} INFO - [2026-09-15T14:35:50.944+0000] {dagbag.py:588} INFO - Filling up the DagBag from /opt/airflow/dags/etl_sederhana_25_572885_PPA_07200.py
[2026-09-15T14:35:51.582+0000] {processor.py:925} INFO - DAG(s) 'etl_sederhana_25_572885_PPA_07200' retrieved from /opt/airflow/dags/etl_sederhana_25_572885_PPA_07200.py
[2026-09-15T14:35:51.615+0000] {logging_mixin.py:190} INFO - [2026-09-15T14:35:51.615+0000] {dag.py:3239} INFO - Sync 1 DAGs
[2026-09-15T14:35:51.649+0000] {logging_mixin.py:190} INFO - [2026-09-15T14:35:51.649+0000] {dag.py:4180} INFO - Setting next_dagrun for etl_sederhana_25_572885_PPA_07200 to 2026-09-15 00:00:00+00:00, run_after=2026-09-16 00:00:00+00:00
[2026-09-15T14:35:51.814+0000] {processor.py:208} INFO - Processing /opt/airflow/dags/etl_sederhana_25_572885_PPA_07200.py took 0.917 seconds
[2026-09-15T14:36:22.103+0000] {processor.py:186} INFO - Started process (PID=2115) to work on /opt/airflow/dags/etl_sederhana_25_572885_PPA_07200.py
[2026-09-15T14:36:22.105+0000] {processor.py:914} INFO - Processing file /opt/airflow/dags/etl_sederhana_25_572885_PPA_07200.py for tasks to queue
[2026-09-15T14:36:22.110+0000] {logging_mixin.py:190} INFO - [2026-09-15T14:36:22.109+0000] {dagbag.py:588} INFO - Filling up the DagBag from /opt/airflow/dags/etl_sederhana_25_572885_PPA_07200.py
[2026-09-15T14:36:22.550+0000] {processor.py:925} INFO - DAG(s) 'etl_sederhana_25_572885_PPA_07200' retrieved from /opt/airflow/dags/etl_sederhana_25_572885_PPA_07200.py
[2026-09-15T14:36:22.587+0000] {logging_mixin.py:190} INFO - [2026-09-15T14:36:22.586+0000] {dag.py:3239} INFO - Sync 1 DAGs
[2026-09-15T14:36:22.639+0000] {logging_mixin.py:190} INFO - [2026-09-15T14:36:22.638+0000] {dag.py:4180} INFO - Setting next_dagrun for etl_sederhana_25_572885_PPA_07200 to 2026-09-15 00:00:00+00:00, run_after=2026-09-16 00:00:00+00:00
[2026-09-15T14:36:22.746+0000] {processor.py:208} INFO - Processing /opt/airflow/dags/etl_sederhana_25_572885_PPA_07200.py took 0.651 seconds
[2026-09-15T14:36:53.748+0000] {processor.py:186} INFO - Started process (PID=2124) to work on /opt/airflow/dags/etl_sederhana_25_572885_PPA_07200.py
[2026-09-15T14:36:53.755+0000] {processor.py:914} INFO - Processing file /opt/airflow/dags/etl_sederhana_25_572885_PPA_07200.py for tasks to queue
[2026-09-15T14:36:53.765+0000] {logging_mixin.py:190} INFO - [2026-09-15T14:36:53.765+0000] {dagbag.py:588} INFO - Filling up the DagBag from /opt/airflow/dags/etl_sederhana_25_572885_PPA_07200.py
[2026-09-15T14:36:54.435+0000] {processor.py:925} INFO - DAG(s) 'etl_sederhana_25_572885_PPA_07200' retrieved from /opt/airflow/dags/etl_sederhana_25_572885_PPA_07200.py
[2026-09-15T14:36:54.473+0000] {logging_mixin.py:190} INFO - [2026-09-15T14:36:54.473+0000] {dag.py:3239} INFO - Sync 1 DAGs
[2026-09-15T14:36:54.498+0000] {logging_mixin.py:190} INFO - [2026-09-15T14:36:54.497+0000] {dag.py:4180} INFO - Setting next_dagrun for etl_sederhana_25_572885_PPA_07200 to 2026-09-15 00:00:00+00:00, run_after=2026-09-16 00:00:00+00:00
[2026-09-15T14:36:54.533+0000] {processor.py:208} INFO - Processing /opt/airflow/dags/etl_sederhana_25_572885_PPA_07200.py took 0.799 seconds
[2026-09-15T14:37:24.827+0000] {processor.py:186} INFO - Started process (PID=2133) to work on /opt/airflow/dags/etl_sederhana_25_572885_PPA_07200.py
[2026-09-15T14:37:24.833+0000] {processor.py:914} INFO - Processing file /opt/airflow/dags/etl_sederhana_25_572885_PPA_07200.py for tasks to queue
[2026-09-15T14:37:24.838+0000] {logging_mixin.py:190} INFO - [2026-09-15T14:37:24.838+0000] {dagbag.py:588} INFO - Filling up the DagBag from /opt/airflow/dags/etl_sederhana_25_572885_PPA_07200.py
[2026-09-15T14:37:25.236+0000] {processor.py:925} INFO - DAG(s) 'etl_sederhana_25_572885_PPA_07200' retrieved from /opt/airflow/dags/etl_sederhana_25_572885_PPA_07200.py
[2026-09-15T14:37:25.260+0000] {logging_mixin.py:190} INFO - [2026-09-15T14:37:25.259+0000] {dag.py:3239} INFO - Sync 1 DAGs
[2026-09-15T14:37:25.285+0000] {logging_mixin.py:190} INFO - [2026-09-15T14:37:25.284+0000] {dag.py:4180} INFO - Setting next_dagrun for etl_sederhana_25_572885_PPA_07200 to 2026-09-15 00:00:00+00:00, run_after=2026-09-16 00:00:00+00:00
[2026-09-15T14:37:25.318+0000] {processor.py:208} INFO - Processing /opt/airflow/dags/etl_sederhana_25_572885_PPA_07200.py took 0.498 seconds
[2026-09-15T14:37:56.204+0000] {processor.py:186} INFO - Started process (PID=2142) to work on /opt/airflow/dags/etl_sederhana_25_572885_PPA_07200.py
[2026-09-15T14:37:56.208+0000] {processor.py:914} INFO - Processing file /opt/airflow/dags/etl_sederhana_25_572885_PPA_07200.py for tasks to queue
[2026-09-15T14:37:56.215+0000] {logging_mixin.py:190} INFO - [2026-09-15T14:37:56.214+0000] {dagbag.py:588} INFO - Filling up the DagBag from /opt/airflow/dags/etl_sederhana_25_572885_PPA_07200.py
[2026-09-15T14:37:56.931+0000] {processor.py:925} INFO - DAG(s) 'etl_sederhana_25_572885_PPA_07200' retrieved from /opt/airflow/dags/etl_sederhana_25_572885_PPA_07200.py
[2026-09-15T14:37:56.964+0000] {logging_mixin.py:190} INFO - [2026-09-15T14:37:56.964+0000] {dag.py:3239} INFO - Sync 1 DAGs
[2026-09-15T14:37:57.031+0000] {logging_mixin.py:190} INFO - [2026-09-15T14:37:57.030+0000] {dag.py:4180} INFO - Setting next_dagrun for etl_sederhana_25_572885_PPA_07200 to 2026-09-15 00:00:00+00:00, run_after=2026-09-16 00:00:00+00:00
[2026-09-15T14:37:57.089+0000] {processor.py:208} INFO - Processing /opt/airflow/dags/etl_sederhana_25_572885_PPA_07200.py took 0.893 seconds
[2026-09-15T14:38:27.706+0000] {processor.py:186} INFO - Started process (PID=2151) to work on /opt/airflow/dags/etl_sederhana_25_572885_PPA_07200.py
[2026-09-15T14:38:27.710+0000] {processor.py:914} INFO - Processing file /opt/airflow/dags/etl_sederhana_25_572885_PPA_07200.py for tasks to queue
[2026-09-15T14:38:27.716+0000] {logging_mixin.py:190} INFO - [2026-09-15T14:38:27.715+0000] {dagbag.py:588} INFO - Filling up the DagBag from /opt/airflow/dags/etl_sederhana_25_572885_PPA_07200.py
[2026-09-15T14:38:28.293+0000] {processor.py:925} INFO - DAG(s) 'etl_sederhana_25_572885_PPA_07200' retrieved from /opt/airflow/dags/etl_sederhana_25_572885_PPA_07200.py
[2026-09-15T14:38:28.324+0000] {logging_mixin.py:190} INFO - [2026-09-15T14:38:28.323+0000] {dag.py:3239} INFO - Sync 1 DAGs
[2026-09-15T14:38:28.387+0000] {logging_mixin.py:190} INFO - [2026-09-15T14:38:28.386+0000] {dag.py:4180} INFO - Setting next_dagrun for etl_sederhana_25_572885_PPA_07200 to 2026-09-15 00:00:00+00:00, run_after=2026-09-16 00:00:00+00:00
[2026-09-15T14:38:28.447+0000] {processor.py:208} INFO - Processing /opt/airflow/dags/etl_sederhana_25_572885_PPA_07200.py took 0.754 seconds
[2026-09-15T14:38:58.683+0000] {processor.py:186} INFO - Started process (PID=2160) to work on /opt/airflow/dags/etl_sederhana_25_572885_PPA_07200.py
[2026-09-15T14:38:58.687+0000] {processor.py:914} INFO - Processing file /opt/airflow/dags/etl_sederhana_25_572885_PPA_07200.py for tasks to queue
[2026-09-15T14:38:58.691+0000] {logging_mixin.py:190} INFO - [2026-09-15T14:38:58.690+0000] {dagbag.py:588} INFO - Filling up the DagBag from /opt/airflow/dags/etl_sederhana_25_572885_PPA_07200.py
[2026-09-15T14:38:59.246+0000] {processor.py:925} INFO - DAG(s) 'etl_sederhana_25_572885_PPA_07200' retrieved from /opt/airflow/dags/etl_sederhana_25_572885_PPA_07200.py
[2026-09-15T14:38:59.278+0000] {logging_mixin.py:190} INFO - [2026-09-15T14:38:59.278+0000] {dag.py:3239} INFO - Sync 1 DAGs
[2026-09-15T14:38:59.341+0000] {logging_mixin.py:190} INFO - [2026-09-15T14:38:59.341+0000] {dag.py:4180} INFO - Setting next_dagrun for etl_sederhana_25_572885_PPA_07200 to 2026-09-15 00:00:00+00:00, run_after=2026-09-16 00:00:00+00:00
[2026-09-15T14:38:59.426+0000] {processor.py:208} INFO - Processing /opt/airflow/dags/etl_sederhana_25_572885_PPA_07200.py took 0.750 seconds
[2026-09-15T14:39:29.721+0000] {processor.py:186} INFO - Started process (PID=2169) to work on /opt/airflow/dags/etl_sederhana_25_572885_PPA_07200.py
[2026-09-15T14:39:29.723+0000] {processor.py:914} INFO - Processing file /opt/airflow/dags/etl_sederhana_25_572885_PPA_07200.py for tasks to queue
[2026-09-15T14:39:29.727+0000] {logging_mixin.py:190} INFO - [2026-09-15T14:39:29.726+0000] {dagbag.py:588} INFO - Filling up the DagBag from /opt/airflow/dags/etl_sederhana_25_572885_PPA_07200.py
[2026-09-15T14:39:30.067+0000] {processor.py:925} INFO - DAG(s) 'etl_sederhana_25_572885_PPA_07200' retrieved from /opt/airflow/dags/etl_sederhana_25_572885_PPA_07200.py
[2026-09-15T14:39:30.094+0000] {logging_mixin.py:190} INFO - [2026-09-15T14:39:30.094+0000] {dag.py:3239} INFO - Sync 1 DAGs
[2026-09-15T14:39:30.121+0000] {logging_mixin.py:190} INFO - [2026-09-15T14:39:30.120+0000] {dag.py:4180} INFO - Setting next_dagrun for etl_sederhana_25_572885_PPA_07200 to 2026-09-15 00:00:00+00:00, run_after=2026-09-16 00:00:00+00:00
[2026-09-15T14:39:30.160+0000] {processor.py:208} INFO - Processing /opt/airflow/dags/etl_sederhana_25_572885_PPA_07200.py took 0.446 seconds
[2026-09-15T14:40:00.496+0000] {processor.py:186} INFO - Started process (PID=2178) to work on /opt/airflow/dags/etl_sederhana_25_572885_PPA_07200.py
[2026-09-15T14:40:00.499+0000] {processor.py:914} INFO - Processing file /opt/airflow/dags/etl_sederhana_25_572885_PPA_07200.py for tasks to queue
[2026-09-15T14:40:00.504+0000] {logging_mixin.py:190} INFO - [2026-09-15T14:40:00.503+0000] {dagbag.py:588} INFO - Filling up the DagBag from /opt/airflow/dags/etl_sederhana_25_572885_PPA_07200.py
[2026-09-15T14:40:00.994+0000] {processor.py:925} INFO - DAG(s) 'etl_sederhana_25_572885_PPA_07200' retrieved from /opt/airflow/dags/etl_sederhana_25_572885_PPA_07200.py
[2026-09-15T14:40:01.031+0000] {logging_mixin.py:190} INFO - [2026-09-15T14:40:01.030+0000] {dag.py:3239} INFO - Sync 1 DAGs
[2026-09-15T14:40:01.069+0000] {logging_mixin.py:190} INFO - [2026-09-15T14:40:01.069+0000] {dag.py:4180} INFO - Setting next_dagrun for etl_sederhana_25_572885_PPA_07200 to 2026-09-15 00:00:00+00:00, run_after=2026-09-16 00:00:00+00:00
[2026-09-15T14:40:01.242+0000] {processor.py:208} INFO - Processing /opt/airflow/dags/etl_sederhana_25_572885_PPA_07200.py took 0.754 seconds
[2026-09-15T14:40:31.579+0000] {processor.py:186} INFO - Started process (PID=2187) to work on /opt/airflow/dags/etl_sederhana_25_572885_PPA_07200.py
[2026-09-15T14:40:31.583+0000] {processor.py:914} INFO - Processing file /opt/airflow/dags/etl_sederhana_25_572885_PPA_07200.py for tasks to queue
[2026-09-15T14:40:31.593+0000] {logging_mixin.py:190} INFO - [2026-09-15T14:40:31.591+0000] {dagbag.py:588} INFO - Filling up the DagBag from /opt/airflow/dags/etl_sederhana_25_572885_PPA_07200.py
[2026-09-15T14:40:32.050+0000] {processor.py:925} INFO - DAG(s) 'etl_sederhana_25_572885_PPA_07200' retrieved from /opt/airflow/dags/etl_sederhana_25_572885_PPA_07200.py
[2026-09-15T14:40:32.080+0000] {logging_mixin.py:190} INFO - [2026-09-15T14:40:32.079+0000] {dag.py:3239} INFO - Sync 1 DAGs
[2026-09-15T14:40:32.111+0000] {logging_mixin.py:190} INFO - [2026-09-15T14:40:32.111+0000] {dag.py:4180} INFO - Setting next_dagrun for etl_sederhana_25_572885_PPA_07200 to 2026-09-15 00:00:00+00:00, run_after=2026-09-16 00:00:00+00:00
[2026-09-15T14:40:32.166+0000] {processor.py:208} INFO - Processing /opt/airflow/dags/etl_sederhana_25_572885_PPA_07200.py took 0.602 seconds
[2026-09-15T14:41:02.517+0000] {processor.py:186} INFO - Started process (PID=2196) to work on /opt/airflow/dags/etl_sederhana_25_572885_PPA_07200.py
[2026-09-15T14:41:02.520+0000] {processor.py:914} INFO - Processing file /opt/airflow/dags/etl_sederhana_25_572885_PPA_07200.py for tasks to queue
[2026-09-15T14:41:02.524+0000] {logging_mixin.py:190} INFO - [2026-09-15T14:41:02.524+0000] {dagbag.py:588} INFO - Filling up the DagBag from /opt/airflow/dags/etl_sederhana_25_572885_PPA_07200.py
[2026-09-15T14:41:02.991+0000] {processor.py:925} INFO - DAG(s) 'etl_sederhana_25_572885_PPA_07200' retrieved from /opt/airflow/dags/etl_sederhana_25_572885_PPA_07200.py
[2026-09-15T14:41:03.021+0000] {logging_mixin.py:190} INFO - [2026-09-15T14:41:03.020+0000] {dag.py:3239} INFO - Sync 1 DAGs
[2026-09-15T14:41:03.047+0000] {logging_mixin.py:190} INFO - [2026-09-15T14:41:03.047+0000] {dag.py:4180} INFO - Setting next_dagrun for etl_sederhana_25_572885_PPA_07200 to 2026-09-15 00:00:00+00:00, run_after=2026-09-16 00:00:00+00:00
[2026-09-15T14:41:03.086+0000] {processor.py:208} INFO - Processing /opt/airflow/dags/etl_sederhana_25_572885_PPA_07200.py took 0.579 seconds
[2026-09-15T14:41:34.486+0000] {processor.py:186} INFO - Started process (PID=2205) to work on /opt/airflow/dags/etl_sederhana_25_572885_PPA_07200.py
[2026-09-15T14:41:34.490+0000] {processor.py:914} INFO - Processing file /opt/airflow/dags/etl_sederhana_25_572885_PPA_07200.py for tasks to queue
[2026-09-15T14:41:34.498+0000] {logging_mixin.py:190} INFO - [2026-09-15T14:41:34.497+0000] {dagbag.py:588} INFO - Filling up the DagBag from /opt/airflow/dags/etl_sederhana_25_572885_PPA_07200.py
[2026-09-15T14:41:35.252+0000] {processor.py:925} INFO - DAG(s) 'etl_sederhana_25_572885_PPA_07200' retrieved from /opt/airflow/dags/etl_sederhana_25_572885_PPA_07200.py
[2026-09-15T14:41:35.282+0000] {logging_mixin.py:190} INFO - [2026-09-15T14:41:35.281+0000] {dag.py:3239} INFO - Sync 1 DAGs
[2026-09-15T14:41:35.316+0000] {logging_mixin.py:190} INFO - [2026-09-15T14:41:35.315+0000] {dag.py:4180} INFO - Setting next_dagrun for etl_sederhana_25_572885_PPA_07200 to 2026-09-15 00:00:00+00:00, run_after=2026-09-16 00:00:00+00:00
[2026-09-15T14:41:35.356+0000] {processor.py:208} INFO - Processing /opt/airflow/dags/etl_sederhana_25_572885_PPA_07200.py took 0.883 seconds
[2026-09-15T14:42:05.592+0000] {processor.py:186} INFO - Started process (PID=2214) to work on /opt/airflow/dags/etl_sederhana_25_572885_PPA_07200.py
[2026-09-15T14:42:05.595+0000] {processor.py:914} INFO - Processing file /opt/airflow/dags/etl_sederhana_25_572885_PPA_07200.py for tasks to queue
[2026-09-15T14:42:05.602+0000] {logging_mixin.py:190} INFO - [2026-09-15T14:42:05.601+0000] {dagbag.py:588} INFO - Filling up the DagBag from /opt/airflow/dags/etl_sederhana_25_572885_PPA_07200.py
[2026-09-15T14:42:06.102+0000] {processor.py:925} INFO - DAG(s) 'etl_sederhana_25_572885_PPA_07200' retrieved from /opt/airflow/dags/etl_sederhana_25_572885_PPA_07200.py
[2026-09-15T14:42:06.129+0000] {logging_mixin.py:190} INFO - [2026-09-15T14:42:06.129+0000] {dag.py:3239} INFO - Sync 1 DAGs
[2026-09-15T14:42:06.159+0000] {logging_mixin.py:190} INFO - [2026-09-15T14:42:06.159+0000] {dag.py:4180} INFO - Setting next_dagrun for etl_sederhana_25_572885_PPA_07200 to 2026-09-15 00:00:00+00:00, run_after=2026-09-16 00:00:00+00:00
[2026-09-15T14:42:06.207+0000] {processor.py:208} INFO - Processing /opt/airflow/dags/etl_sederhana_25_572885_PPA_07200.py took 0.627 seconds
[2026-09-15T14:42:36.437+0000] {processor.py:186} INFO - Started process (PID=2223) to work on /opt/airflow/dags/etl_sederhana_25_572885_PPA_07200.py
[2026-09-15T14:42:36.440+0000] {processor.py:914} INFO - Processing file /opt/airflow/dags/etl_sederhana_25_572885_PPA_07200.py for tasks to queue
[2026-09-15T14:42:36.445+0000] {logging_mixin.py:190} INFO - [2026-09-15T14:42:36.444+0000] {dagbag.py:588} INFO - Filling up the DagBag from /opt/airflow/dags/etl_sederhana_25_572885_PPA_07200.py
[2026-09-15T14:42:36.782+0000] {processor.py:925} INFO - DAG(s) 'etl_sederhana_25_572885_PPA_07200' retrieved from /opt/airflow/dags/etl_sederhana_25_572885_PPA_07200.py
[2026-09-15T14:42:36.806+0000] {logging_mixin.py:190} INFO - [2026-09-15T14:42:36.806+0000] {dag.py:3239} INFO - Sync 1 DAGs
[2026-09-15T14:42:36.831+0000] {logging_mixin.py:190} INFO - [2026-09-15T14:42:36.831+0000] {dag.py:4180} INFO - Setting next_dagrun for etl_sederhana_25_572885_PPA_07200 to 2026-09-15 00:00:00+00:00, run_after=2026-09-16 00:00:00+00:00
[2026-09-15T14:42:36.863+0000] {processor.py:208} INFO - Processing /opt/airflow/dags/etl_sederhana_25_572885_PPA_07200.py took 0.433 seconds
[2026-09-15T14:43:07.084+0000] {processor.py:186} INFO - Started process (PID=2232) to work on /opt/airflow/dags/etl_sederhana_25_572885_PPA_07200.py
[2026-09-15T14:43:07.086+0000] {processor.py:914} INFO - Processing file /opt/airflow/dags/etl_sederhana_25_572885_PPA_07200.py for tasks to queue
[2026-09-15T14:43:07.091+0000] {logging_mixin.py:190} INFO - [2026-09-15T14:43:07.091+0000] {dagbag.py:588} INFO - Filling up the DagBag from /opt/airflow/dags/etl_sederhana_25_572885_PPA_07200.py
[2026-09-15T14:43:07.418+0000] {processor.py:925} INFO - DAG(s) 'etl_sederhana_25_572885_PPA_07200' retrieved from /opt/airflow/dags/etl_sederhana_25_572885_PPA_07200.py
[2026-09-15T14:43:07.445+0000] {logging_mixin.py:190} INFO - [2026-09-15T14:43:07.445+0000] {dag.py:3239} INFO - Sync 1 DAGs
[2026-09-15T14:43:07.473+0000] {logging_mixin.py:190} INFO - [2026-09-15T14:43:07.472+0000] {dag.py:4180} INFO - Setting next_dagrun for etl_sederhana_25_572885_PPA_07200 to 2026-09-15 00:00:00+00:00, run_after=2026-09-16 00:00:00+00:00
[2026-09-15T14:43:07.516+0000] {processor.py:208} INFO - Processing /opt/airflow/dags/etl_sederhana_25_572885_PPA_07200.py took 0.442 seconds
[2026-09-15T14:43:37.673+0000] {processor.py:186} INFO - Started process (PID=2241) to work on /opt/airflow/dags/etl_sederhana_25_572885_PPA_07200.py
[2026-09-15T14:43:37.676+0000] {processor.py:914} INFO - Processing file /opt/airflow/dags/etl_sederhana_25_572885_PPA_07200.py for tasks to queue
[2026-09-15T14:43:37.681+0000] {logging_mixin.py:190} INFO - [2026-09-15T14:43:37.681+0000] {dagbag.py:588} INFO - Filling up the DagBag from /opt/airflow/dags/etl_sederhana_25_572885_PPA_07200.py
[2026-09-15T14:43:38.014+0000] {processor.py:925} INFO - DAG(s) 'etl_sederhana_25_572885_PPA_07200' retrieved from /opt/airflow/dags/etl_sederhana_25_572885_PPA_07200.py
[2026-09-15T14:43:38.038+0000] {logging_mixin.py:190} INFO - [2026-09-15T14:43:38.038+0000] {dag.py:3239} INFO - Sync 1 DAGs
[2026-09-15T14:43:38.061+0000] {logging_mixin.py:190} INFO - [2026-09-15T14:43:38.061+0000] {dag.py:4180} INFO - Setting next_dagrun for etl_sederhana_25_572885_PPA_07200 to 2026-09-15 00:00:00+00:00, run_after=2026-09-16 00:00:00+00:00
[2026-09-15T14:43:38.099+0000] {processor.py:208} INFO - Processing /opt/airflow/dags/etl_sederhana_25_572885_PPA_07200.py took 0.432 seconds
[2026-09-15T14:44:08.383+0000] {processor.py:186} INFO - Started process (PID=2250) to work on /opt/airflow/dags/etl_sederhana_25_572885_PPA_07200.py
[2026-09-15T14:44:08.388+0000] {processor.py:914} INFO - Processing file /opt/airflow/dags/etl_sederhana_25_572885_PPA_07200.py for tasks to queue
[2026-09-15T14:44:08.394+0000] {logging_mixin.py:190} INFO - [2026-09-15T14:44:08.393+0000] {dagbag.py:588} INFO - Filling up the DagBag from /opt/airflow/dags/etl_sederhana_25_572885_PPA_07200.py
[2026-09-15T14:44:08.710+0000] {processor.py:925} INFO - DAG(s) 'etl_sederhana_25_572885_PPA_07200' retrieved from /opt/airflow/dags/etl_sederhana_25_572885_PPA_07200.py
[2026-09-15T14:44:08.730+0000] {logging_mixin.py:190} INFO - [2026-09-15T14:44:08.729+0000] {dag.py:3239} INFO - Sync 1 DAGs
[2026-09-15T14:44:08.751+0000] {logging_mixin.py:190} INFO - [2026-09-15T14:44:08.750+0000] {dag.py:4180} INFO - Setting next_dagrun for etl_sederhana_25_572885_PPA_07200 to 2026-09-15 00:00:00+00:00, run_after=2026-09-16 00:00:00+00:00
[2026-09-15T14:44:08.792+0000] {processor.py:208} INFO - Processing /opt/airflow/dags/etl_sederhana_25_572885_PPA_07200.py took 0.416 seconds
[2026-09-15T14:44:39.060+0000] {processor.py:186} INFO - Started process (PID=2259) to work on /opt/airflow/dags/etl_sederhana_25_572885_PPA_07200.py
[2026-09-15T14:44:39.063+0000] {processor.py:914} INFO - Processing file /opt/airflow/dags/etl_sederhana_25_572885_PPA_07200.py for tasks to queue
[2026-09-15T14:44:39.068+0000] {logging_mixin.py:190} INFO - [2026-09-15T14:44:39.067+0000] {dagbag.py:588} INFO - Filling up the DagBag from /opt/airflow/dags/etl_sederhana_25_572885_PPA_07200.py
[2026-09-15T14:44:39.673+0000] {processor.py:925} INFO - DAG(s) 'etl_sederhana_25_572885_PPA_07200' retrieved from /opt/airflow/dags/etl_sederhana_25_572885_PPA_07200.py
[2026-09-15T14:44:39.701+0000] {logging_mixin.py:190} INFO - [2026-09-15T14:44:39.700+0000] {dag.py:3239} INFO - Sync 1 DAGs
[2026-09-15T14:44:39.732+0000] {logging_mixin.py:190} INFO - [2026-09-15T14:44:39.732+0000] {dag.py:4180} INFO - Setting next_dagrun for etl_sederhana_25_572885_PPA_07200 to 2026-09-15 00:00:00+00:00, run_after=2026-09-16 00:00:00+00:00
[2026-09-15T14:44:39.764+0000] {processor.py:208} INFO - Processing /opt/airflow/dags/etl_sederhana_25_572885_PPA_07200.py took 0.711 seconds
[2026-09-15T14:45:10.085+0000] {processor.py:186} INFO - Started process (PID=2268) to work on /opt/airflow/dags/etl_sederhana_25_572885_PPA_07200.py
[2026-09-15T14:45:10.087+0000] {processor.py:914} INFO - Processing file /opt/airflow/dags/etl_sederhana_25_572885_PPA_07200.py for tasks to queue
[2026-09-15T14:45:10.091+0000] {logging_mixin.py:190} INFO - [2026-09-15T14:45:10.090+0000] {dagbag.py:588} INFO - Filling up the DagBag from /opt/airflow/dags/etl_sederhana_25_572885_PPA_07200.py
[2026-09-15T14:45:10.421+0000] {processor.py:925} INFO - DAG(s) 'etl_sederhana_25_572885_PPA_07200' retrieved from /opt/airflow/dags/etl_sederhana_25_572885_PPA_07200.py
[2026-09-15T14:45:10.446+0000] {logging_mixin.py:190} INFO - [2026-09-15T14:45:10.445+0000] {dag.py:3239} INFO - Sync 1 DAGs
[2026-09-15T14:45:10.470+0000] {logging_mixin.py:190} INFO - [2026-09-15T14:45:10.470+0000] {dag.py:4180} INFO - Setting next_dagrun for etl_sederhana_25_572885_PPA_07200 to 2026-09-15 00:00:00+00:00, run_after=2026-09-16 00:00:00+00:00
[2026-09-15T14:45:10.501+0000] {processor.py:208} INFO - Processing /opt/airflow/dags/etl_sederhana_25_572885_PPA_07200.py took 0.423 seconds
[2026-09-15T14:45:40.771+0000] {processor.py:186} INFO - Started process (PID=2277) to work on /opt/airflow/dags/etl_sederhana_25_572885_PPA_07200.py
[2026-09-15T14:45:40.773+0000] {processor.py:914} INFO - Processing file /opt/airflow/dags/etl_sederhana_25_572885_PPA_07200.py for tasks to queue
[2026-09-15T14:45:40.777+0000] {logging_mixin.py:190} INFO - [2026-09-15T14:45:40.776+0000] {dagbag.py:588} INFO - Filling up the DagBag from /opt/airflow/dags/etl_sederhana_25_572885_PPA_07200.py
[2026-09-15T14:45:41.113+0000] {processor.py:925} INFO - DAG(s) 'etl_sederhana_25_572885_PPA_07200' retrieved from /opt/airflow/dags/etl_sederhana_25_572885_PPA_07200.py
[2026-09-15T14:45:41.141+0000] {logging_mixin.py:190} INFO - [2026-09-15T14:45:41.141+0000] {dag.py:3239} INFO - Sync 1 DAGs
[2026-09-15T14:45:41.167+0000] {logging_mixin.py:190} INFO - [2026-09-15T14:45:41.167+0000] {dag.py:4180} INFO - Setting next_dagrun for etl_sederhana_25_572885_PPA_07200 to 2026-09-15 00:00:00+00:00, run_after=2026-09-16 00:00:00+00:00
[2026-09-15T14:45:41.200+0000] {processor.py:208} INFO - Processing /opt/airflow/dags/etl_sederhana_25_572885_PPA_07200.py took 0.436 seconds
[2026-09-15T14:46:11.407+0000] {processor.py:186} INFO - Started process (PID=2286) to work on /opt/airflow/dags/etl_sederhana_25_572885_PPA_07200.py
[2026-09-15T14:46:11.409+0000] {processor.py:914} INFO - Processing file /opt/airflow/dags/etl_sederhana_25_572885_PPA_07200.py for tasks to queue
[2026-09-15T14:46:11.413+0000] {logging_mixin.py:190} INFO - [2026-09-15T14:46:11.412+0000] {dagbag.py:588} INFO - Filling up the DagBag from /opt/airflow/dags/etl_sederhana_25_572885_PPA_07200.py
[2026-09-15T14:46:11.887+0000] {processor.py:925} INFO - DAG(s) 'etl_sederhana_25_572885_PPA_07200' retrieved from /opt/airflow/dags/etl_sederhana_25_572885_PPA_07200.py
[2026-09-15T14:46:11.915+0000] {logging_mixin.py:190} INFO - [2026-09-15T14:46:11.914+0000] {dag.py:3239} INFO - Sync 1 DAGs
[2026-09-15T14:46:11.993+0000] {logging_mixin.py:190} INFO - [2026-09-15T14:46:11.993+0000] {dag.py:4180} INFO - Setting next_dagrun for etl_sederhana_25_572885_PPA_07200 to 2026-09-15 00:00:00+00:00, run_after=2026-09-16 00:00:00+00:00
[2026-09-15T14:46:12.070+0000] {processor.py:208} INFO - Processing /opt/airflow/dags/etl_sederhana_25_572885_PPA_07200.py took 0.670 seconds
[2026-09-15T14:46:42.444+0000] {processor.py:186} INFO - Started process (PID=2295) to work on /opt/airflow/dags/etl_sederhana_25_572885_PPA_07200.py
[2026-09-15T14:46:42.450+0000] {processor.py:914} INFO - Processing file /opt/airflow/dags/etl_sederhana_25_572885_PPA_07200.py for tasks to queue
[2026-09-15T14:46:42.458+0000] {logging_mixin.py:190} INFO - [2026-09-15T14:46:42.458+0000] {dagbag.py:588} INFO - Filling up the DagBag from /opt/airflow/dags/etl_sederhana_25_572885_PPA_07200.py
[2026-09-15T14:46:42.929+0000] {processor.py:925} INFO - DAG(s) 'etl_sederhana_25_572885_PPA_07200' retrieved from /opt/airflow/dags/etl_sederhana_25_572885_PPA_07200.py
[2026-09-15T14:46:42.963+0000] {logging_mixin.py:190} INFO - [2026-09-15T14:46:42.963+0000] {dag.py:3239} INFO - Sync 1 DAGs
[2026-09-15T14:46:42.997+0000] {logging_mixin.py:190} INFO - [2026-09-15T14:46:42.997+0000] {dag.py:4180} INFO - Setting next_dagrun for etl_sederhana_25_572885_PPA_07200 to 2026-09-15 00:00:00+00:00, run_after=2026-09-16 00:00:00+00:00
[2026-09-15T14:46:43.068+0000] {processor.py:208} INFO - Processing /opt/airflow/dags/etl_sederhana_25_572885_PPA_07200.py took 0.633 seconds
[2026-09-15T14:47:13.674+0000] {processor.py:186} INFO - Started process (PID=2304) to work on /opt/airflow/dags/etl_sederhana_25_572885_PPA_07200.py
[2026-09-15T14:47:13.677+0000] {processor.py:914} INFO - Processing file /opt/airflow/dags/etl_sederhana_25_572885_PPA_07200.py for tasks to queue
[2026-09-15T14:47:13.700+0000] {logging_mixin.py:190} INFO - [2026-09-15T14:47:13.700+0000] {dagbag.py:588} INFO - Filling up the DagBag from /opt/airflow/dags/etl_sederhana_25_572885_PPA_07200.py
[2026-09-15T14:47:14.135+0000] {processor.py:925} INFO - DAG(s) 'etl_sederhana_25_572885_PPA_07200' retrieved from /opt/airflow/dags/etl_sederhana_25_572885_PPA_07200.py
[2026-09-15T14:47:14.161+0000] {logging_mixin.py:190} INFO - [2026-09-15T14:47:14.161+0000] {dag.py:3239} INFO - Sync 1 DAGs
[2026-09-15T14:47:14.185+0000] {logging_mixin.py:190} INFO - [2026-09-15T14:47:14.185+0000] {dag.py:4180} INFO - Setting next_dagrun for etl_sederhana_25_572885_PPA_07200 to 2026-09-15 00:00:00+00:00, run_after=2026-09-16 00:00:00+00:00
[2026-09-15T14:47:14.221+0000] {processor.py:208} INFO - Processing /opt/airflow/dags/etl_sederhana_25_572885_PPA_07200.py took 0.554 seconds
[2026-09-15T14:47:44.398+0000] {processor.py:186} INFO - Started process (PID=2313) to work on /opt/airflow/dags/etl_sederhana_25_572885_PPA_07200.py
[2026-09-15T14:47:44.400+0000] {processor.py:914} INFO - Processing file /opt/airflow/dags/etl_sederhana_25_572885_PPA_07200.py for tasks to queue
[2026-09-15T14:47:44.404+0000] {logging_mixin.py:190} INFO - [2026-09-15T14:47:44.404+0000] {dagbag.py:588} INFO - Filling up the DagBag from /opt/airflow/dags/etl_sederhana_25_572885_PPA_07200.py
[2026-09-15T14:47:44.728+0000] {processor.py:925} INFO - DAG(s) 'etl_sederhana_25_572885_PPA_07200' retrieved from /opt/airflow/dags/etl_sederhana_25_572885_PPA_07200.py
[2026-09-15T14:47:44.750+0000] {logging_mixin.py:190} INFO - [2026-09-15T14:47:44.750+0000] {dag.py:3239} INFO - Sync 1 DAGs
[2026-09-15T14:47:44.780+0000] {logging_mixin.py:190} INFO - [2026-09-15T14:47:44.780+0000] {dag.py:4180} INFO - Setting next_dagrun for etl_sederhana_25_572885_PPA_07200 to 2026-09-15 00:00:00+00:00, run_after=2026-09-16 00:00:00+00:00
[2026-09-15T14:47:44.815+0000] {processor.py:208} INFO - Processing /opt/airflow/dags/etl_sederhana_25_572885_PPA_07200.py took 0.426 seconds
[2026-09-15T14:48:15.014+0000] {processor.py:186} INFO - Started process (PID=2322) to work on /opt/airflow/dags/etl_sederhana_25_572885_PPA_07200.py
[2026-09-15T14:48:15.016+0000] {processor.py:914} INFO - Processing file /opt/airflow/dags/etl_sederhana_25_572885_PPA_07200.py for tasks to queue
[2026-09-15T14:48:15.020+0000] {logging_mixin.py:190} INFO - [2026-09-15T14:48:15.019+0000] {dagbag.py:588} INFO - Filling up the DagBag from /opt/airflow/dags/etl_sederhana_25_572885_PPA_07200.py
[2026-09-15T14:48:15.388+0000] {processor.py:925} INFO - DAG(s) 'etl_sederhana_25_572885_PPA_07200' retrieved from /opt/airflow/dags/etl_sederhana_25_572885_PPA_07200.py
[2026-09-15T14:48:15.414+0000] {logging_mixin.py:190} INFO - [2026-09-15T14:48:15.414+0000] {dag.py:3239} INFO - Sync 1 DAGs
[2026-09-15T14:48:15.441+0000] {logging_mixin.py:190} INFO - [2026-09-15T14:48:15.440+0000] {dag.py:4180} INFO - Setting next_dagrun for etl_sederhana_25_572885_PPA_07200 to 2026-09-15 00:00:00+00:00, run_after=2026-09-16 00:00:00+00:00
[2026-09-15T14:48:15.483+0000] {processor.py:208} INFO - Processing /opt/airflow/dags/etl_sederhana_25_572885_PPA_07200.py took 0.476 seconds
[2026-09-15T14:48:45.739+0000] {processor.py:186} INFO - Started process (PID=2331) to work on /opt/airflow/dags/etl_sederhana_25_572885_PPA_07200.py
[2026-09-15T14:48:45.742+0000] {processor.py:914} INFO - Processing file /opt/airflow/dags/etl_sederhana_25_572885_PPA_07200.py for tasks to queue
[2026-09-15T14:48:45.746+0000] {logging_mixin.py:190} INFO - [2026-09-15T14:48:45.745+0000] {dagbag.py:588} INFO - Filling up the DagBag from /opt/airflow/dags/etl_sederhana_25_572885_PPA_07200.py
[2026-09-15T14:48:46.068+0000] {processor.py:925} INFO - DAG(s) 'etl_sederhana_25_572885_PPA_07200' retrieved from /opt/airflow/dags/etl_sederhana_25_572885_PPA_07200.py
[2026-09-15T14:48:46.094+0000] {logging_mixin.py:190} INFO - [2026-09-15T14:48:46.093+0000] {dag.py:3239} INFO - Sync 1 DAGs
[2026-09-15T14:48:46.122+0000] {logging_mixin.py:190} INFO - [2026-09-15T14:48:46.122+0000] {dag.py:4180} INFO - Setting next_dagrun for etl_sederhana_25_572885_PPA_07200 to 2026-09-15 00:00:00+00:00, run_after=2026-09-16 00:00:00+00:00
[2026-09-15T14:48:46.156+0000] {processor.py:208} INFO - Processing /opt/airflow/dags/etl_sederhana_25_572885_PPA_07200.py took 0.425 seconds
[2026-09-15T14:49:16.461+0000] {processor.py:186} INFO - Started process (PID=2340) to work on /opt/airflow/dags/etl_sederhana_25_572885_PPA_07200.py
[2026-09-15T14:49:16.464+0000] {processor.py:914} INFO - Processing file /opt/airflow/dags/etl_sederhana_25_572885_PPA_07200.py for tasks to queue
[2026-09-15T14:49:16.468+0000] {logging_mixin.py:190} INFO - [2026-09-15T14:49:16.467+0000] {dagbag.py:588} INFO - Filling up the DagBag from /opt/airflow/dags/etl_sederhana_25_572885_PPA_07200.py
[2026-09-15T14:49:16.784+0000] {processor.py:925} INFO - DAG(s) 'etl_sederhana_25_572885_PPA_07200' retrieved from /opt/airflow/dags/etl_sederhana_25_572885_PPA_07200.py
[2026-09-15T14:49:16.810+0000] {logging_mixin.py:190} INFO - [2026-09-15T14:49:16.810+0000] {dag.py:3239} INFO - Sync 1 DAGs
[2026-09-15T14:49:16.835+0000] {logging_mixin.py:190} INFO - [2026-09-15T14:49:16.835+0000] {dag.py:4180} INFO - Setting next_dagrun for etl_sederhana_25_572885_PPA_07200 to 2026-09-15 00:00:00+00:00, run_after=2026-09-16 00:00:00+00:00
[2026-09-15T14:49:16.870+0000] {processor.py:208} INFO - Processing /opt/airflow/dags/etl_sederhana_25_572885_PPA_07200.py took 0.415 seconds
[2026-09-15T14:49:47.079+0000] {processor.py:186} INFO - Started process (PID=2349) to work on /opt/airflow/dags/etl_sederhana_25_572885_PPA_07200.py
[2026-09-15T14:49:47.082+0000] {processor.py:914} INFO - Processing file /opt/airflow/dags/etl_sederhana_25_572885_PPA_07200.py for tasks to queue
[2026-09-15T14:49:47.086+0000] {logging_mixin.py:190} INFO - [2026-09-15T14:49:47.085+0000] {dagbag.py:588} INFO - Filling up the DagBag from /opt/airflow/dags/etl_sederhana_25_572885_PPA_07200.py
[2026-09-15T14:49:47.414+0000] {processor.py:925} INFO - DAG(s) 'etl_sederhana_25_572885_PPA_07200' retrieved from /opt/airflow/dags/etl_sederhana_25_572885_PPA_07200.py
[2026-09-15T14:49:47.440+0000] {logging_mixin.py:190} INFO - [2026-09-15T14:49:47.440+0000] {dag.py:3239} INFO - Sync 1 DAGs
[2026-09-15T14:49:47.464+0000] {logging_mixin.py:190} INFO - [2026-09-15T14:49:47.463+0000] {dag.py:4180} INFO - Setting next_dagrun for etl_sederhana_25_572885_PPA_07200 to 2026-09-15 00:00:00+00:00, run_after=2026-09-16 00:00:00+00:00
[2026-09-15T14:49:47.496+0000] {processor.py:208} INFO - Processing /opt/airflow/dags/etl_sederhana_25_572885_PPA_07200.py took 0.424 seconds
[2026-09-15T14:50:17.703+0000] {processor.py:186} INFO - Started process (PID=2358) to work on /opt/airflow/dags/etl_sederhana_25_572885_PPA_07200.py
[2026-09-15T14:50:17.705+0000] {processor.py:914} INFO - Processing file /opt/airflow/dags/etl_sederhana_25_572885_PPA_07200.py for tasks to queue
[2026-09-15T14:50:17.708+0000] {logging_mixin.py:190} INFO - [2026-09-15T14:50:17.708+0000] {dagbag.py:588} INFO - Filling up the DagBag from /opt/airflow/dags/etl_sederhana_25_572885_PPA_07200.py
[2026-09-15T14:50:18.033+0000] {processor.py:925} INFO - DAG(s) 'etl_sederhana_25_572885_PPA_07200' retrieved from /opt/airflow/dags/etl_sederhana_25_572885_PPA_07200.py
[2026-09-15T14:50:18.055+0000] {logging_mixin.py:190} INFO - [2026-09-15T14:50:18.054+0000] {dag.py:3239} INFO - Sync 1 DAGs
[2026-09-15T14:50:18.079+0000] {logging_mixin.py:190} INFO - [2026-09-15T14:50:18.079+0000] {dag.py:4180} INFO - Setting next_dagrun for etl_sederhana_25_572885_PPA_07200 to 2026-09-15 00:00:00+00:00, run_after=2026-09-16 00:00:00+00:00
[2026-09-15T14:50:18.114+0000] {processor.py:208} INFO - Processing /opt/airflow/dags/etl_sederhana_25_572885_PPA_07200.py took 0.419 seconds
[2026-09-15T14:50:48.322+0000] {processor.py:186} INFO - Started process (PID=2367) to work on /opt/airflow/dags/etl_sederhana_25_572885_PPA_07200.py
[2026-09-15T14:50:48.324+0000] {processor.py:914} INFO - Processing file /opt/airflow/dags/etl_sederhana_25_572885_PPA_07200.py for tasks to queue
[2026-09-15T14:50:48.327+0000] {logging_mixin.py:190} INFO - [2026-09-15T14:50:48.327+0000] {dagbag.py:588} INFO - Filling up the DagBag from /opt/airflow/dags/etl_sederhana_25_572885_PPA_07200.py
[2026-09-15T14:50:48.659+0000] {processor.py:925} INFO - DAG(s) 'etl_sederhana_25_572885_PPA_07200' retrieved from /opt/airflow/dags/etl_sederhana_25_572885_PPA_07200.py
[2026-09-15T14:50:48.683+0000] {logging_mixin.py:190} INFO - [2026-09-15T14:50:48.683+0000] {dag.py:3239} INFO - Sync 1 DAGs
[2026-09-15T14:50:48.709+0000] {logging_mixin.py:190} INFO - [2026-09-15T14:50:48.709+0000] {dag.py:4180} INFO - Setting next_dagrun for etl_sederhana_25_572885_PPA_07200 to 2026-09-15 00:00:00+00:00, run_after=2026-09-16 00:00:00+00:00
[2026-09-15T14:50:48.740+0000] {processor.py:208} INFO - Processing /opt/airflow/dags/etl_sederhana_25_572885_PPA_07200.py took 0.425 seconds
[2026-09-15T14:51:18.962+0000] {processor.py:186} INFO - Started process (PID=2376) to work on /opt/airflow/dags/etl_sederhana_25_572885_PPA_07200.py
[2026-09-15T14:51:18.966+0000] {processor.py:914} INFO - Processing file /opt/airflow/dags/etl_sederhana_25_572885_PPA_07200.py for tasks to queue
[2026-09-15T14:51:18.971+0000] {logging_mixin.py:190} INFO - [2026-09-15T14:51:18.971+0000] {dagbag.py:588} INFO - Filling up the DagBag from /opt/airflow/dags/etl_sederhana_25_572885_PPA_07200.py
[2026-09-15T14:51:19.301+0000] {processor.py:925} INFO - DAG(s) 'etl_sederhana_25_572885_PPA_07200' retrieved from /opt/airflow/dags/etl_sederhana_25_572885_PPA_07200.py
[2026-09-15T14:51:19.323+0000] {logging_mixin.py:190} INFO - [2026-09-15T14:51:19.323+0000] {dag.py:3239} INFO - Sync 1 DAGs
[2026-09-15T14:51:19.348+0000] {logging_mixin.py:190} INFO - [2026-09-15T14:51:19.347+0000] {dag.py:4180} INFO - Setting next_dagrun for etl_sederhana_25_572885_PPA_07200 to 2026-09-15 00:00:00+00:00, run_after=2026-09-16 00:00:00+00:00
[2026-09-15T14:51:19.380+0000] {processor.py:208} INFO - Processing /opt/airflow/dags/etl_sederhana_25_572885_PPA_07200.py took 0.425 seconds
[2026-09-15T14:51:49.583+0000] {processor.py:186} INFO - Started process (PID=2385) to work on /opt/airflow/dags/etl_sederhana_25_572885_PPA_07200.py
[2026-09-15T14:51:49.585+0000] {processor.py:914} INFO - Processing file /opt/airflow/dags/etl_sederhana_25_572885_PPA_07200.py for tasks to queue
[2026-09-15T14:51:49.588+0000] {logging_mixin.py:190} INFO - [2026-09-15T14:51:49.588+0000] {dagbag.py:588} INFO - Filling up the DagBag from /opt/airflow/dags/etl_sederhana_25_572885_PPA_07200.py
[2026-09-15T14:51:49.903+0000] {processor.py:925} INFO - DAG(s) 'etl_sederhana_25_572885_PPA_07200' retrieved from /opt/airflow/dags/etl_sederhana_25_572885_PPA_07200.py
[2026-09-15T14:51:49.927+0000] {logging_mixin.py:190} INFO - [2026-09-15T14:51:49.927+0000] {dag.py:3239} INFO - Sync 1 DAGs
[2026-09-15T14:51:49.951+0000] {logging_mixin.py:190} INFO - [2026-09-15T14:51:49.951+0000] {dag.py:4180} INFO - Setting next_dagrun for etl_sederhana_25_572885_PPA_07200 to 2026-09-15 00:00:00+00:00, run_after=2026-09-16 00:00:00+00:00
[2026-09-15T14:51:49.982+0000] {processor.py:208} INFO - Processing /opt/airflow/dags/etl_sederhana_25_572885_PPA_07200.py took 0.407 seconds
[2026-09-15T14:52:20.230+0000] {processor.py:186} INFO - Started process (PID=2394) to work on /opt/airflow/dags/etl_sederhana_25_572885_PPA_07200.py
[2026-09-15T14:52:20.232+0000] {processor.py:914} INFO - Processing file /opt/airflow/dags/etl_sederhana_25_572885_PPA_07200.py for tasks to queue
[2026-09-15T14:52:20.235+0000] {logging_mixin.py:190} INFO - [2026-09-15T14:52:20.235+0000] {dagbag.py:588} INFO - Filling up the DagBag from /opt/airflow/dags/etl_sederhana_25_572885_PPA_07200.py
[2026-09-15T14:52:20.554+0000] {processor.py:925} INFO - DAG(s) 'etl_sederhana_25_572885_PPA_07200' retrieved from /opt/airflow/dags/etl_sederhana_25_572885_PPA_07200.py
[2026-09-15T14:52:20.578+0000] {logging_mixin.py:190} INFO - [2026-09-15T14:52:20.578+0000] {dag.py:3239} INFO - Sync 1 DAGs
[2026-09-15T14:52:20.601+0000] {logging_mixin.py:190} INFO - [2026-09-15T14:52:20.601+0000] {dag.py:4180} INFO - Setting next_dagrun for etl_sederhana_25_572885_PPA_07200 to 2026-09-15 00:00:00+00:00, run_after=2026-09-16 00:00:00+00:00
[2026-09-15T14:52:20.634+0000] {processor.py:208} INFO - Processing /opt/airflow/dags/etl_sederhana_25_572885_PPA_07200.py took 0.411 seconds
[2026-09-15T14:52:50.843+0000] {processor.py:186} INFO - Started process (PID=2403) to work on /opt/airflow/dags/etl_sederhana_25_572885_PPA_07200.py
[2026-09-15T14:52:50.844+0000] {processor.py:914} INFO - Processing file /opt/airflow/dags/etl_sederhana_25_572885_PPA_07200.py for tasks to queue
[2026-09-15T14:52:50.849+0000] {logging_mixin.py:190} INFO - [2026-09-15T14:52:50.848+0000] {dagbag.py:588} INFO - Filling up the DagBag from /opt/airflow/dags/etl_sederhana_25_572885_PPA_07200.py
[2026-09-15T14:52:51.182+0000] {processor.py:925} INFO - DAG(s) 'etl_sederhana_25_572885_PPA_07200' retrieved from /opt/airflow/dags/etl_sederhana_25_572885_PPA_07200.py
[2026-09-15T14:52:51.205+0000] {logging_mixin.py:190} INFO - [2026-09-15T14:52:51.205+0000] {dag.py:3239} INFO - Sync 1 DAGs
[2026-09-15T14:52:51.227+0000] {logging_mixin.py:190} INFO - [2026-09-15T14:52:51.227+0000] {dag.py:4180} INFO - Setting next_dagrun for etl_sederhana_25_572885_PPA_07200 to 2026-09-15 00:00:00+00:00, run_after=2026-09-16 00:00:00+00:00
[2026-09-15T14:52:51.256+0000] {processor.py:208} INFO - Processing /opt/airflow/dags/etl_sederhana_25_572885_PPA_07200.py took 0.421 seconds
[2026-09-15T14:53:21.479+0000] {processor.py:186} INFO - Started process (PID=2412) to work on /opt/airflow/dags/etl_sederhana_25_572885_PPA_07200.py
[2026-09-15T14:53:21.481+0000] {processor.py:914} INFO - Processing file /opt/airflow/dags/etl_sederhana_25_572885_PPA_07200.py for tasks to queue
[2026-09-15T14:53:21.486+0000] {logging_mixin.py:190} INFO - [2026-09-15T14:53:21.485+0000] {dagbag.py:588} INFO - Filling up the DagBag from /opt/airflow/dags/etl_sederhana_25_572885_PPA_07200.py
[2026-09-15T14:53:21.825+0000] {processor.py:925} INFO - DAG(s) 'etl_sederhana_25_572885_PPA_07200' retrieved from /opt/airflow/dags/etl_sederhana_25_572885_PPA_07200.py
[2026-09-15T14:53:21.847+0000] {logging_mixin.py:190} INFO - [2026-09-15T14:53:21.846+0000] {dag.py:3239} INFO - Sync 1 DAGs
[2026-09-15T14:53:21.868+0000] {logging_mixin.py:190} INFO - [2026-09-15T14:53:21.868+0000] {dag.py:4180} INFO - Setting next_dagrun for etl_sederhana_25_572885_PPA_07200 to 2026-09-15 00:00:00+00:00, run_after=2026-09-16 00:00:00+00:00
[2026-09-15T14:53:21.897+0000] {processor.py:208} INFO - Processing /opt/airflow/dags/etl_sederhana_25_572885_PPA_07200.py took 0.426 seconds
[2026-09-15T14:53:52.108+0000] {processor.py:186} INFO - Started process (PID=2421) to work on /opt/airflow/dags/etl_sederhana_25_572885_PPA_07200.py
[2026-09-15T14:53:52.110+0000] {processor.py:914} INFO - Processing file /opt/airflow/dags/etl_sederhana_25_572885_PPA_07200.py for tasks to queue
[2026-09-15T14:53:52.114+0000] {logging_mixin.py:190} INFO - [2026-09-15T14:53:52.114+0000] {dagbag.py:588} INFO - Filling up the DagBag from /opt/airflow/dags/etl_sederhana_25_572885_PPA_07200.py
[2026-09-15T14:53:52.486+0000] {processor.py:925} INFO - DAG(s) 'etl_sederhana_25_572885_PPA_07200' retrieved from /opt/airflow/dags/etl_sederhana_25_572885_PPA_07200.py
[2026-09-15T14:53:52.509+0000] {logging_mixin.py:190} INFO - [2026-09-15T14:53:52.509+0000] {dag.py:3239} INFO - Sync 1 DAGs
[2026-09-15T14:53:52.535+0000] {logging_mixin.py:190} INFO - [2026-09-15T14:53:52.535+0000] {dag.py:4180} INFO - Setting next_dagrun for etl_sederhana_25_572885_PPA_07200 to 2026-09-15 00:00:00+00:00, run_after=2026-09-16 00:00:00+00:00
[2026-09-15T14:53:52.565+0000] {processor.py:208} INFO - Processing /opt/airflow/dags/etl_sederhana_25_572885_PPA_07200.py took 0.464 seconds
[2026-09-15T14:54:22.716+0000] {processor.py:186} INFO - Started process (PID=2430) to work on /opt/airflow/dags/etl_sederhana_25_572885_PPA_07200.py
[2026-09-15T14:54:22.718+0000] {processor.py:914} INFO - Processing file /opt/airflow/dags/etl_sederhana_25_572885_PPA_07200.py for tasks to queue
[2026-09-15T14:54:22.722+0000] {logging_mixin.py:190} INFO - [2026-09-15T14:54:22.721+0000] {dagbag.py:588} INFO - Filling up the DagBag from /opt/airflow/dags/etl_sederhana_25_572885_PPA_07200.py
[2026-09-15T14:54:23.055+0000] {processor.py:925} INFO - DAG(s) 'etl_sederhana_25_572885_PPA_07200' retrieved from /opt/airflow/dags/etl_sederhana_25_572885_PPA_07200.py
[2026-09-15T14:54:23.082+0000] {logging_mixin.py:190} INFO - [2026-09-15T14:54:23.081+0000] {dag.py:3239} INFO - Sync 1 DAGs
[2026-09-15T14:54:23.108+0000] {logging_mixin.py:190} INFO - [2026-09-15T14:54:23.108+0000] {dag.py:4180} INFO - Setting next_dagrun for etl_sederhana_25_572885_PPA_07200 to 2026-09-15 00:00:00+00:00, run_after=2026-09-16 00:00:00+00:00
[2026-09-15T14:54:23.148+0000] {processor.py:208} INFO - Processing /opt/airflow/dags/etl_sederhana_25_572885_PPA_07200.py took 0.438 seconds
[2026-09-15T14:54:53.464+0000] {processor.py:186} INFO - Started process (PID=2439) to work on /opt/airflow/dags/etl_sederhana_25_572885_PPA_07200.py
[2026-09-15T14:54:53.469+0000] {processor.py:914} INFO - Processing file /opt/airflow/dags/etl_sederhana_25_572885_PPA_07200.py for tasks to queue
[2026-09-15T14:54:53.478+0000] {logging_mixin.py:190} INFO - [2026-09-15T14:54:53.477+0000] {dagbag.py:588} INFO - Filling up the DagBag from /opt/airflow/dags/etl_sederhana_25_572885_PPA_07200.py
[2026-09-15T14:54:54.295+0000] {processor.py:925} INFO - DAG(s) 'etl_sederhana_25_572885_PPA_07200' retrieved from /opt/airflow/dags/etl_sederhana_25_572885_PPA_07200.py
[2026-09-15T14:54:54.328+0000] {logging_mixin.py:190} INFO - [2026-09-15T14:54:54.328+0000] {dag.py:3239} INFO - Sync 1 DAGs
[2026-09-15T14:54:54.383+0000] {logging_mixin.py:190} INFO - [2026-09-15T14:54:54.383+0000] {dag.py:4180} INFO - Setting next_dagrun for etl_sederhana_25_572885_PPA_07200 to 2026-09-15 00:00:00+00:00, run_after=2026-09-16 00:00:00+00:00
[2026-09-15T14:54:54.436+0000] {processor.py:208} INFO - Processing /opt/airflow/dags/etl_sederhana_25_572885_PPA_07200.py took 0.984 seconds
[2026-09-15T14:55:24.726+0000] {processor.py:186} INFO - Started process (PID=2448) to work on /opt/airflow/dags/etl_sederhana_25_572885_PPA_07200.py
[2026-09-15T14:55:24.728+0000] {processor.py:914} INFO - Processing file /opt/airflow/dags/etl_sederhana_25_572885_PPA_07200.py for tasks to queue
[2026-09-15T14:55:24.733+0000] {logging_mixin.py:190} INFO - [2026-09-15T14:55:24.732+0000] {dagbag.py:588} INFO - Filling up the DagBag from /opt/airflow/dags/etl_sederhana_25_572885_PPA_07200.py
[2026-09-15T14:55:25.154+0000] {processor.py:925} INFO - DAG(s) 'etl_sederhana_25_572885_PPA_07200' retrieved from /opt/airflow/dags/etl_sederhana_25_572885_PPA_07200.py
[2026-09-15T14:55:25.188+0000] {logging_mixin.py:190} INFO - [2026-09-15T14:55:25.187+0000] {dag.py:3239} INFO - Sync 1 DAGs
[2026-09-15T14:55:25.217+0000] {logging_mixin.py:190} INFO - [2026-09-15T14:55:25.217+0000] {dag.py:4180} INFO - Setting next_dagrun for etl_sederhana_25_572885_PPA_07200 to 2026-09-15 00:00:00+00:00, run_after=2026-09-16 00:00:00+00:00
[2026-09-15T14:55:25.261+0000] {processor.py:208} INFO - Processing /opt/airflow/dags/etl_sederhana_25_572885_PPA_07200.py took 0.543 seconds
[2026-09-15T14:55:55.465+0000] {processor.py:186} INFO - Started process (PID=2457) to work on /opt/airflow/dags/etl_sederhana_25_572885_PPA_07200.py
[2026-09-15T14:55:55.468+0000] {processor.py:914} INFO - Processing file /opt/airflow/dags/etl_sederhana_25_572885_PPA_07200.py for tasks to queue
[2026-09-15T14:55:55.472+0000] {logging_mixin.py:190} INFO - [2026-09-15T14:55:55.471+0000] {dagbag.py:588} INFO - Filling up the DagBag from /opt/airflow/dags/etl_sederhana_25_572885_PPA_07200.py
[2026-09-15T14:55:55.969+0000] {processor.py:925} INFO - DAG(s) 'etl_sederhana_25_572885_PPA_07200' retrieved from /opt/airflow/dags/etl_sederhana_25_572885_PPA_07200.py
[2026-09-15T14:55:56.029+0000] {logging_mixin.py:190} INFO - [2026-09-15T14:55:56.028+0000] {dag.py:3239} INFO - Sync 1 DAGs
[2026-09-15T14:55:56.106+0000] {logging_mixin.py:190} INFO - [2026-09-15T14:55:56.106+0000] {dag.py:4180} INFO - Setting next_dagrun for etl_sederhana_25_572885_PPA_07200 to 2026-09-15 00:00:00+00:00, run_after=2026-09-16 00:00:00+00:00
[2026-09-15T14:55:56.211+0000] {processor.py:208} INFO - Processing /opt/airflow/dags/etl_sederhana_25_572885_PPA_07200.py took 0.753 seconds
[2026-09-15T14:56:26.422+0000] {processor.py:186} INFO - Started process (PID=2466) to work on /opt/airflow/dags/etl_sederhana_25_572885_PPA_07200.py
[2026-09-15T14:56:26.426+0000] {processor.py:914} INFO - Processing file /opt/airflow/dags/etl_sederhana_25_572885_PPA_07200.py for tasks to queue
[2026-09-15T14:56:26.432+0000] {logging_mixin.py:190} INFO - [2026-09-15T14:56:26.431+0000] {dagbag.py:588} INFO - Filling up the DagBag from /opt/airflow/dags/etl_sederhana_25_572885_PPA_07200.py
[2026-09-15T14:56:26.947+0000] {processor.py:925} INFO - DAG(s) 'etl_sederhana_25_572885_PPA_07200' retrieved from /opt/airflow/dags/etl_sederhana_25_572885_PPA_07200.py
[2026-09-15T14:56:26.976+0000] {logging_mixin.py:190} INFO - [2026-09-15T14:56:26.975+0000] {dag.py:3239} INFO - Sync 1 DAGs
[2026-09-15T14:56:27.004+0000] {logging_mixin.py:190} INFO - [2026-09-15T14:56:27.003+0000] {dag.py:4180} INFO - Setting next_dagrun for etl_sederhana_25_572885_PPA_07200 to 2026-09-15 00:00:00+00:00, run_after=2026-09-16 00:00:00+00:00
[2026-09-15T14:56:27.043+0000] {processor.py:208} INFO - Processing /opt/airflow/dags/etl_sederhana_25_572885_PPA_07200.py took 0.633 seconds
[2026-09-15T14:56:57.362+0000] {processor.py:186} INFO - Started process (PID=2482) to work on /opt/airflow/dags/etl_sederhana_25_572885_PPA_07200.py
[2026-09-15T14:56:57.364+0000] {processor.py:914} INFO - Processing file /opt/airflow/dags/etl_sederhana_25_572885_PPA_07200.py for tasks to queue
[2026-09-15T14:56:57.368+0000] {logging_mixin.py:190} INFO - [2026-09-15T14:56:57.368+0000] {dagbag.py:588} INFO - Filling up the DagBag from /opt/airflow/dags/etl_sederhana_25_572885_PPA_07200.py
[2026-09-15T14:56:57.699+0000] {processor.py:925} INFO - DAG(s) 'etl_sederhana_25_572885_PPA_07200' retrieved from /opt/airflow/dags/etl_sederhana_25_572885_PPA_07200.py
[2026-09-15T14:56:57.722+0000] {logging_mixin.py:190} INFO - [2026-09-15T14:56:57.721+0000] {dag.py:3239} INFO - Sync 1 DAGs
[2026-09-15T14:56:57.747+0000] {logging_mixin.py:190} INFO - [2026-09-15T14:56:57.747+0000] {dag.py:4180} INFO - Setting next_dagrun for etl_sederhana_25_572885_PPA_07200 to 2026-09-15 00:00:00+00:00, run_after=2026-09-16 00:00:00+00:00
[2026-09-15T14:56:57.784+0000] {processor.py:208} INFO - Processing /opt/airflow/dags/etl_sederhana_25_572885_PPA_07200.py took 0.428 seconds
[2026-09-15T14:57:28.370+0000] {processor.py:186} INFO - Started process (PID=2491) to work on /opt/airflow/dags/etl_sederhana_25_572885_PPA_07200.py
[2026-09-15T14:57:28.375+0000] {processor.py:914} INFO - Processing file /opt/airflow/dags/etl_sederhana_25_572885_PPA_07200.py for tasks to queue
[2026-09-15T14:57:28.424+0000] {logging_mixin.py:190} INFO - [2026-09-15T14:57:28.423+0000] {dagbag.py:588} INFO - Filling up the DagBag from /opt/airflow/dags/etl_sederhana_25_572885_PPA_07200.py
[2026-09-15T14:57:29.337+0000] {processor.py:925} INFO - DAG(s) 'etl_sederhana_25_572885_PPA_07200' retrieved from /opt/airflow/dags/etl_sederhana_25_572885_PPA_07200.py
[2026-09-15T14:57:29.370+0000] {logging_mixin.py:190} INFO - [2026-09-15T14:57:29.370+0000] {dag.py:3239} INFO - Sync 1 DAGs
[2026-09-15T14:57:29.402+0000] {logging_mixin.py:190} INFO - [2026-09-15T14:57:29.402+0000] {dag.py:4180} INFO - Setting next_dagrun for etl_sederhana_25_572885_PPA_07200 to 2026-09-15 00:00:00+00:00, run_after=2026-09-16 00:00:00+00:00
[2026-09-15T14:57:29.438+0000] {processor.py:208} INFO - Processing /opt/airflow/dags/etl_sederhana_25_572885_PPA_07200.py took 1.077 seconds
[2026-09-15T14:57:59.694+0000] {processor.py:186} INFO - Started process (PID=2500) to work on /opt/airflow/dags/etl_sederhana_25_572885_PPA_07200.py
[2026-09-15T14:57:59.697+0000] {processor.py:914} INFO - Processing file /opt/airflow/dags/etl_sederhana_25_572885_PPA_07200.py for tasks to queue
[2026-09-15T14:57:59.702+0000] {logging_mixin.py:190} INFO - [2026-09-15T14:57:59.701+0000] {dagbag.py:588} INFO - Filling up the DagBag from /opt/airflow/dags/etl_sederhana_25_572885_PPA_07200.py
[2026-09-15T14:58:00.059+0000] {processor.py:925} INFO - DAG(s) 'etl_sederhana_25_572885_PPA_07200' retrieved from /opt/airflow/dags/etl_sederhana_25_572885_PPA_07200.py
[2026-09-15T14:58:00.086+0000] {logging_mixin.py:190} INFO - [2026-09-15T14:58:00.086+0000] {dag.py:3239} INFO - Sync 1 DAGs
[2026-09-15T14:58:00.111+0000] {logging_mixin.py:190} INFO - [2026-09-15T14:58:00.111+0000] {dag.py:4180} INFO - Setting next_dagrun for etl_sederhana_25_572885_PPA_07200 to 2026-09-15 00:00:00+00:00, run_after=2026-09-16 00:00:00+00:00
[2026-09-15T14:58:00.144+0000] {processor.py:208} INFO - Processing /opt/airflow/dags/etl_sederhana_25_572885_PPA_07200.py took 0.457 seconds
[2026-09-15T14:58:30.707+0000] {processor.py:186} INFO - Started process (PID=2509) to work on /opt/airflow/dags/etl_sederhana_25_572885_PPA_07200.py
[2026-09-15T14:58:30.710+0000] {processor.py:914} INFO - Processing file /opt/airflow/dags/etl_sederhana_25_572885_PPA_07200.py for tasks to queue
[2026-09-15T14:58:30.716+0000] {logging_mixin.py:190} INFO - [2026-09-15T14:58:30.715+0000] {dagbag.py:588} INFO - Filling up the DagBag from /opt/airflow/dags/etl_sederhana_25_572885_PPA_07200.py
[2026-09-15T14:58:31.447+0000] {processor.py:925} INFO - DAG(s) 'etl_sederhana_25_572885_PPA_07200' retrieved from /opt/airflow/dags/etl_sederhana_25_572885_PPA_07200.py
[2026-09-15T14:58:31.524+0000] {logging_mixin.py:190} INFO - [2026-09-15T14:58:31.523+0000] {dag.py:3239} INFO - Sync 1 DAGs
[2026-09-15T14:58:31.565+0000] {logging_mixin.py:190} INFO - [2026-09-15T14:58:31.565+0000] {dag.py:4180} INFO - Setting next_dagrun for etl_sederhana_25_572885_PPA_07200 to 2026-09-15 00:00:00+00:00, run_after=2026-09-16 00:00:00+00:00
[2026-09-15T14:58:31.605+0000] {processor.py:208} INFO - Processing /opt/airflow/dags/etl_sederhana_25_572885_PPA_07200.py took 0.908 seconds
[2026-09-15T14:59:02.660+0000] {processor.py:186} INFO - Started process (PID=2518) to work on /opt/airflow/dags/etl_sederhana_25_572885_PPA_07200.py
[2026-09-15T14:59:02.676+0000] {processor.py:914} INFO - Processing file /opt/airflow/dags/etl_sederhana_25_572885_PPA_07200.py for tasks to queue
[2026-09-15T14:59:02.690+0000] {logging_mixin.py:190} INFO - [2026-09-15T14:59:02.689+0000] {dagbag.py:588} INFO - Filling up the DagBag from /opt/airflow/dags/etl_sederhana_25_572885_PPA_07200.py
[2026-09-15T14:59:03.669+0000] {logging_mixin.py:190} INFO - [2026-09-15T14:59:03.649+0000] {dagbag.py:387} ERROR - Failed to import: /opt/airflow/dags/etl_sederhana_25_572885_PPA_07200.py
Traceback (most recent call last):
  File "/home/airflow/.local/lib/python3.12/site-packages/airflow/models/dagbag.py", line 383, in parse
    loader.exec_module(new_module)
  File "<frozen importlib._bootstrap_external>", line 999, in exec_module
  File "<frozen importlib._bootstrap>", line 488, in _call_with_frames_removed
  File "/opt/airflow/dags/etl_sederhana_25_572885_PPA_07200.py", line 14, in <module>
    import matplotlib
ModuleNotFoundError: No module named 'matplotlib'
[2026-09-15T14:59:03.754+0000] {processor.py:927} WARNING - No viable dags retrieved from /opt/airflow/dags/etl_sederhana_25_572885_PPA_07200.py
[2026-09-15T14:59:03.808+0000] {processor.py:208} INFO - Processing /opt/airflow/dags/etl_sederhana_25_572885_PPA_07200.py took 1.155 seconds
[2026-09-15T14:59:34.472+0000] {processor.py:186} INFO - Started process (PID=2526) to work on /opt/airflow/dags/etl_sederhana_25_572885_PPA_07200.py
[2026-09-15T14:59:34.525+0000] {processor.py:914} INFO - Processing file /opt/airflow/dags/etl_sederhana_25_572885_PPA_07200.py for tasks to queue
[2026-09-15T14:59:34.564+0000] {logging_mixin.py:190} INFO - [2026-09-15T14:59:34.563+0000] {dagbag.py:588} INFO - Filling up the DagBag from /opt/airflow/dags/etl_sederhana_25_572885_PPA_07200.py
[2026-09-15T14:59:34.810+0000] {logging_mixin.py:190} INFO - [2026-09-15T14:59:34.708+0000] {dagbag.py:387} ERROR - Failed to import: /opt/airflow/dags/etl_sederhana_25_572885_PPA_07200.py
Traceback (most recent call last):
  File "/home/airflow/.local/lib/python3.12/site-packages/airflow/models/dagbag.py", line 383, in parse
    loader.exec_module(new_module)
  File "<frozen importlib._bootstrap_external>", line 999, in exec_module
  File "<frozen importlib._bootstrap>", line 488, in _call_with_frames_removed
  File "/opt/airflow/dags/etl_sederhana_25_572885_PPA_07200.py", line 14, in <module>
    import matplotlib
ModuleNotFoundError: No module named 'matplotlib'
[2026-09-15T14:59:34.825+0000] {processor.py:927} WARNING - No viable dags retrieved from /opt/airflow/dags/etl_sederhana_25_572885_PPA_07200.py
[2026-09-15T14:59:34.903+0000] {processor.py:208} INFO - Processing /opt/airflow/dags/etl_sederhana_25_572885_PPA_07200.py took 0.439 seconds
[2026-09-15T15:00:05.602+0000] {processor.py:186} INFO - Started process (PID=2534) to work on /opt/airflow/dags/etl_sederhana_25_572885_PPA_07200.py
[2026-09-15T15:00:05.606+0000] {processor.py:914} INFO - Processing file /opt/airflow/dags/etl_sederhana_25_572885_PPA_07200.py for tasks to queue
[2026-09-15T15:00:05.631+0000] {logging_mixin.py:190} INFO - [2026-09-15T15:00:05.630+0000] {dagbag.py:588} INFO - Filling up the DagBag from /opt/airflow/dags/etl_sederhana_25_572885_PPA_07200.py
[2026-09-15T15:00:05.860+0000] {logging_mixin.py:190} INFO - [2026-09-15T15:00:05.838+0000] {dagbag.py:387} ERROR - Failed to import: /opt/airflow/dags/etl_sederhana_25_572885_PPA_07200.py
Traceback (most recent call last):
  File "/home/airflow/.local/lib/python3.12/site-packages/airflow/models/dagbag.py", line 383, in parse
    loader.exec_module(new_module)
  File "<frozen importlib._bootstrap_external>", line 999, in exec_module
  File "<frozen importlib._bootstrap>", line 488, in _call_with_frames_removed
  File "/opt/airflow/dags/etl_sederhana_25_572885_PPA_07200.py", line 14, in <module>
    import matplotlib
ModuleNotFoundError: No module named 'matplotlib'
[2026-09-15T15:00:05.869+0000] {processor.py:927} WARNING - No viable dags retrieved from /opt/airflow/dags/etl_sederhana_25_572885_PPA_07200.py
[2026-09-15T15:00:05.902+0000] {processor.py:208} INFO - Processing /opt/airflow/dags/etl_sederhana_25_572885_PPA_07200.py took 0.315 seconds
[2026-09-15T15:00:36.171+0000] {processor.py:186} INFO - Started process (PID=2542) to work on /opt/airflow/dags/etl_sederhana_25_572885_PPA_07200.py
[2026-09-15T15:00:36.174+0000] {processor.py:914} INFO - Processing file /opt/airflow/dags/etl_sederhana_25_572885_PPA_07200.py for tasks to queue
[2026-09-15T15:00:36.177+0000] {logging_mixin.py:190} INFO - [2026-09-15T15:00:36.177+0000] {dagbag.py:588} INFO - Filling up the DagBag from /opt/airflow/dags/etl_sederhana_25_572885_PPA_07200.py
[2026-09-15T15:00:36.321+0000] {logging_mixin.py:190} INFO - [2026-09-15T15:00:36.312+0000] {dagbag.py:387} ERROR - Failed to import: /opt/airflow/dags/etl_sederhana_25_572885_PPA_07200.py
Traceback (most recent call last):
  File "/home/airflow/.local/lib/python3.12/site-packages/airflow/models/dagbag.py", line 383, in parse
    loader.exec_module(new_module)
  File "<frozen importlib._bootstrap_external>", line 999, in exec_module
  File "<frozen importlib._bootstrap>", line 488, in _call_with_frames_removed
  File "/opt/airflow/dags/etl_sederhana_25_572885_PPA_07200.py", line 14, in <module>
    import matplotlib
ModuleNotFoundError: No module named 'matplotlib'
[2026-09-15T15:00:36.328+0000] {processor.py:927} WARNING - No viable dags retrieved from /opt/airflow/dags/etl_sederhana_25_572885_PPA_07200.py
[2026-09-15T15:00:36.361+0000] {processor.py:208} INFO - Processing /opt/airflow/dags/etl_sederhana_25_572885_PPA_07200.py took 0.198 seconds
[2026-09-15T15:01:06.620+0000] {processor.py:186} INFO - Started process (PID=2551) to work on /opt/airflow/dags/etl_sederhana_25_572885_PPA_07200.py
[2026-09-15T15:01:06.623+0000] {processor.py:914} INFO - Processing file /opt/airflow/dags/etl_sederhana_25_572885_PPA_07200.py for tasks to queue
[2026-09-15T15:01:06.625+0000] {logging_mixin.py:190} INFO - [2026-09-15T15:01:06.625+0000] {dagbag.py:588} INFO - Filling up the DagBag from /opt/airflow/dags/etl_sederhana_25_572885_PPA_07200.py
[2026-09-15T15:01:06.664+0000] {logging_mixin.py:190} INFO - [2026-09-15T15:01:06.656+0000] {dagbag.py:387} ERROR - Failed to import: /opt/airflow/dags/etl_sederhana_25_572885_PPA_07200.py
Traceback (most recent call last):
  File "/home/airflow/.local/lib/python3.12/site-packages/airflow/models/dagbag.py", line 383, in parse
    loader.exec_module(new_module)
  File "<frozen importlib._bootstrap_external>", line 999, in exec_module
  File "<frozen importlib._bootstrap>", line 488, in _call_with_frames_removed
  File "/opt/airflow/dags/etl_sederhana_25_572885_PPA_07200.py", line 14, in <module>
    import matplotlib
ModuleNotFoundError: No module named 'matplotlib'
[2026-09-15T15:01:06.672+0000] {processor.py:927} WARNING - No viable dags retrieved from /opt/airflow/dags/etl_sederhana_25_572885_PPA_07200.py
[2026-09-15T15:01:06.706+0000] {processor.py:208} INFO - Processing /opt/airflow/dags/etl_sederhana_25_572885_PPA_07200.py took 0.093 seconds
[2026-09-15T15:01:36.972+0000] {processor.py:186} INFO - Started process (PID=2559) to work on /opt/airflow/dags/etl_sederhana_25_572885_PPA_07200.py
[2026-09-15T15:01:36.979+0000] {processor.py:914} INFO - Processing file /opt/airflow/dags/etl_sederhana_25_572885_PPA_07200.py for tasks to queue
[2026-09-15T15:01:36.984+0000] {logging_mixin.py:190} INFO - [2026-09-15T15:01:36.984+0000] {dagbag.py:588} INFO - Filling up the DagBag from /opt/airflow/dags/etl_sederhana_25_572885_PPA_07200.py
[2026-09-15T15:01:37.011+0000] {logging_mixin.py:190} INFO - [2026-09-15T15:01:37.006+0000] {dagbag.py:387} ERROR - Failed to import: /opt/airflow/dags/etl_sederhana_25_572885_PPA_07200.py
Traceback (most recent call last):
  File "/home/airflow/.local/lib/python3.12/site-packages/airflow/models/dagbag.py", line 383, in parse
    loader.exec_module(new_module)
  File "<frozen importlib._bootstrap_external>", line 999, in exec_module
  File "<frozen importlib._bootstrap>", line 488, in _call_with_frames_removed
  File "/opt/airflow/dags/etl_sederhana_25_572885_PPA_07200.py", line 14, in <module>
    import matplotlib
ModuleNotFoundError: No module named 'matplotlib'
[2026-09-15T15:01:37.013+0000] {processor.py:927} WARNING - No viable dags retrieved from /opt/airflow/dags/etl_sederhana_25_572885_PPA_07200.py
[2026-09-15T15:01:37.041+0000] {processor.py:208} INFO - Processing /opt/airflow/dags/etl_sederhana_25_572885_PPA_07200.py took 0.077 seconds
[2026-09-15T15:03:33.523+0000] {processor.py:186} INFO - Started process (PID=130) to work on /opt/airflow/dags/etl_sederhana_25_572885_PPA_07200.py
[2026-09-15T15:03:33.537+0000] {processor.py:914} INFO - Processing file /opt/airflow/dags/etl_sederhana_25_572885_PPA_07200.py for tasks to queue
[2026-09-15T15:03:33.554+0000] {logging_mixin.py:190} INFO - [2026-09-15T15:03:33.553+0000] {dagbag.py:588} INFO - Filling up the DagBag from /opt/airflow/dags/etl_sederhana_25_572885_PPA_07200.py
[2026-09-15T15:03:34.802+0000] {logging_mixin.py:190} INFO - [2026-09-15T15:03:34.802+0000] {font_manager.py:1848} INFO - generated new fontManager
[2026-09-15T15:03:40.880+0000] {processor.py:925} INFO - DAG(s) 'etl_sederhana_25_572885_PPA_07200' retrieved from /opt/airflow/dags/etl_sederhana_25_572885_PPA_07200.py
[2026-09-15T15:03:41.224+0000] {logging_mixin.py:190} INFO - [2026-09-15T15:03:41.220+0000] {override.py:1912} INFO - Created Permission View: can read on DAG:etl_sederhana_25_572885_PPA_07200
[2026-09-15T15:03:41.269+0000] {logging_mixin.py:190} INFO - [2026-09-15T15:03:41.268+0000] {override.py:1912} INFO - Created Permission View: can delete on DAG:etl_sederhana_25_572885_PPA_07200
[2026-09-15T15:03:41.312+0000] {logging_mixin.py:190} INFO - [2026-09-15T15:03:41.310+0000] {override.py:1912} INFO - Created Permission View: can edit on DAG:etl_sederhana_25_572885_PPA_07200
[2026-09-15T15:03:41.375+0000] {logging_mixin.py:190} INFO - [2026-09-15T15:03:41.374+0000] {override.py:1912} INFO - Created Permission View: menu access on DAG Run:etl_sederhana_25_572885_PPA_07200
[2026-09-15T15:03:41.401+0000] {logging_mixin.py:190} INFO - [2026-09-15T15:03:41.400+0000] {override.py:1912} INFO - Created Permission View: can read on DAG Run:etl_sederhana_25_572885_PPA_07200
[2026-09-15T15:03:41.459+0000] {logging_mixin.py:190} INFO - [2026-09-15T15:03:41.458+0000] {override.py:1912} INFO - Created Permission View: can delete on DAG Run:etl_sederhana_25_572885_PPA_07200
[2026-09-15T15:03:41.502+0000] {logging_mixin.py:190} INFO - [2026-09-15T15:03:41.501+0000] {override.py:1912} INFO - Created Permission View: can create on DAG Run:etl_sederhana_25_572885_PPA_07200
[2026-09-15T15:03:41.508+0000] {logging_mixin.py:190} INFO - [2026-09-15T15:03:41.507+0000] {dag.py:3239} INFO - Sync 1 DAGs
[2026-09-15T15:03:41.554+0000] {logging_mixin.py:190} INFO - [2026-09-15T15:03:41.553+0000] {dag.py:3262} INFO - Creating ORM DAG for etl_sederhana_25_572885_PPA_07200
[2026-09-15T15:03:41.588+0000] {logging_mixin.py:190} INFO - [2026-09-15T15:03:41.588+0000] {dag.py:4180} INFO - Setting next_dagrun for etl_sederhana_25_572885_PPA_07200 to 2026-09-14 00:00:00+00:00, run_after=2026-09-15 00:00:00+00:00
[2026-09-15T15:03:41.703+0000] {processor.py:208} INFO - Processing /opt/airflow/dags/etl_sederhana_25_572885_PPA_07200.py took 8.207 seconds
[2026-09-15T15:04:12.836+0000] {processor.py:186} INFO - Started process (PID=208) to work on /opt/airflow/dags/etl_sederhana_25_572885_PPA_07200.py
[2026-09-15T15:04:12.904+0000] {processor.py:914} INFO - Processing file /opt/airflow/dags/etl_sederhana_25_572885_PPA_07200.py for tasks to queue
[2026-09-15T15:04:12.926+0000] {logging_mixin.py:190} INFO - [2026-09-15T15:04:12.925+0000] {dagbag.py:588} INFO - Filling up the DagBag from /opt/airflow/dags/etl_sederhana_25_572885_PPA_07200.py
[2026-09-15T15:04:17.546+0000] {processor.py:925} INFO - DAG(s) 'etl_sederhana_25_572885_PPA_07200' retrieved from /opt/airflow/dags/etl_sederhana_25_572885_PPA_07200.py
[2026-09-15T15:04:17.634+0000] {logging_mixin.py:190} INFO - [2026-09-15T15:04:17.633+0000] {dag.py:3239} INFO - Sync 1 DAGs
[2026-09-15T15:04:17.714+0000] {logging_mixin.py:190} INFO - [2026-09-15T15:04:17.714+0000] {dag.py:4180} INFO - Setting next_dagrun for etl_sederhana_25_572885_PPA_07200 to 2026-09-14 00:00:00+00:00, run_after=2026-09-15 00:00:00+00:00
[2026-09-15T15:04:17.772+0000] {processor.py:208} INFO - Processing /opt/airflow/dags/etl_sederhana_25_572885_PPA_07200.py took 4.950 seconds
[2026-09-15T15:04:49.807+0000] {processor.py:186} INFO - Started process (PID=242) to work on /opt/airflow/dags/etl_sederhana_25_572885_PPA_07200.py
[2026-09-15T15:04:49.896+0000] {processor.py:914} INFO - Processing file /opt/airflow/dags/etl_sederhana_25_572885_PPA_07200.py for tasks to queue
[2026-09-15T15:04:50.029+0000] {logging_mixin.py:190} INFO - [2026-09-15T15:04:50.017+0000] {dagbag.py:588} INFO - Filling up the DagBag from /opt/airflow/dags/etl_sederhana_25_572885_PPA_07200.py
[2026-09-15T15:04:58.398+0000] {processor.py:925} INFO - DAG(s) 'etl_sederhana_25_572885_PPA_07200' retrieved from /opt/airflow/dags/etl_sederhana_25_572885_PPA_07200.py
[2026-09-15T15:04:58.502+0000] {logging_mixin.py:190} INFO - [2026-09-15T15:04:58.501+0000] {dag.py:3239} INFO - Sync 1 DAGs
[2026-09-15T15:04:58.589+0000] {logging_mixin.py:190} INFO - [2026-09-15T15:04:58.588+0000] {dag.py:4180} INFO - Setting next_dagrun for etl_sederhana_25_572885_PPA_07200 to 2026-09-14 00:00:00+00:00, run_after=2026-09-15 00:00:00+00:00
[2026-09-15T15:04:58.691+0000] {processor.py:208} INFO - Processing /opt/airflow/dags/etl_sederhana_25_572885_PPA_07200.py took 8.942 seconds
[2026-09-15T15:05:57.795+0000] {processor.py:186} INFO - Started process (PID=362) to work on /opt/airflow/dags/etl_sederhana_25_572885_PPA_07200.py
[2026-09-15T15:05:57.802+0000] {processor.py:914} INFO - Processing file /opt/airflow/dags/etl_sederhana_25_572885_PPA_07200.py for tasks to queue
[2026-09-15T15:05:57.810+0000] {logging_mixin.py:190} INFO - [2026-09-15T15:05:57.809+0000] {dagbag.py:588} INFO - Filling up the DagBag from /opt/airflow/dags/etl_sederhana_25_572885_PPA_07200.py
[2026-09-15T15:05:59.243+0000] {processor.py:925} INFO - DAG(s) 'etl_sederhana_25_572885_PPA_07200' retrieved from /opt/airflow/dags/etl_sederhana_25_572885_PPA_07200.py
[2026-09-15T15:05:59.277+0000] {logging_mixin.py:190} INFO - [2026-09-15T15:05:59.276+0000] {dag.py:3239} INFO - Sync 1 DAGs
[2026-09-15T15:05:59.310+0000] {logging_mixin.py:190} INFO - [2026-09-15T15:05:59.309+0000] {dag.py:4180} INFO - Setting next_dagrun for etl_sederhana_25_572885_PPA_07200 to 2026-09-15 00:00:00+00:00, run_after=2026-09-16 00:00:00+00:00
[2026-09-15T15:05:59.359+0000] {processor.py:208} INFO - Processing /opt/airflow/dags/etl_sederhana_25_572885_PPA_07200.py took 1.574 seconds
[2026-09-15T15:06:29.523+0000] {processor.py:186} INFO - Started process (PID=505) to work on /opt/airflow/dags/etl_sederhana_25_572885_PPA_07200.py
[2026-09-15T15:06:29.527+0000] {processor.py:914} INFO - Processing file /opt/airflow/dags/etl_sederhana_25_572885_PPA_07200.py for tasks to queue
[2026-09-15T15:06:29.532+0000] {logging_mixin.py:190} INFO - [2026-09-15T15:06:29.532+0000] {dagbag.py:588} INFO - Filling up the DagBag from /opt/airflow/dags/etl_sederhana_25_572885_PPA_07200.py
[2026-09-15T15:06:30.418+0000] {processor.py:925} INFO - DAG(s) 'etl_sederhana_25_572885_PPA_07200' retrieved from /opt/airflow/dags/etl_sederhana_25_572885_PPA_07200.py
[2026-09-15T15:06:30.437+0000] {logging_mixin.py:190} INFO - [2026-09-15T15:06:30.437+0000] {dag.py:3239} INFO - Sync 1 DAGs
[2026-09-15T15:06:30.459+0000] {logging_mixin.py:190} INFO - [2026-09-15T15:06:30.459+0000] {dag.py:4180} INFO - Setting next_dagrun for etl_sederhana_25_572885_PPA_07200 to 2026-09-15 00:00:00+00:00, run_after=2026-09-16 00:00:00+00:00
[2026-09-15T15:06:30.485+0000] {processor.py:208} INFO - Processing /opt/airflow/dags/etl_sederhana_25_572885_PPA_07200.py took 0.971 seconds
[2026-09-15T15:07:00.794+0000] {processor.py:186} INFO - Started process (PID=514) to work on /opt/airflow/dags/etl_sederhana_25_572885_PPA_07200.py
[2026-09-15T15:07:00.797+0000] {processor.py:914} INFO - Processing file /opt/airflow/dags/etl_sederhana_25_572885_PPA_07200.py for tasks to queue
[2026-09-15T15:07:00.806+0000] {logging_mixin.py:190} INFO - [2026-09-15T15:07:00.805+0000] {dagbag.py:588} INFO - Filling up the DagBag from /opt/airflow/dags/etl_sederhana_25_572885_PPA_07200.py
[2026-09-15T15:07:01.479+0000] {processor.py:925} INFO - DAG(s) 'etl_sederhana_25_572885_PPA_07200' retrieved from /opt/airflow/dags/etl_sederhana_25_572885_PPA_07200.py
[2026-09-15T15:07:01.493+0000] {logging_mixin.py:190} INFO - [2026-09-15T15:07:01.492+0000] {dag.py:3239} INFO - Sync 1 DAGs
[2026-09-15T15:07:01.514+0000] {logging_mixin.py:190} INFO - [2026-09-15T15:07:01.513+0000] {dag.py:4180} INFO - Setting next_dagrun for etl_sederhana_25_572885_PPA_07200 to 2026-09-15 00:00:00+00:00, run_after=2026-09-16 00:00:00+00:00
[2026-09-15T15:07:01.533+0000] {processor.py:208} INFO - Processing /opt/airflow/dags/etl_sederhana_25_572885_PPA_07200.py took 0.752 seconds
[2026-09-15T15:07:31.779+0000] {processor.py:186} INFO - Started process (PID=523) to work on /opt/airflow/dags/etl_sederhana_25_572885_PPA_07200.py
[2026-09-15T15:07:31.782+0000] {processor.py:914} INFO - Processing file /opt/airflow/dags/etl_sederhana_25_572885_PPA_07200.py for tasks to queue
[2026-09-15T15:07:31.786+0000] {logging_mixin.py:190} INFO - [2026-09-15T15:07:31.785+0000] {dagbag.py:588} INFO - Filling up the DagBag from /opt/airflow/dags/etl_sederhana_25_572885_PPA_07200.py
[2026-09-15T15:07:32.364+0000] {processor.py:925} INFO - DAG(s) 'etl_sederhana_25_572885_PPA_07200' retrieved from /opt/airflow/dags/etl_sederhana_25_572885_PPA_07200.py
[2026-09-15T15:07:32.378+0000] {logging_mixin.py:190} INFO - [2026-09-15T15:07:32.377+0000] {dag.py:3239} INFO - Sync 1 DAGs
[2026-09-15T15:07:32.396+0000] {logging_mixin.py:190} INFO - [2026-09-15T15:07:32.396+0000] {dag.py:4180} INFO - Setting next_dagrun for etl_sederhana_25_572885_PPA_07200 to 2026-09-15 00:00:00+00:00, run_after=2026-09-16 00:00:00+00:00
[2026-09-15T15:07:32.421+0000] {processor.py:208} INFO - Processing /opt/airflow/dags/etl_sederhana_25_572885_PPA_07200.py took 0.648 seconds
[2026-09-15T15:08:02.577+0000] {processor.py:186} INFO - Started process (PID=532) to work on /opt/airflow/dags/etl_sederhana_25_572885_PPA_07200.py
[2026-09-15T15:08:02.579+0000] {processor.py:914} INFO - Processing file /opt/airflow/dags/etl_sederhana_25_572885_PPA_07200.py for tasks to queue
[2026-09-15T15:08:02.581+0000] {logging_mixin.py:190} INFO - [2026-09-15T15:08:02.581+0000] {dagbag.py:588} INFO - Filling up the DagBag from /opt/airflow/dags/etl_sederhana_25_572885_PPA_07200.py
[2026-09-15T15:08:03.209+0000] {processor.py:925} INFO - DAG(s) 'etl_sederhana_25_572885_PPA_07200' retrieved from /opt/airflow/dags/etl_sederhana_25_572885_PPA_07200.py
[2026-09-15T15:08:03.222+0000] {logging_mixin.py:190} INFO - [2026-09-15T15:08:03.221+0000] {dag.py:3239} INFO - Sync 1 DAGs
[2026-09-15T15:08:03.235+0000] {logging_mixin.py:190} INFO - [2026-09-15T15:08:03.235+0000] {dag.py:4180} INFO - Setting next_dagrun for etl_sederhana_25_572885_PPA_07200 to 2026-09-15 00:00:00+00:00, run_after=2026-09-16 00:00:00+00:00
[2026-09-15T15:08:03.250+0000] {processor.py:208} INFO - Processing /opt/airflow/dags/etl_sederhana_25_572885_PPA_07200.py took 0.678 seconds
[2026-09-15T15:08:33.478+0000] {processor.py:186} INFO - Started process (PID=541) to work on /opt/airflow/dags/etl_sederhana_25_572885_PPA_07200.py
[2026-09-15T15:08:33.483+0000] {processor.py:914} INFO - Processing file /opt/airflow/dags/etl_sederhana_25_572885_PPA_07200.py for tasks to queue
[2026-09-15T15:08:33.488+0000] {logging_mixin.py:190} INFO - [2026-09-15T15:08:33.487+0000] {dagbag.py:588} INFO - Filling up the DagBag from /opt/airflow/dags/etl_sederhana_25_572885_PPA_07200.py
[2026-09-15T15:08:34.105+0000] {processor.py:925} INFO - DAG(s) 'etl_sederhana_25_572885_PPA_07200' retrieved from /opt/airflow/dags/etl_sederhana_25_572885_PPA_07200.py
[2026-09-15T15:08:34.117+0000] {logging_mixin.py:190} INFO - [2026-09-15T15:08:34.117+0000] {dag.py:3239} INFO - Sync 1 DAGs
[2026-09-15T15:08:34.131+0000] {logging_mixin.py:190} INFO - [2026-09-15T15:08:34.131+0000] {dag.py:4180} INFO - Setting next_dagrun for etl_sederhana_25_572885_PPA_07200 to 2026-09-15 00:00:00+00:00, run_after=2026-09-16 00:00:00+00:00
[2026-09-15T15:08:34.148+0000] {processor.py:208} INFO - Processing /opt/airflow/dags/etl_sederhana_25_572885_PPA_07200.py took 0.677 seconds
[2026-09-15T15:09:04.344+0000] {processor.py:186} INFO - Started process (PID=550) to work on /opt/airflow/dags/etl_sederhana_25_572885_PPA_07200.py
[2026-09-15T15:09:04.345+0000] {processor.py:914} INFO - Processing file /opt/airflow/dags/etl_sederhana_25_572885_PPA_07200.py for tasks to queue
[2026-09-15T15:09:04.347+0000] {logging_mixin.py:190} INFO - [2026-09-15T15:09:04.347+0000] {dagbag.py:588} INFO - Filling up the DagBag from /opt/airflow/dags/etl_sederhana_25_572885_PPA_07200.py
[2026-09-15T15:09:04.934+0000] {processor.py:925} INFO - DAG(s) 'etl_sederhana_25_572885_PPA_07200' retrieved from /opt/airflow/dags/etl_sederhana_25_572885_PPA_07200.py
[2026-09-15T15:09:04.947+0000] {logging_mixin.py:190} INFO - [2026-09-15T15:09:04.947+0000] {dag.py:3239} INFO - Sync 1 DAGs
[2026-09-15T15:09:04.963+0000] {logging_mixin.py:190} INFO - [2026-09-15T15:09:04.963+0000] {dag.py:4180} INFO - Setting next_dagrun for etl_sederhana_25_572885_PPA_07200 to 2026-09-15 00:00:00+00:00, run_after=2026-09-16 00:00:00+00:00
[2026-09-15T15:09:04.981+0000] {processor.py:208} INFO - Processing /opt/airflow/dags/etl_sederhana_25_572885_PPA_07200.py took 0.642 seconds
[2026-09-15T15:09:35.120+0000] {processor.py:186} INFO - Started process (PID=559) to work on /opt/airflow/dags/etl_sederhana_25_572885_PPA_07200.py
[2026-09-15T15:09:35.125+0000] {processor.py:914} INFO - Processing file /opt/airflow/dags/etl_sederhana_25_572885_PPA_07200.py for tasks to queue
[2026-09-15T15:09:35.129+0000] {logging_mixin.py:190} INFO - [2026-09-15T15:09:35.129+0000] {dagbag.py:588} INFO - Filling up the DagBag from /opt/airflow/dags/etl_sederhana_25_572885_PPA_07200.py
[2026-09-15T15:09:35.790+0000] {processor.py:925} INFO - DAG(s) 'etl_sederhana_25_572885_PPA_07200' retrieved from /opt/airflow/dags/etl_sederhana_25_572885_PPA_07200.py
[2026-09-15T15:09:35.804+0000] {logging_mixin.py:190} INFO - [2026-09-15T15:09:35.803+0000] {dag.py:3239} INFO - Sync 1 DAGs
[2026-09-15T15:09:35.818+0000] {logging_mixin.py:190} INFO - [2026-09-15T15:09:35.818+0000] {dag.py:4180} INFO - Setting next_dagrun for etl_sederhana_25_572885_PPA_07200 to 2026-09-15 00:00:00+00:00, run_after=2026-09-16 00:00:00+00:00
[2026-09-15T15:09:35.837+0000] {processor.py:208} INFO - Processing /opt/airflow/dags/etl_sederhana_25_572885_PPA_07200.py took 0.726 seconds
[2026-09-15T15:10:06.010+0000] {processor.py:186} INFO - Started process (PID=568) to work on /opt/airflow/dags/etl_sederhana_25_572885_PPA_07200.py
[2026-09-15T15:10:06.013+0000] {processor.py:914} INFO - Processing file /opt/airflow/dags/etl_sederhana_25_572885_PPA_07200.py for tasks to queue
[2026-09-15T15:10:06.017+0000] {logging_mixin.py:190} INFO - [2026-09-15T15:10:06.017+0000] {dagbag.py:588} INFO - Filling up the DagBag from /opt/airflow/dags/etl_sederhana_25_572885_PPA_07200.py
[2026-09-15T15:10:06.648+0000] {processor.py:925} INFO - DAG(s) 'etl_sederhana_25_572885_PPA_07200' retrieved from /opt/airflow/dags/etl_sederhana_25_572885_PPA_07200.py
[2026-09-15T15:10:06.662+0000] {logging_mixin.py:190} INFO - [2026-09-15T15:10:06.661+0000] {dag.py:3239} INFO - Sync 1 DAGs
[2026-09-15T15:10:06.678+0000] {logging_mixin.py:190} INFO - [2026-09-15T15:10:06.678+0000] {dag.py:4180} INFO - Setting next_dagrun for etl_sederhana_25_572885_PPA_07200 to 2026-09-15 00:00:00+00:00, run_after=2026-09-16 00:00:00+00:00
[2026-09-15T15:10:06.699+0000] {processor.py:208} INFO - Processing /opt/airflow/dags/etl_sederhana_25_572885_PPA_07200.py took 0.693 seconds
[2026-09-15T15:10:36.900+0000] {processor.py:186} INFO - Started process (PID=577) to work on /opt/airflow/dags/etl_sederhana_25_572885_PPA_07200.py
[2026-09-15T15:10:36.902+0000] {processor.py:914} INFO - Processing file /opt/airflow/dags/etl_sederhana_25_572885_PPA_07200.py for tasks to queue
[2026-09-15T15:10:36.904+0000] {logging_mixin.py:190} INFO - [2026-09-15T15:10:36.904+0000] {dagbag.py:588} INFO - Filling up the DagBag from /opt/airflow/dags/etl_sederhana_25_572885_PPA_07200.py
[2026-09-15T15:10:37.521+0000] {processor.py:925} INFO - DAG(s) 'etl_sederhana_25_572885_PPA_07200' retrieved from /opt/airflow/dags/etl_sederhana_25_572885_PPA_07200.py
[2026-09-15T15:10:37.532+0000] {logging_mixin.py:190} INFO - [2026-09-15T15:10:37.532+0000] {dag.py:3239} INFO - Sync 1 DAGs
[2026-09-15T15:10:37.552+0000] {logging_mixin.py:190} INFO - [2026-09-15T15:10:37.552+0000] {dag.py:4180} INFO - Setting next_dagrun for etl_sederhana_25_572885_PPA_07200 to 2026-09-15 00:00:00+00:00, run_after=2026-09-16 00:00:00+00:00
[2026-09-15T15:10:37.574+0000] {processor.py:208} INFO - Processing /opt/airflow/dags/etl_sederhana_25_572885_PPA_07200.py took 0.685 seconds
[2026-09-15T15:11:07.817+0000] {processor.py:186} INFO - Started process (PID=586) to work on /opt/airflow/dags/etl_sederhana_25_572885_PPA_07200.py
[2026-09-15T15:11:07.819+0000] {processor.py:914} INFO - Processing file /opt/airflow/dags/etl_sederhana_25_572885_PPA_07200.py for tasks to queue
[2026-09-15T15:11:07.823+0000] {logging_mixin.py:190} INFO - [2026-09-15T15:11:07.823+0000] {dagbag.py:588} INFO - Filling up the DagBag from /opt/airflow/dags/etl_sederhana_25_572885_PPA_07200.py
[2026-09-15T15:11:08.458+0000] {processor.py:925} INFO - DAG(s) 'etl_sederhana_25_572885_PPA_07200' retrieved from /opt/airflow/dags/etl_sederhana_25_572885_PPA_07200.py
[2026-09-15T15:11:08.470+0000] {logging_mixin.py:190} INFO - [2026-09-15T15:11:08.470+0000] {dag.py:3239} INFO - Sync 1 DAGs
[2026-09-15T15:11:08.485+0000] {logging_mixin.py:190} INFO - [2026-09-15T15:11:08.484+0000] {dag.py:4180} INFO - Setting next_dagrun for etl_sederhana_25_572885_PPA_07200 to 2026-09-15 00:00:00+00:00, run_after=2026-09-16 00:00:00+00:00
[2026-09-15T15:11:08.501+0000] {processor.py:208} INFO - Processing /opt/airflow/dags/etl_sederhana_25_572885_PPA_07200.py took 0.689 seconds
[2026-09-15T15:11:38.725+0000] {processor.py:186} INFO - Started process (PID=595) to work on /opt/airflow/dags/etl_sederhana_25_572885_PPA_07200.py
[2026-09-15T15:11:38.727+0000] {processor.py:914} INFO - Processing file /opt/airflow/dags/etl_sederhana_25_572885_PPA_07200.py for tasks to queue
[2026-09-15T15:11:38.730+0000] {logging_mixin.py:190} INFO - [2026-09-15T15:11:38.730+0000] {dagbag.py:588} INFO - Filling up the DagBag from /opt/airflow/dags/etl_sederhana_25_572885_PPA_07200.py
[2026-09-15T15:11:39.287+0000] {processor.py:925} INFO - DAG(s) 'etl_sederhana_25_572885_PPA_07200' retrieved from /opt/airflow/dags/etl_sederhana_25_572885_PPA_07200.py
[2026-09-15T15:11:39.299+0000] {logging_mixin.py:190} INFO - [2026-09-15T15:11:39.298+0000] {dag.py:3239} INFO - Sync 1 DAGs
[2026-09-15T15:11:39.312+0000] {logging_mixin.py:190} INFO - [2026-09-15T15:11:39.312+0000] {dag.py:4180} INFO - Setting next_dagrun for etl_sederhana_25_572885_PPA_07200 to 2026-09-15 00:00:00+00:00, run_after=2026-09-16 00:00:00+00:00
[2026-09-15T15:11:39.329+0000] {processor.py:208} INFO - Processing /opt/airflow/dags/etl_sederhana_25_572885_PPA_07200.py took 0.609 seconds
[2026-09-15T15:12:09.546+0000] {processor.py:186} INFO - Started process (PID=604) to work on /opt/airflow/dags/etl_sederhana_25_572885_PPA_07200.py
[2026-09-15T15:12:09.549+0000] {processor.py:914} INFO - Processing file /opt/airflow/dags/etl_sederhana_25_572885_PPA_07200.py for tasks to queue
[2026-09-15T15:12:09.553+0000] {logging_mixin.py:190} INFO - [2026-09-15T15:12:09.552+0000] {dagbag.py:588} INFO - Filling up the DagBag from /opt/airflow/dags/etl_sederhana_25_572885_PPA_07200.py
[2026-09-15T15:12:10.204+0000] {processor.py:925} INFO - DAG(s) 'etl_sederhana_25_572885_PPA_07200' retrieved from /opt/airflow/dags/etl_sederhana_25_572885_PPA_07200.py
[2026-09-15T15:12:10.223+0000] {logging_mixin.py:190} INFO - [2026-09-15T15:12:10.223+0000] {dag.py:3239} INFO - Sync 1 DAGs
[2026-09-15T15:12:10.242+0000] {logging_mixin.py:190} INFO - [2026-09-15T15:12:10.242+0000] {dag.py:4180} INFO - Setting next_dagrun for etl_sederhana_25_572885_PPA_07200 to 2026-09-15 00:00:00+00:00, run_after=2026-09-16 00:00:00+00:00
[2026-09-15T15:12:10.270+0000] {processor.py:208} INFO - Processing /opt/airflow/dags/etl_sederhana_25_572885_PPA_07200.py took 0.730 seconds
[2026-09-15T15:12:40.419+0000] {processor.py:186} INFO - Started process (PID=613) to work on /opt/airflow/dags/etl_sederhana_25_572885_PPA_07200.py
[2026-09-15T15:12:40.421+0000] {processor.py:914} INFO - Processing file /opt/airflow/dags/etl_sederhana_25_572885_PPA_07200.py for tasks to queue
[2026-09-15T15:12:40.423+0000] {logging_mixin.py:190} INFO - [2026-09-15T15:12:40.423+0000] {dagbag.py:588} INFO - Filling up the DagBag from /opt/airflow/dags/etl_sederhana_25_572885_PPA_07200.py
[2026-09-15T15:12:40.989+0000] {processor.py:925} INFO - DAG(s) 'etl_sederhana_25_572885_PPA_07200' retrieved from /opt/airflow/dags/etl_sederhana_25_572885_PPA_07200.py
[2026-09-15T15:12:41.004+0000] {logging_mixin.py:190} INFO - [2026-09-15T15:12:41.004+0000] {dag.py:3239} INFO - Sync 1 DAGs
[2026-09-15T15:12:41.018+0000] {logging_mixin.py:190} INFO - [2026-09-15T15:12:41.018+0000] {dag.py:4180} INFO - Setting next_dagrun for etl_sederhana_25_572885_PPA_07200 to 2026-09-15 00:00:00+00:00, run_after=2026-09-16 00:00:00+00:00
[2026-09-15T15:12:41.037+0000] {processor.py:208} INFO - Processing /opt/airflow/dags/etl_sederhana_25_572885_PPA_07200.py took 0.622 seconds
[2026-09-15T15:13:11.236+0000] {processor.py:186} INFO - Started process (PID=622) to work on /opt/airflow/dags/etl_sederhana_25_572885_PPA_07200.py
[2026-09-15T15:13:11.238+0000] {processor.py:914} INFO - Processing file /opt/airflow/dags/etl_sederhana_25_572885_PPA_07200.py for tasks to queue
[2026-09-15T15:13:11.241+0000] {logging_mixin.py:190} INFO - [2026-09-15T15:13:11.241+0000] {dagbag.py:588} INFO - Filling up the DagBag from /opt/airflow/dags/etl_sederhana_25_572885_PPA_07200.py
[2026-09-15T15:13:11.869+0000] {processor.py:925} INFO - DAG(s) 'etl_sederhana_25_572885_PPA_07200' retrieved from /opt/airflow/dags/etl_sederhana_25_572885_PPA_07200.py
[2026-09-15T15:13:11.883+0000] {logging_mixin.py:190} INFO - [2026-09-15T15:13:11.883+0000] {dag.py:3239} INFO - Sync 1 DAGs
[2026-09-15T15:13:11.898+0000] {logging_mixin.py:190} INFO - [2026-09-15T15:13:11.898+0000] {dag.py:4180} INFO - Setting next_dagrun for etl_sederhana_25_572885_PPA_07200 to 2026-09-15 00:00:00+00:00, run_after=2026-09-16 00:00:00+00:00
[2026-09-15T15:13:11.916+0000] {processor.py:208} INFO - Processing /opt/airflow/dags/etl_sederhana_25_572885_PPA_07200.py took 0.685 seconds
[2026-09-15T15:13:42.259+0000] {processor.py:186} INFO - Started process (PID=631) to work on /opt/airflow/dags/etl_sederhana_25_572885_PPA_07200.py
[2026-09-15T15:13:42.262+0000] {processor.py:914} INFO - Processing file /opt/airflow/dags/etl_sederhana_25_572885_PPA_07200.py for tasks to queue
[2026-09-15T15:13:42.267+0000] {logging_mixin.py:190} INFO - [2026-09-15T15:13:42.267+0000] {dagbag.py:588} INFO - Filling up the DagBag from /opt/airflow/dags/etl_sederhana_25_572885_PPA_07200.py
[2026-09-15T15:13:42.859+0000] {processor.py:925} INFO - DAG(s) 'etl_sederhana_25_572885_PPA_07200' retrieved from /opt/airflow/dags/etl_sederhana_25_572885_PPA_07200.py
[2026-09-15T15:13:42.874+0000] {logging_mixin.py:190} INFO - [2026-09-15T15:13:42.874+0000] {dag.py:3239} INFO - Sync 1 DAGs
[2026-09-15T15:13:42.894+0000] {logging_mixin.py:190} INFO - [2026-09-15T15:13:42.894+0000] {dag.py:4180} INFO - Setting next_dagrun for etl_sederhana_25_572885_PPA_07200 to 2026-09-15 00:00:00+00:00, run_after=2026-09-16 00:00:00+00:00
[2026-09-15T15:13:42.927+0000] {processor.py:208} INFO - Processing /opt/airflow/dags/etl_sederhana_25_572885_PPA_07200.py took 0.675 seconds
[2026-09-15T15:14:13.198+0000] {processor.py:186} INFO - Started process (PID=640) to work on /opt/airflow/dags/etl_sederhana_25_572885_PPA_07200.py
[2026-09-15T15:14:13.211+0000] {processor.py:914} INFO - Processing file /opt/airflow/dags/etl_sederhana_25_572885_PPA_07200.py for tasks to queue
[2026-09-15T15:14:13.218+0000] {logging_mixin.py:190} INFO - [2026-09-15T15:14:13.217+0000] {dagbag.py:588} INFO - Filling up the DagBag from /opt/airflow/dags/etl_sederhana_25_572885_PPA_07200.py
[2026-09-15T15:14:14.642+0000] {processor.py:925} INFO - DAG(s) 'etl_sederhana_25_572885_PPA_07200' retrieved from /opt/airflow/dags/etl_sederhana_25_572885_PPA_07200.py
[2026-09-15T15:14:14.665+0000] {logging_mixin.py:190} INFO - [2026-09-15T15:14:14.665+0000] {dag.py:3239} INFO - Sync 1 DAGs
[2026-09-15T15:14:14.723+0000] {logging_mixin.py:190} INFO - [2026-09-15T15:14:14.723+0000] {dag.py:4180} INFO - Setting next_dagrun for etl_sederhana_25_572885_PPA_07200 to 2026-09-15 00:00:00+00:00, run_after=2026-09-16 00:00:00+00:00
[2026-09-15T15:14:14.790+0000] {processor.py:208} INFO - Processing /opt/airflow/dags/etl_sederhana_25_572885_PPA_07200.py took 1.605 seconds
[2026-09-15T15:14:45.180+0000] {processor.py:186} INFO - Started process (PID=649) to work on /opt/airflow/dags/etl_sederhana_25_572885_PPA_07200.py
[2026-09-15T15:14:45.182+0000] {processor.py:914} INFO - Processing file /opt/airflow/dags/etl_sederhana_25_572885_PPA_07200.py for tasks to queue
[2026-09-15T15:14:45.185+0000] {logging_mixin.py:190} INFO - [2026-09-15T15:14:45.185+0000] {dagbag.py:588} INFO - Filling up the DagBag from /opt/airflow/dags/etl_sederhana_25_572885_PPA_07200.py
[2026-09-15T15:14:46.062+0000] {processor.py:925} INFO - DAG(s) 'etl_sederhana_25_572885_PPA_07200' retrieved from /opt/airflow/dags/etl_sederhana_25_572885_PPA_07200.py
[2026-09-15T15:14:46.089+0000] {logging_mixin.py:190} INFO - [2026-09-15T15:14:46.088+0000] {dag.py:3239} INFO - Sync 1 DAGs
[2026-09-15T15:14:46.117+0000] {logging_mixin.py:190} INFO - [2026-09-15T15:14:46.116+0000] {dag.py:4180} INFO - Setting next_dagrun for etl_sederhana_25_572885_PPA_07200 to 2026-09-15 00:00:00+00:00, run_after=2026-09-16 00:00:00+00:00
[2026-09-15T15:14:46.156+0000] {processor.py:208} INFO - Processing /opt/airflow/dags/etl_sederhana_25_572885_PPA_07200.py took 0.982 seconds
[2026-09-15T15:15:16.310+0000] {processor.py:186} INFO - Started process (PID=658) to work on /opt/airflow/dags/etl_sederhana_25_572885_PPA_07200.py
[2026-09-15T15:15:16.311+0000] {processor.py:914} INFO - Processing file /opt/airflow/dags/etl_sederhana_25_572885_PPA_07200.py for tasks to queue
[2026-09-15T15:15:16.314+0000] {logging_mixin.py:190} INFO - [2026-09-15T15:15:16.314+0000] {dagbag.py:588} INFO - Filling up the DagBag from /opt/airflow/dags/etl_sederhana_25_572885_PPA_07200.py
[2026-09-15T15:15:17.318+0000] {processor.py:925} INFO - DAG(s) 'etl_sederhana_25_572885_PPA_07200' retrieved from /opt/airflow/dags/etl_sederhana_25_572885_PPA_07200.py
[2026-09-15T15:15:17.344+0000] {logging_mixin.py:190} INFO - [2026-09-15T15:15:17.343+0000] {dag.py:3239} INFO - Sync 1 DAGs
[2026-09-15T15:15:17.371+0000] {logging_mixin.py:190} INFO - [2026-09-15T15:15:17.371+0000] {dag.py:4180} INFO - Setting next_dagrun for etl_sederhana_25_572885_PPA_07200 to 2026-09-15 00:00:00+00:00, run_after=2026-09-16 00:00:00+00:00
[2026-09-15T15:15:17.405+0000] {processor.py:208} INFO - Processing /opt/airflow/dags/etl_sederhana_25_572885_PPA_07200.py took 1.101 seconds
[2026-09-15T15:15:47.734+0000] {processor.py:186} INFO - Started process (PID=667) to work on /opt/airflow/dags/etl_sederhana_25_572885_PPA_07200.py
[2026-09-15T15:15:47.737+0000] {processor.py:914} INFO - Processing file /opt/airflow/dags/etl_sederhana_25_572885_PPA_07200.py for tasks to queue
[2026-09-15T15:15:47.743+0000] {logging_mixin.py:190} INFO - [2026-09-15T15:15:47.742+0000] {dagbag.py:588} INFO - Filling up the DagBag from /opt/airflow/dags/etl_sederhana_25_572885_PPA_07200.py
[2026-09-15T15:15:48.907+0000] {processor.py:925} INFO - DAG(s) 'etl_sederhana_25_572885_PPA_07200' retrieved from /opt/airflow/dags/etl_sederhana_25_572885_PPA_07200.py
[2026-09-15T15:15:48.932+0000] {logging_mixin.py:190} INFO - [2026-09-15T15:15:48.932+0000] {dag.py:3239} INFO - Sync 1 DAGs
[2026-09-15T15:15:48.960+0000] {logging_mixin.py:190} INFO - [2026-09-15T15:15:48.959+0000] {dag.py:4180} INFO - Setting next_dagrun for etl_sederhana_25_572885_PPA_07200 to 2026-09-15 00:00:00+00:00, run_after=2026-09-16 00:00:00+00:00
[2026-09-15T15:15:48.994+0000] {processor.py:208} INFO - Processing /opt/airflow/dags/etl_sederhana_25_572885_PPA_07200.py took 1.269 seconds
[2026-09-15T15:16:19.201+0000] {processor.py:186} INFO - Started process (PID=675) to work on /opt/airflow/dags/etl_sederhana_25_572885_PPA_07200.py
[2026-09-15T15:16:19.204+0000] {processor.py:914} INFO - Processing file /opt/airflow/dags/etl_sederhana_25_572885_PPA_07200.py for tasks to queue
[2026-09-15T15:16:19.210+0000] {logging_mixin.py:190} INFO - [2026-09-15T15:16:19.209+0000] {dagbag.py:588} INFO - Filling up the DagBag from /opt/airflow/dags/etl_sederhana_25_572885_PPA_07200.py
[2026-09-15T15:16:20.388+0000] {processor.py:925} INFO - DAG(s) 'etl_sederhana_25_572885_PPA_07200' retrieved from /opt/airflow/dags/etl_sederhana_25_572885_PPA_07200.py
[2026-09-15T15:16:20.411+0000] {logging_mixin.py:190} INFO - [2026-09-15T15:16:20.410+0000] {dag.py:3239} INFO - Sync 1 DAGs
[2026-09-15T15:16:20.433+0000] {logging_mixin.py:190} INFO - [2026-09-15T15:16:20.433+0000] {dag.py:4180} INFO - Setting next_dagrun for etl_sederhana_25_572885_PPA_07200 to 2026-09-15 00:00:00+00:00, run_after=2026-09-16 00:00:00+00:00
[2026-09-15T15:16:20.464+0000] {processor.py:208} INFO - Processing /opt/airflow/dags/etl_sederhana_25_572885_PPA_07200.py took 1.275 seconds
[2026-09-15T15:16:50.700+0000] {processor.py:186} INFO - Started process (PID=684) to work on /opt/airflow/dags/etl_sederhana_25_572885_PPA_07200.py
[2026-09-15T15:16:50.704+0000] {processor.py:914} INFO - Processing file /opt/airflow/dags/etl_sederhana_25_572885_PPA_07200.py for tasks to queue
[2026-09-15T15:16:50.709+0000] {logging_mixin.py:190} INFO - [2026-09-15T15:16:50.709+0000] {dagbag.py:588} INFO - Filling up the DagBag from /opt/airflow/dags/etl_sederhana_25_572885_PPA_07200.py
[2026-09-15T15:16:51.422+0000] {processor.py:925} INFO - DAG(s) 'etl_sederhana_25_572885_PPA_07200' retrieved from /opt/airflow/dags/etl_sederhana_25_572885_PPA_07200.py
[2026-09-15T15:16:51.436+0000] {logging_mixin.py:190} INFO - [2026-09-15T15:16:51.435+0000] {dag.py:3239} INFO - Sync 1 DAGs
[2026-09-15T15:16:51.448+0000] {logging_mixin.py:190} INFO - [2026-09-15T15:16:51.448+0000] {dag.py:4180} INFO - Setting next_dagrun for etl_sederhana_25_572885_PPA_07200 to 2026-09-15 00:00:00+00:00, run_after=2026-09-16 00:00:00+00:00
[2026-09-15T15:16:51.475+0000] {processor.py:208} INFO - Processing /opt/airflow/dags/etl_sederhana_25_572885_PPA_07200.py took 0.786 seconds
[2026-09-15T15:17:21.737+0000] {processor.py:186} INFO - Started process (PID=693) to work on /opt/airflow/dags/etl_sederhana_25_572885_PPA_07200.py
[2026-09-15T15:17:21.738+0000] {processor.py:914} INFO - Processing file /opt/airflow/dags/etl_sederhana_25_572885_PPA_07200.py for tasks to queue
[2026-09-15T15:17:21.741+0000] {logging_mixin.py:190} INFO - [2026-09-15T15:17:21.740+0000] {dagbag.py:588} INFO - Filling up the DagBag from /opt/airflow/dags/etl_sederhana_25_572885_PPA_07200.py
[2026-09-15T15:17:22.308+0000] {processor.py:925} INFO - DAG(s) 'etl_sederhana_25_572885_PPA_07200' retrieved from /opt/airflow/dags/etl_sederhana_25_572885_PPA_07200.py
[2026-09-15T15:17:22.321+0000] {logging_mixin.py:190} INFO - [2026-09-15T15:17:22.321+0000] {dag.py:3239} INFO - Sync 1 DAGs
[2026-09-15T15:17:22.336+0000] {logging_mixin.py:190} INFO - [2026-09-15T15:17:22.336+0000] {dag.py:4180} INFO - Setting next_dagrun for etl_sederhana_25_572885_PPA_07200 to 2026-09-15 00:00:00+00:00, run_after=2026-09-16 00:00:00+00:00
[2026-09-15T15:17:22.359+0000] {processor.py:208} INFO - Processing /opt/airflow/dags/etl_sederhana_25_572885_PPA_07200.py took 0.627 seconds
[2026-09-15T15:17:52.611+0000] {processor.py:186} INFO - Started process (PID=702) to work on /opt/airflow/dags/etl_sederhana_25_572885_PPA_07200.py
[2026-09-15T15:17:52.613+0000] {processor.py:914} INFO - Processing file /opt/airflow/dags/etl_sederhana_25_572885_PPA_07200.py for tasks to queue
[2026-09-15T15:17:52.617+0000] {logging_mixin.py:190} INFO - [2026-09-15T15:17:52.617+0000] {dagbag.py:588} INFO - Filling up the DagBag from /opt/airflow/dags/etl_sederhana_25_572885_PPA_07200.py
[2026-09-15T15:17:53.191+0000] {processor.py:925} INFO - DAG(s) 'etl_sederhana_25_572885_PPA_07200' retrieved from /opt/airflow/dags/etl_sederhana_25_572885_PPA_07200.py
[2026-09-15T15:17:53.201+0000] {logging_mixin.py:190} INFO - [2026-09-15T15:17:53.201+0000] {dag.py:3239} INFO - Sync 1 DAGs
[2026-09-15T15:17:53.215+0000] {logging_mixin.py:190} INFO - [2026-09-15T15:17:53.215+0000] {dag.py:4180} INFO - Setting next_dagrun for etl_sederhana_25_572885_PPA_07200 to 2026-09-15 00:00:00+00:00, run_after=2026-09-16 00:00:00+00:00
[2026-09-15T15:17:53.242+0000] {processor.py:208} INFO - Processing /opt/airflow/dags/etl_sederhana_25_572885_PPA_07200.py took 0.638 seconds
[2026-09-15T15:18:23.391+0000] {processor.py:186} INFO - Started process (PID=711) to work on /opt/airflow/dags/etl_sederhana_25_572885_PPA_07200.py
[2026-09-15T15:18:23.392+0000] {processor.py:914} INFO - Processing file /opt/airflow/dags/etl_sederhana_25_572885_PPA_07200.py for tasks to queue
[2026-09-15T15:18:23.394+0000] {logging_mixin.py:190} INFO - [2026-09-15T15:18:23.394+0000] {dagbag.py:588} INFO - Filling up the DagBag from /opt/airflow/dags/etl_sederhana_25_572885_PPA_07200.py
[2026-09-15T15:18:23.937+0000] {processor.py:925} INFO - DAG(s) 'etl_sederhana_25_572885_PPA_07200' retrieved from /opt/airflow/dags/etl_sederhana_25_572885_PPA_07200.py
[2026-09-15T15:18:23.948+0000] {logging_mixin.py:190} INFO - [2026-09-15T15:18:23.948+0000] {dag.py:3239} INFO - Sync 1 DAGs
[2026-09-15T15:18:23.961+0000] {logging_mixin.py:190} INFO - [2026-09-15T15:18:23.961+0000] {dag.py:4180} INFO - Setting next_dagrun for etl_sederhana_25_572885_PPA_07200 to 2026-09-15 00:00:00+00:00, run_after=2026-09-16 00:00:00+00:00
[2026-09-15T15:18:23.986+0000] {processor.py:208} INFO - Processing /opt/airflow/dags/etl_sederhana_25_572885_PPA_07200.py took 0.600 seconds
[2026-09-15T15:18:54.193+0000] {processor.py:186} INFO - Started process (PID=720) to work on /opt/airflow/dags/etl_sederhana_25_572885_PPA_07200.py
[2026-09-15T15:18:54.195+0000] {processor.py:914} INFO - Processing file /opt/airflow/dags/etl_sederhana_25_572885_PPA_07200.py for tasks to queue
[2026-09-15T15:18:54.197+0000] {logging_mixin.py:190} INFO - [2026-09-15T15:18:54.197+0000] {dagbag.py:588} INFO - Filling up the DagBag from /opt/airflow/dags/etl_sederhana_25_572885_PPA_07200.py
[2026-09-15T15:18:54.782+0000] {processor.py:925} INFO - DAG(s) 'etl_sederhana_25_572885_PPA_07200' retrieved from /opt/airflow/dags/etl_sederhana_25_572885_PPA_07200.py
[2026-09-15T15:18:54.816+0000] {logging_mixin.py:190} INFO - [2026-09-15T15:18:54.815+0000] {dag.py:3239} INFO - Sync 1 DAGs
[2026-09-15T15:18:54.836+0000] {logging_mixin.py:190} INFO - [2026-09-15T15:18:54.836+0000] {dag.py:4180} INFO - Setting next_dagrun for etl_sederhana_25_572885_PPA_07200 to 2026-09-15 00:00:00+00:00, run_after=2026-09-16 00:00:00+00:00
[2026-09-15T15:18:54.863+0000] {processor.py:208} INFO - Processing /opt/airflow/dags/etl_sederhana_25_572885_PPA_07200.py took 0.675 seconds
[2026-09-15T15:19:25.311+0000] {processor.py:186} INFO - Started process (PID=729) to work on /opt/airflow/dags/etl_sederhana_25_572885_PPA_07200.py
[2026-09-15T15:19:25.318+0000] {processor.py:914} INFO - Processing file /opt/airflow/dags/etl_sederhana_25_572885_PPA_07200.py for tasks to queue
[2026-09-15T15:19:25.323+0000] {logging_mixin.py:190} INFO - [2026-09-15T15:19:25.322+0000] {dagbag.py:588} INFO - Filling up the DagBag from /opt/airflow/dags/etl_sederhana_25_572885_PPA_07200.py
[2026-09-15T15:19:25.945+0000] {processor.py:925} INFO - DAG(s) 'etl_sederhana_25_572885_PPA_07200' retrieved from /opt/airflow/dags/etl_sederhana_25_572885_PPA_07200.py
[2026-09-15T15:19:25.957+0000] {logging_mixin.py:190} INFO - [2026-09-15T15:19:25.956+0000] {dag.py:3239} INFO - Sync 1 DAGs
[2026-09-15T15:19:25.969+0000] {logging_mixin.py:190} INFO - [2026-09-15T15:19:25.969+0000] {dag.py:4180} INFO - Setting next_dagrun for etl_sederhana_25_572885_PPA_07200 to 2026-09-15 00:00:00+00:00, run_after=2026-09-16 00:00:00+00:00
[2026-09-15T15:19:25.995+0000] {processor.py:208} INFO - Processing /opt/airflow/dags/etl_sederhana_25_572885_PPA_07200.py took 0.690 seconds
[2026-09-15T15:19:56.260+0000] {processor.py:186} INFO - Started process (PID=738) to work on /opt/airflow/dags/etl_sederhana_25_572885_PPA_07200.py
[2026-09-15T15:19:56.264+0000] {processor.py:914} INFO - Processing file /opt/airflow/dags/etl_sederhana_25_572885_PPA_07200.py for tasks to queue
[2026-09-15T15:19:56.271+0000] {logging_mixin.py:190} INFO - [2026-09-15T15:19:56.271+0000] {dagbag.py:588} INFO - Filling up the DagBag from /opt/airflow/dags/etl_sederhana_25_572885_PPA_07200.py
[2026-09-15T15:19:56.944+0000] {processor.py:925} INFO - DAG(s) 'etl_sederhana_25_572885_PPA_07200' retrieved from /opt/airflow/dags/etl_sederhana_25_572885_PPA_07200.py
[2026-09-15T15:19:56.957+0000] {logging_mixin.py:190} INFO - [2026-09-15T15:19:56.957+0000] {dag.py:3239} INFO - Sync 1 DAGs
[2026-09-15T15:19:56.972+0000] {logging_mixin.py:190} INFO - [2026-09-15T15:19:56.972+0000] {dag.py:4180} INFO - Setting next_dagrun for etl_sederhana_25_572885_PPA_07200 to 2026-09-15 00:00:00+00:00, run_after=2026-09-16 00:00:00+00:00
[2026-09-15T15:19:57.032+0000] {processor.py:208} INFO - Processing /opt/airflow/dags/etl_sederhana_25_572885_PPA_07200.py took 0.776 seconds
[2026-09-15T15:20:27.321+0000] {processor.py:186} INFO - Started process (PID=747) to work on /opt/airflow/dags/etl_sederhana_25_572885_PPA_07200.py
[2026-09-15T15:20:27.326+0000] {processor.py:914} INFO - Processing file /opt/airflow/dags/etl_sederhana_25_572885_PPA_07200.py for tasks to queue
[2026-09-15T15:20:27.330+0000] {logging_mixin.py:190} INFO - [2026-09-15T15:20:27.330+0000] {dagbag.py:588} INFO - Filling up the DagBag from /opt/airflow/dags/etl_sederhana_25_572885_PPA_07200.py
[2026-09-15T15:20:27.979+0000] {processor.py:925} INFO - DAG(s) 'etl_sederhana_25_572885_PPA_07200' retrieved from /opt/airflow/dags/etl_sederhana_25_572885_PPA_07200.py
[2026-09-15T15:20:27.998+0000] {logging_mixin.py:190} INFO - [2026-09-15T15:20:27.997+0000] {dag.py:3239} INFO - Sync 1 DAGs
[2026-09-15T15:20:28.018+0000] {logging_mixin.py:190} INFO - [2026-09-15T15:20:28.017+0000] {dag.py:4180} INFO - Setting next_dagrun for etl_sederhana_25_572885_PPA_07200 to 2026-09-15 00:00:00+00:00, run_after=2026-09-16 00:00:00+00:00
[2026-09-15T15:20:28.043+0000] {processor.py:208} INFO - Processing /opt/airflow/dags/etl_sederhana_25_572885_PPA_07200.py took 0.727 seconds
[2026-09-15T15:20:58.240+0000] {processor.py:186} INFO - Started process (PID=757) to work on /opt/airflow/dags/etl_sederhana_25_572885_PPA_07200.py
[2026-09-15T15:20:58.243+0000] {processor.py:914} INFO - Processing file /opt/airflow/dags/etl_sederhana_25_572885_PPA_07200.py for tasks to queue
[2026-09-15T15:20:58.249+0000] {logging_mixin.py:190} INFO - [2026-09-15T15:20:58.248+0000] {dagbag.py:588} INFO - Filling up the DagBag from /opt/airflow/dags/etl_sederhana_25_572885_PPA_07200.py
[2026-09-15T15:20:58.879+0000] {processor.py:925} INFO - DAG(s) 'etl_sederhana_25_572885_PPA_07200' retrieved from /opt/airflow/dags/etl_sederhana_25_572885_PPA_07200.py
[2026-09-15T15:20:58.892+0000] {logging_mixin.py:190} INFO - [2026-09-15T15:20:58.892+0000] {dag.py:3239} INFO - Sync 1 DAGs
[2026-09-15T15:20:58.907+0000] {logging_mixin.py:190} INFO - [2026-09-15T15:20:58.906+0000] {dag.py:4180} INFO - Setting next_dagrun for etl_sederhana_25_572885_PPA_07200 to 2026-09-15 00:00:00+00:00, run_after=2026-09-16 00:00:00+00:00
[2026-09-15T15:20:58.936+0000] {processor.py:208} INFO - Processing /opt/airflow/dags/etl_sederhana_25_572885_PPA_07200.py took 0.705 seconds
[2026-09-15T15:21:29.164+0000] {processor.py:186} INFO - Started process (PID=766) to work on /opt/airflow/dags/etl_sederhana_25_572885_PPA_07200.py
[2026-09-15T15:21:29.166+0000] {processor.py:914} INFO - Processing file /opt/airflow/dags/etl_sederhana_25_572885_PPA_07200.py for tasks to queue
[2026-09-15T15:21:29.170+0000] {logging_mixin.py:190} INFO - [2026-09-15T15:21:29.169+0000] {dagbag.py:588} INFO - Filling up the DagBag from /opt/airflow/dags/etl_sederhana_25_572885_PPA_07200.py
[2026-09-15T15:21:29.784+0000] {processor.py:925} INFO - DAG(s) 'etl_sederhana_25_572885_PPA_07200' retrieved from /opt/airflow/dags/etl_sederhana_25_572885_PPA_07200.py
[2026-09-15T15:21:29.798+0000] {logging_mixin.py:190} INFO - [2026-09-15T15:21:29.797+0000] {dag.py:3239} INFO - Sync 1 DAGs
[2026-09-15T15:21:29.817+0000] {logging_mixin.py:190} INFO - [2026-09-15T15:21:29.817+0000] {dag.py:4180} INFO - Setting next_dagrun for etl_sederhana_25_572885_PPA_07200 to 2026-09-15 00:00:00+00:00, run_after=2026-09-16 00:00:00+00:00
[2026-09-15T15:21:29.846+0000] {processor.py:208} INFO - Processing /opt/airflow/dags/etl_sederhana_25_572885_PPA_07200.py took 0.691 seconds
[2026-09-15T15:22:00.098+0000] {processor.py:186} INFO - Started process (PID=782) to work on /opt/airflow/dags/etl_sederhana_25_572885_PPA_07200.py
[2026-09-15T15:22:00.100+0000] {processor.py:914} INFO - Processing file /opt/airflow/dags/etl_sederhana_25_572885_PPA_07200.py for tasks to queue
[2026-09-15T15:22:00.103+0000] {logging_mixin.py:190} INFO - [2026-09-15T15:22:00.103+0000] {dagbag.py:588} INFO - Filling up the DagBag from /opt/airflow/dags/etl_sederhana_25_572885_PPA_07200.py
[2026-09-15T15:22:00.705+0000] {processor.py:925} INFO - DAG(s) 'etl_sederhana_25_572885_PPA_07200' retrieved from /opt/airflow/dags/etl_sederhana_25_572885_PPA_07200.py
[2026-09-15T15:22:00.722+0000] {logging_mixin.py:190} INFO - [2026-09-15T15:22:00.722+0000] {dag.py:3239} INFO - Sync 1 DAGs
[2026-09-15T15:22:00.739+0000] {logging_mixin.py:190} INFO - [2026-09-15T15:22:00.738+0000] {dag.py:4180} INFO - Setting next_dagrun for etl_sederhana_25_572885_PPA_07200 to 2026-09-15 00:00:00+00:00, run_after=2026-09-16 00:00:00+00:00
[2026-09-15T15:22:00.765+0000] {processor.py:208} INFO - Processing /opt/airflow/dags/etl_sederhana_25_572885_PPA_07200.py took 0.673 seconds
