transaction_id,customer_name,email,age,country,product_category,unit_price,quantity,transaction_date,payment_method
ORD100000,Patricia Gardner,,66.0,Nigeria,Groceries,499.99,3,2024-04-16,Cash
ORD100001,David Lucero,patrickvalenzuela@hart.biz,39.0,nigeria,Groceries,2500,,2024-08-18,Transfer
ORD100002,Richard Carter,qdiaz@perez-booker.com,59.0,Nigeria,Electronics,499.99,3,2024-04-27,Card
ORD100003,Scott Underwood,donna50@gmail.com,51.0,USA,Electronics,"1,500",3,2024-10-14,Card
ORD100004,Shawn Castro,betty24@jones-russell.com,23.0,Nigeria,Groceries,500,2,2024-04-16,Cash
ORD100005,James Castillo,vmay@hotmail.com,48.0,Nigeria,Groceries,500,4,2025-02-09,Card
ORD100006,Anna Peterson,sandovaldavid@hotmail.com,40.0,United States,Groceries,"1,500",3,2025-02-17,card
ORD100007,Casey Dean,,,United Kingdom,Groceries,500,5,2025-06-28,Card
ORD100008,Paul Smith,ortizbarbara@warren.com,25.0,United Kingdom,Home,500,4,2025-08-17,Transfer
ORD100009,Dennis Bauer,watsonrandy@yahoo.com,,Nigeria,Fashion,499.99,4,2024-06-11,Card
ORD100010,Joanna Pierce,emilylewis@gmail.com,35.0,United States,Electronics,500,3,2024-11-01,Cash
ORD100011,Cheryl Martin,patricia01@gmail.com,20.0,Nigeria,Fashion,1200,,2024-08-02,card
ORD100012,Cheryl Richard,mercerjoseph@yahoo.com,52.0,Nigeria,Groceries,500,1,2024-03-03,
ORD100013,Amy Carroll,,49.0,Nigeria,Home,500,2,2025-03-23,
ORD100014,Jared Rogers Jr.,brownzachary@gmail.com,34.0,Ghana,Groceries,1200,1,2025-01-05,Cash
ORD100015,Troy Norris,fernandezpatricia@hotmail.com,38.0,nigeria,electronics,2500,4,2024-04-19,Transfer
ORD100016,James Hill,john33@bradley.com,66.0,nigeria,Electronics,499.99,,2025-02-16,card
ORD100017,Daniel Bell,laura31@cantu.com,19.0,Nigeria,Electronics,2500,4,2024-06-08,Card
ORD100018,Amanda Knight,carla85@yahoo.com,37.0,United Kingdom,Home,2500,2,2024-08-24,Transfer
ORD100019,Miss Colleen Rivas,,41.0,Nigeria,Electronics,"1,500",,2025-02-16,Transfer
ORD100020,Eric Castaneda,kwallace@gmail.com,23.0,Nigeria,Electronics,500,1,2024-09-09,Cash
ORD100021,Billy Bradley,zjohnson@hotmail.com,49.0,Nigeria,Fashion,500,5,2025-04-20,Cash
ORD100022,Joseph Patterson,xtownsend@bauer-valdez.info,30.0,Turkey,electronics,2500,3,2024-09-07,Card
ORD100023,Michele Copeland,renee77@hotmail.com,,United Kingdom,Groceries,1200,1,2025-10-13,Cash
ORD100024,Stephanie Garcia,stewartsarah@gmail.com,61.0,United States,Fashion,1200,1,2026-01-12,
ORD100025,Jason Sutton,elaine69@montoya.net,25.0,Nigeria,Electronics,500,1,2025-01-07,Cash
ORD100026,Derrick Harrison,vtapia@mccoy.info,61.0,nigeria,Home,499.99,-1,2026-02-16,card
ORD100027,Michelle Mcknight,benjamin19@gmail.com,36.0,United States,electronics,2500,1,2025-07-15,Transfer
ORD100028,Denise Mcneil,nicoleholland@yahoo.com,44.0,United States,Electronics,1200,2,2024-06-24,Cash
ORD100029,Tammy Murphy,paul35@lawrence.com,30.0,nigeria,Electronics,499.99,2,2024-03-17,Cash
ORD100030,Emily Nelson,thomasclayton@beard.net,35.0,Ghana,Electronics,2500,2,2024-11-10,Card
ORD100031,Stephanie Delgado,tgarcia@yahoo.com,25.0,Ghana,Home,499.99,1,2025-09-07,
ORD100032,Stephen Hall,natalie81@cruz.com,44.0,Nigeria,electronics,1200,1,2024-10-31,Card
ORD100033,Christina Hughes,kimberly64@gregory-washington.com,69.0,Ghana,electronics,2500,5,2025-10-04,Cash
ORD100034,Lori Velez,travis31@gmail.com,67.0,nigeria,Electronics,1200,1,2025-02-01,Card
ORD100035,Rhonda Calderon,misty05@james-stephenson.com,,United Kingdom,Groceries,500,,2025-07-15,card
ORD100036,Cheyenne Robinson,katherine29@gmail.com,,Ghana,Fashion,500,5,2024-12-16,Card
ORD100037,Brandon Williams,robintaylor@clark.com,40.0,Ghana,Electronics,500,1,2024-04-02,Transfer
ORD100038,Collin Greene,kcollins@smith.org,,United Kingdom,electronics,499.99,1,,card
ORD100039,Anna Nelson,michelleschroeder@lee.info,18.0,nigeria,Groceries,2500,3,2026-01-05,Card
ORD100040,Casey Campbell,justinlarsen@nelson.com,33.0,United States,Electronics,"1,500",1,2026-01-26,Transfer
ORD100041,Henry Clark,fsimpson@gmail.com,39.0,Nigeria,Electronics,500,3,2024-04-13,Card
ORD100042,Eric Garrett,jamiefischer@harvey.com,40.0,USA,electronics,500,1,2025-05-10,card
ORD100043,Jason Thomas,xmorse@sandoval.com,49.0,nigeria,Electronics,500,,2024-09-25,
ORD100044,Eric Kemp MD,samueldavis@hotmail.com,22.0,United Kingdom,electronics,500,5,2024-08-22,card
ORD100045,Bryan Russell,jeffreywebb@spencer-richardson.net,36.0,Nigeria,Electronics,2500,1,2025-01-20,Transfer
ORD100046,Amanda Montgomery,davisrachel@james.com,58.0,United States,Home,,1,2026-01-21,card
ORD100047,Philip Hawkins,terry38@yahoo.com,25.0,Ghana,Groceries,499.99,3,2025-07-11,Cash
ORD100048,Peter Lindsey,henry27@gmail.com,,Nigeria,electronics,"1,500",1,2025-12-25,Card
ORD100049,Melinda Avila,wayne75@yahoo.com,60.0,United States,electronics,1200,2,2024-05-02,Card
ORD100050,Daniel Perez,terrellveronica@gmail.com,24.0,United States,electronics,1200,,2025-09-24,Transfer
ORD100051,James Johnson,jonesautumn@yahoo.com,41.0,United States,Groceries,499.99,5,2024-07-04,Cash
ORD100052,Cindy Kelley,christinetucker@yahoo.com,58.0,Ghana,Electronics,500,1,2024-09-28,Card
ORD100053,Melinda Moon,sarahhodges@lee-burton.info,27.0,Nigeria,electronics,499.99,2,,Card
ORD100054,Kara Chase,wwatts@gmail.com,40.0,nigeria,Fashion,,-1,2025-01-29,Card
ORD100055,Adam Joseph,,,Nigeria,Electronics,500,3,2024-08-26,Transfer
ORD100056,Michael Rogers,benjaminchavez@gmail.com,26.0,United States,Groceries,1200,3,2024-05-05,Transfer
ORD100057,Valerie Phelps,michele53@hodge.com,64.0,United States,electronics,,3,2024-07-31,card
ORD100058,Angela Rodriguez,xcastaneda@yahoo.com,34.0,Nigeria,Electronics,,5,2026-01-22,card
ORD100059,Steven Sullivan,amywilson@yahoo.com,27.0,Nigeria,Fashion,500,1,,Cash
ORD100060,Peter Duffy,kmendoza@henderson-fischer.com,,United States,Electronics,500,1,2024-09-10,
ORD100061,Elizabeth Hill,robyn02@rivers-day.net,55.0,United States,Groceries,,1,2025-03-11,Transfer
ORD100062,Michael Parker,,23.0,Nigeria,Fashion,"1,500",3,2025-05-09,Cash
ORD100063,Ann Rodriguez,michael77@gmail.com,47.0,Nigeria,Groceries,"1,500",3,2025-03-04,Cash
ORD100064,Lisa Rogers,nmckee@liu.org,37.0,United States,Home,499.99,1,2025-10-03,
ORD100065,Lisa Shepard,amartinez@gmail.com,61.0,Nigeria,Groceries,500,1,2024-09-14,card
ORD100066,Tammy Robbins,garybarry@hamilton-sims.biz,52.0,United States,Fashion,,1,2024-11-09,card
ORD100067,Thomas Cooper,martinezdaniel@yahoo.com,67.0,Turkey,Groceries,499.99,,2024-07-16,card
ORD100068,James Walker,jerrymcpherson@yahoo.com,41.0,nigeria,Groceries,2500,1,2024-06-01,Transfer
ORD100069,Ann Jenkins,mevans@yahoo.com,60.0,United Kingdom,Groceries,2500,2,2025-12-16,card
ORD100070,Tammy Patterson,rlawson@tate.com,58.0,United Kingdom,Electronics,499.99,5,2024-08-14,Card
ORD100071,Kimberly Arias,mwood@sullivan-boone.com,20.0,Nigeria,Electronics,2500,,2024-10-03,Card
ORD100072,Dominic Nichols,washingtonkatherine@gmail.com,69.0,United States,Fashion,2500,1,2024-03-10,Card
ORD100073,Sarah Higgins,bryantdustin@gmail.com,19.0,Nigeria,Electronics,"1,500",4,2025-06-21,card
ORD100074,Margaret Frazier,kellycassie@gmail.com,57.0,nigeria,Electronics,"1,500",2,2025-11-14,Cash
ORD100075,Justin Washington,youngangela@yahoo.com,,Ghana,electronics,500,1,2024-10-22,
ORD100076,Christopher Hunt,ovasquez@smith-turner.com,21.0,United Kingdom,Electronics,"1,500",1,2025-08-28,Card
ORD100077,Michael Shah,samantha59@williams.org,68.0,Turkey,Electronics,2500,2,2025-09-17,Card
ORD100078,Brian Knight,bfuller@wallace.biz,57.0,United States,Fashion,500,1,2024-07-28,Card
ORD100079,April Evans,moorestephanie@morrison.biz,69.0,USA,Groceries,1200,-1,2024-04-20,Card
ORD100080,Gloria Romero,larryhughes@gmail.com,68.0,United States,Home,2500,5,2024-02-19,card
ORD100081,Julie Anderson,bmurillo@barber-berry.com,18.0,Ghana,Fashion,500,5,2025-02-27,Cash
ORD100082,Matthew Hess,paulwoodward@hughes.info,42.0,nigeria,Fashion,499.99,1,2024-12-20,Card
ORD100083,Henry Olson,justin97@wagner-young.org,38.0,United Kingdom,Fashion,1200,-1,2024-12-14,
ORD100084,Tiffany Alexander,jeffrey21@hotmail.com,24.0,Nigeria,Electronics,2500,3,2025-04-29,card
ORD100085,Robin Patrick,kmoses@yahoo.com,21.0,Ghana,Home,500,1,2025-04-17,Cash
ORD100086,Ralph Gomez,matthew10@bryant-nash.com,26.0,Turkey,Groceries,"1,500",3,,Cash
ORD100087,Joshua Golden,hforbes@yahoo.com,23.0,United Kingdom,Home,"1,500",2,2025-04-16,card
ORD100088,Alicia Thompson,james00@hotmail.com,42.0,United States,Fashion,1200,2,2025-02-22,Cash
ORD100089,Jason Jones,rodney74@hotmail.com,30.0,USA,Electronics,500,1,2024-12-27,Cash
ORD100090,Ryan Barrett,lawrencewood@hotmail.com,30.0,Ghana,Electronics,1200,5,2025-10-27,Card
ORD100091,Nicole Green,lisawalters@hotmail.com,25.0,United Kingdom,Groceries,"1,500",-1,2025-07-07,Cash
ORD100092,Kenneth Wilson,,48.0,Ghana,Electronics,"1,500",5,2024-09-27,Card
ORD100093,Barbara Thomas,bhernandez@davis.com,23.0,Ghana,Fashion,500,1,2025-04-07,Card
ORD100094,Judith Vargas,melissa70@yahoo.com,67.0,Nigeria,Electronics,500,1,2024-06-09,Card
ORD100095,David Russo,frichardson@hotmail.com,31.0,Nigeria,Fashion,499.99,4,2026-02-01,Cash
ORD100096,Manuel Brown,sarahlynn@gmail.com,33.0,Nigeria,electronics,500,5,2026-01-09,Cash
ORD100097,Heather Bryant,harrismichelle@yahoo.com,54.0,Nigeria,electronics,,2,2024-11-06,Transfer
ORD100098,Amanda Bush,webernicholas@rodriguez.com,43.0,Ghana,Fashion,,5,2024-03-01,Transfer
ORD100099,Jacqueline Norman,hannahwells@gonzalez.com,,USA,Electronics,"1,500",3,2024-05-12,Transfer
ORD100100,Charles Freeman,,41.0,Nigeria,Groceries,499.99,3,2025-11-07,
ORD100101,Julie Walton,sean87@johnson-mann.biz,51.0,United States,Groceries,500,2,2024-02-26,Transfer
ORD100102,Ronald Russell,terrellbrendan@richardson.org,40.0,Nigeria,Electronics,500,2,2025-03-08,Card
ORD100103,Brittany Davis,klopez@hotmail.com,38.0,United States,electronics,500,,2025-06-16,Cash
ORD100104,Ronald Porter,michael57@miller-martinez.com,56.0,Nigeria,Groceries,2500,1,2024-06-10,card
ORD100105,Patrick Smith DDS,robertkelly@gmail.com,18.0,Ghana,Groceries,2500,1,2024-06-15,Transfer
ORD100106,Jennifer Osborn,bradleyandre@hotmail.com,42.0,Ghana,Home,2500,3,2024-06-12,
ORD100107,Patrick Ward,brent70@yahoo.com,52.0,United States,Electronics,1200,1,2024-02-29,Cash
ORD100108,Denise Jackson,,55.0,Nigeria,Fashion,499.99,1,2024-11-26,Card
ORD100109,Philip Hubbard,sherri89@reed-sawyer.net,35.0,United States,Groceries,1200,5,2025-02-14,Card
ORD100110,David Farmer,andrewvaldez@mahoney.com,55.0,Nigeria,Fashion,,2,2024-11-13,Card
ORD100111,Patricia Vega,,66.0,nigeria,Groceries,500,5,2024-03-04,Cash
ORD100112,Kyle Greene,ydunn@hotmail.com,,United States,electronics,500,5,2025-04-17,Card
ORD100113,Ann Smith,michelle06@martin.com,,Turkey,Electronics,500,3,2025-06-06,Card
ORD100114,Patrick Robinson,kwood@graham.org,39.0,nigeria,electronics,1200,3,2024-07-26,Transfer
ORD100115,Jennifer Blair,kevinbruce@sosa.net,54.0,Ghana,Electronics,500,2,2025-03-05,Transfer
ORD100116,Patrick Sullivan,dunnscott@jenkins.com,,nigeria,Electronics,500,5,2025-01-03,
ORD100117,Willie Wilson,weeksjessica@collins-kelley.com,28.0,United States,electronics,500,1,2024-08-30,Card
ORD100118,Daniel Hubbard,brookeellis@hotmail.com,30.0,nigeria,Groceries,"1,500",4,2025-06-20,card
ORD100119,Christina Bryant,tinasaunders@jones.biz,,nigeria,Fashion,1200,2,2025-05-08,Card
ORD100120,Shelby Mitchell,robinmiller@vega-booth.biz,64.0,Nigeria,Electronics,1200,1,2025-10-08,Transfer
ORD100121,Jennifer Glover,john36@gmail.com,36.0,United Kingdom,electronics,500,2,2025-07-17,Transfer
ORD100122,Sandra Nelson,glennmcmahon@keller-alexander.net,,United States,Groceries,,2,2025-03-01,Card
ORD100123,Daniel Rivera,george31@gmail.com,53.0,Nigeria,Home,,3,2024-03-25,
ORD100124,Dylan Jones,cody40@johnson.biz,52.0,Nigeria,Fashion,500,1,2025-04-02,card
ORD100125,Edward Jenkins,,52.0,Nigeria,Electronics,500,3,2025-09-21,card
ORD100126,Scott Patterson,wrogers@yahoo.com,19.0,United States,Fashion,,2,2024-04-11,Transfer
ORD100127,Mrs. Toni Caldwell,kingtammy@humphrey.org,48.0,Ghana,Electronics,500,2,2024-12-20,Card
ORD100128,Kimberly Johnson,hwilliams@williams.org,63.0,Nigeria,Fashion,499.99,2,2025-06-11,
ORD100129,Stephanie Brooks,ushelton@gmail.com,47.0,Turkey,Fashion,"1,500",5,2025-03-13,Cash
ORD100130,Heather Barber,steven84@hotmail.com,45.0,Nigeria,Electronics,500,2,2024-03-13,Card
ORD100131,Brett Hansen,victor88@hotmail.com,53.0,Turkey,Groceries,500,1,2024-07-26,Card
ORD100132,William Davis,nstevens@garrison.com,,Turkey,Electronics,500,3,2025-08-03,Card
ORD100133,Nicole Tate,william40@mcconnell.com,,Nigeria,Groceries,500,1,2024-03-05,Transfer
ORD100134,Joseph Krueger,nathan41@yahoo.com,,United Kingdom,Home,499.99,,2026-02-05,Cash
ORD100135,Holly Allen,holdenashley@yahoo.com,,United Kingdom,Electronics,500,2,2025-03-12,Cash
ORD100136,Kelly Woodward,michellewhite@hotmail.com,59.0,United Kingdom,Electronics,1200,1,2025-01-10,
ORD100137,Douglas Fernandez,millerbrianna@hotmail.com,63.0,USA,Home,"1,500",4,2025-03-23,Card
ORD100138,Lisa Benton,josephschaefer@marshall.org,43.0,USA,Electronics,"1,500",1,2024-06-06,Transfer
ORD100139,Nicole Jefferson,kellerlatasha@yahoo.com,59.0,United States,Groceries,2500,3,2025-06-04,Card
ORD100140,Shawn Flores,sarah44@gmail.com,23.0,Ghana,Groceries,"1,500",-1,,Card
ORD100141,Shawn Ramos,donnahoward@roberson-mercado.com,41.0,Nigeria,Fashion,"1,500",5,2025-10-20,
ORD100142,Wanda Johnson,,20.0,Ghana,electronics,500,1,2024-07-06,Card
ORD100143,Patricia Morris,baileyzoe@miller.org,57.0,United Kingdom,Groceries,1200,1,2025-05-28,Card
ORD100144,Joshua Mendoza,zthomas@gmail.com,,nigeria,Fashion,"1,500",2,2025-05-14,Cash
ORD100145,Amy Graham,,39.0,Nigeria,electronics,"1,500",2,2024-11-06,
ORD100146,Sean Smith,,44.0,United States,Home,,4,2025-12-01,card
ORD100147,Keith Frost,mendozamichael@hatfield-orozco.info,,Nigeria,Groceries,1200,5,2025-02-12,Transfer
ORD100148,Megan Hines,,54.0,nigeria,Home,2500,1,2025-09-14,Cash
ORD100149,Jessica Butler,lmartinez@walker.net,54.0,USA,Groceries,2500,2,2025-10-18,Transfer
ORD100150,Angel Mann,,40.0,Nigeria,Electronics,"1,500",3,2025-06-22,card
ORD100151,Sandra Miller,yconrad@gmail.com,51.0,Nigeria,Groceries,1200,4,2024-05-25,Transfer
ORD100152,Andrea Sanchez,robertnichols@yahoo.com,41.0,nigeria,Groceries,499.99,4,2025-07-12,Cash
ORD100153,George Barber,ymcdonald@gmail.com,48.0,United States,Fashion,500,2,2025-01-05,Card
ORD100154,Patricia Lopez,laceygriffin@gmail.com,39.0,Ghana,Groceries,500,3,2025-07-08,card
ORD100155,Willie White,moyeramanda@thomas.com,38.0,USA,Home,"1,500",2,2025-03-24,Cash
ORD100156,Timothy Williams,wongcharles@hotmail.com,60.0,USA,Groceries,500,1,2024-08-13,Card
ORD100157,Patrick Mitchell,iknapp@hotmail.com,36.0,Nigeria,electronics,,1,2024-06-25,Card
ORD100158,Renee Cain,rosslogan@gmail.com,39.0,Ghana,electronics,500,3,2025-02-19,Cash
ORD100159,Steven Stuart,samuel66@gmail.com,61.0,USA,Home,2500,,2024-07-16,Cash
ORD100160,Dana Johnson,,20.0,USA,electronics,1200,2,2024-09-03,Card
ORD100161,Brett Allen,xsimmons@hotmail.com,28.0,United States,Electronics,2500,2,2025-08-26,Cash
ORD100162,Amy Richards,sara41@fowler-munoz.com,40.0,United States,Electronics,500,1,,Cash
ORD100163,Jerry George,sanchezrobert@yahoo.com,21.0,Turkey,Groceries,"1,500",,2025-12-10,Cash
ORD100164,Kristie Peters,curtis03@gmail.com,47.0,Nigeria,Fashion,1200,1,2024-05-12,Cash
ORD100165,Jill Peterson,ldavis@estes-owens.com,33.0,Ghana,Electronics,500,1,2025-12-02,Cash
ORD100166,Jennifer Cardenas,hernandezbrandon@hotmail.com,40.0,Nigeria,Home,,,2025-12-07,card
ORD100167,Mackenzie Jones,elizabethpatrick@holden-salas.info,21.0,Nigeria,Fashion,1200,1,2025-01-09,Card
ORD100168,John Bryant,,62.0,Nigeria,Electronics,500,2,2025-08-29,
ORD100169,Norma Wilson,kimberly45@smith.com,66.0,Ghana,Electronics,500,2,2024-04-26,Transfer
ORD100170,Samantha Mercado MD,christopheredwards@elliott.com,50.0,Turkey,Fashion,"1,500",1,2024-09-09,Card
ORD100171,Raymond Tucker,katelyn80@travis.net,62.0,USA,electronics,"1,500",1,2025-10-05,
ORD100172,Shane Garza,barnettstephen@taylor.com,35.0,Nigeria,Electronics,"1,500",5,2024-07-23,Card
ORD100173,Ernest Hernandez,,25.0,Nigeria,Home,"1,500",2,2024-10-08,Card
ORD100174,David Armstrong,robertnguyen@hotmail.com,,United States,Fashion,500,1,2024-03-27,card
ORD100175,Kevin Brown DVM,,,United Kingdom,electronics,"1,500",4,2024-12-19,Cash
ORD100176,Bryan Schmitt,ugraves@hawkins.net,69.0,Turkey,Home,1200,1,2024-03-01,Card
ORD100177,Tiffany Hopkins,hamiltonloretta@yahoo.com,58.0,United States,Electronics,,2,2025-01-31,Card
ORD100178,Larry Floyd,scottshawn@brown.net,39.0,nigeria,electronics,1200,2,2025-06-07,Transfer
ORD100179,David Freeman,manningmadeline@williams.info,42.0,Nigeria,Fashion,499.99,2,2025-07-14,Cash
ORD100180,Jennifer Baker,jamessimmons@yahoo.com,39.0,United States,electronics,,,2025-01-04,Cash
ORD100181,Ronald Romero,jessicaadams@hotmail.com,33.0,Nigeria,Groceries,499.99,,2025-02-26,Transfer
ORD100182,Jose Edwards,wagnersteven@george-campbell.com,33.0,USA,Electronics,2500,4,2024-03-17,Card
ORD100183,Cindy Marshall,bridgesjacqueline@hotmail.com,26.0,USA,electronics,1200,2,2024-10-03,card
ORD100184,Robert Rodriguez,egreen@flores.com,20.0,United Kingdom,Groceries,499.99,4,2025-11-05,Transfer
ORD100185,Nathan Durham,rubiobrian@nguyen-williams.com,26.0,nigeria,Groceries,2500,3,2026-02-13,Transfer
ORD100186,Tonya Neal,robertsnathan@yahoo.com,31.0,United States,electronics,1200,,2025-08-30,Cash
ORD100187,Casey Payne,daniel35@gmail.com,,USA,electronics,2500,1,2024-04-10,Cash
ORD100188,Jennifer Hamilton,nichole17@yahoo.com,64.0,Turkey,Home,2500,4,2024-08-24,Cash
ORD100189,Brittany Meyer,todd41@evans-mendoza.com,25.0,United States,Home,1200,4,2025-04-27,Cash
ORD100190,David Perez,gbarton@yahoo.com,42.0,United States,Fashion,1200,1,2024-06-06,Cash
ORD100191,Phyllis Vasquez,campbellwilliam@gmail.com,57.0,United Kingdom,Fashion,,1,2024-12-31,Transfer
ORD100192,Eric Mejia,pooleamanda@ferguson-sanchez.com,37.0,Nigeria,Electronics,499.99,1,2024-10-11,Cash
ORD100193,Nicole Cherry,chris53@butler-fernandez.com,52.0,United States,Groceries,2500,,2026-01-07,Card
ORD100194,Daniel Reese,villarrealjames@sullivan.net,19.0,Nigeria,electronics,499.99,3,2025-02-16,Card
ORD100195,Paul Mcdaniel,floreschristine@ross-perez.biz,60.0,United States,Home,"1,500",2,2024-06-10,Cash
ORD100196,Jessica Richardson,gwallace@yahoo.com,37.0,USA,Groceries,500,4,2024-07-21,Cash
ORD100197,Steven Walker,kathleen99@fischer.com,39.0,United States,Electronics,500,5,2026-02-16,
ORD100198,Katelyn Miller,patrick28@gmail.com,62.0,Turkey,Electronics,500,1,2024-08-08,Card
ORD100199,Christopher Smith,francissamuel@yahoo.com,25.0,Nigeria,Groceries,499.99,3,2024-08-12,Cash
ORD100200,Jessica Schroeder,david28@hotmail.com,,Nigeria,Electronics,500,3,2025-05-15,
ORD100201,Lisa Oneill,,36.0,Nigeria,Groceries,1200,2,2025-08-03,Card
ORD100202,Willie Blackburn,mhenderson@smith.biz,61.0,Turkey,Electronics,"1,500",1,2024-04-06,Cash
ORD100203,David Fisher,troyhardin@thompson.com,59.0,Nigeria,electronics,1200,-1,2024-05-25,
ORD100204,Mr. Randy Hughes,xwilson@yahoo.com,25.0,Nigeria,electronics,2500,1,2025-08-17,card
ORD100205,Michael Campbell,isaiahrice@clark-cook.org,33.0,Turkey,Groceries,,-1,2025-01-14,Card
ORD100206,John Morrison,alexisrivera@white-hernandez.com,54.0,United States,Groceries,2500,2,2025-10-05,Transfer
ORD100207,Christopher Davis,james96@gmail.com,25.0,Nigeria,Groceries,1200,4,,Card
ORD100208,Michael Kelly,gabriellaschmidt@gmail.com,44.0,United States,Electronics,,2,2024-03-12,
ORD100209,Lisa Soto,lhensley@sanchez-morris.net,60.0,Nigeria,Home,,2,2025-07-19,Transfer
ORD100210,Alexander May,kross@butler.org,65.0,Ghana,Electronics,500,1,2025-12-08,
ORD100211,Mary Blackburn,steincharles@harper.com,39.0,United States,electronics,2500,1,2026-02-07,Transfer
ORD100212,Bryan Brown,brownchristopher@rios.com,64.0,USA,Groceries,2500,2,2024-02-21,Card
ORD100213,Melissa Day,ntaylor@gmail.com,,Ghana,Groceries,2500,2,2025-09-08,Cash
ORD100214,Jacqueline Simpson,,29.0,Nigeria,Fashion,499.99,1,2025-07-08,card
ORD100215,Lori Ferguson,kimberlywang@hotmail.com,41.0,United Kingdom,Home,1200,,2025-02-27,card
ORD100216,William Clark,arnoldlinda@yahoo.com,57.0,nigeria,Fashion,499.99,1,2025-07-28,card
ORD100217,Stephen Thomas,kgonzales@yahoo.com,66.0,nigeria,Electronics,500,1,2024-11-25,Card
ORD100218,Leslie Morgan,keyherbert@harper.com,46.0,Ghana,electronics,"1,500",2,2024-12-05,Card
ORD100219,Bobby Rose,amy49@yahoo.com,39.0,nigeria,Fashion,500,2,2025-06-21,card
ORD100220,Brandi Le,lthompson@yahoo.com,20.0,Nigeria,Electronics,499.99,2,2024-08-07,Card
ORD100221,Eugene Sanchez,kingandre@macias.org,42.0,Nigeria,Home,1200,4,2025-09-01,Cash
ORD100222,Ryan Orozco,john88@rose.biz,38.0,Turkey,Electronics,"1,500",2,2025-03-06,Transfer
ORD100223,Rhonda Dodson,qfisher@gmail.com,53.0,Turkey,Groceries,500,3,2025-11-19,Card
ORD100224,Brett Luna,goldenlori@yahoo.com,34.0,United States,Groceries,1200,4,2025-02-16,Transfer
ORD100225,Miss Christina Martin,ediaz@yahoo.com,20.0,United Kingdom,Electronics,500,-1,2024-08-21,Card
ORD100226,Sarah Hayes,osbornekaren@hotmail.com,18.0,Ghana,Groceries,500,1,2025-11-13,Cash
ORD100227,Jonathan Cardenas,reynoldsdebra@hotmail.com,36.0,USA,electronics,2500,1,2025-04-20,Cash
ORD100228,Mary Cox,rhondajackson@gmail.com,,United States,Fashion,499.99,1,2024-07-28,Card
ORD100229,Melissa Cox,xlam@reese.com,45.0,Turkey,Electronics,1200,-1,2025-04-08,card
ORD100230,Darryl Perez,mchang@yahoo.com,61.0,nigeria,Electronics,500,3,2025-09-10,Card
ORD100231,Heather Oliver,millsmatthew@yahoo.com,39.0,United States,Home,499.99,1,2025-08-14,Transfer
ORD100232,Jill Johnson,valenciajoe@gmail.com,52.0,Nigeria,Groceries,1200,5,2024-03-16,Card
ORD100233,Michael Jackson,keydavid@gmail.com,59.0,Turkey,Electronics,2500,1,2024-11-15,Cash
ORD100234,Nicole Bradford,frandall@mullins.com,42.0,USA,electronics,"1,500",1,2026-01-06,Cash
ORD100235,Brian Mendoza,kimberly02@shaffer-davidson.org,31.0,Nigeria,Electronics,500,1,,Card
ORD100236,Brittany Ward,mjohnson@gmail.com,47.0,USA,Home,2500,2,2025-06-08,Card
ORD100237,Joseph Rodriguez,zwilliams@levine.info,,Nigeria,Fashion,2500,4,2025-11-29,Transfer
ORD100238,Ryan Austin,leekevin@wang.com,40.0,Turkey,Electronics,"1,500",4,2024-03-29,card
ORD100239,Samantha Graham,cynthiapage@hotmail.com,44.0,USA,Groceries,2500,4,2025-04-27,card
ORD100240,Melissa Peterson,elizabethclark@raymond-clark.biz,19.0,USA,Home,499.99,5,2024-04-18,card
ORD100241,Destiny Peterson,stephanieprice@martinez.net,41.0,Nigeria,Fashion,"1,500",2,2024-06-04,Card
ORD100242,Nicole Snyder,gomezthomas@hotmail.com,47.0,USA,Electronics,499.99,1,2025-03-16,Transfer
ORD100243,David Koch,chogan@nguyen-perez.info,35.0,Turkey,Electronics,1200,3,2026-01-30,card
ORD100244,Steven Clark,john64@gmail.com,69.0,nigeria,Groceries,,1,2025-11-08,card
ORD100245,James Peterson,burtonkathleen@hotmail.com,25.0,United Kingdom,Electronics,499.99,,2024-02-26,Cash
ORD100246,Jacob Howell,stacey18@gmail.com,45.0,Nigeria,Groceries,"1,500",-1,2025-09-12,
ORD100247,Jason Smith,alisondodson@pacheco.com,,United Kingdom,Fashion,500,2,2025-12-22,Card
ORD100248,David Andrews,paulamoore@gmail.com,,Turkey,Electronics,2500,3,2026-01-28,Cash
ORD100249,Dawn Bates,mcortez@hotmail.com,44.0,Ghana,Home,2500,5,2024-02-21,Card
ORD100250,Melinda Cooper,edward80@yahoo.com,50.0,United States,Fashion,"1,500",3,2024-08-19,
ORD100251,Anita Adams,,56.0,nigeria,Home,1200,-1,2026-02-02,Cash
ORD100252,Charles Singleton,nancywilliams@gmail.com,63.0,Turkey,Home,,,2026-02-11,Transfer
ORD100253,Danielle Beard,petersmatthew@anderson.com,55.0,Ghana,Groceries,500,3,2025-02-18,Card
ORD100254,Benjamin Olson,,61.0,Turkey,Electronics,,2,2025-09-12,card
ORD100255,Olivia Gonzales,kimberlyspencer@gmail.com,18.0,nigeria,Electronics,,2,,
ORD100256,Ashley Jackson,alandavila@yahoo.com,49.0,nigeria,Electronics,"1,500",1,2025-04-30,Cash
ORD100257,Samuel Dennis,ujordan@dawson-maxwell.com,58.0,Nigeria,Fashion,500,-1,2025-11-25,Cash
ORD100258,Christopher Nelson,jeffreymoreno@yahoo.com,41.0,Ghana,Fashion,"1,500",4,2026-01-01,Card
ORD100259,Mrs. Jacqueline Arnold,huffmanleah@yahoo.com,43.0,Ghana,Electronics,2500,1,2024-10-19,Cash
ORD100260,Alexander Lewis,hallteresa@gmail.com,42.0,United States,Electronics,2500,1,2024-04-02,Card
ORD100261,Ana Mckee,stokesjohn@sharp.net,,Nigeria,Home,499.99,2,2024-07-17,
ORD100262,Diana Gonzales,,,Nigeria,electronics,"1,500",,2024-08-02,Transfer
ORD100263,Lauren Huff,iboyd@gmail.com,37.0,Turkey,Home,500,,2024-05-19,Card
ORD100264,Johnathan Thomas,carrbenjamin@morgan-peck.com,21.0,United States,Home,,,2025-10-13,Cash
ORD100265,Anne White,mcdonaldcaitlin@contreras-smith.com,,Nigeria,Electronics,500,2,2025-11-28,Transfer
ORD100266,Christopher Hill,jamesjames@gmail.com,66.0,Nigeria,Electronics,499.99,2,2025-07-09,Card
ORD100267,Jay Patterson,ginawilson@gmail.com,68.0,Ghana,Home,1200,5,2024-07-18,Card
ORD100268,Johnny Moreno,robin31@rowland.info,65.0,nigeria,Fashion,,2,,Cash
ORD100269,Caitlin Evans,wolfemary@yahoo.com,64.0,United Kingdom,Groceries,500,4,2025-10-19,Card
ORD100270,Sarah Saunders,candace81@thomas.com,45.0,nigeria,Fashion,1200,1,2024-05-27,Cash
ORD100271,Kathleen Franco,,60.0,Turkey,electronics,500,3,2025-08-29,Cash
ORD100272,Matthew Johnson,davidlee@yahoo.com,67.0,USA,Electronics,500,,2025-12-22,Card
ORD100273,Thomas Fletcher,brucesean@yahoo.com,44.0,Nigeria,Fashion,"1,500",,,card
ORD100274,Miguel Jacobs,xhodges@hernandez-powell.com,32.0,Turkey,electronics,500,5,2024-11-07,Card
ORD100275,Kelly Mason,wardana@gmail.com,41.0,Nigeria,Groceries,,1,2025-06-13,Card
ORD100276,Eric Ingram,cory60@malone.com,,Nigeria,electronics,"1,500",1,2024-08-18,Transfer
ORD100277,Monica Kaiser DDS,nbrooks@yahoo.com,25.0,Nigeria,Electronics,500,2,2024-09-13,Transfer
ORD100278,Amanda Wheeler,joserivera@gmail.com,24.0,Turkey,Groceries,2500,2,2024-02-28,Transfer
ORD100279,Jasmine Montgomery,lingram@fuller-clark.info,60.0,Nigeria,Electronics,499.99,-1,2025-12-19,
ORD100280,Courtney Mendoza,xmurray@hernandez.org,20.0,United States,Groceries,,1,2025-08-01,Card
ORD100281,Sarah Benitez,carlajohnson@hotmail.com,37.0,Nigeria,Groceries,"1,500",2,2024-09-10,
ORD100282,Deborah Morgan,clarkarthur@gmail.com,30.0,Turkey,Groceries,2500,4,2025-08-28,card
ORD100283,Joan Davis,,30.0,Ghana,electronics,500,1,2025-03-23,Cash
ORD100284,Ryan Ray,tperez@yahoo.com,46.0,Nigeria,Groceries,1200,1,2024-06-05,Cash
ORD100285,Anthony Reyes,michael42@ellis-ramsey.org,64.0,USA,Electronics,,-1,2025-06-19,Card
ORD100286,Nicole Baxter,zdiaz@anderson-roach.com,44.0,Nigeria,Groceries,500,1,2024-11-01,Card
ORD100287,Kimberly Valencia,sharon20@hotmail.com,42.0,United States,Fashion,500,3,2025-01-05,Transfer
ORD100288,Taylor Allen,cummingseddie@yahoo.com,66.0,Nigeria,Electronics,2500,5,2025-08-28,Cash
ORD100289,Julie Harrington,ihall@pham-wright.net,35.0,Nigeria,Fashion,499.99,2,2024-07-31,Cash
ORD100290,Melissa Hansen,vespinoza@gmail.com,20.0,United States,electronics,"1,500",5,2025-01-20,Card
ORD100291,John Price,gfreeman@yahoo.com,68.0,Nigeria,Groceries,"1,500",5,2024-05-17,card
ORD100292,Bradley Miller,,64.0,Nigeria,Fashion,1200,4,2024-06-28,Cash
ORD100293,Caitlin Howe,,18.0,United Kingdom,electronics,500,,2024-09-05,
ORD100294,Samuel Guerra,nancyvasquez@yahoo.com,66.0,Ghana,Home,500,3,2024-07-16,
ORD100295,Christopher Hoffman,samanthasawyer@wright.com,31.0,USA,Fashion,500,4,2025-10-17,Card
ORD100296,Christine Wright,kathleengould@hotmail.com,47.0,USA,Electronics,,2,2024-06-08,Card
ORD100297,John Suarez,kristen19@bowers.info,42.0,Nigeria,Electronics,500,3,2025-07-20,card
ORD100298,Amanda Chambers,deborahyoung@yahoo.com,37.0,United Kingdom,Groceries,,,2024-07-04,Card
ORD100299,Laura Jones,anthonyashley@parker-walls.com,60.0,Ghana,Fashion,1200,-1,2024-05-30,card
ORD100300,Anthony Cooper II,vrobinson@yahoo.com,33.0,Nigeria,Electronics,1200,2,2024-09-23,Cash
ORD100301,Christina Leonard,danielglass@gonzalez.info,40.0,Turkey,Electronics,499.99,4,2024-11-25,card
ORD100302,Alvin Terrell,,38.0,United States,electronics,1200,1,2025-02-14,
ORD100303,Sherry Mccoy DVM,theresascott@hotmail.com,21.0,Ghana,Home,2500,3,2025-09-24,card
ORD100304,Mike Wong,,67.0,United States,Fashion,500,3,2024-10-26,Transfer
ORD100305,Jacob Gross,nobletracy@yahoo.com,29.0,Nigeria,Home,"1,500",,2025-12-25,Card
ORD100306,Troy Pierce,shannonsmith@wells.com,,United Kingdom,electronics,500,1,2025-10-13,Card
ORD100307,Heather Vega,goldensarah@gray.org,,Ghana,electronics,1200,5,2024-02-21,Transfer
ORD100308,Laurie Hill,eric11@yahoo.com,28.0,USA,Electronics,500,2,2026-02-17,Transfer
ORD100309,Michelle Brooks,fsilva@gmail.com,27.0,United Kingdom,Electronics,2500,2,2025-08-10,
ORD100310,Felicia Norris,georgesnyder@williamson.com,,nigeria,electronics,,3,2025-08-31,Cash
ORD100311,Jennifer Johnson,lhansen@yahoo.com,32.0,USA,Groceries,500,,2025-05-01,Transfer
ORD100312,Eric Smith,michaelwashington@mcmahon.info,60.0,Nigeria,Electronics,"1,500",5,2024-10-27,Cash
ORD100313,Ashley Meyer,mcmahonnatalie@holmes.com,63.0,Turkey,Fashion,,1,2024-02-26,Transfer
ORD100314,Jill Lyons,smaxwell@bell.biz,38.0,United States,Groceries,500,,2025-08-22,Card
ORD100315,Jackie Castillo,hillnancy@gmail.com,55.0,United States,Groceries,500,2,2025-02-13,Card
ORD100316,Casey Warner,blackheather@hotmail.com,67.0,United States,Groceries,500,1,2025-12-18,Transfer
ORD100317,Samantha Mcdaniel,rickyjackson@potter.com,34.0,United Kingdom,Home,"1,500",4,2024-12-24,Cash
ORD100318,Tina Fletcher,anthony77@robinson.org,68.0,nigeria,Groceries,"1,500",3,2024-09-09,Card
ORD100319,Patricia Jackson,joshuaclark@harris.com,38.0,Nigeria,electronics,499.99,,2024-10-28,Card
ORD100320,Mike Whitaker,tammy86@gmail.com,68.0,United Kingdom,Electronics,"1,500",2,2025-05-31,Transfer
ORD100321,James Gutierrez,jamie17@rogers-lawson.com,18.0,Turkey,Home,1200,1,2024-04-27,Cash
ORD100322,William Green,moralessarah@young-stevenson.com,50.0,Ghana,Electronics,500,1,2025-04-23,Cash
ORD100323,Karen Ward,jimmelendez@pearson.org,21.0,Nigeria,electronics,2500,2,2025-04-18,Card
ORD100324,Aaron Johnson,amandawilson@gallagher.com,28.0,USA,Electronics,,3,2024-07-21,Cash
ORD100325,Michele Reid,colemantodd@martinez.biz,35.0,Nigeria,Electronics,1200,4,2024-05-07,card
ORD100326,Cesar Henderson,cmoses@gmail.com,30.0,United Kingdom,Electronics,499.99,3,2024-02-28,card
ORD100327,Richard Miller,ghernandez@mitchell.com,65.0,United Kingdom,Home,1200,1,2025-10-12,Cash
ORD100328,William Burnett,jesusmorales@gmail.com,42.0,United Kingdom,Groceries,500,1,2025-05-21,Card
ORD100329,Scott Flores,ashley07@phillips.biz,63.0,USA,Groceries,500,2,2024-05-09,card
ORD100330,Michael Rodriguez,livingstonamy@wright-fernandez.com,27.0,USA,Electronics,,2,2025-01-03,Card
ORD100331,Samantha Brown,omclean@hotmail.com,51.0,Nigeria,Groceries,500,1,2025-11-10,Transfer
ORD100332,Frank Wise,,41.0,Turkey,electronics,499.99,1,2025-07-29,Transfer
ORD100333,Lucas Williams,nicoleoliver@arnold.org,22.0,Turkey,Home,499.99,4,2025-02-15,Card
ORD100334,Nancy Smith,,61.0,United States,Groceries,500,4,2025-07-11,Cash
ORD100335,Raymond Cobb,moorejesse@davis.info,21.0,United Kingdom,Electronics,500,5,2025-06-04,card
ORD100336,Shannon Ramos,,21.0,Nigeria,Electronics,1200,1,2025-09-13,Transfer
ORD100337,John Flynn,pamela85@gmail.com,41.0,United States,Groceries,,2,2025-12-18,Card
ORD100338,Preston Castro,marcuscase@gmail.com,35.0,United States,Groceries,"1,500",1,2024-06-28,Card
ORD100339,Michelle Clark,joseph49@warren.com,34.0,Turkey,Fashion,1200,,2024-10-30,Cash
ORD100340,Christopher Davis,cmeyers@cox.net,46.0,Ghana,Fashion,,4,2024-08-18,Card
ORD100341,Kevin Diaz,michael93@yahoo.com,60.0,USA,Electronics,"1,500",4,2026-01-04,
ORD100342,Stacey Curtis,joshuagibbs@hotmail.com,30.0,Turkey,Groceries,"1,500",2,2024-08-16,Cash
ORD100343,Nicole Velez,rbarton@davis.com,22.0,Turkey,Home,500,1,2025-04-01,Cash
ORD100344,Steven Sexton,dchan@gmail.com,65.0,USA,Electronics,500,,2025-07-18,Cash
ORD100345,Dawn Kim,dparsons@yahoo.com,19.0,United States,Groceries,1200,3,2024-03-17,card
ORD100346,Hannah Solis DDS,abigail26@allison.net,21.0,United States,Groceries,500,,2024-12-16,Transfer
ORD100347,Ronald Kramer,adamspatricia@yahoo.com,,Nigeria,Home,,2,2024-09-09,
ORD100348,Stacie Vincent,justinspencer@gmail.com,38.0,Nigeria,Groceries,1200,5,2025-08-11,Transfer
ORD100349,John Parrish,tiffanymatthews@hotmail.com,58.0,Turkey,Home,"1,500",2,2025-12-30,Card
ORD100350,Patrick Villegas,rogersdavid@ortiz.com,54.0,United Kingdom,Home,2500,3,2025-04-04,Cash
ORD100351,David Robertson,,,Turkey,Home,2500,2,2024-03-19,Card
ORD100352,Derrick Powers,shawnjohnson@gill.info,21.0,United States,Groceries,500,2,,card
ORD100353,Francisco Neal DDS,toni70@ward-bryant.net,29.0,Nigeria,Home,1200,2,2024-07-05,Transfer
ORD100354,Anthony Dunn,katherine04@mendoza.com,63.0,Nigeria,Home,499.99,,2024-05-24,Cash
ORD100355,Rebecca Rodriguez,markfrazier@jones.com,53.0,USA,Electronics,499.99,-1,2025-01-24,Cash
ORD100356,Victor Woods,joshua44@bailey-wood.info,23.0,Turkey,Groceries,500,,2024-03-12,Cash
ORD100357,Timothy Reed,caintimothy@wells.com,21.0,Nigeria,Fashion,500,1,2024-07-16,Cash
ORD100358,Eric Thompson,warnold@gmail.com,22.0,Ghana,Fashion,1200,1,2024-05-18,
ORD100359,Tracy Cabrera,lopezandrew@gmail.com,52.0,Nigeria,electronics,"1,500",5,2025-11-29,Card
ORD100360,Daniel Henry,chavezkelly@yahoo.com,38.0,Ghana,Electronics,499.99,1,2025-03-15,Card
ORD100361,Kevin Morris,loweashley@harper.info,29.0,United Kingdom,Fashion,"1,500",2,2024-12-31,card
ORD100362,Travis Haley,nicholsjeffrey@hotmail.com,19.0,United States,Fashion,499.99,5,,card
ORD100363,William Williams,millergabriela@sanchez.info,37.0,nigeria,Fashion,2500,3,2025-08-23,card
ORD100364,Bradley Williams,erika90@yahoo.com,,Nigeria,Home,500,5,2025-07-05,Transfer
ORD100365,Patrick Schultz,hicksashley@gmail.com,44.0,Nigeria,Groceries,500,2,,Transfer
ORD100366,James Torres,aliciaadams@moore-davis.biz,27.0,Turkey,Fashion,499.99,2,2025-02-18,Cash
ORD100367,Thomas Fuller,leslie08@klein.com,30.0,nigeria,Groceries,1200,-1,2024-10-02,Cash
ORD100368,Scott Jones,dlopez@yahoo.com,21.0,United Kingdom,Groceries,500,3,2025-11-29,Transfer
ORD100369,Melissa Morse,kylegonzales@hotmail.com,,Nigeria,Electronics,499.99,2,2025-08-10,Card
ORD100370,Michael Hill,williamsphilip@davis.net,41.0,United Kingdom,Fashion,"1,500",2,2025-01-11,
ORD100371,Emily Harding,anthony46@thomas-miller.biz,57.0,Nigeria,electronics,1200,4,2024-09-01,card
ORD100372,Duane Williams,morganronnie@hotmail.com,20.0,United States,Electronics,500,4,2025-01-04,card
ORD100373,Danielle Hill,,48.0,United States,electronics,2500,1,2025-11-15,Cash
ORD100374,Jennifer Morris,davisbeth@kramer.com,34.0,Nigeria,Electronics,500,,2025-08-11,Transfer
ORD100375,Elizabeth Henry,johnsonray@gmail.com,55.0,Turkey,electronics,2500,-1,2025-10-03,Cash
ORD100376,John Rubio,richard26@hotmail.com,57.0,USA,Groceries,,2,2026-02-15,card
ORD100377,Kimberly Watkins,jennifercruz@yahoo.com,62.0,Nigeria,Groceries,499.99,1,2025-11-20,Card
ORD100378,Christina Booth,brittany85@leonard.com,61.0,nigeria,electronics,1200,-1,2024-04-10,Transfer
ORD100379,Joseph Reed,marc75@johnson-bailey.com,34.0,Nigeria,Electronics,1200,2,2024-05-22,Card
ORD100380,Charles Huynh,ann64@gmail.com,47.0,Turkey,Electronics,499.99,3,2024-07-17,
ORD100381,Jeremy Carlson,anna65@walker.biz,24.0,nigeria,Home,"1,500",1,2025-09-17,
ORD100382,Benjamin Riley,omorris@zavala.com,54.0,United States,Electronics,1200,1,2024-04-26,Transfer
ORD100383,Tony Carrillo,conwaydenise@hotmail.com,48.0,nigeria,Groceries,1200,2,2025-02-08,Card
ORD100384,Juan Foster,shawjohn@dixon.com,20.0,USA,Home,,4,2024-08-27,Transfer
ORD100385,Mary Rodriguez,iweaver@goodman.com,56.0,United States,Fashion,"1,500",5,2024-06-02,Cash
ORD100386,Erica Thompson,sanchezvincent@hotmail.com,40.0,United Kingdom,Home,"1,500",2,2024-10-26,
ORD100387,Mr. Joshua Harrison,gvalentine@ramirez-benson.com,47.0,USA,electronics,"1,500",4,2025-01-03,card
ORD100388,Eric Choi,aaronlee@perez-becker.com,41.0,Ghana,Electronics,1200,4,,Transfer
ORD100389,Carolyn Powers,christine39@long-garcia.biz,22.0,Turkey,Groceries,499.99,4,2024-02-23,card
ORD100390,Cassandra Williams,ericcruz@hayden.biz,64.0,Turkey,Electronics,1200,1,2024-05-08,Transfer
ORD100391,Eric Pierce,john78@todd.com,52.0,United Kingdom,electronics,1200,5,2024-09-16,Cash
ORD100392,Pamela Hanna,bgutierrez@adams.com,59.0,United Kingdom,electronics,499.99,2,2024-10-09,Cash
ORD100393,Kenneth Acosta,khenry@johnson.com,64.0,Nigeria,Home,499.99,5,2024-07-29,Cash
ORD100394,Dr. Amanda Collins DDS,chaveztaylor@gmail.com,36.0,nigeria,Electronics,499.99,4,2024-08-12,Card
ORD100395,Michael Kim,lbolton@kirk-shaw.com,64.0,United Kingdom,Fashion,499.99,-1,2024-12-05,Card
ORD100396,Kevin Kelly,perrycharles@hotmail.com,68.0,Ghana,Fashion,500,1,2025-09-18,
ORD100397,Sara Kelley,llambert@parker.com,26.0,Nigeria,Groceries,1200,2,2025-01-18,Card
ORD100398,Andrew Malone,johnjacobson@gmail.com,69.0,Turkey,Groceries,"1,500",,2024-11-03,Cash
ORD100399,Samantha Smith,jennifer48@gmail.com,41.0,Nigeria,Electronics,1200,1,2025-08-11,Cash
ORD100400,Robin Lee,myoung@gmail.com,28.0,United States,Electronics,2500,3,2024-07-16,Card
ORD100401,Christine Wolf,mburgess@jackson.com,57.0,Nigeria,Electronics,1200,1,2024-08-14,Card
ORD100402,Shawn Gutierrez,hamiltonkimberly@yahoo.com,33.0,USA,Home,1200,1,2025-04-30,
ORD100403,Samuel Lopez,richardfuentes@hawkins-murray.info,33.0,Turkey,electronics,,2,2025-02-10,Card
ORD100404,Michael Powers,jamesrodriguez@gmail.com,48.0,United States,Electronics,"1,500",2,2026-02-08,Cash
ORD100405,Tonya Lane,jeffrey13@gmail.com,65.0,United Kingdom,Home,,,2025-12-18,Transfer
ORD100406,Cameron Terrell,geraldschwartz@dixon.info,52.0,United States,Electronics,1200,2,2024-11-03,card
ORD100407,Jesse Mcgee,laurenbrown@gmail.com,57.0,Nigeria,Electronics,499.99,2,2024-12-04,Card
ORD100408,Barbara Robinson,christopher94@guzman.com,68.0,United States,Groceries,2500,3,2025-09-18,card
ORD100409,James Moreno,jason57@thompson.org,26.0,United Kingdom,Home,2500,1,2024-12-25,Transfer
ORD100410,Terri Garner,hubbardjennifer@johnson-lopez.com,34.0,United States,Electronics,2500,1,2024-11-15,Card
ORD100411,Teresa Shaw,jeffreyreid@hotmail.com,28.0,USA,Electronics,"1,500",,2024-12-12,card
ORD100412,Jennifer Schneider,sarah43@yahoo.com,34.0,Ghana,Home,499.99,5,2024-08-24,Card
ORD100413,Ryan Soto,alexander76@gmail.com,19.0,United States,Electronics,"1,500",,2024-08-30,Cash
ORD100414,Joy Harrison,kyates@hotmail.com,36.0,Ghana,electronics,500,1,2026-02-04,Transfer
ORD100415,Joshua Glover,robert51@yahoo.com,49.0,nigeria,electronics,499.99,,2024-04-06,Cash
ORD100416,Sarah Andrews,vschwartz@fowler.com,58.0,USA,Fashion,500,5,2026-01-17,Transfer
ORD100417,Jennifer Rice PhD,aho@gmail.com,33.0,United States,Groceries,499.99,3,2025-07-19,Card
ORD100418,Christopher Thompson,patricia14@yahoo.com,27.0,Nigeria,Fashion,499.99,,2024-12-06,Cash
ORD100419,John Henderson,simsanita@gmail.com,35.0,United States,Home,2500,,2026-01-21,Cash
ORD100420,Sarah Garner,orosales@yahoo.com,63.0,nigeria,Electronics,500,,2025-05-29,Cash
ORD100421,Matthew Harvey,rogerzamora@thompson.com,56.0,Ghana,Electronics,,1,2025-11-11,
ORD100422,Lisa Miller,crichardson@garcia-davis.com,36.0,USA,Groceries,500,3,2024-11-07,Transfer
ORD100423,Emily Fisher,jameswu@clark.net,66.0,nigeria,Fashion,2500,,2024-09-17,
ORD100424,Kimberly Dixon,jsanchez@sutton.com,68.0,Nigeria,electronics,500,2,2025-10-19,Card
ORD100425,Brooke Harmon,granthaas@robinson.org,42.0,United States,Home,499.99,5,2024-07-16,Card
ORD100426,Kelly Sims,,,nigeria,Fashion,1200,3,2025-02-03,card
ORD100427,Traci Rose,ashleybryant@martinez.com,53.0,USA,electronics,,3,2025-07-11,Card
ORD100428,Mathew Butler,fbright@gmail.com,42.0,Nigeria,Groceries,500,3,2025-08-27,Card
ORD100429,Caitlin Williams,pgreen@gmail.com,31.0,Nigeria,electronics,,1,2024-05-13,Transfer
ORD100430,Ashley Flores,kramervictoria@yahoo.com,38.0,United States,Home,499.99,1,2026-02-15,card
ORD100431,Michael Turner,agarcia@yahoo.com,60.0,United States,Groceries,500,1,2024-11-02,card
ORD100432,Debra Smith,taylorwillie@yahoo.com,25.0,Ghana,Fashion,500,5,,card
ORD100433,Kerry Garcia,stevenkrause@gmail.com,60.0,USA,Groceries,500,1,2024-08-09,
ORD100434,Patricia Martinez,cohendavid@gmail.com,50.0,Nigeria,Groceries,"1,500",1,2024-04-06,Transfer
ORD100435,Leslie Luna,wallerhannah@hotmail.com,63.0,Turkey,electronics,"1,500",2,2025-10-15,
ORD100436,Karen Gray,nschaefer@harper-jordan.org,57.0,Turkey,Home,"1,500",4,2024-04-29,Card
ORD100437,Robert Smith,harrelljustin@hotmail.com,45.0,Nigeria,Fashion,2500,2,2024-06-23,Cash
ORD100438,Daniel Garrison,jsweeney@yahoo.com,34.0,Nigeria,electronics,,4,2024-10-29,Card
ORD100439,Sharon Faulkner,michael65@wu-burnett.com,54.0,United Kingdom,electronics,499.99,5,2024-08-25,Cash
ORD100440,Charles Smith,danielshort@hotmail.com,49.0,Nigeria,Electronics,1200,2,2025-12-26,Transfer
ORD100441,Jeffrey Mclaughlin,kfisher@walker.info,,Nigeria,Electronics,500,5,2024-02-29,Transfer
ORD100442,Edwin Barajas,danielwelch@dean-murillo.org,22.0,nigeria,electronics,500,2,2024-07-13,card
ORD100443,Matthew Carter,zjones@gmail.com,55.0,United States,Electronics,"1,500",2,2024-02-23,Cash
ORD100444,William Rowland,garciapatricia@yahoo.com,39.0,Ghana,Groceries,1200,,2025-06-14,Cash
ORD100445,Robert Brooks,rgarcia@hotmail.com,32.0,USA,Fashion,500,4,2026-02-09,Transfer
ORD100446,Tony Nguyen,annarichardson@gmail.com,30.0,United States,Groceries,1200,5,2024-03-19,Card
ORD100447,Danielle Jones,teresagonzalez@white-bond.com,69.0,Nigeria,electronics,"1,500",,2024-05-03,card
ORD100448,Raymond Wood,ebony03@hotmail.com,24.0,United States,Groceries,"1,500",2,2026-02-05,Card
ORD100449,Garrett Farrell,taylormatthew@yahoo.com,32.0,United States,Fashion,,1,2024-10-12,Card
ORD100450,Emma Franco,dolson@klein.com,23.0,nigeria,electronics,499.99,4,2024-07-20,Cash
ORD100451,Kathy Bates,jgraham@gmail.com,61.0,nigeria,Groceries,2500,2,2025-06-14,card
ORD100452,Brandon Finley,keith12@woods.com,36.0,Nigeria,Home,,-1,2026-01-09,Transfer
ORD100453,Gregory Wells,nancy35@gmail.com,36.0,United States,electronics,,,,Card
ORD100454,Destiny Morales,meadowsnathan@yahoo.com,57.0,USA,Home,1200,3,2025-12-21,Card
ORD100455,Julie Johnson,renee26@yahoo.com,27.0,Nigeria,Fashion,1200,,2025-06-10,Transfer
ORD100456,Mrs. Crystal Hanson,desiree73@parker.com,22.0,Nigeria,Home,"1,500",2,2024-12-16,Card
ORD100457,Karen Guerrero,coxalicia@gmail.com,46.0,United States,Electronics,500,5,2025-09-23,Cash
ORD100458,Kyle Brown,david33@hotmail.com,58.0,USA,electronics,"1,500",5,2024-04-04,card
ORD100459,Deborah Melendez,smartin@gmail.com,30.0,Ghana,Fashion,500,5,2026-02-03,Cash
ORD100460,Kenneth Richmond,lisa31@green.biz,40.0,United States,Electronics,2500,3,2024-04-21,Cash
ORD100461,Douglas Bradley,barbarapotts@yahoo.com,30.0,Nigeria,Groceries,500,,2025-04-27,Card
ORD100462,William Davis,elizabeth48@gmail.com,40.0,Nigeria,Fashion,500,3,2025-11-13,Cash
ORD100463,Patricia Aguirre,athomas@hurst.org,47.0,Ghana,Electronics,1200,1,2025-01-05,Card
ORD100464,Ricky Salazar,kavery@dixon.org,48.0,United States,Electronics,1200,1,2025-05-24,Cash
ORD100465,Jason Jones,jacksonbernard@hotmail.com,68.0,Turkey,Fashion,500,2,2024-03-01,
ORD100466,Sarah Wilkerson,stephaniewilson@sutton.com,41.0,United States,electronics,"1,500",2,2024-05-03,card
ORD100467,Matthew Camacho,nburke@gmail.com,53.0,Turkey,Groceries,"1,500",4,2024-12-31,Card
ORD100468,Stephen Parker,poolediana@madden.com,23.0,USA,Home,500,5,2024-10-15,Cash
ORD100469,Amy Young,pmartinez@contreras.info,47.0,Nigeria,Electronics,"1,500",2,2024-09-02,
ORD100470,Darren Bolton,,38.0,Turkey,Home,,3,2025-12-17,card
ORD100471,Travis Warner,ericgross@gmail.com,65.0,Ghana,electronics,500,2,2025-07-18,Transfer
ORD100472,Matthew Banks,newmankayla@howe.net,64.0,Ghana,Fashion,499.99,1,2025-04-02,Transfer
ORD100473,Laura Gomez,jamieroberts@hill.org,28.0,Nigeria,Groceries,500,3,2024-07-03,Cash
ORD100474,Gary Johnson,swhite@hotmail.com,42.0,United Kingdom,Electronics,499.99,3,2024-07-24,Transfer
ORD100475,Thomas Riley,,52.0,nigeria,electronics,500,3,2024-09-22,Transfer
ORD100476,Gary Jackson,molly15@yahoo.com,58.0,Ghana,Groceries,"1,500",1,2024-12-13,card
ORD100477,Hannah Stewart,,,Turkey,electronics,500,,2024-12-19,card
ORD100478,Rebecca Stephens,wellsalejandra@gmail.com,28.0,nigeria,Electronics,500,5,2025-02-22,card
ORD100479,John Wagner,caguilar@watkins.com,35.0,United States,Groceries,,,2025-11-11,Card
ORD100480,Katherine Wright,ytaylor@yahoo.com,47.0,Ghana,Home,,,2024-11-22,
ORD100481,Brian Johnson,hcohen@johnson.com,63.0,Nigeria,Electronics,,1,2025-08-18,Transfer
ORD100482,Chad Smith,sethevans@yahoo.com,33.0,USA,Electronics,500,3,2025-05-19,card
ORD100483,Gary Harris,ilewis@brown-stephens.com,61.0,Ghana,Groceries,2500,1,2024-10-02,Cash
ORD100484,Patricia Williams,xgentry@hotmail.com,68.0,United Kingdom,Home,"1,500",3,2024-07-16,
ORD100485,Nicole Gray,whiterobert@hall-morales.com,65.0,United States,Groceries,2500,,2025-09-24,card
ORD100486,Judy Rodriguez,kennedymichael@gmail.com,59.0,nigeria,Fashion,499.99,3,2024-11-12,Cash
ORD100487,Derrick Garcia,wallacenicole@gmail.com,53.0,Ghana,Fashion,,1,2024-07-12,Card
ORD100488,Devon Fletcher,susan34@bryan.com,,nigeria,Electronics,1200,4,2024-09-28,Cash
ORD100489,Willie Reynolds,molinaanthony@phelps.com,66.0,USA,Electronics,499.99,,2025-12-08,Transfer
ORD100490,Makayla Rios,joshualynch@kim-harris.biz,48.0,nigeria,Groceries,500,-1,,card
ORD100491,Brittany Nguyen,efoster@hotmail.com,29.0,Ghana,Electronics,"1,500",,2025-05-21,Cash
ORD100492,Logan Williams,laurahernandez@hotmail.com,55.0,Ghana,Fashion,,1,2024-06-10,Card
ORD100493,Alexander Fields,ashleyfoster@flynn-sullivan.com,64.0,United States,Groceries,1200,-1,2024-04-11,Cash
ORD100494,James Norris,wilkinsnorman@hotmail.com,21.0,Turkey,Fashion,499.99,2,2025-12-24,Cash
ORD100495,Christopher Gonzales,tinarivers@gmail.com,46.0,United Kingdom,Home,2500,1,2025-07-06,card
ORD100496,Karl Price,paigebartlett@hotmail.com,66.0,Ghana,Home,500,2,2024-04-21,Card
ORD100497,Alejandro Serrano,rgonzales@yahoo.com,53.0,United States,Home,500,1,,Card
ORD100498,Melissa Aguilar,leah98@carpenter.com,62.0,Nigeria,Fashion,500,2,2025-06-14,Transfer
ORD100499,Eddie Martinez Jr.,bwhite@gmail.com,53.0,nigeria,Groceries,2500,3,2024-08-23,Transfer
ORD100500,Juan Hobbs,terrifuller@gmail.com,28.0,nigeria,Electronics,"1,500",1,2024-08-10,Card
ORD100501,Adriana Greer,ogoodwin@simmons.info,22.0,Ghana,Groceries,500,1,2024-05-09,Card
ORD100502,Michael Huynh,lindsay11@dennis.info,60.0,USA,Home,500,1,2025-07-03,card
ORD100503,Anne Johnson,vyork@yahoo.com,53.0,United States,electronics,,4,2024-03-09,Card
ORD100504,Isaac Stewart,,38.0,Ghana,Electronics,,5,2025-01-11,Cash
ORD100505,Cathy Jones,gutierrezmatthew@smith-burns.com,33.0,Nigeria,Electronics,499.99,3,2026-01-26,
ORD100506,Jeffrey Diaz,alecberry@scott.com,51.0,Ghana,Electronics,1200,-1,,Cash
ORD100507,Samantha Hall,darrylwilliams@williams.org,47.0,nigeria,Electronics,2500,1,2025-11-11,Cash
ORD100508,Alicia Harris,amy16@gmail.com,,Turkey,Electronics,2500,,2025-09-14,card
ORD100509,Tamara Marshall,matthew43@yahoo.com,62.0,USA,Groceries,500,5,2024-03-01,Cash
ORD100510,Lisa Carson,,22.0,Nigeria,Groceries,"1,500",1,2025-11-29,
ORD100511,Eric Snyder,pinedanicole@yahoo.com,28.0,Turkey,electronics,1200,2,2024-09-04,Card
ORD100512,Cheryl Williams,dgallegos@yahoo.com,25.0,United States,Electronics,500,2,,Transfer
ORD100513,Jacob Williams,moorejacob@patel.org,19.0,USA,Home,500,2,,Cash
ORD100514,Joshua Chavez,johnnyclark@yahoo.com,21.0,Turkey,Fashion,"1,500",5,2024-09-16,Transfer
ORD100515,Patricia Johnson,sarah34@boyd.info,50.0,United States,Electronics,"1,500",1,2025-08-20,Transfer
ORD100516,Jason Holder,phillipssteven@swanson-york.org,39.0,United Kingdom,Home,"1,500",2,2024-07-23,card
ORD100517,Rodney Brooks,brittneyreilly@yahoo.com,41.0,USA,electronics,"1,500",1,2024-06-23,Card
ORD100518,Cathy Morgan,jonesamy@hotmail.com,38.0,Nigeria,Electronics,"1,500",3,2024-08-06,
ORD100519,Miranda Hooper,mguzman@rose.com,44.0,Nigeria,electronics,500,3,2024-03-09,Card
ORD100520,Joshua Ferguson,spearsstephanie@butler.biz,47.0,United States,Electronics,2500,5,2025-08-07,Card
ORD100521,Robert Miller,coreyreed@yahoo.com,21.0,Ghana,Electronics,499.99,5,2024-02-23,Card
ORD100522,James Stevens,,24.0,United States,Groceries,500,,2025-10-24,card
ORD100523,William Nelson,blake63@dawson.com,25.0,United Kingdom,Electronics,1200,2,2024-10-24,Card
ORD100524,Karen Johnson,greg59@hotmail.com,57.0,United Kingdom,Groceries,1200,2,2024-08-24,Card
ORD100525,Timothy Mckenzie,diazjimmy@andrews.com,39.0,Nigeria,Fashion,"1,500",4,2024-09-18,card
ORD100526,Jennifer Miller,ftucker@drake.com,68.0,nigeria,electronics,1200,1,2025-02-11,Card
ORD100527,Angela Garcia,sarahharris@drake.org,43.0,Nigeria,Electronics,500,1,2024-06-28,Card
ORD100528,Justin Chen,williamsmonica@miller-orozco.com,30.0,Nigeria,electronics,2500,5,2025-08-18,Card
ORD100529,Mary Jordan,haleymcconnell@yahoo.com,45.0,nigeria,electronics,"1,500",4,2024-07-16,card
ORD100530,Christine Gutierrez,eturner@gmail.com,69.0,Nigeria,Groceries,500,1,2026-02-04,
ORD100531,Daniel Jackson,felicia13@lawson.biz,43.0,Ghana,Home,1200,1,2025-02-06,Cash
ORD100532,Stuart Morales,edwardvargas@nichols.com,58.0,Ghana,Electronics,499.99,,2025-01-05,card
ORD100533,Jeffrey Buchanan,cordovasean@alvarez.com,38.0,Nigeria,Groceries,1200,,2024-12-24,Transfer
ORD100534,James Nolan,powellanthony@middleton.net,,United Kingdom,Home,1200,,2025-04-23,card
ORD100535,Mary Clark,,64.0,Nigeria,Electronics,,5,2026-01-24,Card
ORD100536,William Reyes,knightjon@joseph.biz,47.0,nigeria,Home,1200,2,2024-09-17,Cash
ORD100537,Jesse Graves,olsonamy@hotmail.com,33.0,United States,electronics,1200,4,2026-01-04,Transfer
ORD100538,Robert West,linda17@gmail.com,47.0,Turkey,Home,500,1,2024-11-01,Card
ORD100539,Nicole Romero,austincruz@bradshaw-lopez.biz,26.0,USA,Home,1200,3,2024-05-27,Card
ORD100540,Brian Gates,louis21@hotmail.com,67.0,USA,Electronics,1200,2,2025-04-02,Transfer
ORD100541,David Mack,jsosa@hotmail.com,,United Kingdom,Electronics,499.99,4,2026-01-17,
ORD100542,Kyle Long,ambercastro@montgomery-lara.com,43.0,Turkey,Groceries,,1,2025-04-03,Cash
ORD100543,Alexis Gutierrez,,61.0,Ghana,Fashion,500,1,2025-12-06,Card
ORD100544,Maria Bradley DVM,cranemartin@yahoo.com,,Ghana,Home,,1,2025-12-27,Cash
ORD100545,Vanessa Mccoy,kelly65@yahoo.com,64.0,United States,Groceries,500,1,2024-09-30,Cash
ORD100546,Mike Stevens,martinezshawn@yahoo.com,67.0,Ghana,Electronics,"1,500",4,2025-02-14,Cash
ORD100547,Kevin Wallace,,26.0,United States,Groceries,"1,500",,2024-07-01,card
ORD100548,Travis Martin,richard30@eaton.net,45.0,United States,electronics,499.99,-1,2025-02-26,Cash
ORD100549,Anthony Gonzalez,,49.0,United States,Groceries,499.99,2,2024-04-30,card
ORD100550,Melissa Fleming,martincrystal@yahoo.com,51.0,United States,Electronics,2500,-1,2024-04-02,Cash
ORD100551,Timothy Hicks,michaelporter@hotmail.com,20.0,Nigeria,Fashion,1200,2,2025-01-15,
ORD100552,Jessica Thompson,zachary16@hoffman.com,48.0,Turkey,Fashion,500,2,2024-07-31,Cash
ORD100553,Amanda Martin,pking@gmail.com,56.0,Nigeria,Groceries,2500,1,2024-05-28,Cash
ORD100554,Carlos Salas,nataliegray@yahoo.com,41.0,Nigeria,electronics,"1,500",3,2025-10-02,Transfer
ORD100555,Brian Oneill,qrodriguez@bradford.com,32.0,Nigeria,electronics,1200,4,2025-02-19,card
ORD100556,Kenneth Wilkins,jamie07@olsen.com,26.0,United States,Electronics,500,2,2026-02-15,Transfer
ORD100557,Ashley Baker,jonathan45@gmail.com,,Nigeria,Home,499.99,1,2024-11-19,Transfer
ORD100558,Mallory Gaines,,62.0,United Kingdom,Fashion,500,1,2025-06-08,card
ORD100559,Shane Reed,,48.0,Ghana,Home,,,2025-03-31,Card
ORD100560,Justin Frank,nleonard@cooper.info,68.0,Ghana,Groceries,1200,2,2025-01-13,Card
ORD100561,Lindsay Carlson,michaelabbott@gmail.com,29.0,United Kingdom,Home,499.99,-1,2024-10-03,Cash
ORD100562,Amanda Robinson,andrea75@hotmail.com,56.0,Turkey,electronics,"1,500",2,2025-09-02,Card
ORD100563,Justin Douglas,dustin45@gmail.com,20.0,Nigeria,Fashion,"1,500",2,2024-04-30,card
ORD100564,Janice Hamilton,davidharris@hotmail.com,21.0,United Kingdom,Electronics,"1,500",-1,2024-11-25,card
ORD100565,Patricia James,dalejones@king.biz,21.0,Nigeria,Fashion,"1,500",1,2025-09-24,card
ORD100566,Carla Moore,daniel94@yahoo.com,49.0,USA,electronics,500,3,2025-12-23,Card
ORD100567,Kathryn Crosby,danielsangela@boyd.com,27.0,Nigeria,Home,"1,500",2,2024-08-01,card
ORD100568,Brian Stone,randall05@stevens.info,35.0,United States,Fashion,2500,,2024-10-31,Card
ORD100569,Christopher Ruiz,patelrick@hotmail.com,68.0,United States,Electronics,2500,3,2024-09-16,Cash
ORD100570,James Thomas,nmartin@watts.com,57.0,Ghana,Electronics,1200,4,2025-09-09,Card
ORD100571,Juan Hooper,uphillips@martinez-lee.net,30.0,nigeria,Fashion,500,1,,
ORD100572,Drew Jefferson,ojames@frederick-hunter.com,32.0,USA,Electronics,500,2,2025-12-12,Card
ORD100573,Felicia Gomez,qmckinney@yahoo.com,26.0,Nigeria,Groceries,499.99,2,2025-04-10,Cash
ORD100574,George Young,annanthony@luna.com,61.0,Nigeria,electronics,500,1,2025-10-07,card
ORD100575,Sean Rodriguez,caleb27@clarke.com,63.0,Nigeria,Fashion,499.99,5,2024-08-15,card
ORD100576,Chase Nielsen,ninahanson@williams-miller.com,67.0,Ghana,Groceries,500,,2024-06-24,Cash
ORD100577,Scott Carney,lhill@yahoo.com,65.0,Nigeria,Electronics,2500,5,2025-09-01,
ORD100578,Erika Turner,mclaughlintyrone@gmail.com,32.0,Ghana,Home,499.99,4,2026-02-11,card
ORD100579,Mrs. Kristi Woods,karen97@gmail.com,52.0,United States,Electronics,1200,2,2024-11-26,Cash
ORD100580,Daniel Tran,sarah51@hotmail.com,41.0,Nigeria,Electronics,"1,500",2,2024-10-12,card
ORD100581,Andrew Hernandez,adavidson@yahoo.com,65.0,Ghana,Fashion,,1,2026-01-19,card
ORD100582,Jerry Velasquez,qsmith@gmail.com,31.0,United States,Electronics,1200,1,2025-04-14,
ORD100583,Keith Walton,stevensrachel@gmail.com,30.0,United States,Electronics,500,1,2025-10-31,Transfer
ORD100584,Michael Smith,ibarker@yahoo.com,64.0,United States,electronics,500,3,2024-12-09,Cash
ORD100585,Joshua Martinez,pnelson@hughes.com,36.0,Nigeria,Fashion,500,2,2024-10-11,Cash
ORD100586,Katherine Moore,carrie99@allen-davis.com,24.0,United States,Electronics,1200,2,2025-01-13,Transfer
ORD100587,Michael Fischer,richardmitchell@hotmail.com,26.0,United Kingdom,Home,,1,2024-06-02,Card
ORD100588,Sharon Sandoval,riverabrian@hogan.com,53.0,USA,electronics,,5,,Card
ORD100589,Richard Garner,janetreed@gmail.com,51.0,United States,Electronics,1200,1,2024-04-03,Cash
ORD100590,Christopher Strong,thomas37@ross.com,26.0,USA,Fashion,499.99,4,2025-01-31,Transfer
ORD100591,Sabrina Graham,emily62@hotmail.com,43.0,United States,Groceries,499.99,1,2025-01-16,card
ORD100592,Nicholas Castro,campbelltiffany@hotmail.com,62.0,nigeria,Groceries,500,1,,Card
ORD100593,Michael Flynn,nguyentammy@franklin-peters.com,37.0,Turkey,Fashion,499.99,1,2024-08-03,Transfer
ORD100594,Cindy Ellison,traceyvazquez@gmail.com,32.0,Ghana,Fashion,2500,2,2024-09-22,Transfer
ORD100595,Traci Fernandez,wcowan@yahoo.com,30.0,Nigeria,Electronics,500,-1,2025-01-25,Card
ORD100596,Lauren Brown,xthomas@yahoo.com,53.0,Ghana,Groceries,500,4,2025-04-29,card
ORD100597,Monica Jordan,,65.0,Nigeria,Fashion,2500,2,2025-03-03,Card
ORD100598,Barry Landry,,44.0,Ghana,Home,,-1,2025-02-22,card
ORD100599,Michael Shaffer,anayoung@rodriguez.com,55.0,Turkey,Fashion,500,1,2024-06-28,Card
ORD100600,Jennifer Delgado,matthewgonzales@cook.biz,67.0,United States,Fashion,1200,2,2025-08-16,Transfer
ORD100601,Todd Cardenas,harperjacqueline@preston.net,29.0,United States,Fashion,500,2,2025-03-27,Card
ORD100602,Kyle Lowe,vchang@reynolds.com,54.0,Turkey,electronics,1200,1,2024-07-14,card
ORD100603,Dr. Connie Adkins,edwardjackson@hall.info,57.0,nigeria,Fashion,"1,500",1,2024-12-01,Card
ORD100604,Beth Willis,mbrown@ramirez.net,38.0,Turkey,Electronics,499.99,1,2025-08-24,Cash
ORD100605,Michelle Nguyen,darlenechambers@collier-mendoza.net,24.0,Turkey,Home,1200,5,2024-11-13,Cash
ORD100606,Dana Thomas,,18.0,Ghana,Groceries,500,1,2025-11-30,Cash
ORD100607,Mrs. Pamela Blanchard,ronald77@hotmail.com,42.0,Ghana,electronics,"1,500",,,Cash
ORD100608,Christopher Hill,edwardstevens@hotmail.com,46.0,United States,Electronics,,3,2024-07-12,Transfer
ORD100609,John Thomas,michaelho@brown-lane.info,23.0,Nigeria,Home,1200,2,2024-09-08,Transfer
ORD100610,Nicole Jensen,rstark@yahoo.com,52.0,Nigeria,Groceries,"1,500",1,2025-05-24,Card
ORD100611,Justin Carlson,griffincharles@murphy.com,19.0,Nigeria,electronics,499.99,,2025-04-01,card
ORD100612,Marcus Ritter,crystalkim@gmail.com,51.0,United Kingdom,Electronics,2500,5,2026-01-16,Cash
ORD100613,Carol Cross,kyle96@yahoo.com,53.0,USA,Home,2500,3,2024-10-25,
ORD100614,Kyle Lee,ashleybridges@rojas-riddle.com,39.0,United Kingdom,Groceries,500,,2025-08-26,Card
ORD100615,Melanie Ball,yburke@church.com,61.0,Turkey,Home,500,2,2024-11-14,card
ORD100616,Rebecca Smith,,27.0,Nigeria,Groceries,1200,2,2024-10-27,Cash
ORD100617,Alejandro Warren,michelleallen@price.com,29.0,Ghana,Groceries,1200,1,2024-10-20,Cash
ORD100618,Gina Montgomery,,22.0,United Kingdom,Fashion,1200,4,2024-06-05,Card
ORD100619,Patricia Hall,monicadavis@scott.info,31.0,United States,Fashion,500,1,2025-04-28,Card
ORD100620,Steven Mcclure,hodgematthew@porter-bell.com,64.0,Ghana,Electronics,2500,,2025-01-12,Card
ORD100621,Nicole Reed,carpenterapril@johnson.info,47.0,USA,Fashion,500,1,2024-03-17,Cash
ORD100622,Kelli Wise,laura41@page.com,46.0,Nigeria,Groceries,500,3,2024-03-06,
ORD100623,Andrew Cortez,,37.0,United Kingdom,Groceries,499.99,2,2025-01-12,Transfer
ORD100624,Shannon Wong,martinezjames@price-johnson.com,40.0,United States,Electronics,"1,500",4,2025-02-15,card
ORD100625,Donna Hernandez,sanchezjonathan@blevins.com,,USA,electronics,,1,2024-02-29,Card
ORD100626,Michael Lopez,hernandezsusan@robinson.net,,Nigeria,Home,1200,1,2024-05-12,Card
ORD100627,James Parks,,68.0,United Kingdom,Electronics,"1,500",1,2025-02-19,Cash
ORD100628,Rebecca Miller,riverajanet@miller.info,31.0,nigeria,electronics,500,2,2024-11-02,card
ORD100629,Charles Garza,jimmy90@gmail.com,54.0,Turkey,electronics,500,3,2025-02-01,Card
ORD100630,Elizabeth Cruz,nreese@hotmail.com,33.0,Nigeria,Fashion,1200,4,2026-02-10,Cash
ORD100631,Courtney Kent,dellison@wagner.org,54.0,Ghana,Groceries,500,4,2025-06-06,Cash
ORD100632,Lawrence Price,robersongregory@wallace-olson.net,21.0,United States,Home,500,4,2024-07-09,Card
ORD100633,Jimmy Lopez,christophershepard@newman-stevens.com,51.0,United States,Fashion,500,1,2025-05-25,card
ORD100634,Tanya Jimenez,alexis99@solis-cohen.info,21.0,Nigeria,Groceries,500,-1,2025-04-15,Transfer
ORD100635,Jeffrey Miller,rparks@hotmail.com,39.0,Nigeria,Electronics,499.99,2,2025-09-25,Transfer
ORD100636,Kaitlin Baldwin,watsonmichael@gmail.com,24.0,United Kingdom,Fashion,1200,3,2024-11-27,Cash
ORD100637,Kathryn Munoz,devon21@hotmail.com,26.0,USA,electronics,500,1,2024-11-14,card
ORD100638,Drew Willis,antonio58@bryant.com,56.0,United States,electronics,1200,3,2024-10-17,card
ORD100639,Nathan Sexton,,46.0,Ghana,Groceries,,1,2025-05-25,Card
ORD100640,Amy Walker,longeduardo@hotmail.com,38.0,Nigeria,Electronics,499.99,1,2025-09-10,Transfer
ORD100641,Daniel Cannon,,49.0,USA,electronics,2500,,2026-02-15,
ORD100642,Amy Howard,,41.0,nigeria,Fashion,"1,500",2,2024-04-10,card
ORD100643,Jennifer Kane,rlee@ruiz.com,55.0,Nigeria,Electronics,1200,5,2025-03-08,Card
ORD100644,Patrick Grant Jr.,sarah53@hotmail.com,43.0,nigeria,Groceries,1200,1,2024-03-25,
ORD100645,Matthew Conley DDS,alexiswu@brown-harvey.com,,Turkey,Home,1200,3,2025-07-28,Transfer
ORD100646,Miss Christina Pacheco,matthewcervantes@smith.com,41.0,Ghana,Electronics,"1,500",1,2025-02-11,card
ORD100647,Randy Koch,reynoldskimberly@yahoo.com,24.0,United States,Groceries,"1,500",1,2024-03-10,Card
ORD100648,Michael Gonzales,zrobbins@martin.com,24.0,Ghana,Electronics,,1,2024-03-07,Card
ORD100649,Jonathan Gutierrez,joseph86@delgado.biz,33.0,Ghana,electronics,499.99,5,2024-12-13,Card
ORD100650,Marcus Johnson,jack40@leon.com,22.0,United States,Electronics,2500,4,2025-08-28,Transfer
ORD100651,John Johnson,jamessullivan@lee.biz,63.0,nigeria,electronics,1200,1,2025-10-20,Transfer
ORD100652,Michael Griffin,,40.0,Ghana,Fashion,1200,-1,2025-05-06,Card
ORD100653,Matthew Cortez,adamsmegan@lewis-dunn.org,66.0,Nigeria,Groceries,1200,2,2026-01-01,card
ORD100654,Taylor Houston,lmaddox@hayes.com,46.0,nigeria,Groceries,500,2,2024-12-20,card
ORD100655,Kristy Cervantes,jasmine87@harrell.com,45.0,Ghana,Home,1200,1,2025-05-05,Transfer
ORD100656,Chad Hamilton,joy49@hale.com,18.0,Nigeria,Fashion,499.99,3,2025-06-05,Card
ORD100657,Nancy Hughes,,51.0,nigeria,Groceries,1200,1,2025-04-16,Cash
ORD100658,Susan Tucker,catherine65@hotmail.com,18.0,United States,Fashion,,,2025-10-07,card
ORD100659,Steven Dixon,adamblack@yahoo.com,37.0,nigeria,Fashion,2500,1,2024-04-11,
ORD100660,Joseph Nielsen,kimberlyfrench@hotmail.com,41.0,USA,Groceries,500,2,2024-05-10,
ORD100661,Sarah Leon,grahambrenda@wilson.biz,57.0,Nigeria,electronics,499.99,1,2024-08-23,Cash
ORD100662,Jeremy Gray,jennifer26@yahoo.com,32.0,Turkey,Home,2500,1,2025-11-10,Card
ORD100663,Jeremy Leonard,johnsonnicholas@harrison.com,41.0,Ghana,Groceries,"1,500",3,2024-12-09,Card
ORD100664,Taylor Hartman,kevin40@yahoo.com,34.0,Ghana,Fashion,500,3,2025-03-31,Cash
ORD100665,Christopher Alexander,,48.0,Ghana,Fashion,499.99,3,2024-09-20,Transfer
ORD100666,Elizabeth Morgan,marysmith@gmail.com,41.0,United States,Home,1200,2,2025-09-13,Cash
ORD100667,Jeremy Davis MD,davidhicks@hotmail.com,35.0,Turkey,Groceries,"1,500",1,2025-12-20,card
ORD100668,Emily Bell,denise48@mckenzie.com,69.0,Nigeria,Groceries,2500,4,2025-08-03,Card
ORD100669,Timothy Johnson,owarren@gmail.com,68.0,United States,Fashion,1200,3,2024-03-08,Transfer
ORD100670,Joshua Pearson,weberstephanie@crawford.com,31.0,Nigeria,Groceries,1200,3,2024-09-18,Card
ORD100671,Donna Zhang,thomas59@gmail.com,43.0,Nigeria,electronics,2500,1,2025-04-05,Cash
ORD100672,Monique Smith,charleshayes@hawkins-franklin.com,,Nigeria,Fashion,1200,1,2024-05-13,card
ORD100673,David Adams,fgraham@yahoo.com,57.0,USA,Groceries,1200,3,2024-10-06,Transfer
ORD100674,Ms. Sarah Jones,denisesantana@marquez-mcdonald.org,38.0,Ghana,electronics,1200,4,2025-09-19,card
ORD100675,Cindy Gay,mjensen@yahoo.com,42.0,United States,Fashion,"1,500",2,2025-03-15,Cash
ORD100676,Larry Baker,colleenjacobs@hotmail.com,69.0,Nigeria,electronics,500,2,2026-01-02,Transfer
ORD100677,Louis Little,tina85@mendez.biz,41.0,United States,Electronics,"1,500",-1,2025-05-06,Card
ORD100678,Melissa White,wmiller@wagner-mitchell.com,35.0,Nigeria,Groceries,500,,2024-11-10,Cash
ORD100679,Elizabeth Maldonado,mhernandez@clark.com,44.0,United States,Fashion,499.99,2,2026-01-05,
ORD100680,Haley Burns,annette88@hotmail.com,63.0,Ghana,Electronics,"1,500",1,2026-01-23,Cash
ORD100681,Kevin Frost,kevin94@yahoo.com,56.0,United States,electronics,2500,,2025-09-18,Transfer
ORD100682,Justin Lee MD,nritter@gmail.com,58.0,Nigeria,Groceries,500,1,2025-04-16,Cash
ORD100683,Shelby Jackson,qturner@thomas.com,64.0,Turkey,electronics,1200,1,2024-08-24,Transfer
ORD100684,Leah Arellano MD,brianna07@gmail.com,31.0,Nigeria,Fashion,1200,3,2025-08-26,Card
ORD100685,Matthew Gordon,harold00@hotmail.com,35.0,Nigeria,Electronics,"1,500",4,2024-10-01,Card
ORD100686,Jordan Harper,garrett21@gmail.com,19.0,nigeria,Groceries,499.99,2,2026-01-24,Card
ORD100687,Joseph Reed,markhill@yahoo.com,20.0,United Kingdom,Fashion,1200,3,2024-08-25,Cash
ORD100688,Chase Bryant,kimberlyhumphrey@nunez.com,,United States,Groceries,2500,1,2025-07-04,card
ORD100689,Mariah Myers,kimberlyfarrell@yahoo.com,19.0,United Kingdom,Electronics,1200,1,2024-09-29,Card
ORD100690,Anthony Swanson,,34.0,United States,electronics,500,3,2025-01-28,
ORD100691,Derrick Anderson,michael29@gmail.com,36.0,Ghana,Groceries,1200,-1,2024-03-27,Card
ORD100692,Crystal Weeks,adam96@ramirez.com,27.0,Nigeria,Fashion,499.99,1,2025-07-28,card
ORD100693,Joseph Pratt IV,nunezrichard@gmail.com,54.0,United States,Fashion,1200,2,2025-02-03,Card
ORD100694,David Elliott,christina65@daniels.org,53.0,Turkey,Groceries,1200,2,,card
ORD100695,Ms. Lori Wilson,andrew07@yahoo.com,24.0,Nigeria,Home,"1,500",1,2024-05-07,card
ORD100696,Ronald Rodriguez,mjackson@gmail.com,28.0,Nigeria,Electronics,500,4,2025-08-31,Card
ORD100697,Maria Smith,sallymartin@gmail.com,20.0,nigeria,electronics,1200,1,2024-05-05,Cash
ORD100698,Dr. Sara Hampton,deanestes@gmail.com,42.0,United Kingdom,Fashion,500,3,2024-10-21,Cash
ORD100699,Jackie Chase,jeffrey03@gmail.com,,Nigeria,Electronics,499.99,3,2025-12-31,
ORD100700,Julia Gardner,,46.0,Ghana,Home,2500,1,2024-11-02,Cash
ORD100701,Eric Oconnor,cbarr@cabrera-hall.com,38.0,nigeria,Groceries,1200,2,2025-08-26,Card
ORD100702,Christopher Mitchell,nathanwest@gmail.com,38.0,Ghana,electronics,2500,3,2024-03-11,Cash
ORD100703,Stephanie Meza,damoncox@barajas.com,54.0,nigeria,Groceries,1200,3,2025-03-21,Transfer
ORD100704,Toni Robinson,gregoryhall@hotmail.com,31.0,United Kingdom,Home,"1,500",1,2025-09-21,Transfer
ORD100705,Cynthia Le,hannahhart@yahoo.com,38.0,Nigeria,Electronics,,2,2024-12-13,Transfer
ORD100706,Tammy Edwards,evansmichael@miller.com,,Ghana,Fashion,499.99,2,2026-01-11,
ORD100707,Veronica Case,ritadelgado@gmail.com,36.0,Ghana,Electronics,1200,3,2025-01-25,Transfer
ORD100708,Nathan Williams,annehunter@yahoo.com,27.0,Nigeria,electronics,500,1,2026-01-23,card
ORD100709,Sarah White,,62.0,USA,Groceries,499.99,3,2025-09-14,Cash
ORD100710,Sydney Peters,ejones@matthews.com,39.0,nigeria,Home,,2,2025-03-14,Card
ORD100711,Richard Pacheco,angelajones@hotmail.com,36.0,Turkey,Home,500,5,2025-01-30,Cash
ORD100712,Andrea Pena,,56.0,USA,Groceries,"1,500",,2024-05-16,Transfer
ORD100713,Ann Stephens,cynthiasingh@smith-friedman.net,31.0,Ghana,Groceries,500,3,2025-12-18,Transfer
ORD100714,Heather Trujillo,jennifersingleton@hotmail.com,64.0,Nigeria,electronics,2500,4,2025-07-18,Card
ORD100715,Desiree Johnson,sawyerlindsay@hall-hernandez.com,33.0,nigeria,Groceries,1200,1,2024-03-25,Card
ORD100716,James Jones,valerie72@white.net,25.0,nigeria,Electronics,500,2,2024-11-08,Cash
ORD100717,Meghan Garcia,gdavila@smith.org,48.0,Ghana,electronics,1200,1,2025-04-08,
ORD100718,Jesus Hodges,vdixon@miller-flores.com,59.0,Nigeria,Home,1200,1,2024-10-28,Transfer
ORD100719,Amy Ayala,dennis72@smith-thompson.com,21.0,nigeria,Home,499.99,1,2025-03-15,Cash
ORD100720,Morgan Kirby DVM,matthew06@clayton-contreras.net,30.0,Ghana,Electronics,1200,3,,Transfer
ORD100721,Mrs. Chelsea Silva DVM,traceypittman@perez.com,65.0,Nigeria,Fashion,499.99,,2025-03-31,Card
ORD100722,Debbie Bailey,zlee@yahoo.com,30.0,Ghana,Groceries,499.99,,2025-06-20,Cash
ORD100723,James Perez,matthewrichardson@gmail.com,54.0,Turkey,Home,499.99,2,2025-04-27,Transfer
ORD100724,Joseph Reynolds,mark11@yahoo.com,44.0,United Kingdom,Electronics,499.99,3,2025-04-13,card
ORD100725,Heidi Walker,mcneiljacob@hotmail.com,56.0,Nigeria,electronics,2500,4,2024-08-09,card
ORD100726,Grace Jensen,pflores@stewart.biz,38.0,Nigeria,Electronics,499.99,5,2025-09-19,card
ORD100727,Jonathan Krause,timothy18@gmail.com,37.0,United States,Fashion,500,2,2024-04-23,Cash
ORD100728,Thomas Jackson,robin21@gmail.com,36.0,United States,Groceries,500,1,2024-10-30,Transfer
ORD100729,Ian Campos,schwartzkathryn@gilmore.com,49.0,Nigeria,electronics,"1,500",3,2025-06-18,card
ORD100730,David Davis,amybrown@sullivan-buckley.com,30.0,Nigeria,Home,"1,500",1,2025-02-17,Transfer
ORD100731,Brian Jackson,lindseygoodwin@rogers.com,40.0,nigeria,Groceries,500,,2024-11-18,Cash
ORD100732,Scott Barr,paulking@hotmail.com,55.0,United States,Groceries,1200,1,2025-04-03,Cash
ORD100733,Meghan Adams,upatel@mcconnell.org,58.0,Nigeria,Groceries,500,2,2024-05-16,Transfer
ORD100734,Joanna Ayala,bthompson@gmail.com,30.0,Turkey,Home,2500,,2025-05-06,
ORD100735,Clarence Osborn,barbarawagner@hotmail.com,18.0,United States,Groceries,2500,2,,Cash
ORD100736,Nancy Andrews,denise65@gmail.com,48.0,United Kingdom,Home,499.99,1,2024-04-16,
ORD100737,Steven Kidd,jeanette64@hotmail.com,24.0,Turkey,Electronics,2500,4,,Card
ORD100738,Caitlyn Taylor,merrittcandace@yahoo.com,,Nigeria,Home,1200,4,2024-07-04,Card
ORD100739,Anna Hill,qnewman@gmail.com,21.0,United States,electronics,1200,1,,Card
ORD100740,Donald Lopez,joe71@newman-garcia.com,43.0,Nigeria,Home,500,4,2024-08-13,card
ORD100741,Jason Walters,millermichael@gmail.com,43.0,United States,Groceries,500,5,2025-01-28,card
ORD100742,Amanda Solis,stephensoncarla@hotmail.com,39.0,Nigeria,Home,"1,500",1,2024-03-01,Cash
ORD100743,Sonya Moreno,andrew69@schneider.com,41.0,nigeria,Fashion,500,1,2024-06-07,Cash
ORD100744,Todd Jones,ramosashley@yahoo.com,,nigeria,Electronics,500,2,2026-02-01,card
ORD100745,Kelly Rivera,tbray@campbell-smith.com,55.0,United Kingdom,electronics,,3,2025-10-23,Card
ORD100746,William Daniel,adavis@weaver.com,40.0,United States,Fashion,2500,5,2025-11-09,Card
ORD100747,Timothy Curtis,opeterson@hotmail.com,51.0,USA,Fashion,,1,2025-10-29,Cash
ORD100748,Michael Maxwell,wanda83@gmail.com,24.0,United Kingdom,Electronics,1200,3,2024-07-05,Transfer
ORD100749,Sherry Ross,amandahuang@hotmail.com,39.0,United States,Electronics,499.99,1,2025-06-11,Transfer
ORD100750,Shannon Smith,,41.0,Ghana,Groceries,2500,3,2024-10-26,Transfer
ORD100751,Jenny Griffin,douglascatherine@gmail.com,38.0,United Kingdom,Home,500,,2025-12-22,Transfer
ORD100752,Johnathan Miller,,50.0,United Kingdom,Groceries,2500,1,2025-10-02,Cash
ORD100753,Matthew Sandoval,brendajordan@gmail.com,53.0,nigeria,Home,2500,,2025-10-06,Cash
ORD100754,James Green,mullinsrobert@gmail.com,35.0,USA,Electronics,500,3,2025-09-10,Card
ORD100755,Jessica Aguilar,ywright@yahoo.com,44.0,United Kingdom,Home,499.99,1,2024-12-09,card
ORD100756,Brian Strong,nathaniel23@yahoo.com,46.0,nigeria,electronics,500,3,2025-03-09,Cash
ORD100757,Candace Mckay,,30.0,United States,Electronics,500,5,2025-10-05,Card
ORD100758,Susan Baldwin,sjones@zamora-fields.com,63.0,Turkey,Fashion,499.99,1,2024-07-20,Transfer
ORD100759,Sarah Carey,vharris@smith.biz,59.0,Nigeria,Fashion,500,-1,2025-04-16,Card
ORD100760,Elizabeth Aguilar,samantha56@gonzalez.com,35.0,nigeria,electronics,500,3,2025-10-07,Cash
ORD100761,Kayla Saunders,hilltonya@hotmail.com,40.0,Nigeria,Groceries,500,2,2024-05-17,Cash
ORD100762,Richard Sanchez,nicole47@yahoo.com,20.0,Nigeria,Groceries,2500,1,2025-01-08,card
ORD100763,Gregory Adams,tyler20@gmail.com,25.0,United States,Electronics,500,1,2026-02-03,Card
ORD100764,Jason Gordon,bruce57@yahoo.com,24.0,United States,Electronics,1200,1,2025-02-15,card
ORD100765,Karen Cox,denise72@miller.com,52.0,United Kingdom,Groceries,500,2,2024-08-13,Transfer
ORD100766,Matthew Santana,georgederrick@gmail.com,40.0,Nigeria,Fashion,1200,,2025-10-22,Card
ORD100767,William Cline,kevinbyrd@guzman.com,52.0,Turkey,Home,1200,2,2024-07-10,card
ORD100768,Mark Moore,erin52@gmail.com,21.0,United States,Fashion,500,3,2025-06-04,Card
ORD100769,Kevin Sharp,wsanders@hotmail.com,55.0,Turkey,Home,499.99,4,2024-06-15,Card
ORD100770,Theresa Frost,halestephen@yahoo.com,20.0,USA,Groceries,1200,1,2025-11-25,Transfer
ORD100771,Heather Moore,toddfields@yahoo.com,48.0,Nigeria,Home,1200,5,2025-11-25,Cash
ORD100772,Mr. John Phillips,bradleyanna@patel-dickson.com,68.0,Nigeria,Electronics,"1,500",5,2024-03-13,Cash
ORD100773,Dominic Nelson,andrewfarrell@yahoo.com,,nigeria,electronics,500,5,,Card
ORD100774,Timothy Knight,russell85@gmail.com,63.0,Ghana,Electronics,499.99,4,2024-04-02,Transfer
ORD100775,Craig Rogers,karenlewis@gmail.com,42.0,Ghana,Groceries,500,4,2026-02-06,Transfer
ORD100776,Melissa Evans,heather03@yahoo.com,19.0,Ghana,Electronics,2500,2,2025-05-13,
ORD100777,James Johnson,davidgross@logan.com,63.0,Nigeria,Groceries,,1,2024-08-21,Card
ORD100778,Michael Nunez,yvettestone@yahoo.com,21.0,Ghana,Electronics,1200,,2024-02-28,Cash
ORD100779,Sylvia Olson,tina11@mcintosh.com,64.0,Nigeria,Home,"1,500",,2025-03-05,Cash
ORD100780,Xavier Ryan,aaronparker@ramirez.com,25.0,nigeria,Groceries,1200,1,2025-09-16,Cash
ORD100781,Cory Davis,gconway@gmail.com,35.0,United Kingdom,Fashion,2500,1,2025-07-18,Transfer
ORD100782,Kendra Carey,michaelgarrison@keller.com,56.0,Nigeria,Fashion,500,5,,Card
ORD100783,Holly Dennis,dbuck@hotmail.com,,nigeria,Fashion,"1,500",2,2025-08-11,Card
ORD100784,Evelyn Brown,uwilliams@noble.com,55.0,United Kingdom,Electronics,"1,500",4,2025-08-29,Cash
ORD100785,Dakota Rhodes,dyork@hotmail.com,54.0,Ghana,Groceries,"1,500",3,2025-09-30,card
ORD100786,Danny Davis,qjohnson@gmail.com,20.0,United States,electronics,2500,1,2024-07-10,Card
ORD100787,Alejandro Kent,bmooney@yahoo.com,,USA,Fashion,,4,2024-11-09,Transfer
ORD100788,Dorothy Nichols,william04@jenkins.com,53.0,Nigeria,Electronics,500,1,2024-11-18,
ORD100789,Francis Farrell,ahall@stewart-carney.org,58.0,Nigeria,Home,499.99,1,2025-11-02,Transfer
ORD100790,Jeremy Rice Jr.,michael67@hotmail.com,66.0,Nigeria,Fashion,"1,500",1,2025-02-20,Cash
ORD100791,Carolyn Mcclure,aprilwells@hotmail.com,22.0,USA,electronics,2500,1,2024-07-10,card
ORD100792,Jessica Brown,jacob39@gmail.com,27.0,Ghana,Electronics,500,2,2025-05-16,Card
ORD100793,Karen Marshall,,33.0,nigeria,Electronics,499.99,2,2025-02-07,
ORD100794,Vicki Duke,jasmine90@porter.com,40.0,Ghana,Groceries,2500,1,2025-05-14,card
ORD100795,Billy Chan,jennifer39@yahoo.com,62.0,nigeria,Electronics,"1,500",,2025-06-08,Card
ORD100796,Michael Robbins,andreaross@yahoo.com,60.0,United States,electronics,,2,2025-01-10,Transfer
ORD100797,Arthur Baker,ofitzpatrick@hotmail.com,38.0,United States,Fashion,500,4,,Card
ORD100798,Julie Bailey,jessica73@yahoo.com,69.0,United States,electronics,499.99,1,2024-08-26,Card
ORD100799,Leslie Pope,clarkjames@lewis.com,65.0,United States,Fashion,"1,500",1,2025-03-13,Cash
ORD100800,Teresa Ward,crosstimothy@hotmail.com,67.0,United States,Home,499.99,1,2025-03-28,Cash
ORD100801,Steven Mitchell,,33.0,Ghana,electronics,500,2,2025-08-18,Transfer
ORD100802,Zachary Thompson,elliottjanice@gmail.com,69.0,Nigeria,electronics,499.99,2,2024-05-09,Card
ORD100803,Mindy Pope,cookkelly@ho.net,60.0,Nigeria,electronics,500,3,2024-06-25,Transfer
ORD100804,Hannah Gonzalez,ashlee57@bryan-haynes.com,41.0,United Kingdom,Electronics,"1,500",2,2026-02-02,card
ORD100805,Marilyn Harrison,,63.0,nigeria,Electronics,499.99,,2025-10-19,Card
ORD100806,William Simpson,lryan@pierce.net,39.0,nigeria,Electronics,500,,2024-12-20,Cash
ORD100807,April Webb,markbond@hotmail.com,18.0,United Kingdom,Fashion,2500,3,2024-09-06,Cash
ORD100808,Richard Jordan,hawkinskimberly@davis.biz,35.0,USA,Home,499.99,-1,2024-03-07,card
ORD100809,Jennifer Murray,smiles@gmail.com,32.0,United States,Groceries,2500,3,2026-01-04,Card
ORD100810,Kathleen Hudson,,45.0,United Kingdom,Electronics,2500,4,2025-08-30,
ORD100811,Michael Martin,brittanyowens@swanson-stephens.com,35.0,USA,Home,500,2,2025-09-09,Cash
ORD100812,Nicholas Hebert,nicholerodriguez@hale.info,41.0,United Kingdom,Home,2500,-1,,Card
ORD100813,Natalie King,fodom@russell.biz,28.0,Nigeria,Fashion,2500,1,2025-11-06,Card
ORD100814,Michelle Navarro,leemichelle@suarez.com,46.0,United Kingdom,electronics,500,3,2025-08-05,card
ORD100815,Chase Chandler,,19.0,Ghana,Groceries,500,1,2024-03-24,Card
ORD100816,Antonio Foster,langheather@jackson.net,51.0,Turkey,Home,499.99,,2025-02-26,Cash
ORD100817,Leah Miller,amberjones@miller.com,62.0,United States,Electronics,2500,-1,2025-01-06,Card
ORD100818,Stacy Adkins,levi48@yahoo.com,41.0,USA,Groceries,1200,2,2026-01-19,Transfer
ORD100819,Ashley Shea,qcoleman@yahoo.com,35.0,Turkey,Electronics,500,1,2024-09-11,Transfer
ORD100820,Vincent Rice,qali@hotmail.com,47.0,United Kingdom,Electronics,1200,2,2025-03-22,
ORD100821,Donna Dixon,holtjulie@singh.info,51.0,Nigeria,Fashion,499.99,,2024-05-15,Card
ORD100822,Jonathan Lucas,sperez@stephens-frost.com,30.0,USA,electronics,1200,2,2024-09-02,Transfer
ORD100823,Javier Clark,clifford67@zhang-miles.com,53.0,Nigeria,Groceries,,1,2026-01-16,Card
ORD100824,Benjamin Dennis,ywoods@green.com,,Turkey,electronics,500,1,2024-07-15,Transfer
ORD100825,Benjamin Greene,susanphillips@rush.com,,nigeria,Groceries,500,1,2024-05-12,card
ORD100826,Luis Shepherd,smithbrenda@davis-luna.com,18.0,Nigeria,Groceries,2500,1,2024-12-07,Cash
ORD100827,Katelyn Brown,brian52@turner-miller.biz,57.0,Nigeria,Fashion,,2,2025-06-03,card
ORD100828,Cassandra Castillo,uramirez@gates.com,33.0,Nigeria,electronics,,3,2025-03-28,Card
ORD100829,Diana Coleman,michael37@mcclure.biz,48.0,Nigeria,Home,1200,1,2024-02-19,card
ORD100830,Denise Hoffman,sara31@miller-chavez.info,24.0,Nigeria,Fashion,500,2,2024-03-04,Card
ORD100831,Patricia Vaughn,katrina12@hotmail.com,58.0,Nigeria,Home,1200,2,2025-01-05,Cash
ORD100832,Shari Jenkins,,62.0,USA,Groceries,500,1,2025-09-12,Transfer
ORD100833,Ronnie Walls,marc61@hotmail.com,30.0,Nigeria,Fashion,,5,2025-02-14,Card
ORD100834,Elizabeth Villegas,odonnelljesus@yahoo.com,,Ghana,Groceries,,3,2024-04-21,
ORD100835,Laura Nash,qwoodward@davenport.org,66.0,Nigeria,Fashion,499.99,2,2025-12-24,Cash
ORD100836,Rebecca Greene,ldelacruz@harper-sanders.org,48.0,Turkey,Groceries,"1,500",2,2025-01-23,
ORD100837,Carlos Campbell,woodmelissa@hotmail.com,31.0,Nigeria,Fashion,499.99,1,2025-11-29,card
ORD100838,Ashley Mcgee,ccunningham@yahoo.com,35.0,United States,Groceries,499.99,3,2024-06-16,Cash
ORD100839,Brian Arnold,stewartjames@curry.biz,26.0,United States,Groceries,,1,2025-09-06,Transfer
ORD100840,Teresa Franco,butlerjasmine@reid-marquez.com,39.0,Ghana,Home,499.99,3,2024-07-30,Card
ORD100841,Rebecca Cabrera,david55@mann.com,58.0,Ghana,Home,2500,1,2025-05-16,Transfer
ORD100842,Michael Griffin,elizabethsalas@johnson-hughes.org,68.0,nigeria,Fashion,1200,2,2024-09-30,Cash
ORD100843,Johnny Martinez,,50.0,United Kingdom,Groceries,499.99,3,2025-11-10,Transfer
ORD100844,Melissa Rodriguez,korr@gomez.com,,USA,Groceries,,2,2025-03-03,Cash
ORD100845,Christopher Sullivan,rodriguezelizabeth@hotmail.com,39.0,Nigeria,Electronics,500,5,2025-10-10,Transfer
ORD100846,Brenda Patton,sarahturner@blackburn.biz,65.0,Nigeria,Fashion,,2,2025-03-01,card
ORD100847,Joseph Robles,,24.0,Nigeria,Fashion,500,,2026-01-18,Cash
ORD100848,Aaron Davis,,40.0,nigeria,Groceries,2500,2,2025-10-26,Cash
ORD100849,Jason Simmons,brownamber@yahoo.com,66.0,United Kingdom,Fashion,"1,500",4,2024-10-22,Card
ORD100850,Michael Rogers,uherrera@clark.com,57.0,Ghana,Fashion,,1,2024-12-20,card
ORD100851,Teresa Williams,chadsmith@yahoo.com,29.0,United States,Home,500,2,2024-07-19,Card
ORD100852,April Campbell,grahamsusan@walter-may.com,56.0,Ghana,Electronics,1200,2,2024-09-11,Transfer
ORD100853,Johnny Ortiz,lisaadkins@murphy-flores.com,52.0,Nigeria,Groceries,1200,2,2026-01-25,Card
ORD100854,Jeffrey Vazquez,gregghendricks@bush.com,63.0,United Kingdom,electronics,500,2,,Transfer
ORD100855,Brooke Lopez,jonathan99@gmail.com,,United States,Electronics,"1,500",1,2024-11-23,card
ORD100856,Brandon Hernandez,torreslisa@knight-zuniga.com,48.0,Turkey,Home,1200,4,2024-12-07,card
ORD100857,Brent Clay,tammywerner@stevenson.com,58.0,United States,Groceries,499.99,1,2025-09-28,Cash
ORD100858,Kenneth Martinez,foxmichael@rogers.com,31.0,nigeria,Fashion,500,,2024-08-27,Card
ORD100859,Debra Paul,nroberson@bush.com,51.0,USA,Groceries,500,2,2024-08-17,Transfer
ORD100860,Mike White,charles15@yahoo.com,48.0,nigeria,Home,"1,500",1,2024-05-18,card
ORD100861,Amanda Hill,matthew24@gonzales-manning.info,62.0,United States,Groceries,"1,500",2,2025-10-11,Card
ORD100862,Paul Patterson,leblancjustin@stafford.com,18.0,USA,Home,"1,500",3,2025-07-21,Card
ORD100863,Alfred Salazar,daniel32@moon.com,56.0,United States,Electronics,"1,500",1,2024-03-22,Cash
ORD100864,Mark Monroe,bianca86@davis.com,65.0,United Kingdom,Electronics,1200,,2024-08-19,Transfer
ORD100865,Karen Alvarez,davisbrianna@yahoo.com,57.0,Nigeria,electronics,,5,2025-09-30,Cash
ORD100866,Anthony Brown,vaughnkimberly@fitzgerald.com,30.0,USA,Home,1200,4,2025-08-18,Cash
ORD100867,Brittany Salas,sherry19@yahoo.com,62.0,United Kingdom,Fashion,1200,2,2025-06-29,Transfer
ORD100868,Wanda Scott,jhanson@yahoo.com,68.0,Turkey,Fashion,1200,2,2024-06-03,Cash
ORD100869,Jeff Steele,nvance@mason.info,69.0,Nigeria,Electronics,499.99,1,2025-03-21,
ORD100870,Bryan Smith,tonya50@yahoo.com,38.0,Nigeria,Groceries,2500,,2025-10-03,Transfer
ORD100871,Christopher Alvarado,whitney39@hotmail.com,23.0,Nigeria,electronics,1200,1,2025-09-01,Cash
ORD100872,Jessica Beasley,donaldwest@newton.com,25.0,Turkey,Fashion,1200,2,2024-08-20,card
ORD100873,Adam Barr,juarezpeter@hotmail.com,34.0,nigeria,Fashion,1200,2,2025-06-24,Cash
ORD100874,David Perez,gina86@yahoo.com,19.0,United Kingdom,Groceries,500,,2025-05-13,Cash
ORD100875,Jesse Bruce,awalker@green-mitchell.info,18.0,United Kingdom,Groceries,"1,500",3,2024-10-05,card
ORD100876,Corey Williams,daniel28@gmail.com,69.0,nigeria,Home,2500,1,2024-04-22,Transfer
ORD100877,Nicholas Sexton,sarahjuarez@smith.com,45.0,USA,Fashion,,2,2025-05-30,Transfer
ORD100878,Jo Hernandez,cannonmichael@schmidt-turner.com,56.0,United States,Groceries,1200,5,2024-07-22,Card
ORD100879,Lauren Coleman,walter42@blake.com,36.0,United States,Groceries,500,4,2025-01-02,Transfer
ORD100880,Michelle Edwards,davidmccarthy@hotmail.com,59.0,Nigeria,Home,2500,1,2025-07-26,
ORD100881,Justin Hammond,anna55@gmail.com,53.0,United States,Electronics,"1,500",3,2025-05-13,Card
ORD100882,Ronald Graham,amybrown@kirby-bell.com,39.0,Ghana,Electronics,500,3,,card
ORD100883,Jeffrey Gordon,tinahatfield@gmail.com,66.0,Nigeria,Home,"1,500",2,2025-01-29,Transfer
ORD100884,Alexa Kaiser,tom27@yahoo.com,37.0,Nigeria,Fashion,2500,,2025-11-30,Cash
ORD100885,Andrew Lopez,jasminejacobson@hotmail.com,28.0,Nigeria,Electronics,1200,4,2024-12-10,Transfer
ORD100886,Jenny Russell,matthewmartin@yahoo.com,62.0,United States,Home,,5,2024-11-12,Card
ORD100887,Erika Singh,sandracombs@moore-williams.com,51.0,United Kingdom,Groceries,1200,,2025-08-19,Cash
ORD100888,Mary Bowman,ynelson@brown.com,29.0,Ghana,Electronics,500,4,2024-04-04,Card
ORD100889,Lisa Obrien,lorraine25@jennings.org,24.0,nigeria,Home,"1,500",2,,Card
ORD100890,Matthew Allison,ashley42@pierce.com,26.0,United Kingdom,Fashion,"1,500",,2026-02-09,Transfer
ORD100891,Jennifer Maldonado,ltaylor@gibson.com,23.0,United Kingdom,Fashion,1200,4,2024-03-18,Cash
ORD100892,Elizabeth Thornton,deanrenee@thomas-thompson.com,26.0,Turkey,Electronics,499.99,5,2025-08-26,Card
ORD100893,Brian Kelley,phillipsbrenda@jones-wilson.com,63.0,Ghana,Groceries,2500,3,2025-12-01,Card
ORD100894,Julia Kelly,hodgesjanet@simon-valencia.com,24.0,USA,Groceries,,1,2024-05-24,Cash
ORD100895,Douglas Smith,shari61@yahoo.com,25.0,Nigeria,Fashion,1200,3,2025-12-26,card
ORD100896,Haley White,burtonthomas@yahoo.com,52.0,Nigeria,electronics,1200,1,2024-08-07,Transfer
ORD100897,Christie Turner,cowens@hotmail.com,,United Kingdom,Groceries,500,,2024-03-30,Transfer
ORD100898,Michael Gross,phillip61@hotmail.com,,nigeria,Groceries,"1,500",2,2024-05-09,
ORD100899,Matthew Galloway,sking@yahoo.com,,Ghana,Fashion,"1,500",1,2024-04-09,card
ORD100900,Daniel Johnson,tcarter@carpenter.com,63.0,United Kingdom,Fashion,1200,1,2025-12-25,Cash
ORD100901,Christopher Wu,,63.0,nigeria,Electronics,,1,2025-05-21,card
ORD100902,Isabella Mccann,richardslatoya@yahoo.com,59.0,United States,Home,500,1,2026-02-13,Cash
ORD100903,Mary Garcia,jamiemiranda@hotmail.com,27.0,United States,electronics,1200,1,2024-07-11,
ORD100904,Robert Barnes,mwells@pineda.com,22.0,USA,Electronics,"1,500",1,2024-03-14,Card
ORD100905,William Richardson,patriciaespinoza@valencia.com,48.0,nigeria,Groceries,500,3,2025-11-19,card
ORD100906,Danielle Carter,christinamontes@brown.com,59.0,Ghana,Home,499.99,1,2025-05-13,Card
ORD100907,Rebecca Bryant,stevenhall@reid.com,,Nigeria,Home,499.99,4,,Card
ORD100908,Jacob Thompson,aaron94@white-hart.com,,United States,Groceries,1200,1,2025-04-17,Cash
ORD100909,Amber Turner,johnsonbrittany@gmail.com,35.0,United States,Fashion,500,,2025-01-23,Cash
ORD100910,Lisa Robinson,jessica99@hotmail.com,60.0,nigeria,Groceries,,2,2024-06-03,Cash
ORD100911,Deborah Young,nathanielcarter@douglas.com,24.0,Nigeria,Home,499.99,1,2024-06-28,Cash
ORD100912,William Allen,timothyclarke@hotmail.com,,United States,Fashion,"1,500",3,2024-04-16,Cash
ORD100913,Emily Butler,marisa73@gmail.com,22.0,Turkey,Fashion,1200,-1,2024-02-22,Cash
ORD100914,Autumn Suarez,brandonwagner@hotmail.com,36.0,USA,Groceries,500,1,2025-04-13,Card
ORD100915,Cynthia Anderson,hayesaudrey@lowery.com,28.0,United States,electronics,1200,1,2026-01-31,Card
ORD100916,Sharon Espinoza,xsmith@yahoo.com,62.0,United States,Groceries,1200,1,2024-05-26,Transfer
ORD100917,Jeffrey Kline,vwilson@yahoo.com,30.0,United States,Electronics,500,5,2024-07-07,Card
ORD100918,Douglas Sparks,dianelopez@yahoo.com,64.0,United States,Electronics,499.99,3,2025-11-08,Transfer
ORD100919,Richard Campbell,hwilliams@levy.com,61.0,nigeria,Electronics,1200,5,2025-11-19,Transfer
ORD100920,Trevor Rich,santosryan@mcdonald.biz,60.0,Nigeria,Groceries,499.99,5,2025-10-16,Card
ORD100921,Joshua Hanson,vasquezjoshua@novak.com,44.0,USA,Fashion,500,1,2025-05-11,Cash
ORD100922,Joseph Jordan,cooktracy@yahoo.com,68.0,nigeria,Home,1200,5,2025-01-23,card
ORD100923,Charles Moody,morriskevin@hotmail.com,25.0,Nigeria,Home,500,,2024-07-10,Card
ORD100924,Jason Ashley,luisbailey@gmail.com,36.0,Nigeria,Home,,1,,
ORD100925,Eric Brown,hgarcia@hotmail.com,24.0,Nigeria,Electronics,499.99,4,,Cash
ORD100926,Terry Tran,pblevins@guzman.com,29.0,nigeria,Electronics,1200,3,2025-01-12,Card
ORD100927,Billy Thompson,goodmanjennifer@levy-clark.com,49.0,Nigeria,Groceries,2500,1,2024-09-19,Transfer
ORD100928,Joan White,elizabethstone@harvey.com,57.0,Nigeria,Fashion,"1,500",1,2025-12-01,Transfer
ORD100929,James Garcia,denisehicks@hotmail.com,45.0,United Kingdom,Electronics,"1,500",,2025-12-21,Card
ORD100930,Randall Massey,caincody@yahoo.com,39.0,USA,Electronics,"1,500",3,2024-08-10,
ORD100931,James Watts,alyssa88@sanchez.com,20.0,Nigeria,Fashion,1200,3,2024-07-03,Cash
ORD100932,Nathan Rivas,stanleycolleen@sheppard-flores.com,58.0,United States,Fashion,2500,3,2024-06-20,Card
ORD100933,John Ayala,kaitlinwest@tucker.com,65.0,United Kingdom,Groceries,2500,1,2025-09-01,Transfer
ORD100934,Tyler Watson,robert16@yahoo.com,56.0,Turkey,Groceries,1200,1,2024-10-27,Card
ORD100935,Catherine George,,66.0,Ghana,Home,2500,1,2025-10-19,
ORD100936,William Smith,blewis@gmail.com,34.0,United States,Home,1200,2,2026-01-09,Cash
ORD100937,Patrick Shah,fowlercarl@yahoo.com,62.0,nigeria,Groceries,499.99,3,2024-08-30,card
ORD100938,Alexis Cook,sarahpotter@yahoo.com,63.0,USA,Fashion,"1,500",2,2025-07-27,Cash
ORD100939,Robin Vang,brandonlee@yahoo.com,69.0,United States,Fashion,"1,500",1,,Card
ORD100940,Jennifer Harmon,bchapman@gmail.com,48.0,Turkey,Home,499.99,3,2026-02-02,card
ORD100941,Emily Smith,osmith@hotmail.com,65.0,United Kingdom,Fashion,499.99,1,2024-11-10,Card
ORD100942,Melissa Palmer,sandra17@gmail.com,56.0,United States,Home,1200,2,2024-06-29,card
ORD100943,Samuel Moore,rnielsen@hotmail.com,62.0,United States,Electronics,"1,500",1,2024-03-25,Card
ORD100944,Jennifer Erickson,francisknight@gmail.com,63.0,nigeria,Groceries,,2,2024-09-05,
ORD100945,Amy Flores,kevin22@yahoo.com,53.0,United Kingdom,electronics,500,5,2024-07-14,card
ORD100946,Sandra Owens,youngtammy@dawson.com,29.0,Turkey,Electronics,1200,3,2025-03-18,Transfer
ORD100947,Andrew Lester,gjordan@hotmail.com,67.0,United Kingdom,Groceries,,3,2024-09-11,Card
ORD100948,Chase Hill,kevin47@vincent-mays.com,41.0,Nigeria,Fashion,500,,2025-12-28,Cash
ORD100949,Heather Parker,timothygray@yahoo.com,47.0,United States,Fashion,2500,5,2026-01-31,card
ORD100950,Marisa Gray,ogonzalez@miller.com,66.0,United States,Home,499.99,3,2024-11-17,card
ORD100951,Michael Howard,langkristina@yahoo.com,37.0,Nigeria,electronics,"1,500",2,2024-06-18,Card
ORD100952,Katherine Flores,martinezmonica@gmail.com,51.0,United Kingdom,Groceries,2500,2,2024-03-22,
ORD100953,Eric Bell,phillip56@hotmail.com,60.0,Turkey,Home,500,1,2024-03-28,Transfer
ORD100954,Christopher Moore,johnsondennis@thomas-adkins.net,52.0,United States,Groceries,500,2,2024-07-21,Transfer
ORD100955,Patricia Bradford,kimberlyjohnson@yahoo.com,28.0,Turkey,Electronics,2500,1,2024-06-23,Cash
ORD100956,Phillip Riley,heather79@miller.com,48.0,Ghana,Groceries,499.99,-1,2025-12-11,Cash
ORD100957,Patricia Jones,ryanharris@yahoo.com,46.0,Turkey,Electronics,500,4,2025-11-07,Cash
ORD100958,Troy Bradshaw,nalvarez@day.com,65.0,United States,Fashion,500,1,,card
ORD100959,Angela Davis,pwells@yahoo.com,65.0,Nigeria,electronics,500,,2025-06-20,
ORD100960,Ruth Chapman,xhowe@scott-baldwin.com,58.0,Turkey,Groceries,2500,1,2024-03-28,card
ORD100961,Audrey Heath,kennedymindy@gmail.com,53.0,United States,Electronics,"1,500",,2025-10-13,
ORD100962,Vanessa Johnston,waltonjohn@gmail.com,42.0,United States,Fashion,2500,2,2025-01-25,card
ORD100963,Phillip Torres,kevinrobinson@hotmail.com,64.0,Ghana,Home,500,1,2024-06-16,card
ORD100964,Tyler Winters,jonesnathan@hotmail.com,59.0,USA,Home,,2,2024-11-09,Card
ORD100965,Timothy Delacruz,kristin63@hotmail.com,25.0,Ghana,Fashion,500,3,2025-07-06,Cash
ORD100966,Frederick Lee,ydixon@hotmail.com,61.0,United States,Home,1200,1,,
ORD100967,Melissa Martinez,julie80@fitzgerald.net,64.0,Nigeria,Groceries,,4,2024-12-11,Card
ORD100968,Tonya Parker,abowen@yahoo.com,45.0,Nigeria,Home,,2,2024-05-07,card
ORD100969,Caleb White,elizabethmassey@hotmail.com,49.0,Nigeria,Electronics,1200,2,2025-03-14,Card
ORD100970,Stefanie Thomas,megansmith@smith-smith.net,40.0,nigeria,Groceries,1200,,2025-01-20,Cash
ORD100971,Janice Perez,steven82@gmail.com,69.0,Ghana,electronics,1200,4,2025-07-18,Card
ORD100972,Aimee Noble,christinaburns@yahoo.com,,nigeria,Groceries,500,2,2024-06-05,Transfer
ORD100973,Cynthia Riley,xgutierrez@mcdonald.info,26.0,United States,Electronics,500,,2025-06-23,Transfer
ORD100974,Mandy Le,annasimmons@hotmail.com,25.0,United States,Groceries,500,2,2025-11-26,card
ORD100975,Dawn Yates MD,,,Nigeria,Groceries,2500,5,2025-11-12,card
ORD100976,Kevin Bishop,,18.0,Ghana,Fashion,500,2,2024-03-18,Cash
ORD100977,Molly Smith,harrisjason@valdez.com,62.0,Ghana,Groceries,500,5,2025-09-28,
ORD100978,Craig Banks,madelineperez@lawrence.info,27.0,United Kingdom,Groceries,499.99,3,2025-09-19,card
ORD100979,Lori Williams,hendrixcarolyn@taylor-landry.com,47.0,Ghana,Fashion,1200,2,2024-12-18,card
ORD100980,Robert Rodriguez,roberthess@hotmail.com,39.0,USA,Home,2500,,,Card
ORD100981,Kim Fry,ericsweeney@dominguez-phillips.com,22.0,Nigeria,electronics,"1,500",3,2025-08-15,card
ORD100982,Candace Jordan,hudsonwendy@carpenter-wilson.net,40.0,Nigeria,Groceries,2500,1,2024-05-16,Transfer
ORD100983,Mary Roberts,angel74@hotmail.com,64.0,United States,Groceries,1200,2,2024-05-16,Card
ORD100984,Matthew Davis,erikamoore@mitchell.com,35.0,Turkey,Groceries,"1,500",1,2026-01-27,Transfer
ORD100985,Nathaniel Turner,crystalhernandez@silva-cantrell.net,60.0,Nigeria,Fashion,1200,3,2025-01-21,Transfer
ORD100986,Veronica Craig,howard72@dickerson-valenzuela.org,55.0,United States,Electronics,"1,500",4,2024-08-26,Transfer
ORD100987,Kimberly Perez,,57.0,nigeria,Fashion,1200,-1,2025-08-30,Transfer
ORD100988,Kimberly Garza,leejames@walker.com,32.0,Turkey,Electronics,1200,4,2025-02-08,Cash
ORD100989,Caleb Black,washingtonkatherine@gmail.com,65.0,USA,Groceries,1200,3,2024-09-20,Transfer
ORD100990,Timothy West,ffry@yahoo.com,55.0,United States,Groceries,500,-1,2024-07-19,Card
ORD100991,Melissa Morgan,martinjoseph@hill-burns.com,51.0,United States,Home,,-1,2025-04-26,Cash
ORD100992,Eric Lyons,pattonregina@hotmail.com,65.0,Nigeria,electronics,"1,500",1,2025-09-01,Card
ORD100993,Kevin Cross,,47.0,Nigeria,Electronics,1200,,2025-01-15,Card
ORD100994,Heidi Orozco,farleydavid@may-wood.com,69.0,nigeria,Home,2500,2,2025-09-22,
ORD100995,Sydney Harris,,49.0,United Kingdom,electronics,2500,4,,Transfer
ORD100996,Carrie Anderson,thomas24@yahoo.com,60.0,Turkey,electronics,1200,3,2024-09-20,Transfer
ORD100997,James Sharp,fischerjames@williams-hawkins.com,52.0,Nigeria,Electronics,499.99,3,2025-06-13,card
ORD100998,Amy Jones,hrodgers@hotmail.com,49.0,Ghana,Fashion,2500,1,2024-09-16,
ORD100999,Jennifer Herrera,,55.0,Nigeria,Fashion,500,3,2025-04-13,
ORD101000,Caroline Nichols,fbeltran@martin.com,40.0,United States,Electronics,2500,2,2024-10-11,Card
ORD101001,Ebony Bryant,blopez@reyes-rodriguez.com,40.0,Nigeria,Groceries,499.99,5,2025-08-15,Card
ORD101002,Steven Sparks,gturner@gmail.com,50.0,Ghana,Groceries,499.99,1,2024-07-08,Transfer
ORD101003,April Gonzalez,rsmith@hotmail.com,24.0,United Kingdom,Fashion,2500,5,2025-01-31,card
ORD101004,Eric Payne,justincox@hotmail.com,33.0,USA,Groceries,1200,2,,Card
ORD101005,Ryan Mcclure,ayalakaren@gmail.com,26.0,nigeria,Home,500,5,2024-03-16,Cash
ORD101006,Michele Robinson,susanmartinez@hotmail.com,37.0,United Kingdom,Electronics,"1,500",5,2025-09-06,card
ORD101007,Jeffrey Evans,michaelcooper@gonzales.com,50.0,Nigeria,Fashion,1200,3,2024-04-17,card
ORD101008,Ryan Johnson,oramirez@johnson.com,60.0,Turkey,Groceries,499.99,5,2025-03-20,Card
ORD101009,Miguel Esparza,dmiller@george.com,32.0,United States,electronics,500,4,2024-08-20,Transfer
ORD101010,Patrick Hicks,keith22@hotmail.com,21.0,Ghana,Groceries,500,2,2024-10-25,Cash
ORD101011,Dr. Karina Ruiz,melinda72@gmail.com,23.0,USA,Fashion,"1,500",2,2024-09-07,Card
ORD101012,Sherry Reyes,bsimpson@yahoo.com,,Ghana,Home,"1,500",2,2025-09-05,Cash
ORD101013,Henry Banks,carriewhite@perez.biz,18.0,nigeria,Home,2500,,2026-01-18,Card
ORD101014,Danielle Short,cwells@gmail.com,34.0,nigeria,Electronics,499.99,1,2025-08-01,Cash
ORD101015,Matthew Holloway,hrivera@hotmail.com,36.0,Ghana,Electronics,,5,2024-07-06,Transfer
ORD101016,Brandon Guerra,holmesmark@walls.com,50.0,United States,Fashion,500,2,2025-11-18,Card
ORD101017,James Boone,chernandez@nelson.biz,,United Kingdom,Fashion,500,4,2024-06-01,Card
ORD101018,Natalie Gonzalez,ecollins@blankenship.biz,54.0,Ghana,Fashion,1200,1,,Card
ORD101019,Randall Coleman,vcox@moore-clark.com,58.0,Ghana,Fashion,,4,2025-09-26,card
ORD101020,Sheryl Taylor,jonathanjones@hotmail.com,19.0,Turkey,Fashion,500,5,2025-11-04,Transfer
ORD101021,Kimberly Simpson,qmartin@yahoo.com,28.0,United Kingdom,Home,499.99,5,2025-10-26,
ORD101022,Elizabeth Berry,robertmitchell@gmail.com,26.0,Turkey,Home,500,3,2025-09-29,card
ORD101023,Mike Pena,michael28@gmail.com,20.0,Ghana,Groceries,500,5,2025-10-19,Cash
ORD101024,Jacqueline Whitney,,69.0,Nigeria,Electronics,2500,3,,Transfer
ORD101025,Lisa Young,imelton@davis.com,25.0,United States,Home,499.99,1,2024-02-19,Cash
ORD101026,Julia Massey,virginiarobinson@johnson.org,49.0,USA,Fashion,1200,1,2024-09-08,Cash
ORD101027,Kevin Rowe,jason60@nguyen.com,54.0,United States,Groceries,500,4,2024-05-14,
ORD101028,Melissa Savage,mashley@moran-pugh.com,53.0,United Kingdom,Groceries,1200,3,2026-01-03,Transfer
ORD101029,Michelle Rose,tnelson@leach-martin.net,58.0,Ghana,Electronics,"1,500",1,2025-08-31,Transfer
ORD101030,Justin Hernandez,udiaz@yahoo.com,68.0,Turkey,Electronics,,,2024-04-20,card
ORD101031,Edwin Ford,shannonchristopher@gmail.com,,USA,Fashion,"1,500",3,2025-02-02,Transfer
ORD101032,Hannah Morris,patriciarodriguez@lyons.info,51.0,nigeria,Fashion,2500,5,2024-07-30,card
ORD101033,Travis Kennedy,richard68@yahoo.com,,Ghana,Fashion,2500,4,2025-02-08,Cash
ORD101034,Ryan Jacobson,griffinchelsea@clark-thompson.com,67.0,Nigeria,Groceries,500,4,2025-07-23,Transfer
ORD101035,Brian Barnes,loriguzman@gmail.com,34.0,United Kingdom,Fashion,1200,4,2025-03-06,Cash
ORD101036,Anna Curtis,wluna@sanchez.com,64.0,United States,electronics,"1,500",5,2025-01-26,Card
ORD101037,Vincent Santiago,carol14@gmail.com,57.0,Nigeria,Fashion,,2,2026-02-04,Cash
ORD101038,Leah Mcdowell,christopherstone@bennett.com,53.0,Nigeria,Groceries,2500,1,2025-03-03,Cash
ORD101039,Ashley Norton,crose@nguyen.info,56.0,USA,Fashion,2500,4,2025-02-07,Card
ORD101040,Ryan Price,collin80@davis.org,37.0,nigeria,Fashion,,3,2025-05-28,Transfer
ORD101041,Raymond Johnson,ktaylor@yahoo.com,28.0,United States,Electronics,1200,,2025-06-10,Card
ORD101042,Laura Jones,jacobterrell@turner.net,60.0,Nigeria,Electronics,1200,2,2024-10-27,Cash
ORD101043,Jeffery Taylor,howardkimberly@patterson-martin.org,66.0,United States,Groceries,500,2,2025-04-20,
ORD101044,Michael Myers,fleminglouis@hotmail.com,69.0,United States,electronics,2500,2,2025-11-28,Cash
ORD101045,John Martinez,matthewmartin@meadows-robinson.info,67.0,United Kingdom,Groceries,500,2,2024-11-15,Transfer
ORD101046,James Jones,erik99@davis-welch.com,34.0,Ghana,Groceries,1200,2,2026-01-01,Cash
ORD101047,Ricardo Burns,pamelale@hotmail.com,40.0,Ghana,Groceries,2500,2,2025-10-26,Cash
ORD101048,Jay Lewis,stephaniehenry@castaneda.com,40.0,United Kingdom,Groceries,1200,-1,2024-12-31,Transfer
ORD101049,Linda Peterson,gillamanda@perez.info,34.0,Turkey,Groceries,499.99,4,2024-03-01,Card
ORD101050,Erik Hudson,carlakennedy@woodward-martinez.com,61.0,Nigeria,Electronics,1200,3,2024-08-22,Transfer
ORD101051,Travis Thomas,richard51@gmail.com,59.0,Ghana,electronics,2500,1,2025-05-25,Transfer
ORD101052,Carmen Patton,justinsmith@hotmail.com,50.0,Turkey,Electronics,2500,2,2025-03-02,Card
ORD101053,Frederick Caldwell,rachel55@gmail.com,21.0,United Kingdom,Home,500,3,2025-04-24,Card
ORD101054,Robert Wang,xhernandez@ashley.org,29.0,Nigeria,Fashion,"1,500",1,2024-11-25,Transfer
ORD101055,Ryan Meyer,maryjones@hotmail.com,45.0,Ghana,Electronics,500,5,2024-12-22,Transfer
ORD101056,Daniel Hicks,trantravis@hotmail.com,24.0,United Kingdom,Electronics,"1,500",5,2025-05-10,Transfer
ORD101057,Fred Hicks,,56.0,Nigeria,electronics,1200,4,2025-02-14,Card
ORD101058,Paul Nelson,,68.0,USA,Groceries,500,4,2025-10-29,Cash
ORD101059,Amber Hansen,melissavance@gmail.com,20.0,Turkey,Electronics,1200,1,2024-08-29,card
ORD101060,Brandon Roberts,johnsonstephanie@yahoo.com,30.0,Ghana,Electronics,500,5,2025-08-20,Transfer
ORD101061,Stacy Novak,,46.0,Nigeria,Electronics,2500,3,2025-12-23,
ORD101062,Hannah Miller,cindymason@gmail.com,30.0,nigeria,Home,"1,500",3,2024-09-02,Cash
ORD101063,Lindsay Perez,williambush@miles.com,,Nigeria,Electronics,499.99,3,2025-07-21,Transfer
ORD101064,Robert Ramirez,hayestravis@hotmail.com,40.0,United Kingdom,Home,1200,1,2024-09-24,Card
ORD101065,Grant White,edward76@gmail.com,22.0,Turkey,Groceries,"1,500",2,2025-11-22,card
ORD101066,Tony Jones,katherine84@yahoo.com,34.0,Nigeria,Electronics,1200,,2025-08-03,Card
ORD101067,Jennifer Holder,cchang@bailey-dudley.com,45.0,nigeria,Fashion,500,,2024-07-02,Cash
ORD101068,Emily Barton,russellshane@parrish.biz,58.0,Nigeria,Home,2500,1,2025-01-30,
ORD101069,Stanley Lewis,thompsonseth@gmail.com,33.0,USA,Fashion,"1,500",5,2024-07-05,Card
ORD101070,Christina Jones,sylvia12@yahoo.com,66.0,United States,Electronics,1200,5,2025-02-15,Cash
ORD101071,Daniel Stanley,victormartin@gmail.com,44.0,United Kingdom,Groceries,,2,2026-01-15,Cash
ORD101072,Ashley Rose,sherrydavis@gmail.com,42.0,nigeria,Electronics,1200,5,2025-11-19,Cash
ORD101073,Larry Romero,dalerobinson@yahoo.com,34.0,USA,Groceries,"1,500",4,2024-08-17,
ORD101074,Mrs. Katie May,mlowe@hotmail.com,48.0,Nigeria,Groceries,1200,3,2025-10-13,card
ORD101075,Katie Burns,robertsmark@mcgee.com,,Nigeria,Electronics,500,2,2025-12-30,Card
ORD101076,Karen Lopez,adam28@gmail.com,61.0,nigeria,electronics,,5,2024-03-28,Cash
ORD101077,Lindsay Mullins,carpenterwilliam@hotmail.com,38.0,Ghana,electronics,499.99,3,2024-08-25,
ORD101078,Seth Sullivan,smithluke@myers.info,60.0,United States,Groceries,1200,1,2025-11-15,Card
ORD101079,Brian Taylor,bchen@hunter.com,65.0,Turkey,electronics,1200,2,2024-11-20,Card
ORD101080,Mckenzie Watkins,jenniferruiz@yahoo.com,30.0,nigeria,Groceries,1200,,2024-05-29,Cash
ORD101081,James Tapia,david64@rogers.biz,26.0,United States,Electronics,499.99,2,2025-12-18,Card
ORD101082,Denise Love,jessica93@little.com,56.0,USA,electronics,2500,2,2024-07-06,Card
ORD101083,Matthew Scott,fishertrevor@collins.net,,USA,Groceries,"1,500",5,2025-11-03,
ORD101084,Amanda Johnston,sharon35@hudson-ward.info,46.0,Nigeria,Home,1200,,2025-07-18,card
ORD101085,Eric Davis,alexanderprice@mcdonald.com,25.0,nigeria,Fashion,1200,,2025-12-13,
ORD101086,Robert Rodriguez,lori95@yahoo.com,35.0,United States,Home,1200,1,2025-07-27,Cash
ORD101087,Jay Harris,burkesteven@tran.com,47.0,Nigeria,Home,499.99,1,2025-04-06,Card
ORD101088,Kevin Palmer,landerson@gmail.com,49.0,United States,Fashion,2500,-1,2025-04-14,Cash
ORD101089,Terry Williams,morrisonaustin@lopez.com,30.0,Ghana,Fashion,500,4,2024-03-02,Card
ORD101090,Gary Williams,kayla30@hughes-smith.org,19.0,nigeria,Electronics,2500,1,2025-02-23,Card
ORD101091,Donald Reeves,ywilliams@acevedo-gray.com,57.0,nigeria,Electronics,500,5,2025-09-10,card
ORD101092,Brett Perez,regina51@hotmail.com,64.0,Nigeria,Groceries,,3,2025-03-27,Cash
ORD101093,Traci Mcknight DDS,howellcaitlin@bautista.com,56.0,Ghana,electronics,2500,1,2024-07-06,Cash
ORD101094,Christina Cox,xalexander@barrera.org,30.0,Nigeria,Groceries,1200,1,2024-08-19,Cash
ORD101095,Michelle Hunt,sierrawilson@lewis.net,52.0,Nigeria,Electronics,1200,2,2024-11-29,Transfer
ORD101096,Robin Keller,marilynsherman@gmail.com,46.0,Ghana,electronics,"1,500",2,2024-07-26,Cash
ORD101097,Stephen Griffin,waltonbonnie@johnston.com,64.0,Nigeria,Electronics,,1,2024-05-06,Transfer
ORD101098,Christy Warner,smithabigail@hotmail.com,42.0,nigeria,Fashion,500,1,2024-11-01,Card
ORD101099,Gregory Estrada,larry63@yahoo.com,,USA,Electronics,500,,2024-07-09,Cash
ORD101100,Jason Mitchell,atkinsonjonathan@yahoo.com,,Ghana,Groceries,2500,2,2025-11-16,card
ORD101101,Kathy Freeman,,18.0,Nigeria,electronics,499.99,1,2025-01-06,Cash
ORD101102,Carlos Reynolds,,67.0,Nigeria,Electronics,"1,500",,2025-02-24,Card
ORD101103,Zachary Garcia,lindabrown@gmail.com,21.0,United Kingdom,electronics,1200,1,2024-12-01,
ORD101104,Lauren Hill,everettveronica@mason.net,49.0,Ghana,Home,500,,2024-02-21,Transfer
ORD101105,Jeffrey Little MD,,59.0,United Kingdom,Groceries,2500,1,2024-05-30,card
ORD101106,Dale Sharp,wdavis@carter.biz,24.0,Ghana,Electronics,"1,500",2,2025-10-09,Card
ORD101107,Lynn Robinson,qvang@gmail.com,66.0,Ghana,Electronics,2500,-1,2024-09-14,Card
ORD101108,Tammy Chang,rasmussenjennifer@yahoo.com,,Nigeria,Groceries,1200,5,2025-06-23,Transfer
ORD101109,Derrick Burke,kjones@yahoo.com,,nigeria,Groceries,1200,3,2024-08-27,Card
ORD101110,John Lawrence,tammyrussell@hotmail.com,37.0,Ghana,Groceries,2500,2,2025-01-08,Transfer
ORD101111,Christopher Davis,josemolina@hotmail.com,39.0,Nigeria,Groceries,"1,500",2,2025-10-11,Transfer
ORD101112,Daniel Young,bbeasley@pearson.com,,United Kingdom,Electronics,2500,2,2025-08-17,Cash
ORD101113,Lori Hurley,xroman@hart-dixon.net,56.0,United Kingdom,Electronics,500,,2025-07-21,Transfer
ORD101114,Carolyn Marshall,tonya23@huff-nguyen.com,69.0,Ghana,Groceries,1200,1,,Cash
ORD101115,Christopher Roy,jeffrey67@gmail.com,53.0,nigeria,electronics,500,1,2024-10-15,Cash
ORD101116,Melody Lang,gmcdowell@banks-carter.biz,22.0,Nigeria,Groceries,1200,1,2024-06-11,Card
ORD101117,John Jackson,bwilkinson@hotmail.com,60.0,USA,electronics,,3,2025-08-14,Transfer
ORD101118,Tiffany Flores,wanderson@wilson.com,39.0,United States,electronics,1200,1,2025-07-30,Card
ORD101119,Sherri Patterson DDS,lmccoy@hotmail.com,,Nigeria,Home,1200,3,2025-02-03,card
ORD101120,Angela Gardner,,,Ghana,Groceries,1200,5,2025-12-28,Card
ORD101121,Keith Webb,samantharitter@hotmail.com,68.0,United Kingdom,Fashion,2500,4,2024-08-15,Card
ORD101122,Daniel Arnold,qaguilar@lewis-allen.com,39.0,USA,Groceries,499.99,3,2024-08-25,Transfer
ORD101123,Jeremy Morrison,andre02@yahoo.com,65.0,United States,Groceries,,2,2025-11-06,Cash
ORD101124,Kimberly Yoder,lisa94@lynch.com,50.0,nigeria,Groceries,2500,1,2024-10-16,Cash
ORD101125,Brittney Thomas,sharon34@yahoo.com,39.0,United Kingdom,Groceries,,1,2024-05-16,Card
ORD101126,Darrell Weber,garyhall@cook.biz,54.0,Ghana,Electronics,500,-1,2024-12-09,
ORD101127,Christopher Knapp,duranmax@harrison.info,54.0,Nigeria,Electronics,"1,500",1,2025-05-24,Card
ORD101128,Lance Stanton,,66.0,United Kingdom,Electronics,500,1,2024-09-28,Card
ORD101129,Diana Turner,michaelphillips@washington.com,65.0,United States,electronics,1200,1,2025-03-24,card
ORD101130,Lindsey Parrish,vincent76@yahoo.com,46.0,United States,Home,1200,4,2024-06-08,
ORD101131,Kim Lucas,pamela48@barrett.com,63.0,Nigeria,electronics,2500,1,2025-09-23,Card
ORD101132,Jamie Williams,kathryn89@king.com,57.0,United Kingdom,Electronics,499.99,2,2025-12-05,Cash
ORD101133,Nichole Nicholson,blancharddanielle@roy-bradley.net,53.0,USA,Fashion,,1,2025-06-20,card
ORD101134,Amy Hoffman,steven16@yahoo.com,29.0,United Kingdom,Groceries,"1,500",2,2025-10-04,Card
ORD101135,Denise Hill,romerosamuel@harris-tucker.com,22.0,Nigeria,Groceries,499.99,2,2025-10-17,Transfer
ORD101136,Jerry Harrell,,50.0,United States,electronics,500,1,2025-08-06,Card
ORD101137,Cynthia Williams,meganbarrett@gmail.com,53.0,Turkey,Groceries,500,5,2024-09-07,card
ORD101138,Michael Camacho,heidiwhite@torres.net,36.0,nigeria,electronics,1200,5,2024-09-28,Cash
ORD101139,Donna Gonzalez,lindaniel@escobar-massey.org,57.0,Ghana,Electronics,500,2,2025-04-02,Cash
ORD101140,Gloria Scott,stevenjohnson@hotmail.com,57.0,United States,Home,1200,3,2025-12-14,Cash
ORD101141,Kristina Phillips,john10@hotmail.com,68.0,United Kingdom,Groceries,499.99,2,,Cash
ORD101142,Jason Lewis,hallamber@clay-taylor.com,29.0,Ghana,Fashion,500,2,2024-12-18,Cash
ORD101143,Ashley Meyer,rcummings@atkinson.net,31.0,Nigeria,Groceries,500,,,
ORD101144,Kenneth Martinez,bowmandavid@hotmail.com,50.0,nigeria,Home,,4,2025-11-08,card
ORD101145,James Cole,phelpsmichael@gmail.com,35.0,Ghana,Groceries,500,5,2025-02-26,Card
ORD101146,Dustin Martin,matthew82@fisher.net,21.0,United States,Home,2500,2,2025-11-27,Card
ORD101147,Steve Bryant,,59.0,United Kingdom,Fashion,499.99,1,2025-11-26,
ORD101148,Teresa Smith,dana71@gmail.com,53.0,Nigeria,Home,"1,500",1,2025-11-17,Transfer
ORD101149,Bruce Weiss,mendezricardo@nelson-hernandez.com,20.0,USA,Electronics,1200,3,2024-11-24,
ORD101150,Wendy Armstrong,seanjones@williams-kirby.com,44.0,Nigeria,Fashion,1200,1,2025-06-17,Transfer
ORD101151,Jordan Mccormick,feliciamiller@warren.info,,Turkey,Fashion,"1,500",5,2025-01-23,card
ORD101152,Dakota Allison,smithjonathon@baker.com,,nigeria,Electronics,1200,5,2024-03-26,Card
ORD101153,Brian Taylor,brandonmartin@mills.com,62.0,Nigeria,Fashion,499.99,5,2025-02-05,Transfer
ORD101154,Angela Macias,kim39@briggs.com,54.0,United Kingdom,Home,1200,2,2025-01-11,Card
ORD101155,Angela Mathis,briannapetersen@hotmail.com,66.0,United States,Fashion,500,5,2025-06-14,Transfer
ORD101156,Leslie Hurst,christina39@flores.net,62.0,Ghana,Groceries,1200,4,2025-09-03,Transfer
ORD101157,Heidi Wang,reyesdavid@matthews.com,55.0,Ghana,Home,"1,500",5,2025-02-11,Card
ORD101158,William Garcia,kristenflores@hansen.com,,United Kingdom,Groceries,1200,-1,2024-07-20,Card
ORD101159,Deborah Ryan,wrightlori@martinez-delgado.biz,51.0,Turkey,Groceries,499.99,2,2025-08-04,Card
ORD101160,Brett Hurst,mark89@gmail.com,31.0,USA,Electronics,500,2,2026-01-22,Cash
ORD101161,Sandra Vargas,,,Ghana,electronics,500,2,2024-10-06,Transfer
ORD101162,Kimberly Haney,brucestrong@gmail.com,33.0,United Kingdom,Electronics,"1,500",2,,Card
ORD101163,Scott Johnson,raymondsmith@hotmail.com,55.0,United States,Groceries,"1,500",,2024-07-27,
ORD101164,Scott Williams,gmullins@hotmail.com,20.0,Nigeria,Fashion,500,1,2024-10-27,Transfer
ORD101165,Edward Murphy,cleonard@wagner.biz,21.0,Ghana,Groceries,499.99,1,2024-05-21,Card
ORD101166,Yvette Gray,,57.0,Nigeria,Electronics,499.99,2,2025-09-30,Transfer
ORD101167,Mr. Christopher Brown,collinsvirginia@bailey.com,49.0,United States,Groceries,1200,1,,Cash
ORD101168,Thomas Curtis,walshmelissa@richardson.org,35.0,Nigeria,Groceries,2500,2,2025-05-22,Card
ORD101169,Tyler Buchanan,gcrosby@yahoo.com,37.0,Ghana,Groceries,500,1,2025-12-13,Cash
ORD101170,Theresa Thompson,chelseycantu@yahoo.com,47.0,United Kingdom,electronics,1200,3,2025-08-21,Cash
ORD101171,Nicolas Jones,thomas49@gmail.com,,Nigeria,Groceries,,3,2025-09-06,Card
ORD101172,Robert Larsen,bthomas@jimenez.com,28.0,Nigeria,Groceries,499.99,4,2025-06-03,Cash
ORD101173,William Garcia,derrickromero@bauer.info,33.0,Turkey,electronics,499.99,1,2024-12-07,Cash
ORD101174,Nicole Hamilton,haynesjennifer@thompson-day.com,,nigeria,Groceries,2500,,2024-03-18,
ORD101175,Patrick Allen,zallen@andrews-hernandez.com,45.0,Ghana,Home,1200,,2025-10-12,card
ORD101176,Jose Acosta,travisbishop@simmons.com,60.0,United States,Home,,2,2025-09-11,
ORD101177,Destiny Johnston,bowenjennifer@brown.com,51.0,Ghana,Electronics,1200,1,2024-10-19,Transfer
ORD101178,Angela Bates,lmoss@gmail.com,54.0,United Kingdom,Groceries,1200,,2025-07-24,Cash
ORD101179,Pamela Moyer,ramirezeric@yahoo.com,18.0,Nigeria,electronics,1200,3,2025-09-15,Transfer
ORD101180,Tammy Wilson,,61.0,Ghana,Fashion,499.99,5,2025-03-28,Card
ORD101181,Richard Green,alyssaortega@fowler.biz,20.0,Ghana,Electronics,1200,3,2024-03-11,Card
ORD101182,Nicholas Hayes,tjohnson@yahoo.com,69.0,Ghana,Electronics,2500,2,2025-03-05,
ORD101183,Ashley Rodriguez,joshuamacias@hotmail.com,68.0,USA,Electronics,500,2,2025-04-15,Card
ORD101184,Michelle Stone,lindsayklein@gmail.com,49.0,USA,electronics,1200,4,2025-10-06,Card
ORD101185,Justin Walter,hbarnes@russell.com,47.0,United States,Electronics,500,2,2025-05-26,Card
ORD101186,Rebecca Richardson,sabrinafrancis@brown-reyes.com,64.0,Nigeria,Home,,5,2025-02-05,card
ORD101187,John Lopez,kortega@yahoo.com,35.0,Ghana,Fashion,1200,1,2024-12-29,Transfer
ORD101188,Kayla Montgomery,,64.0,nigeria,electronics,,-1,2025-02-22,
ORD101189,Jeffrey Gallagher,istein@gmail.com,,United States,Fashion,500,1,2024-10-25,card
ORD101190,Alan Williams,mejiasteven@gallagher-flynn.net,19.0,USA,Groceries,2500,1,2024-03-08,Cash
ORD101191,Philip Ritter,lwoodard@gmail.com,49.0,Ghana,Electronics,"1,500",3,2024-07-30,Cash
ORD101192,Joseph Lewis DDS,,29.0,United Kingdom,electronics,1200,2,2024-09-08,Card
ORD101193,Lucas Allen,kevinwilcox@hotmail.com,59.0,Nigeria,Electronics,2500,,2025-02-18,card
ORD101194,Krista Brown,mmccoy@hotmail.com,18.0,nigeria,Fashion,2500,3,2024-12-22,Transfer
ORD101195,Christine Guerrero,,53.0,USA,Home,,,2025-12-31,Card
ORD101196,Noah Bailey,brennanamy@adkins-ferrell.com,67.0,United Kingdom,electronics,1200,2,2024-04-13,Transfer
ORD101197,Sandra Singleton,jmcgee@gillespie-benton.com,54.0,United States,Groceries,"1,500",3,2025-04-01,Card
ORD101198,Scott Whitney,joseph94@hotmail.com,59.0,USA,Electronics,"1,500",3,2024-11-21,Cash
ORD101199,Amy Tucker,levylauren@mann.com,54.0,Nigeria,Electronics,,,2025-03-22,Cash
ORD101200,Christopher Washington,qfigueroa@rich-rodriguez.biz,40.0,nigeria,Groceries,499.99,2,2024-04-27,Transfer
ORD101201,Cody Stephens,burchemily@hernandez.com,,Nigeria,Electronics,500,5,2024-04-14,Card
ORD101202,Jesse Thomas,connerjoshua@reyes.info,25.0,Ghana,Fashion,500,3,2024-08-25,Card
ORD101203,Courtney Evans,petersendaniel@hotmail.com,,United Kingdom,Fashion,,5,2024-11-14,Cash
ORD101204,Anthony Powers,lduncan@hotmail.com,42.0,Turkey,Groceries,,2,2025-04-17,Transfer
ORD101205,Jennifer Gibson,karaboyle@yahoo.com,58.0,Ghana,Home,1200,2,2025-01-02,Transfer
ORD101206,Benjamin Becker,freemanerik@hotmail.com,69.0,Turkey,Electronics,500,1,2025-10-27,Card
ORD101207,Christian Wells,brandonmurphy@yahoo.com,,United Kingdom,Groceries,"1,500",2,2025-06-24,Card
ORD101208,Patricia Wheeler,christensensherri@gmail.com,37.0,United States,Groceries,1200,3,2024-02-28,Transfer
ORD101209,Elizabeth King,yatestodd@kent-williams.com,56.0,Ghana,Electronics,1200,,2024-09-15,Card
ORD101210,Rebecca Burke,crystal54@yahoo.com,63.0,United Kingdom,Home,,4,2026-02-08,Cash
ORD101211,Laura Davis,hectortucker@greer.com,21.0,USA,Fashion,2500,1,2024-09-12,Transfer
ORD101212,Matthew Harrison,,52.0,Turkey,Electronics,500,5,2024-08-23,card
ORD101213,Morgan Martinez,shermantroy@gmail.com,44.0,Nigeria,Groceries,500,2,2024-04-16,card
ORD101214,Anthony Hahn,torressarah@yahoo.com,69.0,Nigeria,electronics,,1,2024-09-17,Card
ORD101215,David Gonzalez,josephjones@yahoo.com,62.0,USA,Home,2500,3,2025-10-05,Card
ORD101216,Michael Bell,gjohnson@yahoo.com,26.0,Ghana,Electronics,500,3,2025-07-21,card
ORD101217,Russell White,anthony80@gomez.org,30.0,USA,Groceries,1200,1,2024-07-09,Transfer
ORD101218,Eric Kirby,brittneysanchez@yahoo.com,30.0,Nigeria,Electronics,"1,500",3,2024-06-12,card
ORD101219,Daryl Barton,chelsea65@gmail.com,45.0,Nigeria,Electronics,2500,,2025-03-23,Cash
ORD101220,Daniel Taylor,dustin76@gonzalez.net,43.0,USA,Home,500,2,2025-07-13,Card
ORD101221,Daniel Boyd,gregory13@hotmail.com,33.0,United Kingdom,Groceries,499.99,2,2025-02-20,Card
ORD101222,Kevin Martinez,williamssean@yahoo.com,19.0,nigeria,electronics,"1,500",,2024-07-14,
ORD101223,David Mcintyre,fwhitaker@hotmail.com,18.0,USA,Electronics,,1,2025-07-05,
ORD101224,Meredith Casey,rickrodgers@mathis.com,31.0,Nigeria,electronics,500,1,2025-05-21,Transfer
ORD101225,Jeffrey Hammond,donnawhite@yahoo.com,44.0,Nigeria,Electronics,500,2,2024-07-29,Transfer
ORD101226,Frank Erickson,watsonwilliam@thompson.net,51.0,Nigeria,Fashion,499.99,1,2025-09-14,Card
ORD101227,Mrs. Alicia Allen DDS,jburgess@thomas.com,29.0,Ghana,Home,1200,2,2025-06-15,Cash
ORD101228,Dawn Kline,thomaswerner@gmail.com,64.0,Nigeria,Home,"1,500",2,2024-05-30,Card
ORD101229,Marissa Thomas,ramirezisaac@yahoo.com,36.0,Ghana,Electronics,"1,500",-1,2026-01-12,Cash
ORD101230,Paula Johnson,johnathanabbott@chavez.com,55.0,Ghana,electronics,"1,500",2,2026-01-05,Card
ORD101231,Shawn Rose,lauren82@hotmail.com,32.0,Nigeria,Groceries,2500,2,2024-09-10,card
ORD101232,Kelli Olson,sflores@leon.org,26.0,Ghana,Fashion,500,2,2024-05-22,Card
ORD101233,Dillon Alvarez,stacyyoung@gmail.com,47.0,Turkey,electronics,2500,1,2025-04-05,Transfer
ORD101234,Tina Copeland,dmaldonado@cain.com,20.0,United Kingdom,Fashion,500,2,2024-12-08,Cash
ORD101235,Brian Graham,william39@munoz-evans.com,35.0,Nigeria,Groceries,1200,5,2026-01-04,card
ORD101236,Veronica Mills,jeremymiller@hotmail.com,27.0,Ghana,Groceries,499.99,1,2024-02-27,Card
ORD101237,Tyler Gibson,zadkins@morris-wagner.com,49.0,Ghana,electronics,499.99,1,2024-09-17,Cash
ORD101238,Susan Lopez,imckenzie@yahoo.com,33.0,USA,Groceries,1200,,2024-12-07,Card
ORD101239,Christian James,,44.0,United States,Fashion,"1,500",1,2024-07-24,Card
ORD101240,Jill Nichols,rherrera@scott-long.org,28.0,United States,Electronics,499.99,2,2024-12-06,Card
ORD101241,Brandon Snyder,,29.0,Nigeria,Groceries,1200,,2025-03-08,Cash
ORD101242,Phyllis Nolan,gregoryshelton@hotmail.com,24.0,Nigeria,Electronics,1200,-1,2025-03-14,card
ORD101243,Rachel Allison,sarahhowell@gmail.com,68.0,United States,electronics,1200,2,2025-08-16,Card
ORD101244,Desiree Jacobs,hernandezmichelle@monroe.com,42.0,United States,Electronics,499.99,4,2025-08-03,Transfer
ORD101245,Tonya Hansen,weberstephanie@hotmail.com,66.0,nigeria,Electronics,,3,2024-11-03,Card
ORD101246,Ann Morris,fjordan@proctor-mercado.com,35.0,Turkey,Electronics,500,5,2026-01-25,Card
ORD101247,Ethan Sanders,ykim@gmail.com,68.0,United States,Electronics,,2,2025-08-30,card
ORD101248,Alexandra Dunn,serranolindsey@yahoo.com,45.0,Nigeria,Home,"1,500",4,2024-04-06,card
ORD101249,Joshua Hawkins,tperry@gmail.com,60.0,nigeria,Fashion,2500,1,2025-03-05,card
ORD101250,James Page,gutierrezwilliam@merritt-barnett.org,54.0,Nigeria,Electronics,500,1,2025-08-25,Transfer
ORD101251,Brittany Cabrera,justin91@ramos-miller.com,26.0,United States,Fashion,500,2,2024-12-13,Card
ORD101252,Peter Wilson,amyflores@yoder.com,42.0,United States,Home,"1,500",3,2025-12-28,Cash
ORD101253,Mark Hayes,qwalker@browning.com,36.0,United States,Electronics,2500,3,2025-08-05,card
ORD101254,Joshua Wright,gonzalezsandra@moore-smith.com,40.0,United Kingdom,Fashion,1200,5,2024-05-17,card
ORD101255,Cynthia Mack,stephaniegaines@guzman.biz,61.0,nigeria,Groceries,499.99,1,2024-07-15,Cash
ORD101256,Isabel Taylor,,,Nigeria,Groceries,1200,4,2024-11-05,Transfer
ORD101257,Laurie Rangel,esalinas@rich.net,28.0,USA,electronics,1200,4,2026-02-12,card
ORD101258,Megan King,david34@yahoo.com,56.0,United States,electronics,499.99,2,2024-02-24,Cash
ORD101259,Charles Hudson,john74@green.info,63.0,nigeria,electronics,"1,500",3,2026-01-29,Transfer
ORD101260,Lori Hardin,allenperez@hodges.com,32.0,Turkey,Groceries,,3,2024-07-21,Cash
ORD101261,Charles Evans,,20.0,United Kingdom,Home,,3,2024-04-05,Cash
ORD101262,Kaylee Oliver,janetwalker@jackson.com,23.0,Nigeria,Home,499.99,5,2025-07-29,Transfer
ORD101263,Steven Carter,owengregory@evans.com,62.0,nigeria,electronics,,1,2024-08-18,card
ORD101264,Teresa Bowers,khunter@farrell.net,34.0,Nigeria,Fashion,500,5,2026-02-08,Transfer
ORD101265,Mr. Kevin Johnson,jkeller@murray.biz,55.0,Ghana,electronics,,3,2025-02-04,Card
ORD101266,Justin West,,57.0,Nigeria,electronics,500,,2024-07-13,Card
ORD101267,Mary Jackson,,52.0,Ghana,Electronics,"1,500",2,2025-08-10,Transfer
ORD101268,Taylor Smith DVM,hmcdonald@gmail.com,43.0,nigeria,Electronics,2500,2,2025-03-05,Transfer
ORD101269,James Diaz,qmullins@pierce.com,28.0,nigeria,Groceries,2500,2,2025-12-01,card
ORD101270,Catherine Montes,andersondaniel@cooley-marshall.com,24.0,nigeria,Home,499.99,3,2025-12-11,
ORD101271,Gabriela Gomez,jeremy74@hotmail.com,20.0,Nigeria,Fashion,"1,500",,2024-02-21,Card
ORD101272,Ronald Lewis,cheryl14@george-hughes.info,33.0,United States,Fashion,500,1,2024-09-10,Card
ORD101273,Donna Carlson,ronald62@stevens.com,,United Kingdom,Groceries,499.99,4,2025-09-23,Cash
ORD101274,Sheena Miller,shannonkelly@ibarra-underwood.info,61.0,USA,Groceries,1200,2,,Cash
ORD101275,Mitchell Rivera,john22@stanley-holmes.com,63.0,United States,Fashion,"1,500",1,2025-01-27,Transfer
ORD101276,Tina Graham,,52.0,United Kingdom,Fashion,2500,3,2025-03-02,card
ORD101277,Tiffany Doyle,,54.0,Ghana,electronics,2500,4,2025-03-31,Card
ORD101278,Zachary Phillips,bmorse@gmail.com,54.0,nigeria,Electronics,1200,2,2025-01-08,Cash
ORD101279,Brandy King,rothmichelle@johnson-jones.org,51.0,nigeria,Fashion,500,2,2025-08-29,Transfer
ORD101280,Austin Klein,tammy95@thompson.com,41.0,USA,Fashion,,1,2024-04-05,Card
ORD101281,Patrick Wright,katherine32@gmail.com,66.0,USA,Fashion,500,2,2026-01-28,Cash
ORD101282,Ashley Marks,carteranthony@gmail.com,49.0,Nigeria,Groceries,500,1,2025-08-24,Card
ORD101283,Jennifer Wilson DVM,lesliebooth@yahoo.com,36.0,Turkey,Fashion,2500,5,2024-10-11,Card
ORD101284,Lee Jensen,mckenzieamanda@grant.info,60.0,United States,Home,500,2,2024-04-18,Card
ORD101285,Rachel Johnson,,59.0,USA,Electronics,,,2024-10-10,Cash
ORD101286,Troy Tucker,garciakevin@yahoo.com,68.0,United States,Home,"1,500",1,2025-10-15,Cash
ORD101287,Jennifer Jacobson,,,Nigeria,Electronics,499.99,1,2025-02-16,Card
ORD101288,Bradley Vargas,randallrichmond@king-hughes.com,66.0,United States,electronics,1200,1,2024-03-07,Transfer
ORD101289,Ryan Delgado,brittany33@yahoo.com,38.0,Nigeria,Groceries,500,2,2024-06-28,Cash
ORD101290,Tony Vasquez,michael62@gmail.com,39.0,Ghana,Groceries,500,1,2024-08-27,Cash
ORD101291,Cheryl Thomas,dgriffin@lambert.biz,43.0,USA,Groceries,500,3,2025-01-21,Transfer
ORD101292,Amber York,juliavargas@turner.org,60.0,USA,Electronics,500,2,2024-11-30,Card
ORD101293,Patrick Burton,,56.0,Turkey,Electronics,499.99,2,2025-12-05,Cash
ORD101294,Nicole Baker,jeremy50@gmail.com,59.0,United States,Fashion,500,5,2025-11-29,Card
ORD101295,Julie Carter,bsmith@lutz.com,27.0,Nigeria,Fashion,500,,2025-04-14,Cash
ORD101296,Sheri Kennedy,kenneth88@patterson.com,51.0,Ghana,Groceries,499.99,4,2026-01-11,Transfer
ORD101297,Haley Owen,mlee@lopez.com,,Ghana,electronics,2500,2,2024-04-22,
ORD101298,David Andrews,jakelopez@pugh-walker.com,60.0,United States,Electronics,2500,3,2025-12-14,Cash
ORD101299,James Thomas,carlamclaughlin@yahoo.com,58.0,United States,Groceries,2500,3,2024-04-01,Card
ORD101300,Bradley Brown,dmiddleton@yahoo.com,58.0,United Kingdom,Groceries,500,2,2024-03-30,Transfer
ORD101301,Rebecca Pierce,steveyoung@gmail.com,25.0,United Kingdom,Groceries,499.99,3,2024-10-15,Transfer
ORD101302,Kelly Long,renee08@ortiz-henderson.info,61.0,United Kingdom,Fashion,500,5,2025-06-20,Cash
ORD101303,Jamie Santos,santanajames@yahoo.com,56.0,United Kingdom,Groceries,2500,1,2025-05-31,card
ORD101304,Justin Abbott,terri21@mckay-wagner.net,45.0,Nigeria,Electronics,500,1,2024-06-18,Card
ORD101305,Cindy Lopez,timothy59@curtis.com,68.0,Nigeria,Groceries,"1,500",,2025-06-16,
ORD101306,David Kent MD,mcdonaldpamela@alexander-marquez.org,34.0,Ghana,Home,1200,3,2025-09-27,
ORD101307,Ronald Price,williamsmarcus@yahoo.com,64.0,United Kingdom,Fashion,"1,500",4,2024-09-08,Cash
ORD101308,Anthony Miller,fmiller@carpenter.com,47.0,Nigeria,Electronics,500,4,2024-12-11,Card
ORD101309,Andrew Green,zedwards@hotmail.com,28.0,United Kingdom,electronics,,3,2024-11-18,Cash
ORD101310,Michael Nicholson,christopher13@gmail.com,26.0,Turkey,Electronics,1200,1,2025-11-09,
ORD101311,Anne Landry,heathersantos@yahoo.com,41.0,nigeria,Groceries,,5,2025-04-18,Card
ORD101312,Kyle Parker,ksellers@hotmail.com,59.0,United States,Groceries,"1,500",-1,2024-10-23,
ORD101313,Omar Rogers,,18.0,United States,Home,500,1,2025-03-29,Transfer
ORD101314,David Garcia,ymcintosh@johnson-boyd.biz,58.0,Ghana,Home,500,1,2025-03-12,Cash
ORD101315,Julie Rivera,codymckinney@dixon.com,36.0,nigeria,Fashion,1200,,2024-08-15,Card
ORD101316,Alexandra Stark,xedwards@gmail.com,18.0,nigeria,electronics,1200,1,2025-09-17,
ORD101317,William Quinn,ellischeryl@butler.info,58.0,United States,Groceries,1200,2,,card
ORD101318,Keith Hawkins,ahill@brown-brooks.info,46.0,Turkey,Fashion,,1,2025-01-24,Card
ORD101319,Jennifer Carter,samuel67@gmail.com,69.0,United States,Groceries,2500,1,2025-07-19,Cash
ORD101320,William Shields,brian76@barnes-kim.com,24.0,nigeria,Electronics,"1,500",1,2024-07-19,Cash
ORD101321,Steven Ortega,megan24@gmail.com,30.0,nigeria,Fashion,2500,2,2024-02-26,
ORD101322,Alicia Phillips,dellison@pierce-lynch.com,59.0,USA,electronics,2500,1,2024-06-24,Cash
ORD101323,Brittany Castro,haynesjessica@jones.com,25.0,United States,Electronics,500,,2025-05-06,Transfer
ORD101324,Howard Hess,ballaustin@hotmail.com,21.0,USA,electronics,2500,5,2024-06-27,Cash
ORD101325,Nicholas Todd,tlewis@yahoo.com,,USA,Fashion,"1,500",,2025-02-16,
ORD101326,Gerald Perez,,68.0,Ghana,electronics,1200,4,2025-12-19,Cash
ORD101327,Christopher Reynolds,sarahcook@dixon.info,51.0,Nigeria,Electronics,"1,500",5,2024-04-23,Card
ORD101328,Troy Bishop,jamessmith@gmail.com,67.0,Turkey,Groceries,2500,4,2025-02-13,Transfer
ORD101329,Marcus Riley,vasquezheather@adams.biz,,United States,electronics,499.99,1,2024-11-23,
ORD101330,Jonathan Morgan,xcordova@mccoy.biz,43.0,nigeria,Fashion,500,3,2024-11-19,
ORD101331,Norma Ruiz DDS,,65.0,Nigeria,Electronics,499.99,1,,Transfer
ORD101332,Larry Pollard,derekguzman@hotmail.com,51.0,Nigeria,electronics,"1,500",3,2025-03-24,Transfer
ORD101333,Samuel King,,21.0,Nigeria,Groceries,"1,500",1,2025-12-06,Transfer
ORD101334,Chase Smith,jasonleonard@gmail.com,34.0,Nigeria,electronics,"1,500",1,2025-01-03,Transfer
ORD101335,Melissa Walls,kathylewis@garrett.com,,Nigeria,Groceries,1200,2,2024-08-17,Transfer
ORD101336,Megan Hill,kzamora@hill.com,30.0,Nigeria,Fashion,,2,2024-06-07,Transfer
ORD101337,Micheal Parker,diane19@gmail.com,43.0,Nigeria,Groceries,1200,5,2025-08-07,Transfer
ORD101338,Randy Hansen,emilygreen@yahoo.com,54.0,Nigeria,Fashion,"1,500",3,2025-01-10,card
ORD101339,Nicole Fleming,jamescallahan@gmail.com,65.0,United States,Fashion,499.99,1,2025-03-03,Transfer
ORD101340,Leslie Herring,yandrade@charles-strong.com,65.0,United States,Electronics,,2,2025-08-11,Card
ORD101341,Johnny Evans,jennifer98@yahoo.com,31.0,Ghana,Electronics,2500,5,2026-01-08,Card
ORD101342,Jessica Baker,davidpreston@chambers.com,62.0,United States,Groceries,2500,,2026-01-14,card
ORD101343,George Goodwin,qwilliamson@whitehead.com,63.0,Nigeria,Fashion,1200,1,2024-11-16,card
ORD101344,Larry Navarro,layala@hotmail.com,26.0,USA,Groceries,1200,2,2025-06-22,Cash
ORD101345,Johnny Lyons,jacksonamy@yahoo.com,53.0,Ghana,electronics,,2,2024-10-29,Transfer
ORD101346,Gina Ayers,djones@gmail.com,,Turkey,electronics,499.99,4,2024-04-18,Cash
ORD101347,Gregory Bauer,,39.0,Ghana,Groceries,499.99,2,2025-05-15,card
ORD101348,Mr. Mario Frank,,35.0,USA,Electronics,,-1,2025-11-02,Transfer
ORD101349,Barbara Campbell,bnelson@hotmail.com,61.0,Nigeria,Groceries,499.99,4,2024-11-02,Transfer
ORD101350,Kara Ramirez,samanthahernandez@carter.com,43.0,Nigeria,Home,500,1,2025-12-17,Transfer
ORD101351,Casey Harrell,alexblevins@hotmail.com,35.0,Ghana,Groceries,500,1,2025-07-21,
ORD101352,Penny Cobb,pdecker@hotmail.com,30.0,Nigeria,Fashion,500,-1,2025-06-22,card
ORD101353,Erica Johnson,sabrinadunn@brown-lang.com,52.0,USA,electronics,,1,2025-01-28,Card
ORD101354,Todd Livingston,,39.0,USA,Groceries,"1,500",4,2024-10-30,Transfer
ORD101355,Emily Johnson,amy71@harris.net,60.0,Ghana,Electronics,,3,2025-01-15,
ORD101356,Tammy Villarreal,patelalex@yahoo.com,25.0,Nigeria,Groceries,500,,2024-08-31,card
ORD101357,Mary Campbell,taylorsarah@davis.com,56.0,nigeria,Groceries,"1,500",1,2025-03-18,Cash
ORD101358,Joshua Garcia,annette15@gmail.com,50.0,USA,Electronics,1200,2,2025-03-20,Cash
ORD101359,Vanessa Farmer,drush@smith-valencia.biz,56.0,USA,Groceries,500,2,2024-08-16,
ORD101360,Brian Graves,davidfrank@dean.com,32.0,nigeria,electronics,1200,2,2024-06-17,card
ORD101361,John Marquez,meghanhuerta@gmail.com,56.0,United States,electronics,500,2,,Cash
ORD101362,Emily Ortiz,xmoody@hotmail.com,69.0,Nigeria,Home,1200,,2025-07-15,Cash
ORD101363,Jeremy Robbins,gregory10@gmail.com,23.0,United States,Fashion,500,2,2025-10-07,Card
ORD101364,Victoria Wiggins,richardsonstephanie@vaughan-miller.com,39.0,Nigeria,Groceries,1200,3,2024-02-26,Cash
ORD101365,Ryan Anderson,ramosdiane@hotmail.com,50.0,Turkey,Home,1200,3,2025-07-19,Card
ORD101366,Robin West,carriepatterson@hotmail.com,65.0,United Kingdom,Home,2500,4,2025-02-05,Card
ORD101367,Victoria Nguyen,davidkerr@clayton.com,68.0,United States,Electronics,500,5,2024-09-04,Card
ORD101368,Michael Conley,stephen56@hart.com,58.0,Turkey,Groceries,"1,500",1,2025-06-05,card
ORD101369,Devin Roberts,thompsontina@jacobs.biz,,United Kingdom,Fashion,"1,500",2,2025-01-28,Transfer
ORD101370,Jessica Davis,adam67@hotmail.com,46.0,Nigeria,electronics,500,2,2024-06-19,Cash
ORD101371,Susan Hoffman,michaelpotts@davis.net,38.0,Ghana,Groceries,"1,500",2,2024-03-31,card
ORD101372,Michelle Carter,murilloedward@lopez-davila.com,23.0,United Kingdom,Electronics,500,3,2025-11-18,Cash
ORD101373,Kendra Gibbs,,18.0,United States,electronics,500,5,2026-01-20,Cash
ORD101374,Cody Williams,johnandrews@blackwell.net,68.0,nigeria,Fashion,1200,3,2024-05-23,Card
ORD101375,Angela Blevins,cameron79@nelson.org,27.0,USA,Electronics,,5,,Card
ORD101376,Stephanie White,jamesburns@gmail.com,22.0,USA,Groceries,1200,3,2025-10-14,Transfer
ORD101377,Deborah Green,brandi49@wolf.biz,48.0,United States,Groceries,2500,,2024-09-24,Transfer
ORD101378,Rachael Smith,,67.0,United States,Electronics,1200,2,2026-01-15,Transfer
ORD101379,Nicholas Norman,ljones@hotmail.com,18.0,United States,electronics,,1,2026-02-03,card
ORD101380,Kelly Nguyen,gabrielle90@yahoo.com,47.0,United Kingdom,Electronics,1200,2,2024-09-22,Cash
ORD101381,Amber Kerr,peggy54@mcclain-frost.com,35.0,USA,Electronics,1200,4,2024-12-05,Card
ORD101382,Samantha Garrett,cohenkelly@yahoo.com,30.0,United Kingdom,Groceries,499.99,4,2025-12-07,Transfer
ORD101383,Mr. James Chavez,brianfrost@yahoo.com,20.0,Turkey,Groceries,1200,5,2024-04-26,Cash
ORD101384,Sara Bennett,jasonwise@love-thomas.com,42.0,USA,electronics,1200,2,2024-10-17,Transfer
ORD101385,James Olsen,joelsherman@gross-randall.net,19.0,United Kingdom,electronics,500,4,2026-02-01,card
ORD101386,Michael Washington,qarnold@medina-anderson.com,61.0,nigeria,Groceries,2500,2,2024-10-04,Cash
ORD101387,Amber Brown,,36.0,United States,Electronics,499.99,5,,Card
ORD101388,James Gibson,leonjason@gmail.com,54.0,United States,Electronics,1200,1,,card
ORD101389,Michael Erickson,hmartinez@yahoo.com,63.0,Ghana,Home,,,2024-12-26,
ORD101390,Lynn Lawrence,ana01@lane.com,,Nigeria,electronics,1200,5,2025-06-07,Card
ORD101391,Cody Koch,john06@hotmail.com,27.0,Nigeria,Electronics,499.99,5,2025-03-04,Cash
ORD101392,David Johnson,kleinmelanie@alexander-sullivan.com,46.0,USA,Electronics,499.99,3,2024-04-14,Card
ORD101393,Thomas Morgan,david82@gomez.info,29.0,Ghana,electronics,2500,,2024-07-15,Card
ORD101394,Laura Ford,jerry40@hotmail.com,32.0,Nigeria,Groceries,500,5,2024-10-08,Card
ORD101395,Brian Lam,mariarocha@hotmail.com,63.0,Turkey,electronics,"1,500",3,2025-03-08,Card
ORD101396,Linda Lee,andrew67@mcclain.com,40.0,United Kingdom,Home,499.99,5,2025-01-09,Cash
ORD101397,Lauren Johnson,bwells@gmail.com,,United States,Electronics,,1,2024-04-20,Card
ORD101398,Mindy Craig,vtaylor@gmail.com,40.0,Ghana,Electronics,499.99,3,2026-01-19,Card
ORD101399,Alex Curry,mark35@brown.biz,39.0,Nigeria,electronics,1200,3,2025-07-19,card
ORD101400,Sharon Mills,,46.0,Nigeria,Fashion,500,4,2024-12-16,Card
ORD101401,Richard Wright,jacobsdavid@gmail.com,34.0,Nigeria,electronics,499.99,4,2024-09-09,Card
ORD101402,Todd Norris,jenniferbruce@mcgrath.com,64.0,Ghana,Electronics,,1,2026-01-08,Cash
ORD101403,Jeffrey Wood,andrea46@gmail.com,42.0,United States,Groceries,500,2,2024-05-13,card
ORD101404,Matthew Barker,,29.0,United States,Fashion,1200,4,2024-11-06,Cash
ORD101405,Andrea Wilson,jose33@gmail.com,36.0,United Kingdom,Groceries,500,3,2025-02-16,Card
ORD101406,Gregory Jordan,melissa35@ramos.com,38.0,nigeria,Home,500,,2024-03-21,Cash
ORD101407,Jason Mcclure,thomasjames@west.biz,46.0,United States,Home,500,-1,2025-08-02,
ORD101408,Jamie Glass,,24.0,Ghana,Home,1200,,2025-04-26,Cash
ORD101409,Carol Yang,kathryn26@hotmail.com,69.0,USA,Electronics,500,4,2025-08-22,Card
ORD101410,Michael Huber,hrodriguez@bell.net,49.0,Nigeria,electronics,500,1,2024-02-22,
ORD101411,Aaron Price,emily41@walsh.net,35.0,United Kingdom,Groceries,500,3,2025-03-28,Card
ORD101412,Tom Barnett,tthompson@hotmail.com,27.0,Nigeria,Home,499.99,2,2025-12-18,Card
ORD101413,Daniel Carlson,uduarte@yahoo.com,19.0,United States,Groceries,1200,4,2025-07-31,Transfer
ORD101414,Jonathan Flores,brownkelly@yahoo.com,39.0,USA,Fashion,500,1,2024-12-28,Cash
ORD101415,Jonathan Watson,jason27@yahoo.com,59.0,Nigeria,Groceries,"1,500",3,2024-02-23,Transfer
ORD101416,Carla Moore,,46.0,nigeria,Fashion,1200,2,2024-04-10,Cash
ORD101417,Victoria Ramirez,hermanmichael@gmail.com,,Nigeria,Electronics,,2,2024-07-04,Card
ORD101418,Amy Knapp,pturner@yahoo.com,60.0,Turkey,Groceries,499.99,3,2024-07-10,
ORD101419,William Young,rebecca91@carter.biz,59.0,Ghana,Groceries,1200,2,2025-12-28,Card
ORD101420,Anthony Rice,youngsusan@campos.org,36.0,United States,Electronics,2500,1,2025-04-10,Cash
ORD101421,Marvin Bernard,tberger@burch.com,50.0,Ghana,electronics,2500,1,2024-03-31,Card
ORD101422,Jonathan Anderson,wbonilla@yahoo.com,53.0,USA,Electronics,2500,,2025-12-23,Card
ORD101423,Chase Kaufman,munozfelicia@gmail.com,27.0,United States,Groceries,"1,500",2,2024-04-29,card
ORD101424,Steven Walton,harveyrobert@mayer.info,,United Kingdom,Groceries,500,2,2024-06-30,Transfer
ORD101425,Victor Smith,austin49@yahoo.com,53.0,United States,Electronics,,2,2024-05-16,Transfer
ORD101426,Mark Solis,allenheidi@hotmail.com,56.0,United States,electronics,500,2,2024-07-01,
ORD101427,Michael James,ogarrison@payne.com,59.0,Nigeria,Groceries,"1,500",-1,,card
ORD101428,Maria Perkins,hawkinssean@hotmail.com,24.0,Ghana,Electronics,"1,500",5,2025-04-01,card
ORD101429,Priscilla Williams,kmills@yahoo.com,33.0,nigeria,Electronics,500,2,2024-11-20,Cash
ORD101430,Vicki Parks,,51.0,United States,Home,,5,2024-03-21,card
ORD101431,Amanda Jordan,ychavez@reid-leon.com,39.0,United States,Groceries,499.99,2,2024-10-02,Card
ORD101432,Samantha Daugherty,andrea49@gmail.com,47.0,United Kingdom,Groceries,2500,2,2025-02-28,card
ORD101433,Kelli Marshall,flane@nelson.com,60.0,USA,Fashion,499.99,2,2024-11-13,Card
ORD101434,Rachel Patel,,26.0,Nigeria,electronics,500,4,2025-11-22,Cash
ORD101435,Lisa Jones,epierce@hodge.biz,,nigeria,Electronics,2500,,2025-11-28,Card
ORD101436,Renee Reese,eric46@berry.com,62.0,nigeria,Electronics,2500,4,2025-09-18,Card
ORD101437,Brenda Parrish,clayton44@hotmail.com,29.0,Nigeria,Electronics,"1,500",1,2024-08-22,Transfer
ORD101438,Debra Graham,amy37@hotmail.com,35.0,Nigeria,Home,2500,1,2025-03-10,Cash
ORD101439,Ashley Osborne,johnhess@gmail.com,,USA,Fashion,500,2,2026-02-08,Card
ORD101440,Emily Parker,jessica45@yahoo.com,45.0,Ghana,Home,499.99,1,2025-08-11,Card
ORD101441,Jacob Bryan,jenniferreyes@hotmail.com,26.0,Nigeria,Electronics,499.99,1,2025-02-18,card
ORD101442,Tina Alvarado,kristophercalhoun@matthews-king.com,47.0,Nigeria,Electronics,1200,1,2025-07-28,card
ORD101443,Scott Watson,watersdiana@gmail.com,58.0,Ghana,Groceries,1200,2,2025-02-27,Card
ORD101444,Mary Gardner,bakermichael@cabrera.com,28.0,Nigeria,Fashion,500,1,2024-08-17,Card
ORD101445,Timothy Brandt,iwalker@gmail.com,59.0,Ghana,Home,,4,2025-09-13,Cash
ORD101446,Ronald Barker,steelekaren@yahoo.com,49.0,United States,Fashion,500,2,2026-01-21,Cash
ORD101447,Brian Howe,ccurry@gmail.com,56.0,Turkey,Groceries,1200,3,,Transfer
ORD101448,Walter Chambers,robert33@irwin-burns.info,63.0,nigeria,Electronics,499.99,,2025-09-02,
ORD101449,Brandon Castro,hunterglen@gmail.com,24.0,nigeria,Groceries,499.99,5,2024-07-17,Transfer
ORD101450,Tina Phillips,,47.0,USA,Electronics,2500,5,2025-08-08,Card
ORD101451,Angela Harding,brandon04@yahoo.com,28.0,United States,electronics,499.99,2,2025-04-08,Cash
ORD101452,Jacqueline Summers,julie46@moore.org,35.0,Turkey,electronics,499.99,2,2025-07-27,card
ORD101453,Patrick Sampson,laura70@kelly.com,26.0,United Kingdom,Fashion,499.99,2,2024-04-27,Card
ORD101454,Andrea Shaw,gscott@hotmail.com,,Nigeria,electronics,1200,2,,Cash
ORD101455,Heather Farley,sherry89@gmail.com,27.0,Nigeria,Fashion,2500,4,2025-05-04,Transfer
ORD101456,Daniel Robinson,audrey05@flores.org,59.0,Nigeria,Groceries,,4,2026-01-17,Transfer
ORD101457,Kevin Carter,gardnermelinda@price.net,47.0,Nigeria,Home,,2,2025-09-12,Transfer
ORD101458,Kathy Snyder,deckerjulie@gmail.com,65.0,Nigeria,Groceries,500,3,2024-03-14,Card
ORD101459,Nicholas Miller,jamiehall@gmail.com,68.0,Ghana,electronics,1200,5,2025-10-20,Card
ORD101460,Sydney Johnson MD,mrice@foster.net,27.0,Nigeria,Fashion,1200,3,2024-11-17,Transfer
ORD101461,Elizabeth Boyer,lindsey54@hotmail.com,19.0,Nigeria,Home,500,1,2025-03-25,Transfer
ORD101462,Jacob Smith,allenbrenda@hotmail.com,48.0,Nigeria,Home,"1,500",2,2024-10-07,Cash
ORD101463,Paul Norton,tiffany51@jackson.com,37.0,United Kingdom,Fashion,500,2,2025-11-24,Transfer
ORD101464,Claudia Smith,wking@gmail.com,34.0,Ghana,Fashion,500,4,2025-09-03,Cash
ORD101465,Jeffrey Watkins,jerome50@wright-taylor.info,40.0,Nigeria,Electronics,2500,1,2024-04-15,Card
ORD101466,Sierra Smith,lopezsherry@roach.net,57.0,USA,Groceries,1200,1,2025-05-09,Card
ORD101467,Jeffrey Giles,robertcunningham@gmail.com,20.0,United States,Groceries,500,1,2025-01-14,Transfer
ORD101468,Alicia Armstrong,cgreen@yahoo.com,37.0,USA,Groceries,499.99,1,2025-03-02,Card
ORD101469,Donald Brown,hvelasquez@hotmail.com,60.0,United Kingdom,Groceries,"1,500",-1,2024-09-29,Cash
ORD101470,April Morris,johnsmith@hotmail.com,65.0,Nigeria,Fashion,1200,4,2025-06-05,card
ORD101471,Jessica Jenkins,william18@yahoo.com,37.0,Nigeria,Fashion,,2,2024-07-22,Cash
ORD101472,Catherine Nelson,ksmith@terry.com,54.0,nigeria,Electronics,500,5,2024-06-16,Card
ORD101473,Caroline Willis,catherinecook@yahoo.com,21.0,Ghana,Electronics,500,2,2026-01-28,Card
ORD101474,Mackenzie Bates,nortonwilliam@hotmail.com,44.0,Nigeria,electronics,499.99,4,2025-08-17,Cash
ORD101475,Kelly Roberts,johnruiz@ford.com,52.0,United Kingdom,Fashion,1200,5,2024-10-27,card
ORD101476,Shawn Massey Jr.,pam95@schultz.com,52.0,Nigeria,Electronics,"1,500",3,2025-03-13,Cash
ORD101477,Ms. Marilyn Taylor,pamela64@gmail.com,54.0,Nigeria,Groceries,2500,3,2025-04-07,card
ORD101478,Stephanie Payne,alexis82@yahoo.com,22.0,Turkey,Groceries,500,5,2024-06-20,Transfer
ORD101479,Sandra Dunn,michael88@gmail.com,26.0,Ghana,Groceries,500,2,2024-04-19,Cash
ORD101480,Veronica Parks,timothymendoza@yahoo.com,,Turkey,Electronics,500,1,2025-03-14,Card
ORD101481,Heather Pearson,hkelly@alvarez.biz,52.0,United Kingdom,electronics,499.99,1,,Card
ORD101482,Karla Chan MD,jacksonallison@smith.com,23.0,Nigeria,Electronics,500,1,2025-03-02,Card
ORD101483,Dr. Patricia Mcbride,fdrake@wilson.com,32.0,USA,electronics,"1,500",4,2024-05-09,Card
ORD101484,Jason Case,wvaldez@baker-espinoza.info,46.0,Ghana,Electronics,2500,2,,Transfer
ORD101485,Alex Alexander,tcraig@jenkins-griffin.com,45.0,Turkey,Electronics,1200,5,2025-04-25,Card
ORD101486,Jordan Ortiz,darrellnelson@gmail.com,63.0,United Kingdom,Electronics,2500,-1,2025-09-28,Transfer
ORD101487,Virginia Gonzalez DVM,riveranicholas@hull.org,59.0,Ghana,electronics,499.99,2,2026-02-07,Transfer
ORD101488,Carrie Ryan,makaylahamilton@hotmail.com,68.0,nigeria,Groceries,1200,1,2025-01-10,Transfer
ORD101489,Mr. Norman Wyatt,,,Nigeria,Fashion,,1,2024-12-30,Cash
ORD101490,Casey Sosa,anthonymeyer@yahoo.com,57.0,Ghana,Fashion,500,,2024-11-10,card
ORD101491,Mr. Benjamin Page,david50@hotmail.com,66.0,USA,Home,500,3,2025-10-21,Cash
ORD101492,Matthew Snyder,djohnson@jones-singh.com,30.0,Nigeria,Electronics,499.99,5,2025-01-03,Cash
ORD101493,Joseph Rivera,kathleenmartinez@stuart-williams.com,20.0,United States,Groceries,499.99,3,2025-10-09,Cash
ORD101494,Cynthia Clarke,clarkmeghan@gmail.com,52.0,nigeria,electronics,1200,3,2024-08-18,card
ORD101495,Shannon Fox,larry58@gmail.com,35.0,Ghana,Fashion,2500,1,2025-07-13,Cash
ORD101496,Eric Bryant,ugriffin@gmail.com,58.0,Ghana,Electronics,1200,1,2025-09-03,Transfer
ORD101497,Chelsea Duncan,lauragriffin@perez.com,35.0,Nigeria,Home,1200,5,2025-12-26,Transfer
ORD101498,Megan Anderson,zchase@robertson-gray.com,69.0,Turkey,Home,"1,500",3,2025-10-07,Cash
ORD101499,Sean Pierce,heidi01@jackson-cordova.com,35.0,United States,Groceries,,3,2025-10-24,Transfer
ORD101500,James Wallace,brittany61@hotmail.com,57.0,United States,Groceries,1200,1,2025-10-09,Card
ORD101501,Michele Munoz,orobinson@barnes.net,,nigeria,Fashion,,3,2024-06-21,Card
ORD101502,Chad Herrera,clarkjames@yahoo.com,34.0,United Kingdom,Groceries,499.99,4,2025-12-17,Transfer
ORD101503,Elizabeth Sullivan,charper@love-dunlap.net,45.0,Nigeria,Groceries,1200,1,2025-01-10,Transfer
ORD101504,Michael Williams,vjohnston@gmail.com,29.0,USA,Home,"1,500",1,2024-06-08,Cash
ORD101505,Sherri Young,adamsthomas@hotmail.com,20.0,United Kingdom,Home,,3,2024-03-06,Cash
ORD101506,Michael Cervantes,erinrice@yahoo.com,,nigeria,Fashion,2500,3,2026-01-06,Cash
ORD101507,Mary Ramos,williamking@cordova.com,46.0,United States,Groceries,,2,2025-02-12,Card
ORD101508,Dawn Green,larry51@stephenson.biz,26.0,USA,Home,,3,2025-01-09,Card
ORD101509,Susan Jones,marthamelendez@yahoo.com,29.0,Ghana,Groceries,2500,,2025-11-23,Cash
ORD101510,Tracie Tran,revans@gmail.com,35.0,United States,Electronics,500,5,2026-01-05,Cash
ORD101511,Jennifer Ferguson,zgomez@buck-simmons.net,33.0,United States,Fashion,1200,-1,2024-10-21,
ORD101512,Dustin Bass,johnsongloria@gmail.com,35.0,Ghana,Electronics,2500,1,2025-05-19,
ORD101513,Eric Brown,kking@gmail.com,33.0,United States,Fashion,500,2,2024-11-24,Card
ORD101514,Damon Sanchez III,carrangie@gmail.com,30.0,USA,Groceries,500,3,2024-06-04,Card
ORD101515,Brittany Kelley,thall@payne.com,33.0,Turkey,Fashion,500,5,2024-07-30,Cash
ORD101516,William Allen,ivanmunoz@yahoo.com,66.0,Nigeria,Groceries,500,5,2025-09-14,Card
ORD101517,John Gallagher,tamara83@bailey.net,18.0,Turkey,Fashion,,1,2025-12-28,Cash
ORD101518,Regina Baker,raybrittney@hotmail.com,22.0,Nigeria,Home,,2,2025-04-03,Cash
ORD101519,Justin Lewis,mallory26@yahoo.com,58.0,Nigeria,Groceries,500,1,2025-05-23,Card
ORD101520,Ronald Lewis,suttonkristen@berry.com,38.0,Ghana,Fashion,499.99,1,2025-08-18,Card
ORD101521,Kristen Harris,ujohnson@kent.net,67.0,United Kingdom,electronics,1200,3,2025-02-10,Transfer
ORD101522,Sean Stark,michellesexton@ross.biz,62.0,Nigeria,Fashion,500,2,2024-03-31,Cash
ORD101523,Brooke Conley,timothy09@hotmail.com,50.0,United Kingdom,Electronics,"1,500",2,,Card
ORD101524,Michael Garcia,aprilhamilton@walter-hanna.biz,29.0,United States,Fashion,499.99,1,2024-11-13,Transfer
ORD101525,Paula Hill,dwhite@gmail.com,63.0,USA,Groceries,"1,500",1,2024-03-13,card
ORD101526,Derrick Mccormick,nparrish@fisher.com,,Ghana,Electronics,500,2,2025-07-06,Card
ORD101527,William Smith,william33@miller.org,30.0,USA,Electronics,2500,3,2026-02-12,Transfer
ORD101528,Tamara Bowman,,62.0,Ghana,Electronics,"1,500",4,2024-09-03,
ORD101529,Megan Bradley,gmoore@mckinney-fernandez.com,60.0,nigeria,Electronics,499.99,,2025-02-08,Card
ORD101530,Mr. Joseph Allen,zbarron@robertson-finley.biz,41.0,United Kingdom,Groceries,"1,500",2,2025-08-24,Card
ORD101531,Jonathan Long,hpadilla@ware.info,37.0,United Kingdom,Groceries,499.99,2,2024-07-31,Transfer
ORD101532,Kathryn Smith,nicholasboone@gmail.com,23.0,United States,Home,500,,2025-05-02,Card
ORD101533,Autumn Grant,travis01@hotmail.com,38.0,Nigeria,Electronics,500,,2025-02-25,Card
ORD101534,Zachary Montgomery,graypatricia@daniels.info,44.0,United States,Electronics,499.99,5,,Cash
ORD101535,Christopher Pierce,,34.0,United States,Electronics,499.99,2,2025-04-04,card
ORD101536,Angela Brennan,jacquelineowens@yahoo.com,69.0,United Kingdom,Electronics,"1,500",1,2025-04-14,Transfer
ORD101537,Kyle Walker,delgadodorothy@perez.com,64.0,Nigeria,Home,2500,1,2025-04-17,Transfer
ORD101538,Jo Walker MD,alvarezjonathan@hotmail.com,35.0,United States,Groceries,499.99,2,2025-07-27,Cash
ORD101539,Hannah Khan,nhill@strong-tucker.com,41.0,nigeria,Fashion,,5,2025-12-12,
ORD101540,Amanda Black,carlosbutler@boone-travis.com,31.0,nigeria,Home,500,3,2025-05-11,Cash
ORD101541,Stephen Delacruz,,67.0,United States,Electronics,500,1,2024-05-04,Card
ORD101542,Vanessa Schultz,travisthompson@calhoun.com,55.0,United States,Electronics,,5,2024-05-23,Card
ORD101543,Wendy Ward,timothy40@hotmail.com,33.0,nigeria,Fashion,499.99,1,2025-02-19,Transfer
ORD101544,Dale Hall,,30.0,USA,Groceries,1200,1,2026-01-12,Transfer
ORD101545,Patricia King,leslieyang@turner.com,27.0,Nigeria,Electronics,499.99,1,2024-07-17,Card
ORD101546,Yvonne Gallegos,autumn18@davis.com,29.0,United States,electronics,499.99,1,2025-02-25,Card
ORD101547,Connie Clark,joanpayne@hotmail.com,19.0,United States,Electronics,500,3,2025-01-29,Card
ORD101548,Lonnie Craig,ybrady@doyle.com,32.0,United States,electronics,"1,500",1,2024-02-24,Card
ORD101549,Jason Mercado,,67.0,Ghana,Home,500,2,2025-06-09,Transfer
ORD101550,Michael Elliott,umaxwell@owen-ballard.com,35.0,Turkey,Groceries,,,2025-01-28,Cash
ORD101551,Judith Sims,,31.0,United Kingdom,Electronics,500,5,2024-06-01,card
ORD101552,Kristin Gonzales,adamsvanessa@jones-peterson.com,27.0,United States,Electronics,500,3,2025-08-12,Card
ORD101553,Catherine Cummings,tcooley@yahoo.com,39.0,Nigeria,Fashion,1200,1,2025-12-26,Card
ORD101554,Douglas Gibson,garciaandrew@winters.biz,38.0,Turkey,electronics,499.99,1,2024-12-19,Cash
ORD101555,Peter Peters,gregoryruiz@yahoo.com,27.0,Ghana,Fashion,2500,-1,2025-08-28,card
ORD101556,Tonya Garcia,jessicayoung@hotmail.com,60.0,United Kingdom,Home,"1,500",2,2025-08-22,Transfer
ORD101557,Michael Smith,justinramirez@gmail.com,27.0,United States,Groceries,1200,4,2025-04-25,Cash
ORD101558,Dorothy Henderson,juan06@hotmail.com,52.0,Nigeria,Home,500,,,Card
ORD101559,Jamie Gibson,zlong@robinson.com,42.0,nigeria,Electronics,"1,500",-1,2024-06-02,Card
ORD101560,Mariah James,seth48@gmail.com,53.0,United States,Fashion,,3,2026-01-29,Cash
ORD101561,Joshua Graham,patrick35@daniels-frazier.com,41.0,Nigeria,Groceries,"1,500",2,2025-02-11,card
ORD101562,Jordan Bradley,zmason@gmail.com,58.0,United States,Home,500,4,2025-09-15,Cash
ORD101563,Megan Suarez,jesse43@martin.com,35.0,Nigeria,Electronics,2500,2,2025-04-27,Transfer
ORD101564,Jennifer Ibarra,mirandamendez@hotmail.com,53.0,USA,Electronics,500,5,2026-01-25,card
ORD101565,Amanda Henderson,nicolelynch@casey.info,68.0,United States,electronics,,3,2025-03-30,
ORD101566,Carolyn Rose,kingsarah@hotmail.com,53.0,Nigeria,Electronics,1200,1,2025-01-18,Transfer
ORD101567,Kimberly Reed,ggomez@hotmail.com,58.0,nigeria,Fashion,1200,2,2025-10-06,Transfer
ORD101568,Jessica Berry,monicasnyder@burton.info,27.0,United Kingdom,electronics,499.99,3,2024-07-03,Card
ORD101569,Shane Barron,kennethwade@yahoo.com,52.0,Nigeria,Fashion,500,2,2024-07-17,Transfer
ORD101570,Erika Chandler,burnettteresa@williams.info,36.0,United Kingdom,Groceries,"1,500",4,2025-06-01,Card
ORD101571,Jonathan Berry,olee@mendez.com,56.0,Nigeria,Groceries,500,4,2025-11-14,card
ORD101572,Todd Bennett,fdiaz@hotmail.com,22.0,Turkey,electronics,500,5,2024-06-16,
ORD101573,Deborah Reyes,jwallace@jarvis-hunt.com,42.0,United States,Electronics,1200,3,2024-10-09,Transfer
ORD101574,Brandon Roberts,tyler31@williams.info,22.0,nigeria,electronics,500,,2026-01-13,Card
ORD101575,Tyler Johnson,chenethan@gmail.com,27.0,Nigeria,Fashion,2500,4,2024-10-24,card
ORD101576,Rebecca Gill,fletchershannon@hotmail.com,44.0,Ghana,electronics,2500,,2025-11-28,Card
ORD101577,Shannon Jones,glasskristen@yahoo.com,40.0,United States,Home,500,5,2024-09-08,card
ORD101578,Mrs. Nicole Powers,eparks@whitaker.com,62.0,nigeria,Groceries,500,2,2025-02-23,Cash
ORD101579,Ryan Higgins,jonesstephanie@hotmail.com,,Nigeria,Home,2500,,2025-12-01,Card
ORD101580,Andrea Scott,,33.0,USA,Home,499.99,5,2024-10-26,Cash
ORD101581,Nathan Taylor,trevortaylor@yahoo.com,42.0,Nigeria,Electronics,1200,,2024-07-29,Transfer
ORD101582,Taylor Martinez,llloyd@brady.com,37.0,Nigeria,Groceries,499.99,4,2025-12-11,Transfer
ORD101583,David Jackson,harrismichele@ayala.com,,United States,Home,1200,1,2024-04-28,card
ORD101584,Sarah Singh,elizabethbrown@garcia-chung.com,58.0,United States,Home,"1,500",,2024-09-28,Cash
ORD101585,Lawrence Russell,michaelkirby@gmail.com,48.0,United States,Fashion,2500,1,2025-02-24,Cash
ORD101586,James Gomez,lawrence37@solomon-jimenez.com,53.0,Nigeria,electronics,1200,1,,Transfer
ORD101587,Michelle Aguirre,karencole@hotmail.com,22.0,United Kingdom,Electronics,499.99,1,2024-02-18,Card
ORD101588,Walter Lane,shannon14@taylor.com,35.0,Turkey,electronics,500,3,2025-09-09,Cash
ORD101589,Richard Owens,zcook@thompson-rubio.com,,United Kingdom,Home,"1,500",2,2025-12-08,Cash
ORD101590,Craig Rodriguez,mendezkristen@perez-nguyen.com,51.0,USA,electronics,1200,5,2024-12-15,Transfer
ORD101591,Mrs. Alexandra Harris DVM,zhood@gmail.com,37.0,Ghana,electronics,1200,4,2025-08-07,card
ORD101592,Elizabeth Schultz,douglasveronica@valenzuela-faulkner.biz,37.0,Ghana,Electronics,1200,,2025-12-07,Card
ORD101593,Misty Gray,,68.0,Ghana,Groceries,499.99,1,2024-05-25,Transfer
ORD101594,Cassandra Morgan,nowen@yahoo.com,68.0,nigeria,Electronics,499.99,2,2025-10-01,Card
ORD101595,Matthew Foster,robert65@byrd.com,64.0,Nigeria,Fashion,500,,2025-07-01,Transfer
ORD101596,Judith Williamson,robertcollins@walsh-roberts.com,37.0,USA,Fashion,2500,4,2025-05-18,Transfer
ORD101597,Robert Brown,williamsdylan@walker.com,53.0,USA,Electronics,2500,2,2024-05-07,card
ORD101598,Jason Soto,michael87@hughes-howard.org,35.0,United States,electronics,2500,5,2025-07-29,Transfer
ORD101599,Sherry Zuniga,stevensthomas@hotmail.com,,United States,Electronics,500,2,2024-04-13,Transfer
ORD101600,Abigail Hardy,andrea04@gmail.com,29.0,United States,Fashion,500,1,2025-04-13,card
ORD101601,Ronnie Thompson,mhoward@martinez.org,33.0,nigeria,Groceries,499.99,1,2025-02-05,card
ORD101602,Tammy Collins,deborahhall@bright.com,33.0,USA,Home,500,5,2025-02-24,Card
ORD101603,Paul Townsend,julie35@pierce.com,49.0,Nigeria,Groceries,500,1,2024-12-24,card
ORD101604,Michelle Adams,stephaniebryant@peterson.info,52.0,Turkey,Groceries,2500,2,2024-08-13,card
ORD101605,Christopher Stewart,sgomez@hoffman.net,39.0,nigeria,Fashion,"1,500",2,2025-06-06,Card
ORD101606,Marissa Ashley,,25.0,United States,Groceries,1200,4,2025-11-28,Transfer
ORD101607,Jaime Smith PhD,samanthalopez@gmail.com,31.0,United States,Groceries,2500,5,2024-07-22,
ORD101608,Stephen Bruce,bbond@yahoo.com,33.0,Nigeria,Fashion,500,2,2025-04-30,Transfer
ORD101609,John Vaughn,wilsonnancy@cain.net,35.0,Ghana,Electronics,500,2,2025-07-08,Cash
ORD101610,Eduardo Powell,aho@myers.org,41.0,United States,electronics,,1,2025-05-17,Card
ORD101611,Ashley Warner,wattsian@garcia.com,23.0,United States,Groceries,499.99,1,2025-04-01,
ORD101612,Jennifer Green,martindaniel@yahoo.com,68.0,Turkey,Groceries,"1,500",2,2024-10-15,Transfer
ORD101613,Leah White,beckercrystal@salas.com,,nigeria,Groceries,2500,1,2024-09-24,card
ORD101614,Frank Munoz,brandonwatson@yahoo.com,47.0,Ghana,Home,1200,1,2024-10-26,Transfer
ORD101615,Jodi Wright,roberthernandez@nelson.com,30.0,Ghana,Home,1200,2,2024-12-23,Card
ORD101616,Felicia Pena,owilliams@carr.com,43.0,Nigeria,Electronics,1200,2,2025-08-05,Card
ORD101617,Elizabeth Hood,ctrujillo@turner.org,28.0,United States,Groceries,500,4,2025-08-11,Card
ORD101618,Douglas Jackson,anthonyolson@johnston.com,63.0,Nigeria,Home,2500,-1,2024-12-29,Transfer
ORD101619,Terry Bailey,cynthiafritz@harrison-murray.info,36.0,United Kingdom,Electronics,1200,2,2025-09-08,Card
ORD101620,Thomas Baldwin,wlee@williams-hicks.com,47.0,Nigeria,Electronics,2500,4,2025-06-29,Cash
ORD101621,Deanna Wiggins,frogers@shaw-bradley.com,19.0,United Kingdom,Electronics,,5,2025-07-05,card
ORD101622,Samantha Brown,carmen41@yahoo.com,29.0,Nigeria,Groceries,"1,500",2,2024-07-20,Cash
ORD101623,Jessica Joyce,crystalcarter@hotmail.com,19.0,nigeria,Fashion,"1,500",5,2025-05-25,Card
ORD101624,Christopher Calderon,phillipdecker@yahoo.com,23.0,nigeria,electronics,1200,2,2024-04-16,Card
ORD101625,Tina Wilson,katie64@white-campbell.com,32.0,United Kingdom,electronics,1200,,2024-10-13,card
ORD101626,Thomas Hill,mitchell50@casey-burgess.net,51.0,USA,electronics,,5,2024-04-09,Transfer
ORD101627,Robert Mathis,,36.0,Ghana,Electronics,,2,2025-08-08,Cash
ORD101628,Rick Dunn,patriciaroberts@hotmail.com,34.0,United States,Fashion,500,2,2024-09-28,
ORD101629,Zachary Lopez,taylorelizabeth@garcia.biz,35.0,Nigeria,Groceries,2500,1,,Cash
ORD101630,Vicki Rogers,jameslee@hotmail.com,63.0,United States,Home,,1,2024-06-20,Transfer
ORD101631,Vicki Mata,emily58@williams.com,32.0,United States,electronics,"1,500",1,2024-09-27,card
ORD101632,William Cabrera,stephanierodriguez@bennett-wells.net,,USA,electronics,499.99,-1,2024-11-04,Card
ORD101633,Angelica Ortega,mary60@hotmail.com,18.0,United Kingdom,Fashion,499.99,5,2025-02-13,Card
ORD101634,Gerald Weaver,jonathanbowman@yahoo.com,34.0,Nigeria,Fashion,1200,5,2025-02-04,Transfer
ORD101635,Sara Carroll,lewisjennifer@spencer.org,21.0,Nigeria,Groceries,499.99,1,2024-05-06,card
ORD101636,Jessica Branch,daniel68@hotmail.com,69.0,United Kingdom,Electronics,500,5,2024-04-19,
ORD101637,Misty Carter,kochkari@dickerson.com,46.0,nigeria,electronics,500,1,2026-02-06,Card
ORD101638,Michelle Garcia,jessica82@hotmail.com,23.0,United Kingdom,Electronics,500,2,2026-01-22,Card
ORD101639,Tiffany Mckinney,sandra14@hotmail.com,61.0,USA,Groceries,500,2,2024-07-12,
ORD101640,Micheal Cherry,jonathan68@spears.info,60.0,nigeria,electronics,"1,500",2,,Cash
ORD101641,Jenna Hunt,cmitchell@mcdowell-jones.biz,67.0,Turkey,Electronics,"1,500",,2024-04-04,Card
ORD101642,Cheryl Edwards,christinehart@wilson-brown.biz,33.0,United Kingdom,Fashion,500,3,2024-12-07,Transfer
ORD101643,Carol Davis,rachelbaker@hotmail.com,58.0,Ghana,electronics,"1,500",1,2025-06-20,Card
ORD101644,Nancy Blair,wooddanielle@pham.info,51.0,Nigeria,Groceries,500,2,2025-08-17,Cash
ORD101645,Ashley Jenkins,anthony66@dawson.com,38.0,United States,Electronics,500,4,2025-01-09,Card
ORD101646,Mary Hunt,jamestheodore@myers.net,42.0,United Kingdom,Electronics,"1,500",1,2026-02-17,Cash
ORD101647,Katherine Hall,pricerobert@gmail.com,57.0,nigeria,Electronics,"1,500",1,2024-06-20,card
ORD101648,Brandon Kent,haroldburton@logan-dunn.com,30.0,United Kingdom,electronics,500,4,2025-01-14,Card
ORD101649,Carol Malone,anthony14@gmail.com,69.0,United States,Groceries,500,2,2024-02-25,Cash
ORD101650,Dennis Marsh,sandra21@gmail.com,19.0,Nigeria,Groceries,"1,500",3,2025-09-07,Transfer
ORD101651,Cheryl Murray,fsteele@kelly.info,39.0,United States,Electronics,,3,2024-07-31,Transfer
ORD101652,Derek Davenport,watkinsana@cunningham.info,47.0,USA,Home,2500,3,,
ORD101653,Katherine Wilson,byoung@lloyd.com,51.0,United States,Home,500,3,2024-02-20,Card
ORD101654,Kerry Leonard,amy47@hotmail.com,54.0,Turkey,electronics,1200,1,2024-04-15,Cash
ORD101655,Thomas Moore,leejoseph@mccarty.biz,37.0,USA,Electronics,500,,2025-01-11,Cash
ORD101656,Tiffany Hernandez,theresa58@hotmail.com,30.0,Nigeria,Groceries,500,4,2025-04-02,Card
ORD101657,Melissa Taylor,tina26@hotmail.com,69.0,Ghana,Electronics,"1,500",-1,,Cash
ORD101658,Nancy Davis,stuartjackson@yahoo.com,,Turkey,Electronics,500,1,2025-12-24,Card
ORD101659,Erik Martinez,john48@roberts.com,49.0,Nigeria,Electronics,"1,500",3,2024-04-24,Cash
ORD101660,Amy Howard,justin26@hotmail.com,32.0,Ghana,Electronics,500,3,2025-09-20,Transfer
ORD101661,Kristin Green,steven82@yahoo.com,48.0,nigeria,electronics,,1,2024-09-06,Cash
ORD101662,Martin Henderson,kayla02@yahoo.com,67.0,nigeria,Groceries,1200,2,2024-12-25,Transfer
ORD101663,Karl Perez,laura37@mcdonald.com,43.0,Nigeria,Home,500,3,2024-07-23,Transfer
ORD101664,Bryan Rodriguez,diana65@hardin-lester.com,58.0,Nigeria,Groceries,500,-1,,card
ORD101665,Anna Mccullough,qavila@hotmail.com,67.0,USA,Electronics,1200,1,2025-01-25,
ORD101666,Michael Burns,aduncan@gmail.com,58.0,United States,Groceries,2500,4,2025-10-12,Cash
ORD101667,Regina Bailey,ifields@phillips-rivera.org,28.0,United States,Fashion,500,5,2024-11-07,card
ORD101668,Andrea Dougherty,mauriceholt@hotmail.com,68.0,United Kingdom,Home,500,,2024-08-23,Card
ORD101669,Tina Carter,meyertyler@yahoo.com,20.0,Turkey,Fashion,1200,5,2025-12-19,Cash
ORD101670,Michael Kelly,santosmatthew@hotmail.com,30.0,Ghana,Fashion,500,1,2025-04-06,card
ORD101671,Justin Flores,katie36@gmail.com,50.0,United States,Electronics,499.99,1,2026-02-13,Transfer
ORD101672,Mary Jackson,cmalone@brock.com,27.0,Turkey,Groceries,500,1,2024-06-13,Transfer
ORD101673,Allen Bowers,gregorypowell@gmail.com,27.0,Ghana,Groceries,,1,2024-07-28,Card
ORD101674,Maria Wood,,,United States,Fashion,"1,500",2,,Transfer
ORD101675,Mrs. Debbie Jones,manderson@yahoo.com,,Ghana,electronics,499.99,4,2024-10-12,card
ORD101676,Gabriel Shaffer,smithleslie@hotmail.com,40.0,USA,Electronics,,2,2025-09-28,Card
ORD101677,William Thomas,justingray@white-harvey.com,45.0,Nigeria,Home,499.99,1,2025-01-25,Cash
ORD101678,Stephanie Walker,charles56@gmail.com,61.0,Turkey,Groceries,499.99,2,2024-02-22,Transfer
ORD101679,Allison Johnson,jose14@gmail.com,66.0,United States,Home,500,4,2025-02-03,Card
ORD101680,James Espinoza,mcleanluke@miller.info,65.0,United Kingdom,Electronics,,2,2025-06-19,Cash
ORD101681,Debra Neal,,46.0,Nigeria,Fashion,1200,3,2025-09-06,Cash
ORD101682,David Armstrong,christopherwright@mitchell.com,43.0,USA,Groceries,1200,1,,Transfer
ORD101683,Curtis Cuevas,pittmantara@perry-wade.net,60.0,United States,electronics,"1,500",2,2025-10-03,Transfer
ORD101684,Caroline Williams,joseph44@hotmail.com,55.0,Turkey,Electronics,"1,500",2,2025-10-29,
ORD101685,Katie Cook,obriensheila@yahoo.com,,Nigeria,electronics,2500,1,2024-07-10,Transfer
ORD101686,Mr. David Mueller,,42.0,Ghana,Electronics,500,3,2024-03-02,Transfer
ORD101687,Jeffrey Ayers,jenniferpowers@yahoo.com,37.0,USA,electronics,"1,500",-1,2024-11-03,Card
ORD101688,Steven Rosario,sara10@chen-davis.com,46.0,Nigeria,Groceries,500,3,2025-10-26,Cash
ORD101689,Brittany Vaughn,zmoore@cobb.com,39.0,Ghana,Fashion,"1,500",1,2024-10-07,Cash
ORD101690,Tracy Lamb,mford@williams-mckenzie.info,19.0,Nigeria,Groceries,499.99,1,2025-02-15,card
ORD101691,Michelle Chaney,owensalexander@rodriguez.com,30.0,Ghana,electronics,"1,500",2,2025-12-10,
ORD101692,Mitchell Horn,zfrederick@chambers.net,56.0,United Kingdom,electronics,500,1,2025-06-15,Transfer
ORD101693,Lisa Potter,lanemarcus@hotmail.com,43.0,nigeria,Groceries,,1,2025-08-06,Cash
ORD101694,Levi Pearson,pdean@french-gomez.com,27.0,United States,electronics,1200,2,2025-08-18,Card
ORD101695,Christian Perez,molinapaul@hotmail.com,44.0,USA,Groceries,,1,2024-03-12,
ORD101696,Brooke Fernandez,mariasimmons@kane-skinner.com,22.0,Turkey,electronics,499.99,1,2025-11-19,Card
ORD101697,Elizabeth Potter,jreynolds@anderson-drake.net,18.0,USA,Electronics,,3,2025-10-03,
ORD101698,Donald Smith,stephanie01@hotmail.com,32.0,Nigeria,Home,,1,2025-04-04,Card
ORD101699,Mitchell Webster,dchang@grant.biz,42.0,nigeria,Electronics,500,5,2025-11-12,Card
ORD101700,Alexandra Briggs,michelle54@larson-martinez.net,28.0,Turkey,Groceries,2500,5,2025-03-03,Transfer
ORD101701,Benjamin Williams,vbarker@yahoo.com,62.0,USA,Home,499.99,1,2025-08-13,Cash
ORD101702,Brittany Calderon,dunnjohn@hotmail.com,25.0,Nigeria,Electronics,,3,2026-02-03,Transfer
ORD101703,Carolyn Reed,sandersmelinda@hotmail.com,56.0,Nigeria,Groceries,,5,2024-10-20,Card
ORD101704,Mark Wilson,millersteven@mcdaniel.org,54.0,Nigeria,electronics,499.99,4,2024-09-07,card
ORD101705,Diana Ward,petersroger@gmail.com,,Nigeria,Home,,,2026-01-31,Card
ORD101706,Annette Wilson,jillanderson@hotmail.com,39.0,Nigeria,Groceries,,5,2024-11-21,Cash
ORD101707,Elizabeth Parker,woodwardjames@miller.com,18.0,United States,Electronics,"1,500",1,2025-12-19,card
ORD101708,Amber Dunn,jaymartinez@hotmail.com,69.0,United States,Electronics,500,4,2024-08-20,Transfer
ORD101709,Michael Bailey,darrylmassey@saunders.com,68.0,Nigeria,Electronics,500,2,2025-05-09,Cash
ORD101710,George Fisher,jeffreywall@yahoo.com,39.0,Turkey,Fashion,1200,3,2025-11-23,
ORD101711,Jennifer Hernandez,williamsjulia@hotmail.com,46.0,Nigeria,Home,2500,4,2024-09-10,Cash
ORD101712,Carol Smith,qnewton@gmail.com,,USA,Groceries,499.99,,2024-11-06,Cash
ORD101713,Kendra Simpson,hillpeter@mullins-gibbs.com,25.0,Ghana,Electronics,1200,3,2024-12-10,Transfer
ORD101714,Cody Stevenson,haynesashley@yahoo.com,56.0,Nigeria,Fashion,1200,3,2025-07-03,Cash
ORD101715,Holly Ford,richardfisher@howard-beck.net,37.0,Nigeria,electronics,2500,2,2024-07-19,Cash
ORD101716,Grace Moore,robertklein@cooper-jackson.biz,34.0,Nigeria,Groceries,500,-1,2025-11-02,Cash
ORD101717,Sarah Lopez,whitney29@yahoo.com,61.0,Nigeria,electronics,2500,1,2025-04-24,Card
ORD101718,Mary Hernandez,,64.0,United Kingdom,Electronics,2500,4,2024-07-22,
ORD101719,Angela Walton,raymond25@moore.com,22.0,Ghana,electronics,500,1,2025-04-25,Cash
ORD101720,Glenda Walker,creyes@howard.info,,Nigeria,Fashion,500,3,2025-06-20,Card
ORD101721,Dave Meyer,conradkimberly@hotmail.com,56.0,Ghana,Fashion,500,2,2024-12-17,Cash
ORD101722,Tyler Cannon,denisejones@yahoo.com,64.0,Ghana,Fashion,500,3,2024-04-10,Card
ORD101723,Bradley Hall,nicholas60@shah-tucker.biz,39.0,Ghana,Groceries,1200,5,2024-11-27,Transfer
ORD101724,Dr. Erin Stewart,prattmadeline@yahoo.com,68.0,Turkey,Electronics,499.99,1,2024-06-27,Card
ORD101725,Jesse Williams,,29.0,Nigeria,Electronics,"1,500",1,2024-03-11,Cash
ORD101726,Michael Munoz,xpearson@simmons-randall.com,50.0,United States,Electronics,499.99,1,2025-03-17,card
ORD101727,Kylie Price,fwilson@foster.biz,32.0,Nigeria,Electronics,2500,2,2025-06-08,Cash
ORD101728,Mary Mcneil,jackmays@castaneda.com,67.0,United States,Fashion,2500,1,2024-12-13,Cash
ORD101729,Daniel Knox,caitlinpage@oconnor.net,19.0,Turkey,electronics,"1,500",2,2024-04-30,Transfer
ORD101730,Paul Carr,charles65@weeks.com,61.0,Ghana,Groceries,"1,500",5,2025-10-29,Card
ORD101731,George Ruiz,william01@hotmail.com,52.0,Nigeria,Electronics,500,2,2024-08-08,card
ORD101732,Raymond Huang,aschaefer@patterson.biz,55.0,United States,Home,2500,2,2024-10-02,Card
ORD101733,Gregory Cox,yharper@hotmail.com,,USA,Groceries,1200,-1,2025-01-14,Card
ORD101734,Erik Ray,mreynolds@gmail.com,43.0,Turkey,Fashion,,1,2024-04-14,Cash
ORD101735,Michael Wilson,lesliewalker@payne.com,43.0,United States,electronics,499.99,-1,2024-12-16,Cash
ORD101736,Michael Smith,kathryncallahan@hotmail.com,53.0,United Kingdom,Fashion,2500,2,2024-11-12,Cash
ORD101737,Dana Welch,jenniferhicks@hotmail.com,,Ghana,Fashion,500,,2024-05-05,Cash
ORD101738,James Barber,svillegas@gmail.com,55.0,Ghana,electronics,,2,2025-06-15,Transfer
ORD101739,Kimberly Jackson,ydavis@smith-weaver.com,22.0,nigeria,Fashion,500,2,2025-04-27,Card
ORD101740,Ashley Ross,xwhite@gmail.com,34.0,nigeria,electronics,2500,4,2024-05-01,Transfer
ORD101741,Brenda Flores,ambermartinez@gmail.com,,United States,Groceries,500,1,2024-02-25,card
ORD101742,Margaret Garza,ali@hotmail.com,57.0,Turkey,electronics,500,5,2025-07-19,
ORD101743,Douglas Mcknight,christopherbaird@black-krause.com,40.0,nigeria,Home,500,4,2024-02-19,card
ORD101744,Casey Olson,kimberlykline@hotmail.com,55.0,United Kingdom,Fashion,,5,2024-08-30,Card
ORD101745,Donna Walker,robertwallace@torres-mcgee.org,65.0,USA,Groceries,499.99,1,2024-11-18,card
ORD101746,Antonio Hughes,cochranvicki@gmail.com,43.0,United Kingdom,Fashion,499.99,3,2024-08-17,Card
ORD101747,Wesley Prince,tammywallace@yahoo.com,58.0,United States,electronics,500,2,2025-11-05,Cash
ORD101748,Joseph Brown,dlamb@yahoo.com,67.0,Turkey,Electronics,"1,500",1,2025-05-06,Card
ORD101749,Michael Webb,ashleyramirez@fisher.com,34.0,United Kingdom,Fashion,2500,1,2025-10-14,Transfer
ORD101750,David Chen,,53.0,nigeria,electronics,"1,500",2,2025-05-07,Card
ORD101751,Kimberly Smith,danielle61@gmail.com,47.0,Turkey,Electronics,499.99,,2024-11-07,Transfer
ORD101752,Michele Ortega,asmith@clark.com,61.0,United States,Home,2500,4,,Card
ORD101753,Kelly Lewis,collinshannah@fuller.com,69.0,Turkey,electronics,500,1,2024-09-19,Card
ORD101754,Margaret Ford,,33.0,nigeria,Fashion,1200,4,,card
ORD101755,Dennis Brown,robert71@yahoo.com,65.0,United States,electronics,1200,5,,Card
ORD101756,Anthony Hebert,karen32@hotmail.com,37.0,Ghana,Electronics,"1,500",1,2025-04-26,Card
ORD101757,Samuel Bauer,pschultz@yahoo.com,55.0,nigeria,Electronics,1200,1,2025-02-21,Card
ORD101758,Jack Stewart,paulmiller@yahoo.com,,Nigeria,Fashion,"1,500",2,2025-07-12,Transfer
ORD101759,Lisa Jones,pattersondevon@smith.org,46.0,United States,Fashion,"1,500",5,2026-01-24,Card
ORD101760,Phyllis Paul,rodriguezjennifer@garner-bray.org,65.0,Nigeria,Home,500,1,2024-07-12,Card
ORD101761,Adam Costa,lemichael@yahoo.com,45.0,Turkey,Fashion,500,2,,Cash
ORD101762,Jill Rangel,qsellers@hotmail.com,21.0,USA,Electronics,499.99,1,2024-11-26,Cash
ORD101763,Donald Blackwell,alexandra99@moore.org,31.0,USA,Electronics,1200,1,2025-12-12,card
ORD101764,Jennifer Roberts,gjackson@gilbert-brown.com,23.0,Ghana,Groceries,499.99,1,2025-02-22,Transfer
ORD101765,Cody Jackson,toddjulie@hotmail.com,61.0,nigeria,Groceries,500,2,2024-02-26,
ORD101766,Linda Pineda,garciawalter@hotmail.com,,United Kingdom,electronics,499.99,5,2024-11-04,Cash
ORD101767,Dan Padilla,davisbrian@yahoo.com,52.0,Nigeria,Home,500,1,2024-12-14,Cash
ORD101768,Danielle Myers,thorntonnatalie@gmail.com,64.0,Nigeria,electronics,500,3,2025-12-24,Card
ORD101769,Jessica Russell,jonathan34@white.org,35.0,United Kingdom,Fashion,"1,500",,2025-12-29,Cash
ORD101770,William Logan,jacquelinemathis@hotmail.com,34.0,Ghana,Groceries,"1,500",1,2024-12-04,Cash
ORD101771,Hannah White,olsonronald@yahoo.com,69.0,nigeria,Electronics,2500,2,2026-01-21,Card
ORD101772,Robert Carter,evelynjohnson@gardner.com,59.0,USA,Groceries,,,2025-11-16,Transfer
ORD101773,Mr. Matthew Fernandez,paul98@hotmail.com,45.0,United States,Electronics,,5,2025-08-29,Transfer
ORD101774,Donald Hernandez,bobbybyrd@hotmail.com,49.0,United Kingdom,Groceries,499.99,5,2024-08-04,Card
ORD101775,Kristin Hill,ericarich@fernandez.com,41.0,Nigeria,electronics,499.99,,2024-02-20,Transfer
ORD101776,Amanda Smith,rward@smith.com,63.0,Ghana,electronics,499.99,2,,Cash
ORD101777,Jason Logan,,45.0,nigeria,Home,499.99,2,2025-09-02,Transfer
ORD101778,Courtney Hancock,collinsanthony@dixon.info,59.0,United States,Electronics,500,1,2025-03-30,Card
ORD101779,Nicole Wilson,markbrown@hotmail.com,35.0,Ghana,Electronics,"1,500",3,2024-04-13,Cash
ORD101780,Kristina Smith,david28@gmail.com,45.0,United States,Fashion,499.99,2,2024-07-28,
ORD101781,Kathryn Erickson,rachelgomez@johnson-perez.biz,19.0,United States,Groceries,1200,5,2025-04-21,Transfer
ORD101782,Leslie Coleman,ljones@yahoo.com,25.0,United States,Groceries,"1,500",3,2024-06-19,card
ORD101783,Hannah Wilson,brianna96@williams.com,18.0,United States,Fashion,499.99,,2024-03-18,Transfer
ORD101784,Grant Baker,hgonzalez@gmail.com,20.0,United States,Electronics,500,4,2024-12-06,Cash
ORD101785,Joseph Jones,hamiltontiffany@hotmail.com,64.0,USA,Home,500,3,2025-01-02,Transfer
ORD101786,Michael Yu,john34@yahoo.com,38.0,nigeria,Groceries,499.99,3,2024-11-20,Transfer
ORD101787,Joseph Hebert,lisahart@ross-johnson.info,48.0,United States,electronics,1200,1,2025-03-19,Card
ORD101788,Tammy Gilbert,williamscheryl@yahoo.com,39.0,Nigeria,electronics,500,2,2024-03-03,Card
ORD101789,Anne Ruiz,edwardhaynes@miller.com,,nigeria,Fashion,500,4,2024-12-15,Cash
ORD101790,Scott Howard,downsheather@bass.com,69.0,United Kingdom,Electronics,2500,2,2025-03-23,Transfer
ORD101791,Summer Fox,cohenmark@chapman.com,33.0,Nigeria,Fashion,"1,500",5,2024-07-14,
ORD101792,Mark Becker II,fernandezbrandy@nguyen-mclaughlin.info,,nigeria,Groceries,,3,2024-05-30,Cash
ORD101793,Joshua Bryant,hfarmer@hotmail.com,63.0,United States,Electronics,500,,2025-05-26,Transfer
ORD101794,Christopher Conley,joshua27@lopez-pena.com,54.0,Nigeria,Fashion,1200,5,2024-08-08,Card
ORD101795,Deborah Stevens,anthonyharding@gmail.com,21.0,nigeria,Electronics,1200,4,2025-04-18,Card
ORD101796,Laura Black,chelseaelliott@gmail.com,19.0,Ghana,Electronics,2500,5,2025-01-22,Card
ORD101797,Janice Hughes,vincentgonzalez@yahoo.com,55.0,nigeria,Electronics,500,1,,card
ORD101798,Lisa Middleton,crystal36@white-sims.info,55.0,United Kingdom,electronics,,2,2024-02-25,card
ORD101799,Krystal Henderson,olivia91@yahoo.com,64.0,Ghana,Electronics,500,2,2024-05-19,Card
