[2026-09-17T13:43:02.862+0000] {processor.py:186} INFO - Started process (PID=141) to work on /opt/airflow/dags/etl_sederhana_25_572885_PPA_07200.py
[2026-09-17T13:43:02.876+0000] {processor.py:914} INFO - Processing file /opt/airflow/dags/etl_sederhana_25_572885_PPA_07200.py for tasks to queue
[2026-09-17T13:43:02.898+0000] {logging_mixin.py:190} INFO - [2026-09-17T13:43:02.895+0000] {dagbag.py:588} INFO - Filling up the DagBag from /opt/airflow/dags/etl_sederhana_25_572885_PPA_07200.py
[2026-09-17T13:43:08.180+0000] {processor.py:925} INFO - DAG(s) 'etl_sederhana_25_572885_PPA_07200' retrieved from /opt/airflow/dags/etl_sederhana_25_572885_PPA_07200.py
[2026-09-17T13:43:08.261+0000] {logging_mixin.py:190} INFO - [2026-09-17T13:43:08.260+0000] {dag.py:3239} INFO - Sync 1 DAGs
[2026-09-17T13:43:08.324+0000] {logging_mixin.py:190} INFO - [2026-09-17T13:43:08.321+0000] {dag.py:4180} INFO - Setting next_dagrun for etl_sederhana_25_572885_PPA_07200 to 2026-09-16 00:00:00+00:00, run_after=2026-09-17 00:00:00+00:00
[2026-09-17T13:43:08.404+0000] {processor.py:208} INFO - Processing /opt/airflow/dags/etl_sederhana_25_572885_PPA_07200.py took 5.576 seconds
[2026-09-17T13:43:40.343+0000] {processor.py:186} INFO - Started process (PID=272) to work on /opt/airflow/dags/etl_sederhana_25_572885_PPA_07200.py
[2026-09-17T13:43:40.352+0000] {processor.py:914} INFO - Processing file /opt/airflow/dags/etl_sederhana_25_572885_PPA_07200.py for tasks to queue
[2026-09-17T13:43:40.363+0000] {logging_mixin.py:190} INFO - [2026-09-17T13:43:40.362+0000] {dagbag.py:588} INFO - Filling up the DagBag from /opt/airflow/dags/etl_sederhana_25_572885_PPA_07200.py
[2026-09-17T13:43:42.034+0000] {processor.py:925} INFO - DAG(s) 'etl_sederhana_25_572885_PPA_07200' retrieved from /opt/airflow/dags/etl_sederhana_25_572885_PPA_07200.py
[2026-09-17T13:43:42.084+0000] {logging_mixin.py:190} INFO - [2026-09-17T13:43:42.084+0000] {dag.py:3239} INFO - Sync 1 DAGs
[2026-09-17T13:43:42.132+0000] {logging_mixin.py:190} INFO - [2026-09-17T13:43:42.131+0000] {dag.py:4180} INFO - Setting next_dagrun for etl_sederhana_25_572885_PPA_07200 to 2026-09-17 00:00:00+00:00, run_after=2026-09-18 00:00:00+00:00
[2026-09-17T13:43:42.205+0000] {processor.py:208} INFO - Processing /opt/airflow/dags/etl_sederhana_25_572885_PPA_07200.py took 1.872 seconds
[2026-09-17T13:44:13.732+0000] {processor.py:186} INFO - Started process (PID=348) to work on /opt/airflow/dags/etl_sederhana_25_572885_PPA_07200.py
[2026-09-17T13:44:13.749+0000] {processor.py:914} INFO - Processing file /opt/airflow/dags/etl_sederhana_25_572885_PPA_07200.py for tasks to queue
[2026-09-17T13:44:13.769+0000] {logging_mixin.py:190} INFO - [2026-09-17T13:44:13.768+0000] {dagbag.py:588} INFO - Filling up the DagBag from /opt/airflow/dags/etl_sederhana_25_572885_PPA_07200.py
[2026-09-17T13:44:16.379+0000] {processor.py:925} INFO - DAG(s) 'etl_sederhana_25_572885_PPA_07200' retrieved from /opt/airflow/dags/etl_sederhana_25_572885_PPA_07200.py
[2026-09-17T13:44:16.419+0000] {logging_mixin.py:190} INFO - [2026-09-17T13:44:16.417+0000] {dag.py:3239} INFO - Sync 1 DAGs
[2026-09-17T13:44:16.467+0000] {logging_mixin.py:190} INFO - [2026-09-17T13:44:16.466+0000] {dag.py:4180} INFO - Setting next_dagrun for etl_sederhana_25_572885_PPA_07200 to 2026-09-17 00:00:00+00:00, run_after=2026-09-18 00:00:00+00:00
[2026-09-17T13:44:16.526+0000] {processor.py:208} INFO - Processing /opt/airflow/dags/etl_sederhana_25_572885_PPA_07200.py took 2.803 seconds
[2026-09-17T13:44:46.844+0000] {processor.py:186} INFO - Started process (PID=357) to work on /opt/airflow/dags/etl_sederhana_25_572885_PPA_07200.py
[2026-09-17T13:44:46.860+0000] {processor.py:914} INFO - Processing file /opt/airflow/dags/etl_sederhana_25_572885_PPA_07200.py for tasks to queue
[2026-09-17T13:44:46.869+0000] {logging_mixin.py:190} INFO - [2026-09-17T13:44:46.868+0000] {dagbag.py:588} INFO - Filling up the DagBag from /opt/airflow/dags/etl_sederhana_25_572885_PPA_07200.py
[2026-09-17T13:44:49.337+0000] {processor.py:925} INFO - DAG(s) 'etl_sederhana_25_572885_PPA_07200' retrieved from /opt/airflow/dags/etl_sederhana_25_572885_PPA_07200.py
[2026-09-17T13:44:49.406+0000] {logging_mixin.py:190} INFO - [2026-09-17T13:44:49.404+0000] {dag.py:3239} INFO - Sync 1 DAGs
[2026-09-17T13:44:49.460+0000] {logging_mixin.py:190} INFO - [2026-09-17T13:44:49.460+0000] {dag.py:4180} INFO - Setting next_dagrun for etl_sederhana_25_572885_PPA_07200 to 2026-09-17 00:00:00+00:00, run_after=2026-09-18 00:00:00+00:00
[2026-09-17T13:44:49.531+0000] {processor.py:208} INFO - Processing /opt/airflow/dags/etl_sederhana_25_572885_PPA_07200.py took 2.699 seconds
[2026-09-17T13:45:19.941+0000] {processor.py:186} INFO - Started process (PID=366) to work on /opt/airflow/dags/etl_sederhana_25_572885_PPA_07200.py
[2026-09-17T13:45:19.946+0000] {processor.py:914} INFO - Processing file /opt/airflow/dags/etl_sederhana_25_572885_PPA_07200.py for tasks to queue
[2026-09-17T13:45:19.955+0000] {logging_mixin.py:190} INFO - [2026-09-17T13:45:19.954+0000] {dagbag.py:588} INFO - Filling up the DagBag from /opt/airflow/dags/etl_sederhana_25_572885_PPA_07200.py
[2026-09-17T13:45:22.079+0000] {processor.py:925} INFO - DAG(s) 'etl_sederhana_25_572885_PPA_07200' retrieved from /opt/airflow/dags/etl_sederhana_25_572885_PPA_07200.py
[2026-09-17T13:45:22.122+0000] {logging_mixin.py:190} INFO - [2026-09-17T13:45:22.121+0000] {dag.py:3239} INFO - Sync 1 DAGs
[2026-09-17T13:45:22.160+0000] {logging_mixin.py:190} INFO - [2026-09-17T13:45:22.159+0000] {dag.py:4180} INFO - Setting next_dagrun for etl_sederhana_25_572885_PPA_07200 to 2026-09-17 00:00:00+00:00, run_after=2026-09-18 00:00:00+00:00
[2026-09-17T13:45:22.201+0000] {processor.py:208} INFO - Processing /opt/airflow/dags/etl_sederhana_25_572885_PPA_07200.py took 2.281 seconds
[2026-09-17T13:45:53.098+0000] {processor.py:186} INFO - Started process (PID=375) to work on /opt/airflow/dags/etl_sederhana_25_572885_PPA_07200.py
[2026-09-17T13:45:53.125+0000] {processor.py:914} INFO - Processing file /opt/airflow/dags/etl_sederhana_25_572885_PPA_07200.py for tasks to queue
[2026-09-17T13:45:53.157+0000] {logging_mixin.py:190} INFO - [2026-09-17T13:45:53.154+0000] {dagbag.py:588} INFO - Filling up the DagBag from /opt/airflow/dags/etl_sederhana_25_572885_PPA_07200.py
[2026-09-17T13:45:57.491+0000] {processor.py:925} INFO - DAG(s) 'etl_sederhana_25_572885_PPA_07200' retrieved from /opt/airflow/dags/etl_sederhana_25_572885_PPA_07200.py
[2026-09-17T13:45:57.564+0000] {logging_mixin.py:190} INFO - [2026-09-17T13:45:57.562+0000] {dag.py:3239} INFO - Sync 1 DAGs
[2026-09-17T13:45:57.643+0000] {logging_mixin.py:190} INFO - [2026-09-17T13:45:57.643+0000] {dag.py:4180} INFO - Setting next_dagrun for etl_sederhana_25_572885_PPA_07200 to 2026-09-17 00:00:00+00:00, run_after=2026-09-18 00:00:00+00:00
[2026-09-17T13:45:57.743+0000] {processor.py:208} INFO - Processing /opt/airflow/dags/etl_sederhana_25_572885_PPA_07200.py took 4.702 seconds
[2026-09-17T13:46:28.615+0000] {processor.py:186} INFO - Started process (PID=385) to work on /opt/airflow/dags/etl_sederhana_25_572885_PPA_07200.py
[2026-09-17T13:46:28.624+0000] {processor.py:914} INFO - Processing file /opt/airflow/dags/etl_sederhana_25_572885_PPA_07200.py for tasks to queue
[2026-09-17T13:46:28.637+0000] {logging_mixin.py:190} INFO - [2026-09-17T13:46:28.636+0000] {dagbag.py:588} INFO - Filling up the DagBag from /opt/airflow/dags/etl_sederhana_25_572885_PPA_07200.py
[2026-09-17T13:46:36.134+0000] {processor.py:925} INFO - DAG(s) 'etl_sederhana_25_572885_PPA_07200' retrieved from /opt/airflow/dags/etl_sederhana_25_572885_PPA_07200.py
[2026-09-17T13:46:36.321+0000] {logging_mixin.py:190} INFO - [2026-09-17T13:46:36.311+0000] {dag.py:3239} INFO - Sync 1 DAGs
[2026-09-17T13:46:36.597+0000] {logging_mixin.py:190} INFO - [2026-09-17T13:46:36.596+0000] {dag.py:4180} INFO - Setting next_dagrun for etl_sederhana_25_572885_PPA_07200 to 2026-09-17 00:00:00+00:00, run_after=2026-09-18 00:00:00+00:00
[2026-09-17T13:46:36.757+0000] {processor.py:208} INFO - Processing /opt/airflow/dags/etl_sederhana_25_572885_PPA_07200.py took 8.167 seconds
[2026-09-17T13:47:07.537+0000] {processor.py:186} INFO - Started process (PID=394) to work on /opt/airflow/dags/etl_sederhana_25_572885_PPA_07200.py
[2026-09-17T13:47:07.587+0000] {processor.py:914} INFO - Processing file /opt/airflow/dags/etl_sederhana_25_572885_PPA_07200.py for tasks to queue
[2026-09-17T13:47:07.625+0000] {logging_mixin.py:190} INFO - [2026-09-17T13:47:07.623+0000] {dagbag.py:588} INFO - Filling up the DagBag from /opt/airflow/dags/etl_sederhana_25_572885_PPA_07200.py
[2026-09-17T13:47:11.112+0000] {processor.py:925} INFO - DAG(s) 'etl_sederhana_25_572885_PPA_07200' retrieved from /opt/airflow/dags/etl_sederhana_25_572885_PPA_07200.py
[2026-09-17T13:47:11.159+0000] {logging_mixin.py:190} INFO - [2026-09-17T13:47:11.158+0000] {dag.py:3239} INFO - Sync 1 DAGs
[2026-09-17T13:47:11.209+0000] {logging_mixin.py:190} INFO - [2026-09-17T13:47:11.208+0000] {dag.py:4180} INFO - Setting next_dagrun for etl_sederhana_25_572885_PPA_07200 to 2026-09-17 00:00:00+00:00, run_after=2026-09-18 00:00:00+00:00
[2026-09-17T13:47:11.259+0000] {processor.py:208} INFO - Processing /opt/airflow/dags/etl_sederhana_25_572885_PPA_07200.py took 3.777 seconds
[2026-09-17T13:47:42.014+0000] {processor.py:186} INFO - Started process (PID=410) to work on /opt/airflow/dags/etl_sederhana_25_572885_PPA_07200.py
[2026-09-17T13:47:42.039+0000] {processor.py:914} INFO - Processing file /opt/airflow/dags/etl_sederhana_25_572885_PPA_07200.py for tasks to queue
[2026-09-17T13:47:42.152+0000] {logging_mixin.py:190} INFO - [2026-09-17T13:47:42.139+0000] {dagbag.py:588} INFO - Filling up the DagBag from /opt/airflow/dags/etl_sederhana_25_572885_PPA_07200.py
[2026-09-17T13:47:47.520+0000] {processor.py:925} INFO - DAG(s) 'etl_sederhana_25_572885_PPA_07200' retrieved from /opt/airflow/dags/etl_sederhana_25_572885_PPA_07200.py
[2026-09-17T13:47:47.648+0000] {logging_mixin.py:190} INFO - [2026-09-17T13:47:47.646+0000] {dag.py:3239} INFO - Sync 1 DAGs
[2026-09-17T13:47:47.764+0000] {logging_mixin.py:190} INFO - [2026-09-17T13:47:47.763+0000] {dag.py:4180} INFO - Setting next_dagrun for etl_sederhana_25_572885_PPA_07200 to 2026-09-17 00:00:00+00:00, run_after=2026-09-18 00:00:00+00:00
[2026-09-17T13:47:47.875+0000] {processor.py:208} INFO - Processing /opt/airflow/dags/etl_sederhana_25_572885_PPA_07200.py took 6.030 seconds
[2026-09-17T13:48:18.235+0000] {processor.py:186} INFO - Started process (PID=419) to work on /opt/airflow/dags/etl_sederhana_25_572885_PPA_07200.py
[2026-09-17T13:48:18.256+0000] {processor.py:914} INFO - Processing file /opt/airflow/dags/etl_sederhana_25_572885_PPA_07200.py for tasks to queue
[2026-09-17T13:48:18.301+0000] {logging_mixin.py:190} INFO - [2026-09-17T13:48:18.296+0000] {dagbag.py:588} INFO - Filling up the DagBag from /opt/airflow/dags/etl_sederhana_25_572885_PPA_07200.py
[2026-09-17T13:48:22.927+0000] {processor.py:925} INFO - DAG(s) 'etl_sederhana_25_572885_PPA_07200' retrieved from /opt/airflow/dags/etl_sederhana_25_572885_PPA_07200.py
[2026-09-17T13:48:22.979+0000] {logging_mixin.py:190} INFO - [2026-09-17T13:48:22.978+0000] {dag.py:3239} INFO - Sync 1 DAGs
[2026-09-17T13:48:23.029+0000] {logging_mixin.py:190} INFO - [2026-09-17T13:48:23.028+0000] {dag.py:4180} INFO - Setting next_dagrun for etl_sederhana_25_572885_PPA_07200 to 2026-09-17 00:00:00+00:00, run_after=2026-09-18 00:00:00+00:00
[2026-09-17T13:48:23.095+0000] {processor.py:208} INFO - Processing /opt/airflow/dags/etl_sederhana_25_572885_PPA_07200.py took 4.912 seconds
[2026-09-17T13:49:02.081+0000] {processor.py:186} INFO - Started process (PID=452) to work on /opt/airflow/dags/etl_sederhana_25_572885_PPA_07200.py
[2026-09-17T13:49:02.087+0000] {processor.py:914} INFO - Processing file /opt/airflow/dags/etl_sederhana_25_572885_PPA_07200.py for tasks to queue
[2026-09-17T13:49:02.097+0000] {logging_mixin.py:190} INFO - [2026-09-17T13:49:02.096+0000] {dagbag.py:588} INFO - Filling up the DagBag from /opt/airflow/dags/etl_sederhana_25_572885_PPA_07200.py
[2026-09-17T13:49:04.401+0000] {processor.py:925} INFO - DAG(s) 'etl_sederhana_25_572885_PPA_07200' retrieved from /opt/airflow/dags/etl_sederhana_25_572885_PPA_07200.py
[2026-09-17T13:49:04.449+0000] {logging_mixin.py:190} INFO - [2026-09-17T13:49:04.448+0000] {dag.py:3239} INFO - Sync 1 DAGs
[2026-09-17T13:49:04.510+0000] {logging_mixin.py:190} INFO - [2026-09-17T13:49:04.509+0000] {dag.py:4180} INFO - Setting next_dagrun for etl_sederhana_25_572885_PPA_07200 to 2026-09-17 00:00:00+00:00, run_after=2026-09-18 00:00:00+00:00
[2026-09-17T13:49:04.625+0000] {processor.py:208} INFO - Processing /opt/airflow/dags/etl_sederhana_25_572885_PPA_07200.py took 2.565 seconds
[2026-09-17T13:49:40.482+0000] {processor.py:186} INFO - Started process (PID=509) to work on /opt/airflow/dags/etl_sederhana_25_572885_PPA_07200.py
[2026-09-17T13:49:40.495+0000] {processor.py:914} INFO - Processing file /opt/airflow/dags/etl_sederhana_25_572885_PPA_07200.py for tasks to queue
[2026-09-17T13:49:40.514+0000] {logging_mixin.py:190} INFO - [2026-09-17T13:49:40.511+0000] {dagbag.py:588} INFO - Filling up the DagBag from /opt/airflow/dags/etl_sederhana_25_572885_PPA_07200.py
[2026-09-17T13:49:43.434+0000] {processor.py:925} INFO - DAG(s) 'etl_sederhana_25_572885_PPA_07200' retrieved from /opt/airflow/dags/etl_sederhana_25_572885_PPA_07200.py
[2026-09-17T13:49:43.485+0000] {logging_mixin.py:190} INFO - [2026-09-17T13:49:43.484+0000] {dag.py:3239} INFO - Sync 1 DAGs
[2026-09-17T13:49:43.539+0000] {logging_mixin.py:190} INFO - [2026-09-17T13:49:43.538+0000] {dag.py:4180} INFO - Setting next_dagrun for etl_sederhana_25_572885_PPA_07200 to 2026-09-17 00:00:00+00:00, run_after=2026-09-18 00:00:00+00:00
[2026-09-17T13:49:43.600+0000] {processor.py:208} INFO - Processing /opt/airflow/dags/etl_sederhana_25_572885_PPA_07200.py took 3.155 seconds
[2026-09-17T13:50:14.829+0000] {processor.py:186} INFO - Started process (PID=570) to work on /opt/airflow/dags/etl_sederhana_25_572885_PPA_07200.py
[2026-09-17T13:50:14.835+0000] {processor.py:914} INFO - Processing file /opt/airflow/dags/etl_sederhana_25_572885_PPA_07200.py for tasks to queue
[2026-09-17T13:50:14.852+0000] {logging_mixin.py:190} INFO - [2026-09-17T13:50:14.851+0000] {dagbag.py:588} INFO - Filling up the DagBag from /opt/airflow/dags/etl_sederhana_25_572885_PPA_07200.py
[2026-09-17T13:50:17.405+0000] {processor.py:925} INFO - DAG(s) 'etl_sederhana_25_572885_PPA_07200' retrieved from /opt/airflow/dags/etl_sederhana_25_572885_PPA_07200.py
[2026-09-17T13:50:17.445+0000] {logging_mixin.py:190} INFO - [2026-09-17T13:50:17.444+0000] {dag.py:3239} INFO - Sync 1 DAGs
[2026-09-17T13:50:17.487+0000] {logging_mixin.py:190} INFO - [2026-09-17T13:50:17.486+0000] {dag.py:4180} INFO - Setting next_dagrun for etl_sederhana_25_572885_PPA_07200 to 2026-09-17 00:00:00+00:00, run_after=2026-09-18 00:00:00+00:00
[2026-09-17T13:50:17.537+0000] {processor.py:208} INFO - Processing /opt/airflow/dags/etl_sederhana_25_572885_PPA_07200.py took 2.725 seconds
[2026-09-17T13:50:48.082+0000] {processor.py:186} INFO - Started process (PID=579) to work on /opt/airflow/dags/etl_sederhana_25_572885_PPA_07200.py
[2026-09-17T13:50:48.096+0000] {processor.py:914} INFO - Processing file /opt/airflow/dags/etl_sederhana_25_572885_PPA_07200.py for tasks to queue
[2026-09-17T13:50:48.129+0000] {logging_mixin.py:190} INFO - [2026-09-17T13:50:48.129+0000] {dagbag.py:588} INFO - Filling up the DagBag from /opt/airflow/dags/etl_sederhana_25_572885_PPA_07200.py
[2026-09-17T13:50:49.617+0000] {processor.py:925} INFO - DAG(s) 'etl_sederhana_25_572885_PPA_07200' retrieved from /opt/airflow/dags/etl_sederhana_25_572885_PPA_07200.py
[2026-09-17T13:50:49.653+0000] {logging_mixin.py:190} INFO - [2026-09-17T13:50:49.652+0000] {dag.py:3239} INFO - Sync 1 DAGs
[2026-09-17T13:50:49.697+0000] {logging_mixin.py:190} INFO - [2026-09-17T13:50:49.696+0000] {dag.py:4180} INFO - Setting next_dagrun for etl_sederhana_25_572885_PPA_07200 to 2026-09-17 00:00:00+00:00, run_after=2026-09-18 00:00:00+00:00
[2026-09-17T13:50:49.748+0000] {processor.py:208} INFO - Processing /opt/airflow/dags/etl_sederhana_25_572885_PPA_07200.py took 1.677 seconds
[2026-09-17T13:51:19.986+0000] {processor.py:186} INFO - Started process (PID=588) to work on /opt/airflow/dags/etl_sederhana_25_572885_PPA_07200.py
[2026-09-17T13:51:19.990+0000] {processor.py:914} INFO - Processing file /opt/airflow/dags/etl_sederhana_25_572885_PPA_07200.py for tasks to queue
[2026-09-17T13:51:20.000+0000] {logging_mixin.py:190} INFO - [2026-09-17T13:51:19.999+0000] {dagbag.py:588} INFO - Filling up the DagBag from /opt/airflow/dags/etl_sederhana_25_572885_PPA_07200.py
[2026-09-17T13:51:21.836+0000] {processor.py:925} INFO - DAG(s) 'etl_sederhana_25_572885_PPA_07200' retrieved from /opt/airflow/dags/etl_sederhana_25_572885_PPA_07200.py
[2026-09-17T13:51:21.871+0000] {logging_mixin.py:190} INFO - [2026-09-17T13:51:21.871+0000] {dag.py:3239} INFO - Sync 1 DAGs
[2026-09-17T13:51:21.920+0000] {logging_mixin.py:190} INFO - [2026-09-17T13:51:21.919+0000] {dag.py:4180} INFO - Setting next_dagrun for etl_sederhana_25_572885_PPA_07200 to 2026-09-17 00:00:00+00:00, run_after=2026-09-18 00:00:00+00:00
[2026-09-17T13:51:21.996+0000] {processor.py:208} INFO - Processing /opt/airflow/dags/etl_sederhana_25_572885_PPA_07200.py took 2.024 seconds
[2026-09-17T13:51:52.881+0000] {processor.py:186} INFO - Started process (PID=597) to work on /opt/airflow/dags/etl_sederhana_25_572885_PPA_07200.py
[2026-09-17T13:51:52.970+0000] {processor.py:914} INFO - Processing file /opt/airflow/dags/etl_sederhana_25_572885_PPA_07200.py for tasks to queue
[2026-09-17T13:51:52.981+0000] {logging_mixin.py:190} INFO - [2026-09-17T13:51:52.980+0000] {dagbag.py:588} INFO - Filling up the DagBag from /opt/airflow/dags/etl_sederhana_25_572885_PPA_07200.py
[2026-09-17T13:51:54.909+0000] {processor.py:925} INFO - DAG(s) 'etl_sederhana_25_572885_PPA_07200' retrieved from /opt/airflow/dags/etl_sederhana_25_572885_PPA_07200.py
[2026-09-17T13:51:54.960+0000] {logging_mixin.py:190} INFO - [2026-09-17T13:51:54.959+0000] {dag.py:3239} INFO - Sync 1 DAGs
[2026-09-17T13:51:55.020+0000] {logging_mixin.py:190} INFO - [2026-09-17T13:51:55.019+0000] {dag.py:4180} INFO - Setting next_dagrun for etl_sederhana_25_572885_PPA_07200 to 2026-09-17 00:00:00+00:00, run_after=2026-09-18 00:00:00+00:00
[2026-09-17T13:51:55.087+0000] {processor.py:208} INFO - Processing /opt/airflow/dags/etl_sederhana_25_572885_PPA_07200.py took 2.218 seconds
[2026-09-17T13:52:25.826+0000] {processor.py:186} INFO - Started process (PID=606) to work on /opt/airflow/dags/etl_sederhana_25_572885_PPA_07200.py
[2026-09-17T13:52:25.829+0000] {processor.py:914} INFO - Processing file /opt/airflow/dags/etl_sederhana_25_572885_PPA_07200.py for tasks to queue
[2026-09-17T13:52:25.835+0000] {logging_mixin.py:190} INFO - [2026-09-17T13:52:25.834+0000] {dagbag.py:588} INFO - Filling up the DagBag from /opt/airflow/dags/etl_sederhana_25_572885_PPA_07200.py
[2026-09-17T13:52:27.216+0000] {processor.py:925} INFO - DAG(s) 'etl_sederhana_25_572885_PPA_07200' retrieved from /opt/airflow/dags/etl_sederhana_25_572885_PPA_07200.py
[2026-09-17T13:52:27.242+0000] {logging_mixin.py:190} INFO - [2026-09-17T13:52:27.241+0000] {dag.py:3239} INFO - Sync 1 DAGs
[2026-09-17T13:52:27.300+0000] {logging_mixin.py:190} INFO - [2026-09-17T13:52:27.300+0000] {dag.py:4180} INFO - Setting next_dagrun for etl_sederhana_25_572885_PPA_07200 to 2026-09-17 00:00:00+00:00, run_after=2026-09-18 00:00:00+00:00
[2026-09-17T13:52:27.403+0000] {processor.py:208} INFO - Processing /opt/airflow/dags/etl_sederhana_25_572885_PPA_07200.py took 1.589 seconds
[2026-09-17T13:52:58.136+0000] {processor.py:186} INFO - Started process (PID=615) to work on /opt/airflow/dags/etl_sederhana_25_572885_PPA_07200.py
[2026-09-17T13:52:58.142+0000] {processor.py:914} INFO - Processing file /opt/airflow/dags/etl_sederhana_25_572885_PPA_07200.py for tasks to queue
[2026-09-17T13:52:58.156+0000] {logging_mixin.py:190} INFO - [2026-09-17T13:52:58.154+0000] {dagbag.py:588} INFO - Filling up the DagBag from /opt/airflow/dags/etl_sederhana_25_572885_PPA_07200.py
[2026-09-17T13:53:01.224+0000] {processor.py:925} INFO - DAG(s) 'etl_sederhana_25_572885_PPA_07200' retrieved from /opt/airflow/dags/etl_sederhana_25_572885_PPA_07200.py
[2026-09-17T13:53:01.289+0000] {logging_mixin.py:190} INFO - [2026-09-17T13:53:01.287+0000] {dag.py:3239} INFO - Sync 1 DAGs
[2026-09-17T13:53:01.354+0000] {logging_mixin.py:190} INFO - [2026-09-17T13:53:01.354+0000] {dag.py:4180} INFO - Setting next_dagrun for etl_sederhana_25_572885_PPA_07200 to 2026-09-17 00:00:00+00:00, run_after=2026-09-18 00:00:00+00:00
[2026-09-17T13:53:01.414+0000] {processor.py:208} INFO - Processing /opt/airflow/dags/etl_sederhana_25_572885_PPA_07200.py took 3.300 seconds
[2026-09-17T13:53:32.876+0000] {processor.py:186} INFO - Started process (PID=624) to work on /opt/airflow/dags/etl_sederhana_25_572885_PPA_07200.py
[2026-09-17T13:53:33.003+0000] {processor.py:914} INFO - Processing file /opt/airflow/dags/etl_sederhana_25_572885_PPA_07200.py for tasks to queue
[2026-09-17T13:53:33.031+0000] {logging_mixin.py:190} INFO - [2026-09-17T13:53:33.029+0000] {dagbag.py:588} INFO - Filling up the DagBag from /opt/airflow/dags/etl_sederhana_25_572885_PPA_07200.py
[2026-09-17T13:53:35.225+0000] {processor.py:925} INFO - DAG(s) 'etl_sederhana_25_572885_PPA_07200' retrieved from /opt/airflow/dags/etl_sederhana_25_572885_PPA_07200.py
[2026-09-17T13:53:35.255+0000] {logging_mixin.py:190} INFO - [2026-09-17T13:53:35.255+0000] {dag.py:3239} INFO - Sync 1 DAGs
[2026-09-17T13:53:35.283+0000] {logging_mixin.py:190} INFO - [2026-09-17T13:53:35.283+0000] {dag.py:4180} INFO - Setting next_dagrun for etl_sederhana_25_572885_PPA_07200 to 2026-09-17 00:00:00+00:00, run_after=2026-09-18 00:00:00+00:00
[2026-09-17T13:53:35.327+0000] {processor.py:208} INFO - Processing /opt/airflow/dags/etl_sederhana_25_572885_PPA_07200.py took 2.459 seconds
[2026-09-17T13:54:06.743+0000] {processor.py:186} INFO - Started process (PID=633) to work on /opt/airflow/dags/etl_sederhana_25_572885_PPA_07200.py
[2026-09-17T13:54:06.755+0000] {processor.py:914} INFO - Processing file /opt/airflow/dags/etl_sederhana_25_572885_PPA_07200.py for tasks to queue
[2026-09-17T13:54:06.764+0000] {logging_mixin.py:190} INFO - [2026-09-17T13:54:06.763+0000] {dagbag.py:588} INFO - Filling up the DagBag from /opt/airflow/dags/etl_sederhana_25_572885_PPA_07200.py
[2026-09-17T13:54:09.139+0000] {processor.py:925} INFO - DAG(s) 'etl_sederhana_25_572885_PPA_07200' retrieved from /opt/airflow/dags/etl_sederhana_25_572885_PPA_07200.py
[2026-09-17T13:54:09.189+0000] {logging_mixin.py:190} INFO - [2026-09-17T13:54:09.188+0000] {dag.py:3239} INFO - Sync 1 DAGs
[2026-09-17T13:54:09.240+0000] {logging_mixin.py:190} INFO - [2026-09-17T13:54:09.239+0000] {dag.py:4180} INFO - Setting next_dagrun for etl_sederhana_25_572885_PPA_07200 to 2026-09-17 00:00:00+00:00, run_after=2026-09-18 00:00:00+00:00
[2026-09-17T13:54:09.303+0000] {processor.py:208} INFO - Processing /opt/airflow/dags/etl_sederhana_25_572885_PPA_07200.py took 2.568 seconds
[2026-09-17T13:54:40.295+0000] {processor.py:186} INFO - Started process (PID=642) to work on /opt/airflow/dags/etl_sederhana_25_572885_PPA_07200.py
[2026-09-17T13:54:40.297+0000] {processor.py:914} INFO - Processing file /opt/airflow/dags/etl_sederhana_25_572885_PPA_07200.py for tasks to queue
[2026-09-17T13:54:40.303+0000] {logging_mixin.py:190} INFO - [2026-09-17T13:54:40.302+0000] {dagbag.py:588} INFO - Filling up the DagBag from /opt/airflow/dags/etl_sederhana_25_572885_PPA_07200.py
[2026-09-17T13:54:42.748+0000] {processor.py:925} INFO - DAG(s) 'etl_sederhana_25_572885_PPA_07200' retrieved from /opt/airflow/dags/etl_sederhana_25_572885_PPA_07200.py
[2026-09-17T13:54:42.791+0000] {logging_mixin.py:190} INFO - [2026-09-17T13:54:42.791+0000] {dag.py:3239} INFO - Sync 1 DAGs
[2026-09-17T13:54:42.834+0000] {logging_mixin.py:190} INFO - [2026-09-17T13:54:42.834+0000] {dag.py:4180} INFO - Setting next_dagrun for etl_sederhana_25_572885_PPA_07200 to 2026-09-17 00:00:00+00:00, run_after=2026-09-18 00:00:00+00:00
[2026-09-17T13:54:42.867+0000] {processor.py:208} INFO - Processing /opt/airflow/dags/etl_sederhana_25_572885_PPA_07200.py took 2.580 seconds
[2026-09-17T13:55:13.455+0000] {processor.py:186} INFO - Started process (PID=658) to work on /opt/airflow/dags/etl_sederhana_25_572885_PPA_07200.py
[2026-09-17T13:55:13.465+0000] {processor.py:914} INFO - Processing file /opt/airflow/dags/etl_sederhana_25_572885_PPA_07200.py for tasks to queue
[2026-09-17T13:55:13.471+0000] {logging_mixin.py:190} INFO - [2026-09-17T13:55:13.470+0000] {dagbag.py:588} INFO - Filling up the DagBag from /opt/airflow/dags/etl_sederhana_25_572885_PPA_07200.py
[2026-09-17T13:55:15.643+0000] {processor.py:925} INFO - DAG(s) 'etl_sederhana_25_572885_PPA_07200' retrieved from /opt/airflow/dags/etl_sederhana_25_572885_PPA_07200.py
[2026-09-17T13:55:15.796+0000] {logging_mixin.py:190} INFO - [2026-09-17T13:55:15.796+0000] {dag.py:3239} INFO - Sync 1 DAGs
[2026-09-17T13:55:15.926+0000] {logging_mixin.py:190} INFO - [2026-09-17T13:55:15.926+0000] {dag.py:4180} INFO - Setting next_dagrun for etl_sederhana_25_572885_PPA_07200 to 2026-09-17 00:00:00+00:00, run_after=2026-09-18 00:00:00+00:00
[2026-09-17T13:55:16.200+0000] {processor.py:208} INFO - Processing /opt/airflow/dags/etl_sederhana_25_572885_PPA_07200.py took 2.754 seconds
[2026-09-17T13:55:48.691+0000] {processor.py:186} INFO - Started process (PID=667) to work on /opt/airflow/dags/etl_sederhana_25_572885_PPA_07200.py
[2026-09-17T13:55:48.698+0000] {processor.py:914} INFO - Processing file /opt/airflow/dags/etl_sederhana_25_572885_PPA_07200.py for tasks to queue
[2026-09-17T13:55:48.800+0000] {logging_mixin.py:190} INFO - [2026-09-17T13:55:48.799+0000] {dagbag.py:588} INFO - Filling up the DagBag from /opt/airflow/dags/etl_sederhana_25_572885_PPA_07200.py
[2026-09-17T13:55:50.815+0000] {processor.py:925} INFO - DAG(s) 'etl_sederhana_25_572885_PPA_07200' retrieved from /opt/airflow/dags/etl_sederhana_25_572885_PPA_07200.py
[2026-09-17T13:55:50.867+0000] {logging_mixin.py:190} INFO - [2026-09-17T13:55:50.866+0000] {dag.py:3239} INFO - Sync 1 DAGs
[2026-09-17T13:55:50.939+0000] {logging_mixin.py:190} INFO - [2026-09-17T13:55:50.939+0000] {dag.py:4180} INFO - Setting next_dagrun for etl_sederhana_25_572885_PPA_07200 to 2026-09-17 00:00:00+00:00, run_after=2026-09-18 00:00:00+00:00
[2026-09-17T13:55:51.019+0000] {processor.py:208} INFO - Processing /opt/airflow/dags/etl_sederhana_25_572885_PPA_07200.py took 2.338 seconds
[2026-09-17T13:56:23.390+0000] {processor.py:186} INFO - Started process (PID=676) to work on /opt/airflow/dags/etl_sederhana_25_572885_PPA_07200.py
[2026-09-17T13:56:23.428+0000] {processor.py:914} INFO - Processing file /opt/airflow/dags/etl_sederhana_25_572885_PPA_07200.py for tasks to queue
[2026-09-17T13:56:23.498+0000] {logging_mixin.py:190} INFO - [2026-09-17T13:56:23.498+0000] {dagbag.py:588} INFO - Filling up the DagBag from /opt/airflow/dags/etl_sederhana_25_572885_PPA_07200.py
[2026-09-17T13:56:25.470+0000] {processor.py:925} INFO - DAG(s) 'etl_sederhana_25_572885_PPA_07200' retrieved from /opt/airflow/dags/etl_sederhana_25_572885_PPA_07200.py
[2026-09-17T13:56:25.512+0000] {logging_mixin.py:190} INFO - [2026-09-17T13:56:25.511+0000] {dag.py:3239} INFO - Sync 1 DAGs
[2026-09-17T13:56:25.553+0000] {logging_mixin.py:190} INFO - [2026-09-17T13:56:25.552+0000] {dag.py:4180} INFO - Setting next_dagrun for etl_sederhana_25_572885_PPA_07200 to 2026-09-17 00:00:00+00:00, run_after=2026-09-18 00:00:00+00:00
[2026-09-17T13:56:25.607+0000] {processor.py:208} INFO - Processing /opt/airflow/dags/etl_sederhana_25_572885_PPA_07200.py took 2.227 seconds
[2026-09-17T13:56:56.117+0000] {processor.py:186} INFO - Started process (PID=685) to work on /opt/airflow/dags/etl_sederhana_25_572885_PPA_07200.py
[2026-09-17T13:56:56.128+0000] {processor.py:914} INFO - Processing file /opt/airflow/dags/etl_sederhana_25_572885_PPA_07200.py for tasks to queue
[2026-09-17T13:56:56.145+0000] {logging_mixin.py:190} INFO - [2026-09-17T13:56:56.144+0000] {dagbag.py:588} INFO - Filling up the DagBag from /opt/airflow/dags/etl_sederhana_25_572885_PPA_07200.py
[2026-09-17T13:56:58.934+0000] {processor.py:925} INFO - DAG(s) 'etl_sederhana_25_572885_PPA_07200' retrieved from /opt/airflow/dags/etl_sederhana_25_572885_PPA_07200.py
[2026-09-17T13:56:58.984+0000] {logging_mixin.py:190} INFO - [2026-09-17T13:56:58.983+0000] {dag.py:3239} INFO - Sync 1 DAGs
[2026-09-17T13:56:59.066+0000] {logging_mixin.py:190} INFO - [2026-09-17T13:56:59.065+0000] {dag.py:4180} INFO - Setting next_dagrun for etl_sederhana_25_572885_PPA_07200 to 2026-09-17 00:00:00+00:00, run_after=2026-09-18 00:00:00+00:00
[2026-09-17T13:56:59.142+0000] {processor.py:208} INFO - Processing /opt/airflow/dags/etl_sederhana_25_572885_PPA_07200.py took 3.046 seconds
[2026-09-17T13:57:31.138+0000] {processor.py:186} INFO - Started process (PID=694) to work on /opt/airflow/dags/etl_sederhana_25_572885_PPA_07200.py
[2026-09-17T13:57:31.188+0000] {processor.py:914} INFO - Processing file /opt/airflow/dags/etl_sederhana_25_572885_PPA_07200.py for tasks to queue
[2026-09-17T13:57:31.434+0000] {logging_mixin.py:190} INFO - [2026-09-17T13:57:31.433+0000] {dagbag.py:588} INFO - Filling up the DagBag from /opt/airflow/dags/etl_sederhana_25_572885_PPA_07200.py
[2026-09-17T13:57:34.735+0000] {processor.py:925} INFO - DAG(s) 'etl_sederhana_25_572885_PPA_07200' retrieved from /opt/airflow/dags/etl_sederhana_25_572885_PPA_07200.py
[2026-09-17T13:57:34.780+0000] {logging_mixin.py:190} INFO - [2026-09-17T13:57:34.779+0000] {dag.py:3239} INFO - Sync 1 DAGs
[2026-09-17T13:57:34.818+0000] {logging_mixin.py:190} INFO - [2026-09-17T13:57:34.818+0000] {dag.py:4180} INFO - Setting next_dagrun for etl_sederhana_25_572885_PPA_07200 to 2026-09-17 00:00:00+00:00, run_after=2026-09-18 00:00:00+00:00
[2026-09-17T13:57:34.904+0000] {processor.py:208} INFO - Processing /opt/airflow/dags/etl_sederhana_25_572885_PPA_07200.py took 3.789 seconds
[2026-09-17T13:58:05.246+0000] {processor.py:186} INFO - Started process (PID=704) to work on /opt/airflow/dags/etl_sederhana_25_572885_PPA_07200.py
[2026-09-17T13:58:05.254+0000] {processor.py:914} INFO - Processing file /opt/airflow/dags/etl_sederhana_25_572885_PPA_07200.py for tasks to queue
[2026-09-17T13:58:05.264+0000] {logging_mixin.py:190} INFO - [2026-09-17T13:58:05.262+0000] {dagbag.py:588} INFO - Filling up the DagBag from /opt/airflow/dags/etl_sederhana_25_572885_PPA_07200.py
[2026-09-17T13:58:07.550+0000] {processor.py:925} INFO - DAG(s) 'etl_sederhana_25_572885_PPA_07200' retrieved from /opt/airflow/dags/etl_sederhana_25_572885_PPA_07200.py
[2026-09-17T13:58:07.587+0000] {logging_mixin.py:190} INFO - [2026-09-17T13:58:07.586+0000] {dag.py:3239} INFO - Sync 1 DAGs
[2026-09-17T13:58:07.643+0000] {logging_mixin.py:190} INFO - [2026-09-17T13:58:07.642+0000] {dag.py:4180} INFO - Setting next_dagrun for etl_sederhana_25_572885_PPA_07200 to 2026-09-17 00:00:00+00:00, run_after=2026-09-18 00:00:00+00:00
[2026-09-17T13:58:07.926+0000] {processor.py:208} INFO - Processing /opt/airflow/dags/etl_sederhana_25_572885_PPA_07200.py took 2.695 seconds
[2026-09-17T13:58:38.382+0000] {processor.py:186} INFO - Started process (PID=713) to work on /opt/airflow/dags/etl_sederhana_25_572885_PPA_07200.py
[2026-09-17T13:58:38.389+0000] {processor.py:914} INFO - Processing file /opt/airflow/dags/etl_sederhana_25_572885_PPA_07200.py for tasks to queue
[2026-09-17T13:58:38.405+0000] {logging_mixin.py:190} INFO - [2026-09-17T13:58:38.398+0000] {dagbag.py:588} INFO - Filling up the DagBag from /opt/airflow/dags/etl_sederhana_25_572885_PPA_07200.py
[2026-09-17T13:58:41.214+0000] {processor.py:925} INFO - DAG(s) 'etl_sederhana_25_572885_PPA_07200' retrieved from /opt/airflow/dags/etl_sederhana_25_572885_PPA_07200.py
[2026-09-17T13:58:41.250+0000] {logging_mixin.py:190} INFO - [2026-09-17T13:58:41.249+0000] {dag.py:3239} INFO - Sync 1 DAGs
[2026-09-17T13:58:41.278+0000] {logging_mixin.py:190} INFO - [2026-09-17T13:58:41.278+0000] {dag.py:4180} INFO - Setting next_dagrun for etl_sederhana_25_572885_PPA_07200 to 2026-09-17 00:00:00+00:00, run_after=2026-09-18 00:00:00+00:00
[2026-09-17T13:58:41.314+0000] {processor.py:208} INFO - Processing /opt/airflow/dags/etl_sederhana_25_572885_PPA_07200.py took 2.963 seconds
[2026-09-17T13:59:12.166+0000] {processor.py:186} INFO - Started process (PID=723) to work on /opt/airflow/dags/etl_sederhana_25_572885_PPA_07200.py
[2026-09-17T13:59:12.176+0000] {processor.py:914} INFO - Processing file /opt/airflow/dags/etl_sederhana_25_572885_PPA_07200.py for tasks to queue
[2026-09-17T13:59:12.183+0000] {logging_mixin.py:190} INFO - [2026-09-17T13:59:12.182+0000] {dagbag.py:588} INFO - Filling up the DagBag from /opt/airflow/dags/etl_sederhana_25_572885_PPA_07200.py
[2026-09-17T13:59:16.085+0000] {processor.py:925} INFO - DAG(s) 'etl_sederhana_25_572885_PPA_07200' retrieved from /opt/airflow/dags/etl_sederhana_25_572885_PPA_07200.py
[2026-09-17T13:59:16.135+0000] {logging_mixin.py:190} INFO - [2026-09-17T13:59:16.133+0000] {dag.py:3239} INFO - Sync 1 DAGs
[2026-09-17T13:59:16.204+0000] {logging_mixin.py:190} INFO - [2026-09-17T13:59:16.203+0000] {dag.py:4180} INFO - Setting next_dagrun for etl_sederhana_25_572885_PPA_07200 to 2026-09-17 00:00:00+00:00, run_after=2026-09-18 00:00:00+00:00
[2026-09-17T13:59:16.281+0000] {processor.py:208} INFO - Processing /opt/airflow/dags/etl_sederhana_25_572885_PPA_07200.py took 4.127 seconds
[2026-09-17T13:59:47.861+0000] {processor.py:186} INFO - Started process (PID=739) to work on /opt/airflow/dags/etl_sederhana_25_572885_PPA_07200.py
[2026-09-17T13:59:47.866+0000] {processor.py:914} INFO - Processing file /opt/airflow/dags/etl_sederhana_25_572885_PPA_07200.py for tasks to queue
[2026-09-17T13:59:47.893+0000] {logging_mixin.py:190} INFO - [2026-09-17T13:59:47.893+0000] {dagbag.py:588} INFO - Filling up the DagBag from /opt/airflow/dags/etl_sederhana_25_572885_PPA_07200.py
[2026-09-17T13:59:50.475+0000] {processor.py:925} INFO - DAG(s) 'etl_sederhana_25_572885_PPA_07200' retrieved from /opt/airflow/dags/etl_sederhana_25_572885_PPA_07200.py
[2026-09-17T13:59:50.529+0000] {logging_mixin.py:190} INFO - [2026-09-17T13:59:50.528+0000] {dag.py:3239} INFO - Sync 1 DAGs
[2026-09-17T13:59:50.580+0000] {logging_mixin.py:190} INFO - [2026-09-17T13:59:50.580+0000] {dag.py:4180} INFO - Setting next_dagrun for etl_sederhana_25_572885_PPA_07200 to 2026-09-17 00:00:00+00:00, run_after=2026-09-18 00:00:00+00:00
[2026-09-17T13:59:50.676+0000] {processor.py:208} INFO - Processing /opt/airflow/dags/etl_sederhana_25_572885_PPA_07200.py took 2.824 seconds
[2026-09-17T14:00:21.209+0000] {processor.py:186} INFO - Started process (PID=748) to work on /opt/airflow/dags/etl_sederhana_25_572885_PPA_07200.py
[2026-09-17T14:00:21.213+0000] {processor.py:914} INFO - Processing file /opt/airflow/dags/etl_sederhana_25_572885_PPA_07200.py for tasks to queue
[2026-09-17T14:00:21.224+0000] {logging_mixin.py:190} INFO - [2026-09-17T14:00:21.222+0000] {dagbag.py:588} INFO - Filling up the DagBag from /opt/airflow/dags/etl_sederhana_25_572885_PPA_07200.py
[2026-09-17T14:00:23.481+0000] {processor.py:925} INFO - DAG(s) 'etl_sederhana_25_572885_PPA_07200' retrieved from /opt/airflow/dags/etl_sederhana_25_572885_PPA_07200.py
[2026-09-17T14:00:23.526+0000] {logging_mixin.py:190} INFO - [2026-09-17T14:00:23.525+0000] {dag.py:3239} INFO - Sync 1 DAGs
[2026-09-17T14:00:23.573+0000] {logging_mixin.py:190} INFO - [2026-09-17T14:00:23.572+0000] {dag.py:4180} INFO - Setting next_dagrun for etl_sederhana_25_572885_PPA_07200 to 2026-09-17 00:00:00+00:00, run_after=2026-09-18 00:00:00+00:00
[2026-09-17T14:00:23.619+0000] {processor.py:208} INFO - Processing /opt/airflow/dags/etl_sederhana_25_572885_PPA_07200.py took 2.426 seconds
[2026-09-17T14:00:53.945+0000] {processor.py:186} INFO - Started process (PID=757) to work on /opt/airflow/dags/etl_sederhana_25_572885_PPA_07200.py
[2026-09-17T14:00:53.948+0000] {processor.py:914} INFO - Processing file /opt/airflow/dags/etl_sederhana_25_572885_PPA_07200.py for tasks to queue
[2026-09-17T14:00:53.953+0000] {logging_mixin.py:190} INFO - [2026-09-17T14:00:53.952+0000] {dagbag.py:588} INFO - Filling up the DagBag from /opt/airflow/dags/etl_sederhana_25_572885_PPA_07200.py
[2026-09-17T14:00:55.454+0000] {processor.py:925} INFO - DAG(s) 'etl_sederhana_25_572885_PPA_07200' retrieved from /opt/airflow/dags/etl_sederhana_25_572885_PPA_07200.py
[2026-09-17T14:00:55.493+0000] {logging_mixin.py:190} INFO - [2026-09-17T14:00:55.493+0000] {dag.py:3239} INFO - Sync 1 DAGs
[2026-09-17T14:00:55.517+0000] {logging_mixin.py:190} INFO - [2026-09-17T14:00:55.517+0000] {dag.py:4180} INFO - Setting next_dagrun for etl_sederhana_25_572885_PPA_07200 to 2026-09-17 00:00:00+00:00, run_after=2026-09-18 00:00:00+00:00
[2026-09-17T14:00:55.664+0000] {processor.py:208} INFO - Processing /opt/airflow/dags/etl_sederhana_25_572885_PPA_07200.py took 1.727 seconds
[2026-09-17T14:01:27.632+0000] {processor.py:186} INFO - Started process (PID=767) to work on /opt/airflow/dags/etl_sederhana_25_572885_PPA_07200.py
[2026-09-17T14:01:27.716+0000] {processor.py:914} INFO - Processing file /opt/airflow/dags/etl_sederhana_25_572885_PPA_07200.py for tasks to queue
[2026-09-17T14:01:27.730+0000] {logging_mixin.py:190} INFO - [2026-09-17T14:01:27.729+0000] {dagbag.py:588} INFO - Filling up the DagBag from /opt/airflow/dags/etl_sederhana_25_572885_PPA_07200.py
[2026-09-17T14:01:29.329+0000] {processor.py:925} INFO - DAG(s) 'etl_sederhana_25_572885_PPA_07200' retrieved from /opt/airflow/dags/etl_sederhana_25_572885_PPA_07200.py
[2026-09-17T14:01:29.375+0000] {logging_mixin.py:190} INFO - [2026-09-17T14:01:29.374+0000] {dag.py:3239} INFO - Sync 1 DAGs
[2026-09-17T14:01:29.412+0000] {logging_mixin.py:190} INFO - [2026-09-17T14:01:29.411+0000] {dag.py:4180} INFO - Setting next_dagrun for etl_sederhana_25_572885_PPA_07200 to 2026-09-17 00:00:00+00:00, run_after=2026-09-18 00:00:00+00:00
[2026-09-17T14:01:29.637+0000] {processor.py:208} INFO - Processing /opt/airflow/dags/etl_sederhana_25_572885_PPA_07200.py took 2.013 seconds
[2026-09-17T14:02:00.706+0000] {processor.py:186} INFO - Started process (PID=776) to work on /opt/airflow/dags/etl_sederhana_25_572885_PPA_07200.py
[2026-09-17T14:02:00.711+0000] {processor.py:914} INFO - Processing file /opt/airflow/dags/etl_sederhana_25_572885_PPA_07200.py for tasks to queue
[2026-09-17T14:02:00.716+0000] {logging_mixin.py:190} INFO - [2026-09-17T14:02:00.715+0000] {dagbag.py:588} INFO - Filling up the DagBag from /opt/airflow/dags/etl_sederhana_25_572885_PPA_07200.py
[2026-09-17T14:02:02.130+0000] {processor.py:925} INFO - DAG(s) 'etl_sederhana_25_572885_PPA_07200' retrieved from /opt/airflow/dags/etl_sederhana_25_572885_PPA_07200.py
[2026-09-17T14:02:02.183+0000] {logging_mixin.py:190} INFO - [2026-09-17T14:02:02.183+0000] {dag.py:3239} INFO - Sync 1 DAGs
[2026-09-17T14:02:02.446+0000] {logging_mixin.py:190} INFO - [2026-09-17T14:02:02.445+0000] {dag.py:4180} INFO - Setting next_dagrun for etl_sederhana_25_572885_PPA_07200 to 2026-09-17 00:00:00+00:00, run_after=2026-09-18 00:00:00+00:00
[2026-09-17T14:02:02.577+0000] {processor.py:208} INFO - Processing /opt/airflow/dags/etl_sederhana_25_572885_PPA_07200.py took 1.877 seconds
[2026-09-17T14:02:33.395+0000] {processor.py:186} INFO - Started process (PID=785) to work on /opt/airflow/dags/etl_sederhana_25_572885_PPA_07200.py
[2026-09-17T14:02:33.494+0000] {processor.py:914} INFO - Processing file /opt/airflow/dags/etl_sederhana_25_572885_PPA_07200.py for tasks to queue
[2026-09-17T14:02:33.510+0000] {logging_mixin.py:190} INFO - [2026-09-17T14:02:33.509+0000] {dagbag.py:588} INFO - Filling up the DagBag from /opt/airflow/dags/etl_sederhana_25_572885_PPA_07200.py
[2026-09-17T14:02:35.704+0000] {processor.py:925} INFO - DAG(s) 'etl_sederhana_25_572885_PPA_07200' retrieved from /opt/airflow/dags/etl_sederhana_25_572885_PPA_07200.py
[2026-09-17T14:02:35.741+0000] {logging_mixin.py:190} INFO - [2026-09-17T14:02:35.741+0000] {dag.py:3239} INFO - Sync 1 DAGs
[2026-09-17T14:02:35.808+0000] {logging_mixin.py:190} INFO - [2026-09-17T14:02:35.808+0000] {dag.py:4180} INFO - Setting next_dagrun for etl_sederhana_25_572885_PPA_07200 to 2026-09-17 00:00:00+00:00, run_after=2026-09-18 00:00:00+00:00
[2026-09-17T14:02:35.843+0000] {processor.py:208} INFO - Processing /opt/airflow/dags/etl_sederhana_25_572885_PPA_07200.py took 2.457 seconds
[2026-09-17T14:03:06.089+0000] {processor.py:186} INFO - Started process (PID=794) to work on /opt/airflow/dags/etl_sederhana_25_572885_PPA_07200.py
[2026-09-17T14:03:06.092+0000] {processor.py:914} INFO - Processing file /opt/airflow/dags/etl_sederhana_25_572885_PPA_07200.py for tasks to queue
[2026-09-17T14:03:06.098+0000] {logging_mixin.py:190} INFO - [2026-09-17T14:03:06.098+0000] {dagbag.py:588} INFO - Filling up the DagBag from /opt/airflow/dags/etl_sederhana_25_572885_PPA_07200.py
[2026-09-17T14:03:07.088+0000] {processor.py:925} INFO - DAG(s) 'etl_sederhana_25_572885_PPA_07200' retrieved from /opt/airflow/dags/etl_sederhana_25_572885_PPA_07200.py
[2026-09-17T14:03:07.112+0000] {logging_mixin.py:190} INFO - [2026-09-17T14:03:07.111+0000] {dag.py:3239} INFO - Sync 1 DAGs
[2026-09-17T14:03:07.137+0000] {logging_mixin.py:190} INFO - [2026-09-17T14:03:07.136+0000] {dag.py:4180} INFO - Setting next_dagrun for etl_sederhana_25_572885_PPA_07200 to 2026-09-17 00:00:00+00:00, run_after=2026-09-18 00:00:00+00:00
[2026-09-17T14:03:07.170+0000] {processor.py:208} INFO - Processing /opt/airflow/dags/etl_sederhana_25_572885_PPA_07200.py took 1.090 seconds
[2026-09-17T14:03:37.690+0000] {processor.py:186} INFO - Started process (PID=803) to work on /opt/airflow/dags/etl_sederhana_25_572885_PPA_07200.py
[2026-09-17T14:03:37.698+0000] {processor.py:914} INFO - Processing file /opt/airflow/dags/etl_sederhana_25_572885_PPA_07200.py for tasks to queue
[2026-09-17T14:03:37.720+0000] {logging_mixin.py:190} INFO - [2026-09-17T14:03:37.717+0000] {dagbag.py:588} INFO - Filling up the DagBag from /opt/airflow/dags/etl_sederhana_25_572885_PPA_07200.py
[2026-09-17T14:03:40.363+0000] {processor.py:925} INFO - DAG(s) 'etl_sederhana_25_572885_PPA_07200' retrieved from /opt/airflow/dags/etl_sederhana_25_572885_PPA_07200.py
[2026-09-17T14:03:40.401+0000] {logging_mixin.py:190} INFO - [2026-09-17T14:03:40.400+0000] {dag.py:3239} INFO - Sync 1 DAGs
[2026-09-17T14:03:40.457+0000] {logging_mixin.py:190} INFO - [2026-09-17T14:03:40.456+0000] {dag.py:4180} INFO - Setting next_dagrun for etl_sederhana_25_572885_PPA_07200 to 2026-09-17 00:00:00+00:00, run_after=2026-09-18 00:00:00+00:00
[2026-09-17T14:03:40.508+0000] {processor.py:208} INFO - Processing /opt/airflow/dags/etl_sederhana_25_572885_PPA_07200.py took 2.875 seconds
[2026-09-17T14:04:11.140+0000] {processor.py:186} INFO - Started process (PID=812) to work on /opt/airflow/dags/etl_sederhana_25_572885_PPA_07200.py
[2026-09-17T14:04:11.150+0000] {processor.py:914} INFO - Processing file /opt/airflow/dags/etl_sederhana_25_572885_PPA_07200.py for tasks to queue
[2026-09-17T14:04:11.157+0000] {logging_mixin.py:190} INFO - [2026-09-17T14:04:11.156+0000] {dagbag.py:588} INFO - Filling up the DagBag from /opt/airflow/dags/etl_sederhana_25_572885_PPA_07200.py
[2026-09-17T14:04:14.068+0000] {processor.py:925} INFO - DAG(s) 'etl_sederhana_25_572885_PPA_07200' retrieved from /opt/airflow/dags/etl_sederhana_25_572885_PPA_07200.py
[2026-09-17T14:04:14.119+0000] {logging_mixin.py:190} INFO - [2026-09-17T14:04:14.118+0000] {dag.py:3239} INFO - Sync 1 DAGs
[2026-09-17T14:04:14.164+0000] {logging_mixin.py:190} INFO - [2026-09-17T14:04:14.163+0000] {dag.py:4180} INFO - Setting next_dagrun for etl_sederhana_25_572885_PPA_07200 to 2026-09-17 00:00:00+00:00, run_after=2026-09-18 00:00:00+00:00
[2026-09-17T14:04:14.219+0000] {processor.py:208} INFO - Processing /opt/airflow/dags/etl_sederhana_25_572885_PPA_07200.py took 3.092 seconds
[2026-09-17T14:04:44.841+0000] {processor.py:186} INFO - Started process (PID=821) to work on /opt/airflow/dags/etl_sederhana_25_572885_PPA_07200.py
[2026-09-17T14:04:44.845+0000] {processor.py:914} INFO - Processing file /opt/airflow/dags/etl_sederhana_25_572885_PPA_07200.py for tasks to queue
[2026-09-17T14:04:44.851+0000] {logging_mixin.py:190} INFO - [2026-09-17T14:04:44.850+0000] {dagbag.py:588} INFO - Filling up the DagBag from /opt/airflow/dags/etl_sederhana_25_572885_PPA_07200.py
[2026-09-17T14:04:46.981+0000] {processor.py:925} INFO - DAG(s) 'etl_sederhana_25_572885_PPA_07200' retrieved from /opt/airflow/dags/etl_sederhana_25_572885_PPA_07200.py
[2026-09-17T14:04:47.082+0000] {logging_mixin.py:190} INFO - [2026-09-17T14:04:47.081+0000] {dag.py:3239} INFO - Sync 1 DAGs
[2026-09-17T14:04:47.155+0000] {logging_mixin.py:190} INFO - [2026-09-17T14:04:47.154+0000] {dag.py:4180} INFO - Setting next_dagrun for etl_sederhana_25_572885_PPA_07200 to 2026-09-17 00:00:00+00:00, run_after=2026-09-18 00:00:00+00:00
[2026-09-17T14:04:47.597+0000] {processor.py:208} INFO - Processing /opt/airflow/dags/etl_sederhana_25_572885_PPA_07200.py took 2.765 seconds
[2026-09-17T14:05:18.402+0000] {processor.py:186} INFO - Started process (PID=837) to work on /opt/airflow/dags/etl_sederhana_25_572885_PPA_07200.py
[2026-09-17T14:05:18.423+0000] {processor.py:914} INFO - Processing file /opt/airflow/dags/etl_sederhana_25_572885_PPA_07200.py for tasks to queue
[2026-09-17T14:05:18.429+0000] {logging_mixin.py:190} INFO - [2026-09-17T14:05:18.429+0000] {dagbag.py:588} INFO - Filling up the DagBag from /opt/airflow/dags/etl_sederhana_25_572885_PPA_07200.py
[2026-09-17T14:05:20.155+0000] {processor.py:925} INFO - DAG(s) 'etl_sederhana_25_572885_PPA_07200' retrieved from /opt/airflow/dags/etl_sederhana_25_572885_PPA_07200.py
[2026-09-17T14:05:20.181+0000] {logging_mixin.py:190} INFO - [2026-09-17T14:05:20.180+0000] {dag.py:3239} INFO - Sync 1 DAGs
[2026-09-17T14:05:20.447+0000] {logging_mixin.py:190} INFO - [2026-09-17T14:05:20.446+0000] {dag.py:4180} INFO - Setting next_dagrun for etl_sederhana_25_572885_PPA_07200 to 2026-09-17 00:00:00+00:00, run_after=2026-09-18 00:00:00+00:00
[2026-09-17T14:05:20.497+0000] {processor.py:208} INFO - Processing /opt/airflow/dags/etl_sederhana_25_572885_PPA_07200.py took 2.103 seconds
[2026-09-17T14:05:50.823+0000] {processor.py:186} INFO - Started process (PID=846) to work on /opt/airflow/dags/etl_sederhana_25_572885_PPA_07200.py
[2026-09-17T14:05:50.829+0000] {processor.py:914} INFO - Processing file /opt/airflow/dags/etl_sederhana_25_572885_PPA_07200.py for tasks to queue
[2026-09-17T14:05:50.838+0000] {logging_mixin.py:190} INFO - [2026-09-17T14:05:50.837+0000] {dagbag.py:588} INFO - Filling up the DagBag from /opt/airflow/dags/etl_sederhana_25_572885_PPA_07200.py
[2026-09-17T14:05:52.404+0000] {processor.py:925} INFO - DAG(s) 'etl_sederhana_25_572885_PPA_07200' retrieved from /opt/airflow/dags/etl_sederhana_25_572885_PPA_07200.py
[2026-09-17T14:05:52.510+0000] {logging_mixin.py:190} INFO - [2026-09-17T14:05:52.509+0000] {dag.py:3239} INFO - Sync 1 DAGs
[2026-09-17T14:05:52.536+0000] {logging_mixin.py:190} INFO - [2026-09-17T14:05:52.536+0000] {dag.py:4180} INFO - Setting next_dagrun for etl_sederhana_25_572885_PPA_07200 to 2026-09-17 00:00:00+00:00, run_after=2026-09-18 00:00:00+00:00
[2026-09-17T14:05:52.633+0000] {processor.py:208} INFO - Processing /opt/airflow/dags/etl_sederhana_25_572885_PPA_07200.py took 1.820 seconds
[2026-09-17T14:06:22.956+0000] {processor.py:186} INFO - Started process (PID=855) to work on /opt/airflow/dags/etl_sederhana_25_572885_PPA_07200.py
[2026-09-17T14:06:22.959+0000] {processor.py:914} INFO - Processing file /opt/airflow/dags/etl_sederhana_25_572885_PPA_07200.py for tasks to queue
[2026-09-17T14:06:22.965+0000] {logging_mixin.py:190} INFO - [2026-09-17T14:06:22.964+0000] {dagbag.py:588} INFO - Filling up the DagBag from /opt/airflow/dags/etl_sederhana_25_572885_PPA_07200.py
[2026-09-17T14:06:24.795+0000] {processor.py:925} INFO - DAG(s) 'etl_sederhana_25_572885_PPA_07200' retrieved from /opt/airflow/dags/etl_sederhana_25_572885_PPA_07200.py
[2026-09-17T14:06:24.833+0000] {logging_mixin.py:190} INFO - [2026-09-17T14:06:24.833+0000] {dag.py:3239} INFO - Sync 1 DAGs
[2026-09-17T14:06:24.877+0000] {logging_mixin.py:190} INFO - [2026-09-17T14:06:24.877+0000] {dag.py:4180} INFO - Setting next_dagrun for etl_sederhana_25_572885_PPA_07200 to 2026-09-17 00:00:00+00:00, run_after=2026-09-18 00:00:00+00:00
[2026-09-17T14:06:24.953+0000] {processor.py:208} INFO - Processing /opt/airflow/dags/etl_sederhana_25_572885_PPA_07200.py took 2.008 seconds
[2026-09-17T14:06:55.405+0000] {processor.py:186} INFO - Started process (PID=864) to work on /opt/airflow/dags/etl_sederhana_25_572885_PPA_07200.py
[2026-09-17T14:06:55.415+0000] {processor.py:914} INFO - Processing file /opt/airflow/dags/etl_sederhana_25_572885_PPA_07200.py for tasks to queue
[2026-09-17T14:06:55.428+0000] {logging_mixin.py:190} INFO - [2026-09-17T14:06:55.426+0000] {dagbag.py:588} INFO - Filling up the DagBag from /opt/airflow/dags/etl_sederhana_25_572885_PPA_07200.py
[2026-09-17T14:06:57.226+0000] {processor.py:925} INFO - DAG(s) 'etl_sederhana_25_572885_PPA_07200' retrieved from /opt/airflow/dags/etl_sederhana_25_572885_PPA_07200.py
[2026-09-17T14:06:57.266+0000] {logging_mixin.py:190} INFO - [2026-09-17T14:06:57.265+0000] {dag.py:3239} INFO - Sync 1 DAGs
[2026-09-17T14:06:57.306+0000] {logging_mixin.py:190} INFO - [2026-09-17T14:06:57.306+0000] {dag.py:4180} INFO - Setting next_dagrun for etl_sederhana_25_572885_PPA_07200 to 2026-09-17 00:00:00+00:00, run_after=2026-09-18 00:00:00+00:00
[2026-09-17T14:06:57.365+0000] {processor.py:208} INFO - Processing /opt/airflow/dags/etl_sederhana_25_572885_PPA_07200.py took 1.988 seconds
[2026-09-17T14:07:27.680+0000] {processor.py:186} INFO - Started process (PID=873) to work on /opt/airflow/dags/etl_sederhana_25_572885_PPA_07200.py
[2026-09-17T14:07:27.683+0000] {processor.py:914} INFO - Processing file /opt/airflow/dags/etl_sederhana_25_572885_PPA_07200.py for tasks to queue
[2026-09-17T14:07:27.699+0000] {logging_mixin.py:190} INFO - [2026-09-17T14:07:27.698+0000] {dagbag.py:588} INFO - Filling up the DagBag from /opt/airflow/dags/etl_sederhana_25_572885_PPA_07200.py
[2026-09-17T14:07:29.434+0000] {processor.py:925} INFO - DAG(s) 'etl_sederhana_25_572885_PPA_07200' retrieved from /opt/airflow/dags/etl_sederhana_25_572885_PPA_07200.py
[2026-09-17T14:07:29.459+0000] {logging_mixin.py:190} INFO - [2026-09-17T14:07:29.459+0000] {dag.py:3239} INFO - Sync 1 DAGs
[2026-09-17T14:07:29.532+0000] {logging_mixin.py:190} INFO - [2026-09-17T14:07:29.531+0000] {dag.py:4180} INFO - Setting next_dagrun for etl_sederhana_25_572885_PPA_07200 to 2026-09-17 00:00:00+00:00, run_after=2026-09-18 00:00:00+00:00
[2026-09-17T14:07:29.577+0000] {processor.py:208} INFO - Processing /opt/airflow/dags/etl_sederhana_25_572885_PPA_07200.py took 1.906 seconds
[2026-09-17T14:07:59.830+0000] {processor.py:186} INFO - Started process (PID=882) to work on /opt/airflow/dags/etl_sederhana_25_572885_PPA_07200.py
[2026-09-17T14:07:59.835+0000] {processor.py:914} INFO - Processing file /opt/airflow/dags/etl_sederhana_25_572885_PPA_07200.py for tasks to queue
[2026-09-17T14:07:59.840+0000] {logging_mixin.py:190} INFO - [2026-09-17T14:07:59.840+0000] {dagbag.py:588} INFO - Filling up the DagBag from /opt/airflow/dags/etl_sederhana_25_572885_PPA_07200.py
[2026-09-17T14:08:01.033+0000] {processor.py:925} INFO - DAG(s) 'etl_sederhana_25_572885_PPA_07200' retrieved from /opt/airflow/dags/etl_sederhana_25_572885_PPA_07200.py
[2026-09-17T14:08:01.072+0000] {logging_mixin.py:190} INFO - [2026-09-17T14:08:01.072+0000] {dag.py:3239} INFO - Sync 1 DAGs
[2026-09-17T14:08:01.103+0000] {logging_mixin.py:190} INFO - [2026-09-17T14:08:01.103+0000] {dag.py:4180} INFO - Setting next_dagrun for etl_sederhana_25_572885_PPA_07200 to 2026-09-17 00:00:00+00:00, run_after=2026-09-18 00:00:00+00:00
[2026-09-17T14:08:01.379+0000] {processor.py:208} INFO - Processing /opt/airflow/dags/etl_sederhana_25_572885_PPA_07200.py took 1.556 seconds
[2026-09-17T14:08:31.628+0000] {processor.py:186} INFO - Started process (PID=892) to work on /opt/airflow/dags/etl_sederhana_25_572885_PPA_07200.py
[2026-09-17T14:08:31.630+0000] {processor.py:914} INFO - Processing file /opt/airflow/dags/etl_sederhana_25_572885_PPA_07200.py for tasks to queue
[2026-09-17T14:08:31.634+0000] {logging_mixin.py:190} INFO - [2026-09-17T14:08:31.634+0000] {dagbag.py:588} INFO - Filling up the DagBag from /opt/airflow/dags/etl_sederhana_25_572885_PPA_07200.py
[2026-09-17T14:08:32.882+0000] {processor.py:925} INFO - DAG(s) 'etl_sederhana_25_572885_PPA_07200' retrieved from /opt/airflow/dags/etl_sederhana_25_572885_PPA_07200.py
[2026-09-17T14:08:32.910+0000] {logging_mixin.py:190} INFO - [2026-09-17T14:08:32.909+0000] {dag.py:3239} INFO - Sync 1 DAGs
[2026-09-17T14:08:33.196+0000] {logging_mixin.py:190} INFO - [2026-09-17T14:08:33.196+0000] {dag.py:4180} INFO - Setting next_dagrun for etl_sederhana_25_572885_PPA_07200 to 2026-09-17 00:00:00+00:00, run_after=2026-09-18 00:00:00+00:00
[2026-09-17T14:08:33.243+0000] {processor.py:208} INFO - Processing /opt/airflow/dags/etl_sederhana_25_572885_PPA_07200.py took 1.628 seconds
[2026-09-17T14:09:03.553+0000] {processor.py:186} INFO - Started process (PID=901) to work on /opt/airflow/dags/etl_sederhana_25_572885_PPA_07200.py
[2026-09-17T14:09:03.556+0000] {processor.py:914} INFO - Processing file /opt/airflow/dags/etl_sederhana_25_572885_PPA_07200.py for tasks to queue
[2026-09-17T14:09:03.561+0000] {logging_mixin.py:190} INFO - [2026-09-17T14:09:03.560+0000] {dagbag.py:588} INFO - Filling up the DagBag from /opt/airflow/dags/etl_sederhana_25_572885_PPA_07200.py
[2026-09-17T14:09:05.030+0000] {processor.py:925} INFO - DAG(s) 'etl_sederhana_25_572885_PPA_07200' retrieved from /opt/airflow/dags/etl_sederhana_25_572885_PPA_07200.py
[2026-09-17T14:09:05.128+0000] {logging_mixin.py:190} INFO - [2026-09-17T14:09:05.125+0000] {dag.py:3239} INFO - Sync 1 DAGs
[2026-09-17T14:09:05.221+0000] {logging_mixin.py:190} INFO - [2026-09-17T14:09:05.220+0000] {dag.py:4180} INFO - Setting next_dagrun for etl_sederhana_25_572885_PPA_07200 to 2026-09-17 00:00:00+00:00, run_after=2026-09-18 00:00:00+00:00
[2026-09-17T14:09:05.306+0000] {processor.py:208} INFO - Processing /opt/airflow/dags/etl_sederhana_25_572885_PPA_07200.py took 1.763 seconds
[2026-09-17T14:09:36.340+0000] {processor.py:186} INFO - Started process (PID=910) to work on /opt/airflow/dags/etl_sederhana_25_572885_PPA_07200.py
[2026-09-17T14:09:36.362+0000] {processor.py:914} INFO - Processing file /opt/airflow/dags/etl_sederhana_25_572885_PPA_07200.py for tasks to queue
[2026-09-17T14:09:36.463+0000] {logging_mixin.py:190} INFO - [2026-09-17T14:09:36.450+0000] {dagbag.py:588} INFO - Filling up the DagBag from /opt/airflow/dags/etl_sederhana_25_572885_PPA_07200.py
[2026-09-17T14:09:41.534+0000] {processor.py:925} INFO - DAG(s) 'etl_sederhana_25_572885_PPA_07200' retrieved from /opt/airflow/dags/etl_sederhana_25_572885_PPA_07200.py
[2026-09-17T14:09:41.592+0000] {logging_mixin.py:190} INFO - [2026-09-17T14:09:41.591+0000] {dag.py:3239} INFO - Sync 1 DAGs
[2026-09-17T14:09:41.662+0000] {logging_mixin.py:190} INFO - [2026-09-17T14:09:41.661+0000] {dag.py:4180} INFO - Setting next_dagrun for etl_sederhana_25_572885_PPA_07200 to 2026-09-17 00:00:00+00:00, run_after=2026-09-18 00:00:00+00:00
[2026-09-17T14:09:41.744+0000] {processor.py:208} INFO - Processing /opt/airflow/dags/etl_sederhana_25_572885_PPA_07200.py took 5.509 seconds
[2026-09-17T14:10:12.591+0000] {processor.py:186} INFO - Started process (PID=919) to work on /opt/airflow/dags/etl_sederhana_25_572885_PPA_07200.py
[2026-09-17T14:10:12.602+0000] {processor.py:914} INFO - Processing file /opt/airflow/dags/etl_sederhana_25_572885_PPA_07200.py for tasks to queue
[2026-09-17T14:10:12.638+0000] {logging_mixin.py:190} INFO - [2026-09-17T14:10:12.634+0000] {dagbag.py:588} INFO - Filling up the DagBag from /opt/airflow/dags/etl_sederhana_25_572885_PPA_07200.py
[2026-09-17T14:10:20.435+0000] {processor.py:925} INFO - DAG(s) 'etl_sederhana_25_572885_PPA_07200' retrieved from /opt/airflow/dags/etl_sederhana_25_572885_PPA_07200.py
[2026-09-17T14:10:20.521+0000] {logging_mixin.py:190} INFO - [2026-09-17T14:10:20.518+0000] {dag.py:3239} INFO - Sync 1 DAGs
[2026-09-17T14:10:20.591+0000] {logging_mixin.py:190} INFO - [2026-09-17T14:10:20.590+0000] {dag.py:4180} INFO - Setting next_dagrun for etl_sederhana_25_572885_PPA_07200 to 2026-09-17 00:00:00+00:00, run_after=2026-09-18 00:00:00+00:00
[2026-09-17T14:10:20.675+0000] {processor.py:208} INFO - Processing /opt/airflow/dags/etl_sederhana_25_572885_PPA_07200.py took 8.179 seconds
[2026-09-17T14:10:51.100+0000] {processor.py:186} INFO - Started process (PID=936) to work on /opt/airflow/dags/etl_sederhana_25_572885_PPA_07200.py
[2026-09-17T14:10:51.103+0000] {processor.py:914} INFO - Processing file /opt/airflow/dags/etl_sederhana_25_572885_PPA_07200.py for tasks to queue
[2026-09-17T14:10:51.109+0000] {logging_mixin.py:190} INFO - [2026-09-17T14:10:51.108+0000] {dagbag.py:588} INFO - Filling up the DagBag from /opt/airflow/dags/etl_sederhana_25_572885_PPA_07200.py
[2026-09-17T14:10:53.113+0000] {processor.py:925} INFO - DAG(s) 'etl_sederhana_25_572885_PPA_07200' retrieved from /opt/airflow/dags/etl_sederhana_25_572885_PPA_07200.py
[2026-09-17T14:10:53.150+0000] {logging_mixin.py:190} INFO - [2026-09-17T14:10:53.149+0000] {dag.py:3239} INFO - Sync 1 DAGs
[2026-09-17T14:10:53.192+0000] {logging_mixin.py:190} INFO - [2026-09-17T14:10:53.192+0000] {dag.py:4180} INFO - Setting next_dagrun for etl_sederhana_25_572885_PPA_07200 to 2026-09-17 00:00:00+00:00, run_after=2026-09-18 00:00:00+00:00
[2026-09-17T14:10:53.233+0000] {processor.py:208} INFO - Processing /opt/airflow/dags/etl_sederhana_25_572885_PPA_07200.py took 2.140 seconds
[2026-09-17T14:11:23.498+0000] {processor.py:186} INFO - Started process (PID=945) to work on /opt/airflow/dags/etl_sederhana_25_572885_PPA_07200.py
[2026-09-17T14:11:23.500+0000] {processor.py:914} INFO - Processing file /opt/airflow/dags/etl_sederhana_25_572885_PPA_07200.py for tasks to queue
[2026-09-17T14:11:23.504+0000] {logging_mixin.py:190} INFO - [2026-09-17T14:11:23.503+0000] {dagbag.py:588} INFO - Filling up the DagBag from /opt/airflow/dags/etl_sederhana_25_572885_PPA_07200.py
[2026-09-17T14:11:24.987+0000] {processor.py:925} INFO - DAG(s) 'etl_sederhana_25_572885_PPA_07200' retrieved from /opt/airflow/dags/etl_sederhana_25_572885_PPA_07200.py
[2026-09-17T14:11:25.017+0000] {logging_mixin.py:190} INFO - [2026-09-17T14:11:25.017+0000] {dag.py:3239} INFO - Sync 1 DAGs
[2026-09-17T14:11:25.044+0000] {logging_mixin.py:190} INFO - [2026-09-17T14:11:25.044+0000] {dag.py:4180} INFO - Setting next_dagrun for etl_sederhana_25_572885_PPA_07200 to 2026-09-17 00:00:00+00:00, run_after=2026-09-18 00:00:00+00:00
[2026-09-17T14:11:25.081+0000] {processor.py:208} INFO - Processing /opt/airflow/dags/etl_sederhana_25_572885_PPA_07200.py took 1.590 seconds
[2026-09-17T14:11:55.499+0000] {processor.py:186} INFO - Started process (PID=954) to work on /opt/airflow/dags/etl_sederhana_25_572885_PPA_07200.py
[2026-09-17T14:11:55.506+0000] {processor.py:914} INFO - Processing file /opt/airflow/dags/etl_sederhana_25_572885_PPA_07200.py for tasks to queue
[2026-09-17T14:11:55.518+0000] {logging_mixin.py:190} INFO - [2026-09-17T14:11:55.517+0000] {dagbag.py:588} INFO - Filling up the DagBag from /opt/airflow/dags/etl_sederhana_25_572885_PPA_07200.py
[2026-09-17T14:12:00.710+0000] {processor.py:925} INFO - DAG(s) 'etl_sederhana_25_572885_PPA_07200' retrieved from /opt/airflow/dags/etl_sederhana_25_572885_PPA_07200.py
[2026-09-17T14:12:00.854+0000] {logging_mixin.py:190} INFO - [2026-09-17T14:12:00.852+0000] {dag.py:3239} INFO - Sync 1 DAGs
[2026-09-17T14:12:01.441+0000] {logging_mixin.py:190} INFO - [2026-09-17T14:12:01.440+0000] {dag.py:4180} INFO - Setting next_dagrun for etl_sederhana_25_572885_PPA_07200 to 2026-09-17 00:00:00+00:00, run_after=2026-09-18 00:00:00+00:00
[2026-09-17T14:12:01.538+0000] {processor.py:208} INFO - Processing /opt/airflow/dags/etl_sederhana_25_572885_PPA_07200.py took 6.072 seconds
[2026-09-17T14:12:31.843+0000] {processor.py:186} INFO - Started process (PID=963) to work on /opt/airflow/dags/etl_sederhana_25_572885_PPA_07200.py
[2026-09-17T14:12:31.847+0000] {processor.py:914} INFO - Processing file /opt/airflow/dags/etl_sederhana_25_572885_PPA_07200.py for tasks to queue
[2026-09-17T14:12:31.870+0000] {logging_mixin.py:190} INFO - [2026-09-17T14:12:31.866+0000] {dagbag.py:588} INFO - Filling up the DagBag from /opt/airflow/dags/etl_sederhana_25_572885_PPA_07200.py
[2026-09-17T14:12:33.744+0000] {processor.py:925} INFO - DAG(s) 'etl_sederhana_25_572885_PPA_07200' retrieved from /opt/airflow/dags/etl_sederhana_25_572885_PPA_07200.py
[2026-09-17T14:12:33.801+0000] {logging_mixin.py:190} INFO - [2026-09-17T14:12:33.800+0000] {dag.py:3239} INFO - Sync 1 DAGs
[2026-09-17T14:12:33.861+0000] {logging_mixin.py:190} INFO - [2026-09-17T14:12:33.861+0000] {dag.py:4180} INFO - Setting next_dagrun for etl_sederhana_25_572885_PPA_07200 to 2026-09-17 00:00:00+00:00, run_after=2026-09-18 00:00:00+00:00
[2026-09-17T14:12:33.972+0000] {processor.py:208} INFO - Processing /opt/airflow/dags/etl_sederhana_25_572885_PPA_07200.py took 2.147 seconds
[2026-09-17T14:13:05.470+0000] {processor.py:186} INFO - Started process (PID=972) to work on /opt/airflow/dags/etl_sederhana_25_572885_PPA_07200.py
[2026-09-17T14:13:05.474+0000] {processor.py:914} INFO - Processing file /opt/airflow/dags/etl_sederhana_25_572885_PPA_07200.py for tasks to queue
[2026-09-17T14:13:05.482+0000] {logging_mixin.py:190} INFO - [2026-09-17T14:13:05.481+0000] {dagbag.py:588} INFO - Filling up the DagBag from /opt/airflow/dags/etl_sederhana_25_572885_PPA_07200.py
[2026-09-17T14:13:07.797+0000] {processor.py:925} INFO - DAG(s) 'etl_sederhana_25_572885_PPA_07200' retrieved from /opt/airflow/dags/etl_sederhana_25_572885_PPA_07200.py
[2026-09-17T14:13:07.845+0000] {logging_mixin.py:190} INFO - [2026-09-17T14:13:07.844+0000] {dag.py:3239} INFO - Sync 1 DAGs
[2026-09-17T14:13:07.894+0000] {logging_mixin.py:190} INFO - [2026-09-17T14:13:07.894+0000] {dag.py:4180} INFO - Setting next_dagrun for etl_sederhana_25_572885_PPA_07200 to 2026-09-17 00:00:00+00:00, run_after=2026-09-18 00:00:00+00:00
[2026-09-17T14:13:07.946+0000] {processor.py:208} INFO - Processing /opt/airflow/dags/etl_sederhana_25_572885_PPA_07200.py took 2.498 seconds
[2026-09-17T14:13:38.447+0000] {processor.py:186} INFO - Started process (PID=981) to work on /opt/airflow/dags/etl_sederhana_25_572885_PPA_07200.py
[2026-09-17T14:13:38.463+0000] {processor.py:914} INFO - Processing file /opt/airflow/dags/etl_sederhana_25_572885_PPA_07200.py for tasks to queue
[2026-09-17T14:13:38.488+0000] {logging_mixin.py:190} INFO - [2026-09-17T14:13:38.487+0000] {dagbag.py:588} INFO - Filling up the DagBag from /opt/airflow/dags/etl_sederhana_25_572885_PPA_07200.py
[2026-09-17T14:13:39.785+0000] {processor.py:925} INFO - DAG(s) 'etl_sederhana_25_572885_PPA_07200' retrieved from /opt/airflow/dags/etl_sederhana_25_572885_PPA_07200.py
[2026-09-17T14:13:39.814+0000] {logging_mixin.py:190} INFO - [2026-09-17T14:13:39.813+0000] {dag.py:3239} INFO - Sync 1 DAGs
[2026-09-17T14:13:39.838+0000] {logging_mixin.py:190} INFO - [2026-09-17T14:13:39.838+0000] {dag.py:4180} INFO - Setting next_dagrun for etl_sederhana_25_572885_PPA_07200 to 2026-09-17 00:00:00+00:00, run_after=2026-09-18 00:00:00+00:00
[2026-09-17T14:13:39.964+0000] {processor.py:208} INFO - Processing /opt/airflow/dags/etl_sederhana_25_572885_PPA_07200.py took 1.531 seconds
[2026-09-17T14:14:11.435+0000] {processor.py:186} INFO - Started process (PID=990) to work on /opt/airflow/dags/etl_sederhana_25_572885_PPA_07200.py
[2026-09-17T14:14:11.445+0000] {processor.py:914} INFO - Processing file /opt/airflow/dags/etl_sederhana_25_572885_PPA_07200.py for tasks to queue
[2026-09-17T14:14:11.459+0000] {logging_mixin.py:190} INFO - [2026-09-17T14:14:11.459+0000] {dagbag.py:588} INFO - Filling up the DagBag from /opt/airflow/dags/etl_sederhana_25_572885_PPA_07200.py
[2026-09-17T14:14:13.424+0000] {processor.py:925} INFO - DAG(s) 'etl_sederhana_25_572885_PPA_07200' retrieved from /opt/airflow/dags/etl_sederhana_25_572885_PPA_07200.py
[2026-09-17T14:14:13.462+0000] {logging_mixin.py:190} INFO - [2026-09-17T14:14:13.461+0000] {dag.py:3239} INFO - Sync 1 DAGs
[2026-09-17T14:14:13.677+0000] {logging_mixin.py:190} INFO - [2026-09-17T14:14:13.676+0000] {dag.py:4180} INFO - Setting next_dagrun for etl_sederhana_25_572885_PPA_07200 to 2026-09-17 00:00:00+00:00, run_after=2026-09-18 00:00:00+00:00
[2026-09-17T14:14:13.827+0000] {processor.py:208} INFO - Processing /opt/airflow/dags/etl_sederhana_25_572885_PPA_07200.py took 2.403 seconds
[2026-09-17T14:14:45.014+0000] {processor.py:186} INFO - Started process (PID=999) to work on /opt/airflow/dags/etl_sederhana_25_572885_PPA_07200.py
[2026-09-17T14:14:45.024+0000] {processor.py:914} INFO - Processing file /opt/airflow/dags/etl_sederhana_25_572885_PPA_07200.py for tasks to queue
[2026-09-17T14:14:45.055+0000] {logging_mixin.py:190} INFO - [2026-09-17T14:14:45.053+0000] {dagbag.py:588} INFO - Filling up the DagBag from /opt/airflow/dags/etl_sederhana_25_572885_PPA_07200.py
[2026-09-17T14:14:47.098+0000] {processor.py:925} INFO - DAG(s) 'etl_sederhana_25_572885_PPA_07200' retrieved from /opt/airflow/dags/etl_sederhana_25_572885_PPA_07200.py
[2026-09-17T14:14:47.127+0000] {logging_mixin.py:190} INFO - [2026-09-17T14:14:47.126+0000] {dag.py:3239} INFO - Sync 1 DAGs
[2026-09-17T14:14:47.159+0000] {logging_mixin.py:190} INFO - [2026-09-17T14:14:47.159+0000] {dag.py:4180} INFO - Setting next_dagrun for etl_sederhana_25_572885_PPA_07200 to 2026-09-17 00:00:00+00:00, run_after=2026-09-18 00:00:00+00:00
[2026-09-17T14:14:47.211+0000] {processor.py:208} INFO - Processing /opt/airflow/dags/etl_sederhana_25_572885_PPA_07200.py took 2.260 seconds
[2026-09-17T14:15:17.856+0000] {processor.py:186} INFO - Started process (PID=1008) to work on /opt/airflow/dags/etl_sederhana_25_572885_PPA_07200.py
[2026-09-17T14:15:17.861+0000] {processor.py:914} INFO - Processing file /opt/airflow/dags/etl_sederhana_25_572885_PPA_07200.py for tasks to queue
[2026-09-17T14:15:17.870+0000] {logging_mixin.py:190} INFO - [2026-09-17T14:15:17.869+0000] {dagbag.py:588} INFO - Filling up the DagBag from /opt/airflow/dags/etl_sederhana_25_572885_PPA_07200.py
[2026-09-17T14:15:19.889+0000] {processor.py:925} INFO - DAG(s) 'etl_sederhana_25_572885_PPA_07200' retrieved from /opt/airflow/dags/etl_sederhana_25_572885_PPA_07200.py
[2026-09-17T14:15:19.998+0000] {logging_mixin.py:190} INFO - [2026-09-17T14:15:19.990+0000] {dag.py:3239} INFO - Sync 1 DAGs
[2026-09-17T14:15:20.033+0000] {logging_mixin.py:190} INFO - [2026-09-17T14:15:20.033+0000] {dag.py:4180} INFO - Setting next_dagrun for etl_sederhana_25_572885_PPA_07200 to 2026-09-17 00:00:00+00:00, run_after=2026-09-18 00:00:00+00:00
[2026-09-17T14:15:20.067+0000] {processor.py:208} INFO - Processing /opt/airflow/dags/etl_sederhana_25_572885_PPA_07200.py took 2.224 seconds
[2026-09-17T14:15:50.856+0000] {processor.py:186} INFO - Started process (PID=1017) to work on /opt/airflow/dags/etl_sederhana_25_572885_PPA_07200.py
[2026-09-17T14:15:50.917+0000] {processor.py:914} INFO - Processing file /opt/airflow/dags/etl_sederhana_25_572885_PPA_07200.py for tasks to queue
[2026-09-17T14:15:50.951+0000] {logging_mixin.py:190} INFO - [2026-09-17T14:15:50.950+0000] {dagbag.py:588} INFO - Filling up the DagBag from /opt/airflow/dags/etl_sederhana_25_572885_PPA_07200.py
[2026-09-17T14:15:53.227+0000] {processor.py:925} INFO - DAG(s) 'etl_sederhana_25_572885_PPA_07200' retrieved from /opt/airflow/dags/etl_sederhana_25_572885_PPA_07200.py
[2026-09-17T14:15:53.497+0000] {logging_mixin.py:190} INFO - [2026-09-17T14:15:53.495+0000] {dag.py:3239} INFO - Sync 1 DAGs
[2026-09-17T14:15:53.591+0000] {logging_mixin.py:190} INFO - [2026-09-17T14:15:53.591+0000] {dag.py:4180} INFO - Setting next_dagrun for etl_sederhana_25_572885_PPA_07200 to 2026-09-17 00:00:00+00:00, run_after=2026-09-18 00:00:00+00:00
[2026-09-17T14:15:53.752+0000] {processor.py:208} INFO - Processing /opt/airflow/dags/etl_sederhana_25_572885_PPA_07200.py took 2.906 seconds
[2026-09-17T14:16:25.708+0000] {processor.py:186} INFO - Started process (PID=1033) to work on /opt/airflow/dags/etl_sederhana_25_572885_PPA_07200.py
[2026-09-17T14:16:25.724+0000] {processor.py:914} INFO - Processing file /opt/airflow/dags/etl_sederhana_25_572885_PPA_07200.py for tasks to queue
[2026-09-17T14:16:25.745+0000] {logging_mixin.py:190} INFO - [2026-09-17T14:16:25.744+0000] {dagbag.py:588} INFO - Filling up the DagBag from /opt/airflow/dags/etl_sederhana_25_572885_PPA_07200.py
[2026-09-17T14:16:27.880+0000] {processor.py:925} INFO - DAG(s) 'etl_sederhana_25_572885_PPA_07200' retrieved from /opt/airflow/dags/etl_sederhana_25_572885_PPA_07200.py
[2026-09-17T14:16:27.918+0000] {logging_mixin.py:190} INFO - [2026-09-17T14:16:27.917+0000] {dag.py:3239} INFO - Sync 1 DAGs
[2026-09-17T14:16:27.954+0000] {logging_mixin.py:190} INFO - [2026-09-17T14:16:27.954+0000] {dag.py:4180} INFO - Setting next_dagrun for etl_sederhana_25_572885_PPA_07200 to 2026-09-17 00:00:00+00:00, run_after=2026-09-18 00:00:00+00:00
[2026-09-17T14:16:28.010+0000] {processor.py:208} INFO - Processing /opt/airflow/dags/etl_sederhana_25_572885_PPA_07200.py took 2.312 seconds
[2026-09-17T14:16:58.345+0000] {processor.py:186} INFO - Started process (PID=1042) to work on /opt/airflow/dags/etl_sederhana_25_572885_PPA_07200.py
[2026-09-17T14:16:58.353+0000] {processor.py:914} INFO - Processing file /opt/airflow/dags/etl_sederhana_25_572885_PPA_07200.py for tasks to queue
[2026-09-17T14:16:58.368+0000] {logging_mixin.py:190} INFO - [2026-09-17T14:16:58.367+0000] {dagbag.py:588} INFO - Filling up the DagBag from /opt/airflow/dags/etl_sederhana_25_572885_PPA_07200.py
[2026-09-17T14:17:00.050+0000] {processor.py:925} INFO - DAG(s) 'etl_sederhana_25_572885_PPA_07200' retrieved from /opt/airflow/dags/etl_sederhana_25_572885_PPA_07200.py
[2026-09-17T14:17:00.089+0000] {logging_mixin.py:190} INFO - [2026-09-17T14:17:00.087+0000] {dag.py:3239} INFO - Sync 1 DAGs
[2026-09-17T14:17:00.134+0000] {logging_mixin.py:190} INFO - [2026-09-17T14:17:00.133+0000] {dag.py:4180} INFO - Setting next_dagrun for etl_sederhana_25_572885_PPA_07200 to 2026-09-17 00:00:00+00:00, run_after=2026-09-18 00:00:00+00:00
[2026-09-17T14:17:00.178+0000] {processor.py:208} INFO - Processing /opt/airflow/dags/etl_sederhana_25_572885_PPA_07200.py took 1.853 seconds
[2026-09-17T14:17:30.969+0000] {processor.py:186} INFO - Started process (PID=1050) to work on /opt/airflow/dags/etl_sederhana_25_572885_PPA_07200.py
[2026-09-17T14:17:30.981+0000] {processor.py:914} INFO - Processing file /opt/airflow/dags/etl_sederhana_25_572885_PPA_07200.py for tasks to queue
[2026-09-17T14:17:30.989+0000] {logging_mixin.py:190} INFO - [2026-09-17T14:17:30.989+0000] {dagbag.py:588} INFO - Filling up the DagBag from /opt/airflow/dags/etl_sederhana_25_572885_PPA_07200.py
[2026-09-17T14:17:32.564+0000] {processor.py:925} INFO - DAG(s) 'etl_sederhana_25_572885_PPA_07200' retrieved from /opt/airflow/dags/etl_sederhana_25_572885_PPA_07200.py
[2026-09-17T14:17:32.592+0000] {logging_mixin.py:190} INFO - [2026-09-17T14:17:32.591+0000] {dag.py:3239} INFO - Sync 1 DAGs
[2026-09-17T14:17:32.617+0000] {logging_mixin.py:190} INFO - [2026-09-17T14:17:32.616+0000] {dag.py:4180} INFO - Setting next_dagrun for etl_sederhana_25_572885_PPA_07200 to 2026-09-17 00:00:00+00:00, run_after=2026-09-18 00:00:00+00:00
[2026-09-17T14:17:32.647+0000] {processor.py:208} INFO - Processing /opt/airflow/dags/etl_sederhana_25_572885_PPA_07200.py took 1.688 seconds
[2026-09-17T14:18:02.883+0000] {processor.py:186} INFO - Started process (PID=1059) to work on /opt/airflow/dags/etl_sederhana_25_572885_PPA_07200.py
[2026-09-17T14:18:02.886+0000] {processor.py:914} INFO - Processing file /opt/airflow/dags/etl_sederhana_25_572885_PPA_07200.py for tasks to queue
[2026-09-17T14:18:02.891+0000] {logging_mixin.py:190} INFO - [2026-09-17T14:18:02.890+0000] {dagbag.py:588} INFO - Filling up the DagBag from /opt/airflow/dags/etl_sederhana_25_572885_PPA_07200.py
[2026-09-17T14:18:04.234+0000] {processor.py:925} INFO - DAG(s) 'etl_sederhana_25_572885_PPA_07200' retrieved from /opt/airflow/dags/etl_sederhana_25_572885_PPA_07200.py
[2026-09-17T14:18:04.276+0000] {logging_mixin.py:190} INFO - [2026-09-17T14:18:04.276+0000] {dag.py:3239} INFO - Sync 1 DAGs
[2026-09-17T14:18:04.331+0000] {logging_mixin.py:190} INFO - [2026-09-17T14:18:04.331+0000] {dag.py:4180} INFO - Setting next_dagrun for etl_sederhana_25_572885_PPA_07200 to 2026-09-17 00:00:00+00:00, run_after=2026-09-18 00:00:00+00:00
[2026-09-17T14:18:04.398+0000] {processor.py:208} INFO - Processing /opt/airflow/dags/etl_sederhana_25_572885_PPA_07200.py took 1.527 seconds
[2026-09-17T14:18:34.786+0000] {processor.py:186} INFO - Started process (PID=1068) to work on /opt/airflow/dags/etl_sederhana_25_572885_PPA_07200.py
[2026-09-17T14:18:34.789+0000] {processor.py:914} INFO - Processing file /opt/airflow/dags/etl_sederhana_25_572885_PPA_07200.py for tasks to queue
[2026-09-17T14:18:34.795+0000] {logging_mixin.py:190} INFO - [2026-09-17T14:18:34.794+0000] {dagbag.py:588} INFO - Filling up the DagBag from /opt/airflow/dags/etl_sederhana_25_572885_PPA_07200.py
[2026-09-17T14:18:36.368+0000] {processor.py:925} INFO - DAG(s) 'etl_sederhana_25_572885_PPA_07200' retrieved from /opt/airflow/dags/etl_sederhana_25_572885_PPA_07200.py
[2026-09-17T14:18:36.440+0000] {logging_mixin.py:190} INFO - [2026-09-17T14:18:36.439+0000] {dag.py:3239} INFO - Sync 1 DAGs
[2026-09-17T14:18:36.545+0000] {logging_mixin.py:190} INFO - [2026-09-17T14:18:36.545+0000] {dag.py:4180} INFO - Setting next_dagrun for etl_sederhana_25_572885_PPA_07200 to 2026-09-17 00:00:00+00:00, run_after=2026-09-18 00:00:00+00:00
[2026-09-17T14:18:36.615+0000] {processor.py:208} INFO - Processing /opt/airflow/dags/etl_sederhana_25_572885_PPA_07200.py took 1.843 seconds
[2026-09-17T14:19:07.198+0000] {processor.py:186} INFO - Started process (PID=1078) to work on /opt/airflow/dags/etl_sederhana_25_572885_PPA_07200.py
[2026-09-17T14:19:07.201+0000] {processor.py:914} INFO - Processing file /opt/airflow/dags/etl_sederhana_25_572885_PPA_07200.py for tasks to queue
[2026-09-17T14:19:07.210+0000] {logging_mixin.py:190} INFO - [2026-09-17T14:19:07.209+0000] {dagbag.py:588} INFO - Filling up the DagBag from /opt/airflow/dags/etl_sederhana_25_572885_PPA_07200.py
[2026-09-17T14:19:08.839+0000] {processor.py:925} INFO - DAG(s) 'etl_sederhana_25_572885_PPA_07200' retrieved from /opt/airflow/dags/etl_sederhana_25_572885_PPA_07200.py
[2026-09-17T14:19:08.897+0000] {logging_mixin.py:190} INFO - [2026-09-17T14:19:08.895+0000] {dag.py:3239} INFO - Sync 1 DAGs
[2026-09-17T14:19:09.004+0000] {logging_mixin.py:190} INFO - [2026-09-17T14:19:09.003+0000] {dag.py:4180} INFO - Setting next_dagrun for etl_sederhana_25_572885_PPA_07200 to 2026-09-17 00:00:00+00:00, run_after=2026-09-18 00:00:00+00:00
[2026-09-17T14:19:09.086+0000] {processor.py:208} INFO - Processing /opt/airflow/dags/etl_sederhana_25_572885_PPA_07200.py took 1.904 seconds
[2026-09-17T14:19:39.362+0000] {processor.py:186} INFO - Started process (PID=1087) to work on /opt/airflow/dags/etl_sederhana_25_572885_PPA_07200.py
[2026-09-17T14:19:39.365+0000] {processor.py:914} INFO - Processing file /opt/airflow/dags/etl_sederhana_25_572885_PPA_07200.py for tasks to queue
[2026-09-17T14:19:39.369+0000] {logging_mixin.py:190} INFO - [2026-09-17T14:19:39.368+0000] {dagbag.py:588} INFO - Filling up the DagBag from /opt/airflow/dags/etl_sederhana_25_572885_PPA_07200.py
[2026-09-17T14:19:40.367+0000] {processor.py:925} INFO - DAG(s) 'etl_sederhana_25_572885_PPA_07200' retrieved from /opt/airflow/dags/etl_sederhana_25_572885_PPA_07200.py
[2026-09-17T14:19:40.388+0000] {logging_mixin.py:190} INFO - [2026-09-17T14:19:40.388+0000] {dag.py:3239} INFO - Sync 1 DAGs
[2026-09-17T14:19:40.409+0000] {logging_mixin.py:190} INFO - [2026-09-17T14:19:40.409+0000] {dag.py:4180} INFO - Setting next_dagrun for etl_sederhana_25_572885_PPA_07200 to 2026-09-17 00:00:00+00:00, run_after=2026-09-18 00:00:00+00:00
[2026-09-17T14:19:40.432+0000] {processor.py:208} INFO - Processing /opt/airflow/dags/etl_sederhana_25_572885_PPA_07200.py took 1.079 seconds
[2026-09-17T14:20:10.629+0000] {processor.py:186} INFO - Started process (PID=1096) to work on /opt/airflow/dags/etl_sederhana_25_572885_PPA_07200.py
[2026-09-17T14:20:10.635+0000] {processor.py:914} INFO - Processing file /opt/airflow/dags/etl_sederhana_25_572885_PPA_07200.py for tasks to queue
[2026-09-17T14:20:10.642+0000] {logging_mixin.py:190} INFO - [2026-09-17T14:20:10.641+0000] {dagbag.py:588} INFO - Filling up the DagBag from /opt/airflow/dags/etl_sederhana_25_572885_PPA_07200.py
[2026-09-17T14:20:12.124+0000] {processor.py:925} INFO - DAG(s) 'etl_sederhana_25_572885_PPA_07200' retrieved from /opt/airflow/dags/etl_sederhana_25_572885_PPA_07200.py
[2026-09-17T14:20:12.192+0000] {logging_mixin.py:190} INFO - [2026-09-17T14:20:12.191+0000] {dag.py:3239} INFO - Sync 1 DAGs
[2026-09-17T14:20:12.237+0000] {logging_mixin.py:190} INFO - [2026-09-17T14:20:12.237+0000] {dag.py:4180} INFO - Setting next_dagrun for etl_sederhana_25_572885_PPA_07200 to 2026-09-17 00:00:00+00:00, run_after=2026-09-18 00:00:00+00:00
[2026-09-17T14:20:12.286+0000] {processor.py:208} INFO - Processing /opt/airflow/dags/etl_sederhana_25_572885_PPA_07200.py took 1.668 seconds
[2026-09-17T14:20:42.543+0000] {processor.py:186} INFO - Started process (PID=1105) to work on /opt/airflow/dags/etl_sederhana_25_572885_PPA_07200.py
[2026-09-17T14:20:42.553+0000] {processor.py:914} INFO - Processing file /opt/airflow/dags/etl_sederhana_25_572885_PPA_07200.py for tasks to queue
[2026-09-17T14:20:42.563+0000] {logging_mixin.py:190} INFO - [2026-09-17T14:20:42.562+0000] {dagbag.py:588} INFO - Filling up the DagBag from /opt/airflow/dags/etl_sederhana_25_572885_PPA_07200.py
[2026-09-17T14:20:43.919+0000] {processor.py:925} INFO - DAG(s) 'etl_sederhana_25_572885_PPA_07200' retrieved from /opt/airflow/dags/etl_sederhana_25_572885_PPA_07200.py
[2026-09-17T14:20:43.944+0000] {logging_mixin.py:190} INFO - [2026-09-17T14:20:43.943+0000] {dag.py:3239} INFO - Sync 1 DAGs
[2026-09-17T14:20:43.975+0000] {logging_mixin.py:190} INFO - [2026-09-17T14:20:43.975+0000] {dag.py:4180} INFO - Setting next_dagrun for etl_sederhana_25_572885_PPA_07200 to 2026-09-17 00:00:00+00:00, run_after=2026-09-18 00:00:00+00:00
[2026-09-17T14:20:44.016+0000] {processor.py:208} INFO - Processing /opt/airflow/dags/etl_sederhana_25_572885_PPA_07200.py took 1.489 seconds
[2026-09-17T14:21:14.434+0000] {processor.py:186} INFO - Started process (PID=1114) to work on /opt/airflow/dags/etl_sederhana_25_572885_PPA_07200.py
[2026-09-17T14:21:14.439+0000] {processor.py:914} INFO - Processing file /opt/airflow/dags/etl_sederhana_25_572885_PPA_07200.py for tasks to queue
[2026-09-17T14:21:14.444+0000] {logging_mixin.py:190} INFO - [2026-09-17T14:21:14.443+0000] {dagbag.py:588} INFO - Filling up the DagBag from /opt/airflow/dags/etl_sederhana_25_572885_PPA_07200.py
[2026-09-17T14:21:16.072+0000] {processor.py:925} INFO - DAG(s) 'etl_sederhana_25_572885_PPA_07200' retrieved from /opt/airflow/dags/etl_sederhana_25_572885_PPA_07200.py
[2026-09-17T14:21:16.098+0000] {logging_mixin.py:190} INFO - [2026-09-17T14:21:16.097+0000] {dag.py:3239} INFO - Sync 1 DAGs
[2026-09-17T14:21:16.187+0000] {logging_mixin.py:190} INFO - [2026-09-17T14:21:16.187+0000] {dag.py:4180} INFO - Setting next_dagrun for etl_sederhana_25_572885_PPA_07200 to 2026-09-17 00:00:00+00:00, run_after=2026-09-18 00:00:00+00:00
[2026-09-17T14:21:16.255+0000] {processor.py:208} INFO - Processing /opt/airflow/dags/etl_sederhana_25_572885_PPA_07200.py took 1.831 seconds
[2026-09-17T14:21:47.461+0000] {processor.py:186} INFO - Started process (PID=1123) to work on /opt/airflow/dags/etl_sederhana_25_572885_PPA_07200.py
[2026-09-17T14:21:47.500+0000] {processor.py:914} INFO - Processing file /opt/airflow/dags/etl_sederhana_25_572885_PPA_07200.py for tasks to queue
[2026-09-17T14:21:47.534+0000] {logging_mixin.py:190} INFO - [2026-09-17T14:21:47.533+0000] {dagbag.py:588} INFO - Filling up the DagBag from /opt/airflow/dags/etl_sederhana_25_572885_PPA_07200.py
[2026-09-17T14:21:48.491+0000] {processor.py:925} INFO - DAG(s) 'etl_sederhana_25_572885_PPA_07200' retrieved from /opt/airflow/dags/etl_sederhana_25_572885_PPA_07200.py
[2026-09-17T14:21:48.509+0000] {logging_mixin.py:190} INFO - [2026-09-17T14:21:48.509+0000] {dag.py:3239} INFO - Sync 1 DAGs
[2026-09-17T14:21:48.539+0000] {logging_mixin.py:190} INFO - [2026-09-17T14:21:48.538+0000] {dag.py:4180} INFO - Setting next_dagrun for etl_sederhana_25_572885_PPA_07200 to 2026-09-17 00:00:00+00:00, run_after=2026-09-18 00:00:00+00:00
[2026-09-17T14:21:48.608+0000] {processor.py:208} INFO - Processing /opt/airflow/dags/etl_sederhana_25_572885_PPA_07200.py took 1.162 seconds
[2026-09-17T14:22:18.887+0000] {processor.py:186} INFO - Started process (PID=1132) to work on /opt/airflow/dags/etl_sederhana_25_572885_PPA_07200.py
[2026-09-17T14:22:18.921+0000] {processor.py:914} INFO - Processing file /opt/airflow/dags/etl_sederhana_25_572885_PPA_07200.py for tasks to queue
[2026-09-17T14:22:18.929+0000] {logging_mixin.py:190} INFO - [2026-09-17T14:22:18.928+0000] {dagbag.py:588} INFO - Filling up the DagBag from /opt/airflow/dags/etl_sederhana_25_572885_PPA_07200.py
[2026-09-17T14:22:20.588+0000] {processor.py:925} INFO - DAG(s) 'etl_sederhana_25_572885_PPA_07200' retrieved from /opt/airflow/dags/etl_sederhana_25_572885_PPA_07200.py
[2026-09-17T14:22:20.618+0000] {logging_mixin.py:190} INFO - [2026-09-17T14:22:20.617+0000] {dag.py:3239} INFO - Sync 1 DAGs
[2026-09-17T14:22:20.651+0000] {logging_mixin.py:190} INFO - [2026-09-17T14:22:20.651+0000] {dag.py:4180} INFO - Setting next_dagrun for etl_sederhana_25_572885_PPA_07200 to 2026-09-17 00:00:00+00:00, run_after=2026-09-18 00:00:00+00:00
[2026-09-17T14:22:20.694+0000] {processor.py:208} INFO - Processing /opt/airflow/dags/etl_sederhana_25_572885_PPA_07200.py took 1.821 seconds
[2026-09-17T14:22:50.985+0000] {processor.py:186} INFO - Started process (PID=1141) to work on /opt/airflow/dags/etl_sederhana_25_572885_PPA_07200.py
[2026-09-17T14:22:50.987+0000] {processor.py:914} INFO - Processing file /opt/airflow/dags/etl_sederhana_25_572885_PPA_07200.py for tasks to queue
[2026-09-17T14:22:50.998+0000] {logging_mixin.py:190} INFO - [2026-09-17T14:22:50.998+0000] {dagbag.py:588} INFO - Filling up the DagBag from /opt/airflow/dags/etl_sederhana_25_572885_PPA_07200.py
[2026-09-17T14:22:52.020+0000] {processor.py:925} INFO - DAG(s) 'etl_sederhana_25_572885_PPA_07200' retrieved from /opt/airflow/dags/etl_sederhana_25_572885_PPA_07200.py
[2026-09-17T14:22:52.051+0000] {logging_mixin.py:190} INFO - [2026-09-17T14:22:52.050+0000] {dag.py:3239} INFO - Sync 1 DAGs
[2026-09-17T14:22:52.086+0000] {logging_mixin.py:190} INFO - [2026-09-17T14:22:52.086+0000] {dag.py:4180} INFO - Setting next_dagrun for etl_sederhana_25_572885_PPA_07200 to 2026-09-17 00:00:00+00:00, run_after=2026-09-18 00:00:00+00:00
[2026-09-17T14:22:52.132+0000] {processor.py:208} INFO - Processing /opt/airflow/dags/etl_sederhana_25_572885_PPA_07200.py took 1.156 seconds
[2026-09-17T14:23:22.317+0000] {processor.py:186} INFO - Started process (PID=1150) to work on /opt/airflow/dags/etl_sederhana_25_572885_PPA_07200.py
[2026-09-17T14:23:22.319+0000] {processor.py:914} INFO - Processing file /opt/airflow/dags/etl_sederhana_25_572885_PPA_07200.py for tasks to queue
[2026-09-17T14:23:22.322+0000] {logging_mixin.py:190} INFO - [2026-09-17T14:23:22.322+0000] {dagbag.py:588} INFO - Filling up the DagBag from /opt/airflow/dags/etl_sederhana_25_572885_PPA_07200.py
[2026-09-17T14:23:23.298+0000] {processor.py:925} INFO - DAG(s) 'etl_sederhana_25_572885_PPA_07200' retrieved from /opt/airflow/dags/etl_sederhana_25_572885_PPA_07200.py
[2026-09-17T14:23:23.317+0000] {logging_mixin.py:190} INFO - [2026-09-17T14:23:23.316+0000] {dag.py:3239} INFO - Sync 1 DAGs
[2026-09-17T14:23:23.335+0000] {logging_mixin.py:190} INFO - [2026-09-17T14:23:23.335+0000] {dag.py:4180} INFO - Setting next_dagrun for etl_sederhana_25_572885_PPA_07200 to 2026-09-17 00:00:00+00:00, run_after=2026-09-18 00:00:00+00:00
[2026-09-17T14:23:23.355+0000] {processor.py:208} INFO - Processing /opt/airflow/dags/etl_sederhana_25_572885_PPA_07200.py took 1.045 seconds
[2026-09-17T14:23:53.521+0000] {processor.py:186} INFO - Started process (PID=1159) to work on /opt/airflow/dags/etl_sederhana_25_572885_PPA_07200.py
[2026-09-17T14:23:53.523+0000] {processor.py:914} INFO - Processing file /opt/airflow/dags/etl_sederhana_25_572885_PPA_07200.py for tasks to queue
[2026-09-17T14:23:53.527+0000] {logging_mixin.py:190} INFO - [2026-09-17T14:23:53.527+0000] {dagbag.py:588} INFO - Filling up the DagBag from /opt/airflow/dags/etl_sederhana_25_572885_PPA_07200.py
[2026-09-17T14:23:54.580+0000] {processor.py:925} INFO - DAG(s) 'etl_sederhana_25_572885_PPA_07200' retrieved from /opt/airflow/dags/etl_sederhana_25_572885_PPA_07200.py
[2026-09-17T14:23:54.601+0000] {logging_mixin.py:190} INFO - [2026-09-17T14:23:54.600+0000] {dag.py:3239} INFO - Sync 1 DAGs
[2026-09-17T14:23:54.622+0000] {logging_mixin.py:190} INFO - [2026-09-17T14:23:54.622+0000] {dag.py:4180} INFO - Setting next_dagrun for etl_sederhana_25_572885_PPA_07200 to 2026-09-17 00:00:00+00:00, run_after=2026-09-18 00:00:00+00:00
[2026-09-17T14:23:54.658+0000] {processor.py:208} INFO - Processing /opt/airflow/dags/etl_sederhana_25_572885_PPA_07200.py took 1.145 seconds
[2026-09-17T14:24:24.956+0000] {processor.py:186} INFO - Started process (PID=1168) to work on /opt/airflow/dags/etl_sederhana_25_572885_PPA_07200.py
[2026-09-17T14:24:24.963+0000] {processor.py:914} INFO - Processing file /opt/airflow/dags/etl_sederhana_25_572885_PPA_07200.py for tasks to queue
[2026-09-17T14:24:24.981+0000] {logging_mixin.py:190} INFO - [2026-09-17T14:24:24.980+0000] {dagbag.py:588} INFO - Filling up the DagBag from /opt/airflow/dags/etl_sederhana_25_572885_PPA_07200.py
[2026-09-17T14:24:26.624+0000] {processor.py:925} INFO - DAG(s) 'etl_sederhana_25_572885_PPA_07200' retrieved from /opt/airflow/dags/etl_sederhana_25_572885_PPA_07200.py
[2026-09-17T14:24:26.661+0000] {logging_mixin.py:190} INFO - [2026-09-17T14:24:26.661+0000] {dag.py:3239} INFO - Sync 1 DAGs
[2026-09-17T14:24:26.706+0000] {logging_mixin.py:190} INFO - [2026-09-17T14:24:26.706+0000] {dag.py:4180} INFO - Setting next_dagrun for etl_sederhana_25_572885_PPA_07200 to 2026-09-17 00:00:00+00:00, run_after=2026-09-18 00:00:00+00:00
[2026-09-17T14:24:26.746+0000] {processor.py:208} INFO - Processing /opt/airflow/dags/etl_sederhana_25_572885_PPA_07200.py took 1.798 seconds
[2026-09-17T14:24:57.032+0000] {processor.py:186} INFO - Started process (PID=1177) to work on /opt/airflow/dags/etl_sederhana_25_572885_PPA_07200.py
[2026-09-17T14:24:57.036+0000] {processor.py:914} INFO - Processing file /opt/airflow/dags/etl_sederhana_25_572885_PPA_07200.py for tasks to queue
[2026-09-17T14:24:57.043+0000] {logging_mixin.py:190} INFO - [2026-09-17T14:24:57.042+0000] {dagbag.py:588} INFO - Filling up the DagBag from /opt/airflow/dags/etl_sederhana_25_572885_PPA_07200.py
[2026-09-17T14:24:58.696+0000] {processor.py:925} INFO - DAG(s) 'etl_sederhana_25_572885_PPA_07200' retrieved from /opt/airflow/dags/etl_sederhana_25_572885_PPA_07200.py
[2026-09-17T14:24:58.731+0000] {logging_mixin.py:190} INFO - [2026-09-17T14:24:58.730+0000] {dag.py:3239} INFO - Sync 1 DAGs
[2026-09-17T14:24:58.764+0000] {logging_mixin.py:190} INFO - [2026-09-17T14:24:58.763+0000] {dag.py:4180} INFO - Setting next_dagrun for etl_sederhana_25_572885_PPA_07200 to 2026-09-17 00:00:00+00:00, run_after=2026-09-18 00:00:00+00:00
[2026-09-17T14:24:58.798+0000] {processor.py:208} INFO - Processing /opt/airflow/dags/etl_sederhana_25_572885_PPA_07200.py took 1.777 seconds
[2026-09-17T14:25:29.104+0000] {processor.py:186} INFO - Started process (PID=1193) to work on /opt/airflow/dags/etl_sederhana_25_572885_PPA_07200.py
[2026-09-17T14:25:29.107+0000] {processor.py:914} INFO - Processing file /opt/airflow/dags/etl_sederhana_25_572885_PPA_07200.py for tasks to queue
[2026-09-17T14:25:29.112+0000] {logging_mixin.py:190} INFO - [2026-09-17T14:25:29.112+0000] {dagbag.py:588} INFO - Filling up the DagBag from /opt/airflow/dags/etl_sederhana_25_572885_PPA_07200.py
[2026-09-17T14:25:31.208+0000] {processor.py:925} INFO - DAG(s) 'etl_sederhana_25_572885_PPA_07200' retrieved from /opt/airflow/dags/etl_sederhana_25_572885_PPA_07200.py
[2026-09-17T14:25:31.248+0000] {logging_mixin.py:190} INFO - [2026-09-17T14:25:31.247+0000] {dag.py:3239} INFO - Sync 1 DAGs
[2026-09-17T14:25:31.304+0000] {logging_mixin.py:190} INFO - [2026-09-17T14:25:31.303+0000] {dag.py:4180} INFO - Setting next_dagrun for etl_sederhana_25_572885_PPA_07200 to 2026-09-17 00:00:00+00:00, run_after=2026-09-18 00:00:00+00:00
[2026-09-17T14:25:31.375+0000] {processor.py:208} INFO - Processing /opt/airflow/dags/etl_sederhana_25_572885_PPA_07200.py took 2.281 seconds
[2026-09-17T14:26:01.720+0000] {processor.py:186} INFO - Started process (PID=1203) to work on /opt/airflow/dags/etl_sederhana_25_572885_PPA_07200.py
[2026-09-17T14:26:01.724+0000] {processor.py:914} INFO - Processing file /opt/airflow/dags/etl_sederhana_25_572885_PPA_07200.py for tasks to queue
[2026-09-17T14:26:01.730+0000] {logging_mixin.py:190} INFO - [2026-09-17T14:26:01.729+0000] {dagbag.py:588} INFO - Filling up the DagBag from /opt/airflow/dags/etl_sederhana_25_572885_PPA_07200.py
[2026-09-17T14:26:03.148+0000] {processor.py:925} INFO - DAG(s) 'etl_sederhana_25_572885_PPA_07200' retrieved from /opt/airflow/dags/etl_sederhana_25_572885_PPA_07200.py
[2026-09-17T14:26:03.197+0000] {logging_mixin.py:190} INFO - [2026-09-17T14:26:03.196+0000] {dag.py:3239} INFO - Sync 1 DAGs
[2026-09-17T14:26:03.244+0000] {logging_mixin.py:190} INFO - [2026-09-17T14:26:03.243+0000] {dag.py:4180} INFO - Setting next_dagrun for etl_sederhana_25_572885_PPA_07200 to 2026-09-17 00:00:00+00:00, run_after=2026-09-18 00:00:00+00:00
[2026-09-17T14:26:03.288+0000] {processor.py:208} INFO - Processing /opt/airflow/dags/etl_sederhana_25_572885_PPA_07200.py took 1.581 seconds
[2026-09-17T14:26:33.600+0000] {processor.py:186} INFO - Started process (PID=1212) to work on /opt/airflow/dags/etl_sederhana_25_572885_PPA_07200.py
[2026-09-17T14:26:33.603+0000] {processor.py:914} INFO - Processing file /opt/airflow/dags/etl_sederhana_25_572885_PPA_07200.py for tasks to queue
[2026-09-17T14:26:33.611+0000] {logging_mixin.py:190} INFO - [2026-09-17T14:26:33.610+0000] {dagbag.py:588} INFO - Filling up the DagBag from /opt/airflow/dags/etl_sederhana_25_572885_PPA_07200.py
[2026-09-17T14:26:35.747+0000] {processor.py:925} INFO - DAG(s) 'etl_sederhana_25_572885_PPA_07200' retrieved from /opt/airflow/dags/etl_sederhana_25_572885_PPA_07200.py
[2026-09-17T14:26:35.787+0000] {logging_mixin.py:190} INFO - [2026-09-17T14:26:35.786+0000] {dag.py:3239} INFO - Sync 1 DAGs
[2026-09-17T14:26:35.839+0000] {logging_mixin.py:190} INFO - [2026-09-17T14:26:35.839+0000] {dag.py:4180} INFO - Setting next_dagrun for etl_sederhana_25_572885_PPA_07200 to 2026-09-17 00:00:00+00:00, run_after=2026-09-18 00:00:00+00:00
[2026-09-17T14:26:35.888+0000] {processor.py:208} INFO - Processing /opt/airflow/dags/etl_sederhana_25_572885_PPA_07200.py took 2.301 seconds
[2026-09-17T14:27:06.200+0000] {processor.py:186} INFO - Started process (PID=1221) to work on /opt/airflow/dags/etl_sederhana_25_572885_PPA_07200.py
[2026-09-17T14:27:06.206+0000] {processor.py:914} INFO - Processing file /opt/airflow/dags/etl_sederhana_25_572885_PPA_07200.py for tasks to queue
[2026-09-17T14:27:06.213+0000] {logging_mixin.py:190} INFO - [2026-09-17T14:27:06.212+0000] {dagbag.py:588} INFO - Filling up the DagBag from /opt/airflow/dags/etl_sederhana_25_572885_PPA_07200.py
[2026-09-17T14:27:08.548+0000] {processor.py:925} INFO - DAG(s) 'etl_sederhana_25_572885_PPA_07200' retrieved from /opt/airflow/dags/etl_sederhana_25_572885_PPA_07200.py
[2026-09-17T14:27:08.593+0000] {logging_mixin.py:190} INFO - [2026-09-17T14:27:08.592+0000] {dag.py:3239} INFO - Sync 1 DAGs
[2026-09-17T14:27:08.654+0000] {logging_mixin.py:190} INFO - [2026-09-17T14:27:08.653+0000] {dag.py:4180} INFO - Setting next_dagrun for etl_sederhana_25_572885_PPA_07200 to 2026-09-17 00:00:00+00:00, run_after=2026-09-18 00:00:00+00:00
[2026-09-17T14:27:08.712+0000] {processor.py:208} INFO - Processing /opt/airflow/dags/etl_sederhana_25_572885_PPA_07200.py took 2.523 seconds
[2026-09-17T14:27:38.979+0000] {processor.py:186} INFO - Started process (PID=1230) to work on /opt/airflow/dags/etl_sederhana_25_572885_PPA_07200.py
[2026-09-17T14:27:38.983+0000] {processor.py:914} INFO - Processing file /opt/airflow/dags/etl_sederhana_25_572885_PPA_07200.py for tasks to queue
[2026-09-17T14:27:38.991+0000] {logging_mixin.py:190} INFO - [2026-09-17T14:27:38.990+0000] {dagbag.py:588} INFO - Filling up the DagBag from /opt/airflow/dags/etl_sederhana_25_572885_PPA_07200.py
[2026-09-17T14:27:40.540+0000] {processor.py:925} INFO - DAG(s) 'etl_sederhana_25_572885_PPA_07200' retrieved from /opt/airflow/dags/etl_sederhana_25_572885_PPA_07200.py
[2026-09-17T14:27:40.576+0000] {logging_mixin.py:190} INFO - [2026-09-17T14:27:40.576+0000] {dag.py:3239} INFO - Sync 1 DAGs
[2026-09-17T14:27:40.625+0000] {logging_mixin.py:190} INFO - [2026-09-17T14:27:40.625+0000] {dag.py:4180} INFO - Setting next_dagrun for etl_sederhana_25_572885_PPA_07200 to 2026-09-17 00:00:00+00:00, run_after=2026-09-18 00:00:00+00:00
[2026-09-17T14:27:40.674+0000] {processor.py:208} INFO - Processing /opt/airflow/dags/etl_sederhana_25_572885_PPA_07200.py took 1.708 seconds
[2026-09-17T14:28:11.069+0000] {processor.py:186} INFO - Started process (PID=1239) to work on /opt/airflow/dags/etl_sederhana_25_572885_PPA_07200.py
[2026-09-17T14:28:11.073+0000] {processor.py:914} INFO - Processing file /opt/airflow/dags/etl_sederhana_25_572885_PPA_07200.py for tasks to queue
[2026-09-17T14:28:11.083+0000] {logging_mixin.py:190} INFO - [2026-09-17T14:28:11.082+0000] {dagbag.py:588} INFO - Filling up the DagBag from /opt/airflow/dags/etl_sederhana_25_572885_PPA_07200.py
[2026-09-17T14:28:13.055+0000] {processor.py:925} INFO - DAG(s) 'etl_sederhana_25_572885_PPA_07200' retrieved from /opt/airflow/dags/etl_sederhana_25_572885_PPA_07200.py
[2026-09-17T14:28:13.079+0000] {logging_mixin.py:190} INFO - [2026-09-17T14:28:13.078+0000] {dag.py:3239} INFO - Sync 1 DAGs
[2026-09-17T14:28:13.109+0000] {logging_mixin.py:190} INFO - [2026-09-17T14:28:13.108+0000] {dag.py:4180} INFO - Setting next_dagrun for etl_sederhana_25_572885_PPA_07200 to 2026-09-17 00:00:00+00:00, run_after=2026-09-18 00:00:00+00:00
[2026-09-17T14:28:13.145+0000] {processor.py:208} INFO - Processing /opt/airflow/dags/etl_sederhana_25_572885_PPA_07200.py took 2.092 seconds
[2026-09-17T14:28:43.459+0000] {processor.py:186} INFO - Started process (PID=1248) to work on /opt/airflow/dags/etl_sederhana_25_572885_PPA_07200.py
[2026-09-17T14:28:43.463+0000] {processor.py:914} INFO - Processing file /opt/airflow/dags/etl_sederhana_25_572885_PPA_07200.py for tasks to queue
[2026-09-17T14:28:43.470+0000] {logging_mixin.py:190} INFO - [2026-09-17T14:28:43.469+0000] {dagbag.py:588} INFO - Filling up the DagBag from /opt/airflow/dags/etl_sederhana_25_572885_PPA_07200.py
[2026-09-17T14:28:45.581+0000] {processor.py:925} INFO - DAG(s) 'etl_sederhana_25_572885_PPA_07200' retrieved from /opt/airflow/dags/etl_sederhana_25_572885_PPA_07200.py
[2026-09-17T14:28:45.622+0000] {logging_mixin.py:190} INFO - [2026-09-17T14:28:45.621+0000] {dag.py:3239} INFO - Sync 1 DAGs
[2026-09-17T14:28:45.676+0000] {logging_mixin.py:190} INFO - [2026-09-17T14:28:45.676+0000] {dag.py:4180} INFO - Setting next_dagrun for etl_sederhana_25_572885_PPA_07200 to 2026-09-17 00:00:00+00:00, run_after=2026-09-18 00:00:00+00:00
[2026-09-17T14:28:45.737+0000] {processor.py:208} INFO - Processing /opt/airflow/dags/etl_sederhana_25_572885_PPA_07200.py took 2.293 seconds
[2026-09-17T14:29:16.067+0000] {processor.py:186} INFO - Started process (PID=1257) to work on /opt/airflow/dags/etl_sederhana_25_572885_PPA_07200.py
[2026-09-17T14:29:16.071+0000] {processor.py:914} INFO - Processing file /opt/airflow/dags/etl_sederhana_25_572885_PPA_07200.py for tasks to queue
[2026-09-17T14:29:16.077+0000] {logging_mixin.py:190} INFO - [2026-09-17T14:29:16.076+0000] {dagbag.py:588} INFO - Filling up the DagBag from /opt/airflow/dags/etl_sederhana_25_572885_PPA_07200.py
[2026-09-17T14:29:17.422+0000] {processor.py:925} INFO - DAG(s) 'etl_sederhana_25_572885_PPA_07200' retrieved from /opt/airflow/dags/etl_sederhana_25_572885_PPA_07200.py
[2026-09-17T14:29:17.455+0000] {logging_mixin.py:190} INFO - [2026-09-17T14:29:17.454+0000] {dag.py:3239} INFO - Sync 1 DAGs
[2026-09-17T14:29:17.500+0000] {logging_mixin.py:190} INFO - [2026-09-17T14:29:17.499+0000] {dag.py:4180} INFO - Setting next_dagrun for etl_sederhana_25_572885_PPA_07200 to 2026-09-17 00:00:00+00:00, run_after=2026-09-18 00:00:00+00:00
[2026-09-17T14:29:17.603+0000] {processor.py:208} INFO - Processing /opt/airflow/dags/etl_sederhana_25_572885_PPA_07200.py took 1.545 seconds
[2026-09-17T14:29:47.833+0000] {processor.py:186} INFO - Started process (PID=1266) to work on /opt/airflow/dags/etl_sederhana_25_572885_PPA_07200.py
[2026-09-17T14:29:47.839+0000] {processor.py:914} INFO - Processing file /opt/airflow/dags/etl_sederhana_25_572885_PPA_07200.py for tasks to queue
[2026-09-17T14:29:47.845+0000] {logging_mixin.py:190} INFO - [2026-09-17T14:29:47.844+0000] {dagbag.py:588} INFO - Filling up the DagBag from /opt/airflow/dags/etl_sederhana_25_572885_PPA_07200.py
[2026-09-17T14:29:48.999+0000] {processor.py:925} INFO - DAG(s) 'etl_sederhana_25_572885_PPA_07200' retrieved from /opt/airflow/dags/etl_sederhana_25_572885_PPA_07200.py
[2026-09-17T14:29:49.021+0000] {logging_mixin.py:190} INFO - [2026-09-17T14:29:49.020+0000] {dag.py:3239} INFO - Sync 1 DAGs
[2026-09-17T14:29:49.043+0000] {logging_mixin.py:190} INFO - [2026-09-17T14:29:49.042+0000] {dag.py:4180} INFO - Setting next_dagrun for etl_sederhana_25_572885_PPA_07200 to 2026-09-17 00:00:00+00:00, run_after=2026-09-18 00:00:00+00:00
[2026-09-17T14:29:49.074+0000] {processor.py:208} INFO - Processing /opt/airflow/dags/etl_sederhana_25_572885_PPA_07200.py took 1.250 seconds
[2026-09-17T14:30:19.488+0000] {processor.py:186} INFO - Started process (PID=1275) to work on /opt/airflow/dags/etl_sederhana_25_572885_PPA_07200.py
[2026-09-17T14:30:19.491+0000] {processor.py:914} INFO - Processing file /opt/airflow/dags/etl_sederhana_25_572885_PPA_07200.py for tasks to queue
[2026-09-17T14:30:19.499+0000] {logging_mixin.py:190} INFO - [2026-09-17T14:30:19.498+0000] {dagbag.py:588} INFO - Filling up the DagBag from /opt/airflow/dags/etl_sederhana_25_572885_PPA_07200.py
[2026-09-17T14:30:21.340+0000] {processor.py:925} INFO - DAG(s) 'etl_sederhana_25_572885_PPA_07200' retrieved from /opt/airflow/dags/etl_sederhana_25_572885_PPA_07200.py
[2026-09-17T14:30:21.371+0000] {logging_mixin.py:190} INFO - [2026-09-17T14:30:21.370+0000] {dag.py:3239} INFO - Sync 1 DAGs
[2026-09-17T14:30:21.405+0000] {logging_mixin.py:190} INFO - [2026-09-17T14:30:21.404+0000] {dag.py:4180} INFO - Setting next_dagrun for etl_sederhana_25_572885_PPA_07200 to 2026-09-17 00:00:00+00:00, run_after=2026-09-18 00:00:00+00:00
[2026-09-17T14:30:21.452+0000] {processor.py:208} INFO - Processing /opt/airflow/dags/etl_sederhana_25_572885_PPA_07200.py took 1.972 seconds
[2026-09-17T14:30:51.759+0000] {processor.py:186} INFO - Started process (PID=1284) to work on /opt/airflow/dags/etl_sederhana_25_572885_PPA_07200.py
[2026-09-17T14:30:51.765+0000] {processor.py:914} INFO - Processing file /opt/airflow/dags/etl_sederhana_25_572885_PPA_07200.py for tasks to queue
[2026-09-17T14:30:51.775+0000] {logging_mixin.py:190} INFO - [2026-09-17T14:30:51.774+0000] {dagbag.py:588} INFO - Filling up the DagBag from /opt/airflow/dags/etl_sederhana_25_572885_PPA_07200.py
[2026-09-17T14:30:53.859+0000] {processor.py:925} INFO - DAG(s) 'etl_sederhana_25_572885_PPA_07200' retrieved from /opt/airflow/dags/etl_sederhana_25_572885_PPA_07200.py
[2026-09-17T14:30:53.904+0000] {logging_mixin.py:190} INFO - [2026-09-17T14:30:53.903+0000] {dag.py:3239} INFO - Sync 1 DAGs
[2026-09-17T14:30:53.959+0000] {logging_mixin.py:190} INFO - [2026-09-17T14:30:53.958+0000] {dag.py:4180} INFO - Setting next_dagrun for etl_sederhana_25_572885_PPA_07200 to 2026-09-17 00:00:00+00:00, run_after=2026-09-18 00:00:00+00:00
[2026-09-17T14:30:54.023+0000] {processor.py:208} INFO - Processing /opt/airflow/dags/etl_sederhana_25_572885_PPA_07200.py took 2.283 seconds
[2026-09-17T14:31:24.324+0000] {processor.py:186} INFO - Started process (PID=1293) to work on /opt/airflow/dags/etl_sederhana_25_572885_PPA_07200.py
[2026-09-17T14:31:24.330+0000] {processor.py:914} INFO - Processing file /opt/airflow/dags/etl_sederhana_25_572885_PPA_07200.py for tasks to queue
[2026-09-17T14:31:24.337+0000] {logging_mixin.py:190} INFO - [2026-09-17T14:31:24.336+0000] {dagbag.py:588} INFO - Filling up the DagBag from /opt/airflow/dags/etl_sederhana_25_572885_PPA_07200.py
[2026-09-17T14:31:26.438+0000] {processor.py:925} INFO - DAG(s) 'etl_sederhana_25_572885_PPA_07200' retrieved from /opt/airflow/dags/etl_sederhana_25_572885_PPA_07200.py
[2026-09-17T14:31:26.485+0000] {logging_mixin.py:190} INFO - [2026-09-17T14:31:26.484+0000] {dag.py:3239} INFO - Sync 1 DAGs
[2026-09-17T14:31:26.542+0000] {logging_mixin.py:190} INFO - [2026-09-17T14:31:26.541+0000] {dag.py:4180} INFO - Setting next_dagrun for etl_sederhana_25_572885_PPA_07200 to 2026-09-17 00:00:00+00:00, run_after=2026-09-18 00:00:00+00:00
[2026-09-17T14:31:26.644+0000] {processor.py:208} INFO - Processing /opt/airflow/dags/etl_sederhana_25_572885_PPA_07200.py took 2.335 seconds
[2026-09-17T14:31:57.008+0000] {processor.py:186} INFO - Started process (PID=1302) to work on /opt/airflow/dags/etl_sederhana_25_572885_PPA_07200.py
[2026-09-17T14:31:57.011+0000] {processor.py:914} INFO - Processing file /opt/airflow/dags/etl_sederhana_25_572885_PPA_07200.py for tasks to queue
[2026-09-17T14:31:57.019+0000] {logging_mixin.py:190} INFO - [2026-09-17T14:31:57.017+0000] {dagbag.py:588} INFO - Filling up the DagBag from /opt/airflow/dags/etl_sederhana_25_572885_PPA_07200.py
[2026-09-17T14:31:58.913+0000] {processor.py:925} INFO - DAG(s) 'etl_sederhana_25_572885_PPA_07200' retrieved from /opt/airflow/dags/etl_sederhana_25_572885_PPA_07200.py
[2026-09-17T14:31:58.963+0000] {logging_mixin.py:190} INFO - [2026-09-17T14:31:58.962+0000] {dag.py:3239} INFO - Sync 1 DAGs
[2026-09-17T14:31:59.030+0000] {logging_mixin.py:190} INFO - [2026-09-17T14:31:59.030+0000] {dag.py:4180} INFO - Setting next_dagrun for etl_sederhana_25_572885_PPA_07200 to 2026-09-17 00:00:00+00:00, run_after=2026-09-18 00:00:00+00:00
[2026-09-17T14:31:59.095+0000] {processor.py:208} INFO - Processing /opt/airflow/dags/etl_sederhana_25_572885_PPA_07200.py took 2.100 seconds
[2026-09-17T14:32:29.413+0000] {processor.py:186} INFO - Started process (PID=1311) to work on /opt/airflow/dags/etl_sederhana_25_572885_PPA_07200.py
[2026-09-17T14:32:29.423+0000] {processor.py:914} INFO - Processing file /opt/airflow/dags/etl_sederhana_25_572885_PPA_07200.py for tasks to queue
[2026-09-17T14:32:29.435+0000] {logging_mixin.py:190} INFO - [2026-09-17T14:32:29.434+0000] {dagbag.py:588} INFO - Filling up the DagBag from /opt/airflow/dags/etl_sederhana_25_572885_PPA_07200.py
[2026-09-17T14:32:30.891+0000] {processor.py:925} INFO - DAG(s) 'etl_sederhana_25_572885_PPA_07200' retrieved from /opt/airflow/dags/etl_sederhana_25_572885_PPA_07200.py
[2026-09-17T14:32:30.916+0000] {logging_mixin.py:190} INFO - [2026-09-17T14:32:30.916+0000] {dag.py:3239} INFO - Sync 1 DAGs
[2026-09-17T14:32:30.938+0000] {logging_mixin.py:190} INFO - [2026-09-17T14:32:30.938+0000] {dag.py:4180} INFO - Setting next_dagrun for etl_sederhana_25_572885_PPA_07200 to 2026-09-17 00:00:00+00:00, run_after=2026-09-18 00:00:00+00:00
[2026-09-17T14:32:30.969+0000] {processor.py:208} INFO - Processing /opt/airflow/dags/etl_sederhana_25_572885_PPA_07200.py took 1.574 seconds
[2026-09-17T14:33:01.272+0000] {processor.py:186} INFO - Started process (PID=1327) to work on /opt/airflow/dags/etl_sederhana_25_572885_PPA_07200.py
[2026-09-17T14:33:01.276+0000] {processor.py:914} INFO - Processing file /opt/airflow/dags/etl_sederhana_25_572885_PPA_07200.py for tasks to queue
[2026-09-17T14:33:01.285+0000] {logging_mixin.py:190} INFO - [2026-09-17T14:33:01.284+0000] {dagbag.py:588} INFO - Filling up the DagBag from /opt/airflow/dags/etl_sederhana_25_572885_PPA_07200.py
[2026-09-17T14:33:04.320+0000] {processor.py:925} INFO - DAG(s) 'etl_sederhana_25_572885_PPA_07200' retrieved from /opt/airflow/dags/etl_sederhana_25_572885_PPA_07200.py
[2026-09-17T14:33:04.362+0000] {logging_mixin.py:190} INFO - [2026-09-17T14:33:04.361+0000] {dag.py:3239} INFO - Sync 1 DAGs
[2026-09-17T14:33:04.398+0000] {logging_mixin.py:190} INFO - [2026-09-17T14:33:04.397+0000] {dag.py:4180} INFO - Setting next_dagrun for etl_sederhana_25_572885_PPA_07200 to 2026-09-17 00:00:00+00:00, run_after=2026-09-18 00:00:00+00:00
[2026-09-17T14:33:04.442+0000] {processor.py:208} INFO - Processing /opt/airflow/dags/etl_sederhana_25_572885_PPA_07200.py took 3.189 seconds
[2026-09-17T14:33:34.680+0000] {processor.py:186} INFO - Started process (PID=1336) to work on /opt/airflow/dags/etl_sederhana_25_572885_PPA_07200.py
[2026-09-17T14:33:34.683+0000] {processor.py:914} INFO - Processing file /opt/airflow/dags/etl_sederhana_25_572885_PPA_07200.py for tasks to queue
[2026-09-17T14:33:34.690+0000] {logging_mixin.py:190} INFO - [2026-09-17T14:33:34.689+0000] {dagbag.py:588} INFO - Filling up the DagBag from /opt/airflow/dags/etl_sederhana_25_572885_PPA_07200.py
[2026-09-17T14:33:36.194+0000] {processor.py:925} INFO - DAG(s) 'etl_sederhana_25_572885_PPA_07200' retrieved from /opt/airflow/dags/etl_sederhana_25_572885_PPA_07200.py
[2026-09-17T14:33:36.216+0000] {logging_mixin.py:190} INFO - [2026-09-17T14:33:36.215+0000] {dag.py:3239} INFO - Sync 1 DAGs
[2026-09-17T14:33:36.238+0000] {logging_mixin.py:190} INFO - [2026-09-17T14:33:36.238+0000] {dag.py:4180} INFO - Setting next_dagrun for etl_sederhana_25_572885_PPA_07200 to 2026-09-17 00:00:00+00:00, run_after=2026-09-18 00:00:00+00:00
[2026-09-17T14:33:36.270+0000] {processor.py:208} INFO - Processing /opt/airflow/dags/etl_sederhana_25_572885_PPA_07200.py took 1.607 seconds
[2026-09-17T14:34:06.586+0000] {processor.py:186} INFO - Started process (PID=1345) to work on /opt/airflow/dags/etl_sederhana_25_572885_PPA_07200.py
[2026-09-17T14:34:06.589+0000] {processor.py:914} INFO - Processing file /opt/airflow/dags/etl_sederhana_25_572885_PPA_07200.py for tasks to queue
[2026-09-17T14:34:06.600+0000] {logging_mixin.py:190} INFO - [2026-09-17T14:34:06.598+0000] {dagbag.py:588} INFO - Filling up the DagBag from /opt/airflow/dags/etl_sederhana_25_572885_PPA_07200.py
[2026-09-17T14:34:08.026+0000] {processor.py:925} INFO - DAG(s) 'etl_sederhana_25_572885_PPA_07200' retrieved from /opt/airflow/dags/etl_sederhana_25_572885_PPA_07200.py
[2026-09-17T14:34:08.057+0000] {logging_mixin.py:190} INFO - [2026-09-17T14:34:08.056+0000] {dag.py:3239} INFO - Sync 1 DAGs
[2026-09-17T14:34:08.095+0000] {logging_mixin.py:190} INFO - [2026-09-17T14:34:08.095+0000] {dag.py:4180} INFO - Setting next_dagrun for etl_sederhana_25_572885_PPA_07200 to 2026-09-17 00:00:00+00:00, run_after=2026-09-18 00:00:00+00:00
[2026-09-17T14:34:08.141+0000] {processor.py:208} INFO - Processing /opt/airflow/dags/etl_sederhana_25_572885_PPA_07200.py took 1.570 seconds
[2026-09-17T14:34:38.465+0000] {processor.py:186} INFO - Started process (PID=1354) to work on /opt/airflow/dags/etl_sederhana_25_572885_PPA_07200.py
[2026-09-17T14:34:38.472+0000] {processor.py:914} INFO - Processing file /opt/airflow/dags/etl_sederhana_25_572885_PPA_07200.py for tasks to queue
[2026-09-17T14:34:38.483+0000] {logging_mixin.py:190} INFO - [2026-09-17T14:34:38.481+0000] {dagbag.py:588} INFO - Filling up the DagBag from /opt/airflow/dags/etl_sederhana_25_572885_PPA_07200.py
[2026-09-17T14:34:40.938+0000] {processor.py:925} INFO - DAG(s) 'etl_sederhana_25_572885_PPA_07200' retrieved from /opt/airflow/dags/etl_sederhana_25_572885_PPA_07200.py
[2026-09-17T14:34:40.972+0000] {logging_mixin.py:190} INFO - [2026-09-17T14:34:40.972+0000] {dag.py:3239} INFO - Sync 1 DAGs
[2026-09-17T14:34:41.006+0000] {logging_mixin.py:190} INFO - [2026-09-17T14:34:41.005+0000] {dag.py:4180} INFO - Setting next_dagrun for etl_sederhana_25_572885_PPA_07200 to 2026-09-17 00:00:00+00:00, run_after=2026-09-18 00:00:00+00:00
[2026-09-17T14:34:41.043+0000] {processor.py:208} INFO - Processing /opt/airflow/dags/etl_sederhana_25_572885_PPA_07200.py took 2.596 seconds
[2026-09-17T14:35:11.311+0000] {processor.py:186} INFO - Started process (PID=1363) to work on /opt/airflow/dags/etl_sederhana_25_572885_PPA_07200.py
[2026-09-17T14:35:11.315+0000] {processor.py:914} INFO - Processing file /opt/airflow/dags/etl_sederhana_25_572885_PPA_07200.py for tasks to queue
[2026-09-17T14:35:11.321+0000] {logging_mixin.py:190} INFO - [2026-09-17T14:35:11.320+0000] {dagbag.py:588} INFO - Filling up the DagBag from /opt/airflow/dags/etl_sederhana_25_572885_PPA_07200.py
[2026-09-17T14:35:13.264+0000] {processor.py:925} INFO - DAG(s) 'etl_sederhana_25_572885_PPA_07200' retrieved from /opt/airflow/dags/etl_sederhana_25_572885_PPA_07200.py
[2026-09-17T14:35:13.293+0000] {logging_mixin.py:190} INFO - [2026-09-17T14:35:13.293+0000] {dag.py:3239} INFO - Sync 1 DAGs
[2026-09-17T14:35:13.333+0000] {logging_mixin.py:190} INFO - [2026-09-17T14:35:13.332+0000] {dag.py:4180} INFO - Setting next_dagrun for etl_sederhana_25_572885_PPA_07200 to 2026-09-17 00:00:00+00:00, run_after=2026-09-18 00:00:00+00:00
[2026-09-17T14:35:13.393+0000] {processor.py:208} INFO - Processing /opt/airflow/dags/etl_sederhana_25_572885_PPA_07200.py took 2.094 seconds
[2026-09-17T14:35:43.564+0000] {processor.py:186} INFO - Started process (PID=1372) to work on /opt/airflow/dags/etl_sederhana_25_572885_PPA_07200.py
[2026-09-17T14:35:43.567+0000] {processor.py:914} INFO - Processing file /opt/airflow/dags/etl_sederhana_25_572885_PPA_07200.py for tasks to queue
[2026-09-17T14:35:43.572+0000] {logging_mixin.py:190} INFO - [2026-09-17T14:35:43.572+0000] {dagbag.py:588} INFO - Filling up the DagBag from /opt/airflow/dags/etl_sederhana_25_572885_PPA_07200.py
[2026-09-17T14:35:45.113+0000] {processor.py:925} INFO - DAG(s) 'etl_sederhana_25_572885_PPA_07200' retrieved from /opt/airflow/dags/etl_sederhana_25_572885_PPA_07200.py
[2026-09-17T14:35:45.166+0000] {logging_mixin.py:190} INFO - [2026-09-17T14:35:45.165+0000] {dag.py:3239} INFO - Sync 1 DAGs
[2026-09-17T14:35:45.243+0000] {logging_mixin.py:190} INFO - [2026-09-17T14:35:45.242+0000] {dag.py:4180} INFO - Setting next_dagrun for etl_sederhana_25_572885_PPA_07200 to 2026-09-17 00:00:00+00:00, run_after=2026-09-18 00:00:00+00:00
[2026-09-17T14:35:45.357+0000] {processor.py:208} INFO - Processing /opt/airflow/dags/etl_sederhana_25_572885_PPA_07200.py took 1.802 seconds
[2026-09-17T14:36:15.708+0000] {processor.py:186} INFO - Started process (PID=1381) to work on /opt/airflow/dags/etl_sederhana_25_572885_PPA_07200.py
[2026-09-17T14:36:15.721+0000] {processor.py:914} INFO - Processing file /opt/airflow/dags/etl_sederhana_25_572885_PPA_07200.py for tasks to queue
[2026-09-17T14:36:15.766+0000] {logging_mixin.py:190} INFO - [2026-09-17T14:36:15.766+0000] {dagbag.py:588} INFO - Filling up the DagBag from /opt/airflow/dags/etl_sederhana_25_572885_PPA_07200.py
[2026-09-17T14:36:17.326+0000] {processor.py:925} INFO - DAG(s) 'etl_sederhana_25_572885_PPA_07200' retrieved from /opt/airflow/dags/etl_sederhana_25_572885_PPA_07200.py
[2026-09-17T14:36:17.374+0000] {logging_mixin.py:190} INFO - [2026-09-17T14:36:17.373+0000] {dag.py:3239} INFO - Sync 1 DAGs
[2026-09-17T14:36:17.425+0000] {logging_mixin.py:190} INFO - [2026-09-17T14:36:17.424+0000] {dag.py:4180} INFO - Setting next_dagrun for etl_sederhana_25_572885_PPA_07200 to 2026-09-17 00:00:00+00:00, run_after=2026-09-18 00:00:00+00:00
[2026-09-17T14:36:17.496+0000] {processor.py:208} INFO - Processing /opt/airflow/dags/etl_sederhana_25_572885_PPA_07200.py took 1.796 seconds
[2026-09-17T14:36:47.977+0000] {processor.py:186} INFO - Started process (PID=1390) to work on /opt/airflow/dags/etl_sederhana_25_572885_PPA_07200.py
[2026-09-17T14:36:47.980+0000] {processor.py:914} INFO - Processing file /opt/airflow/dags/etl_sederhana_25_572885_PPA_07200.py for tasks to queue
[2026-09-17T14:36:48.001+0000] {logging_mixin.py:190} INFO - [2026-09-17T14:36:48.000+0000] {dagbag.py:588} INFO - Filling up the DagBag from /opt/airflow/dags/etl_sederhana_25_572885_PPA_07200.py
[2026-09-17T14:36:49.907+0000] {processor.py:925} INFO - DAG(s) 'etl_sederhana_25_572885_PPA_07200' retrieved from /opt/airflow/dags/etl_sederhana_25_572885_PPA_07200.py
[2026-09-17T14:36:49.950+0000] {logging_mixin.py:190} INFO - [2026-09-17T14:36:49.949+0000] {dag.py:3239} INFO - Sync 1 DAGs
[2026-09-17T14:36:49.990+0000] {logging_mixin.py:190} INFO - [2026-09-17T14:36:49.990+0000] {dag.py:4180} INFO - Setting next_dagrun for etl_sederhana_25_572885_PPA_07200 to 2026-09-17 00:00:00+00:00, run_after=2026-09-18 00:00:00+00:00
[2026-09-17T14:36:50.048+0000] {processor.py:208} INFO - Processing /opt/airflow/dags/etl_sederhana_25_572885_PPA_07200.py took 2.082 seconds
[2026-09-17T14:37:32.916+0000] {processor.py:186} INFO - Started process (PID=1430) to work on /opt/airflow/dags/etl_sederhana_25_572885_PPA_07200.py
[2026-09-17T14:37:32.920+0000] {processor.py:914} INFO - Processing file /opt/airflow/dags/etl_sederhana_25_572885_PPA_07200.py for tasks to queue
[2026-09-17T14:37:32.927+0000] {logging_mixin.py:190} INFO - [2026-09-17T14:37:32.927+0000] {dagbag.py:588} INFO - Filling up the DagBag from /opt/airflow/dags/etl_sederhana_25_572885_PPA_07200.py
[2026-09-17T14:37:34.491+0000] {processor.py:925} INFO - DAG(s) 'etl_sederhana_25_572885_PPA_07200' retrieved from /opt/airflow/dags/etl_sederhana_25_572885_PPA_07200.py
[2026-09-17T14:37:34.523+0000] {logging_mixin.py:190} INFO - [2026-09-17T14:37:34.522+0000] {dag.py:3239} INFO - Sync 1 DAGs
[2026-09-17T14:37:34.563+0000] {logging_mixin.py:190} INFO - [2026-09-17T14:37:34.563+0000] {dag.py:4180} INFO - Setting next_dagrun for etl_sederhana_25_572885_PPA_07200 to 2026-09-17 00:00:00+00:00, run_after=2026-09-18 00:00:00+00:00
[2026-09-17T14:37:34.617+0000] {processor.py:208} INFO - Processing /opt/airflow/dags/etl_sederhana_25_572885_PPA_07200.py took 1.712 seconds
[2026-09-17T14:38:07.396+0000] {processor.py:186} INFO - Started process (PID=1530) to work on /opt/airflow/dags/etl_sederhana_25_572885_PPA_07200.py
[2026-09-17T14:38:07.400+0000] {processor.py:914} INFO - Processing file /opt/airflow/dags/etl_sederhana_25_572885_PPA_07200.py for tasks to queue
[2026-09-17T14:38:07.413+0000] {logging_mixin.py:190} INFO - [2026-09-17T14:38:07.412+0000] {dagbag.py:588} INFO - Filling up the DagBag from /opt/airflow/dags/etl_sederhana_25_572885_PPA_07200.py
[2026-09-17T14:38:09.346+0000] {processor.py:925} INFO - DAG(s) 'etl_sederhana_25_572885_PPA_07200' retrieved from /opt/airflow/dags/etl_sederhana_25_572885_PPA_07200.py
[2026-09-17T14:38:09.381+0000] {logging_mixin.py:190} INFO - [2026-09-17T14:38:09.380+0000] {dag.py:3239} INFO - Sync 1 DAGs
[2026-09-17T14:38:09.421+0000] {logging_mixin.py:190} INFO - [2026-09-17T14:38:09.420+0000] {dag.py:4180} INFO - Setting next_dagrun for etl_sederhana_25_572885_PPA_07200 to 2026-09-17 00:00:00+00:00, run_after=2026-09-18 00:00:00+00:00
[2026-09-17T14:38:09.484+0000] {processor.py:208} INFO - Processing /opt/airflow/dags/etl_sederhana_25_572885_PPA_07200.py took 2.104 seconds
[2026-09-17T14:38:39.959+0000] {processor.py:186} INFO - Started process (PID=1539) to work on /opt/airflow/dags/etl_sederhana_25_572885_PPA_07200.py
[2026-09-17T14:38:39.962+0000] {processor.py:914} INFO - Processing file /opt/airflow/dags/etl_sederhana_25_572885_PPA_07200.py for tasks to queue
[2026-09-17T14:38:39.968+0000] {logging_mixin.py:190} INFO - [2026-09-17T14:38:39.967+0000] {dagbag.py:588} INFO - Filling up the DagBag from /opt/airflow/dags/etl_sederhana_25_572885_PPA_07200.py
[2026-09-17T14:38:41.055+0000] {processor.py:925} INFO - DAG(s) 'etl_sederhana_25_572885_PPA_07200' retrieved from /opt/airflow/dags/etl_sederhana_25_572885_PPA_07200.py
[2026-09-17T14:38:41.084+0000] {logging_mixin.py:190} INFO - [2026-09-17T14:38:41.083+0000] {dag.py:3239} INFO - Sync 1 DAGs
[2026-09-17T14:38:41.112+0000] {logging_mixin.py:190} INFO - [2026-09-17T14:38:41.112+0000] {dag.py:4180} INFO - Setting next_dagrun for etl_sederhana_25_572885_PPA_07200 to 2026-09-17 00:00:00+00:00, run_after=2026-09-18 00:00:00+00:00
[2026-09-17T14:38:41.146+0000] {processor.py:208} INFO - Processing /opt/airflow/dags/etl_sederhana_25_572885_PPA_07200.py took 1.195 seconds
[2026-09-17T14:39:11.386+0000] {processor.py:186} INFO - Started process (PID=1548) to work on /opt/airflow/dags/etl_sederhana_25_572885_PPA_07200.py
[2026-09-17T14:39:11.391+0000] {processor.py:914} INFO - Processing file /opt/airflow/dags/etl_sederhana_25_572885_PPA_07200.py for tasks to queue
[2026-09-17T14:39:11.398+0000] {logging_mixin.py:190} INFO - [2026-09-17T14:39:11.397+0000] {dagbag.py:588} INFO - Filling up the DagBag from /opt/airflow/dags/etl_sederhana_25_572885_PPA_07200.py
[2026-09-17T14:39:12.828+0000] {processor.py:925} INFO - DAG(s) 'etl_sederhana_25_572885_PPA_07200' retrieved from /opt/airflow/dags/etl_sederhana_25_572885_PPA_07200.py
[2026-09-17T14:39:12.863+0000] {logging_mixin.py:190} INFO - [2026-09-17T14:39:12.862+0000] {dag.py:3239} INFO - Sync 1 DAGs
[2026-09-17T14:39:12.891+0000] {logging_mixin.py:190} INFO - [2026-09-17T14:39:12.890+0000] {dag.py:4180} INFO - Setting next_dagrun for etl_sederhana_25_572885_PPA_07200 to 2026-09-17 00:00:00+00:00, run_after=2026-09-18 00:00:00+00:00
[2026-09-17T14:39:12.930+0000] {processor.py:208} INFO - Processing /opt/airflow/dags/etl_sederhana_25_572885_PPA_07200.py took 1.554 seconds
[2026-09-17T14:39:43.303+0000] {processor.py:186} INFO - Started process (PID=1557) to work on /opt/airflow/dags/etl_sederhana_25_572885_PPA_07200.py
[2026-09-17T14:39:43.306+0000] {processor.py:914} INFO - Processing file /opt/airflow/dags/etl_sederhana_25_572885_PPA_07200.py for tasks to queue
[2026-09-17T14:39:43.312+0000] {logging_mixin.py:190} INFO - [2026-09-17T14:39:43.311+0000] {dagbag.py:588} INFO - Filling up the DagBag from /opt/airflow/dags/etl_sederhana_25_572885_PPA_07200.py
[2026-09-17T14:39:44.756+0000] {processor.py:925} INFO - DAG(s) 'etl_sederhana_25_572885_PPA_07200' retrieved from /opt/airflow/dags/etl_sederhana_25_572885_PPA_07200.py
[2026-09-17T14:39:44.798+0000] {logging_mixin.py:190} INFO - [2026-09-17T14:39:44.798+0000] {dag.py:3239} INFO - Sync 1 DAGs
[2026-09-17T14:39:44.837+0000] {logging_mixin.py:190} INFO - [2026-09-17T14:39:44.837+0000] {dag.py:4180} INFO - Setting next_dagrun for etl_sederhana_25_572885_PPA_07200 to 2026-09-17 00:00:00+00:00, run_after=2026-09-18 00:00:00+00:00
[2026-09-17T14:39:44.898+0000] {processor.py:208} INFO - Processing /opt/airflow/dags/etl_sederhana_25_572885_PPA_07200.py took 1.605 seconds
[2026-09-17T14:40:15.151+0000] {processor.py:186} INFO - Started process (PID=1566) to work on /opt/airflow/dags/etl_sederhana_25_572885_PPA_07200.py
[2026-09-17T14:40:15.153+0000] {processor.py:914} INFO - Processing file /opt/airflow/dags/etl_sederhana_25_572885_PPA_07200.py for tasks to queue
[2026-09-17T14:40:15.156+0000] {logging_mixin.py:190} INFO - [2026-09-17T14:40:15.156+0000] {dagbag.py:588} INFO - Filling up the DagBag from /opt/airflow/dags/etl_sederhana_25_572885_PPA_07200.py
[2026-09-17T14:40:16.282+0000] {processor.py:925} INFO - DAG(s) 'etl_sederhana_25_572885_PPA_07200' retrieved from /opt/airflow/dags/etl_sederhana_25_572885_PPA_07200.py
[2026-09-17T14:40:16.318+0000] {logging_mixin.py:190} INFO - [2026-09-17T14:40:16.318+0000] {dag.py:3239} INFO - Sync 1 DAGs
[2026-09-17T14:40:16.346+0000] {logging_mixin.py:190} INFO - [2026-09-17T14:40:16.346+0000] {dag.py:4180} INFO - Setting next_dagrun for etl_sederhana_25_572885_PPA_07200 to 2026-09-17 00:00:00+00:00, run_after=2026-09-18 00:00:00+00:00
[2026-09-17T14:40:16.384+0000] {processor.py:208} INFO - Processing /opt/airflow/dags/etl_sederhana_25_572885_PPA_07200.py took 1.240 seconds
[2026-09-17T14:40:46.628+0000] {processor.py:186} INFO - Started process (PID=1575) to work on /opt/airflow/dags/etl_sederhana_25_572885_PPA_07200.py
[2026-09-17T14:40:46.631+0000] {processor.py:914} INFO - Processing file /opt/airflow/dags/etl_sederhana_25_572885_PPA_07200.py for tasks to queue
[2026-09-17T14:40:46.635+0000] {logging_mixin.py:190} INFO - [2026-09-17T14:40:46.635+0000] {dagbag.py:588} INFO - Filling up the DagBag from /opt/airflow/dags/etl_sederhana_25_572885_PPA_07200.py
[2026-09-17T14:40:47.542+0000] {processor.py:925} INFO - DAG(s) 'etl_sederhana_25_572885_PPA_07200' retrieved from /opt/airflow/dags/etl_sederhana_25_572885_PPA_07200.py
[2026-09-17T14:40:47.563+0000] {logging_mixin.py:190} INFO - [2026-09-17T14:40:47.562+0000] {dag.py:3239} INFO - Sync 1 DAGs
[2026-09-17T14:40:47.582+0000] {logging_mixin.py:190} INFO - [2026-09-17T14:40:47.581+0000] {dag.py:4180} INFO - Setting next_dagrun for etl_sederhana_25_572885_PPA_07200 to 2026-09-17 00:00:00+00:00, run_after=2026-09-18 00:00:00+00:00
[2026-09-17T14:40:47.611+0000] {processor.py:208} INFO - Processing /opt/airflow/dags/etl_sederhana_25_572885_PPA_07200.py took 0.990 seconds
[2026-09-17T14:41:17.891+0000] {processor.py:186} INFO - Started process (PID=1584) to work on /opt/airflow/dags/etl_sederhana_25_572885_PPA_07200.py
[2026-09-17T14:41:17.897+0000] {processor.py:914} INFO - Processing file /opt/airflow/dags/etl_sederhana_25_572885_PPA_07200.py for tasks to queue
[2026-09-17T14:41:17.911+0000] {logging_mixin.py:190} INFO - [2026-09-17T14:41:17.910+0000] {dagbag.py:588} INFO - Filling up the DagBag from /opt/airflow/dags/etl_sederhana_25_572885_PPA_07200.py
[2026-09-17T14:41:19.516+0000] {processor.py:925} INFO - DAG(s) 'etl_sederhana_25_572885_PPA_07200' retrieved from /opt/airflow/dags/etl_sederhana_25_572885_PPA_07200.py
[2026-09-17T14:41:19.580+0000] {logging_mixin.py:190} INFO - [2026-09-17T14:41:19.580+0000] {dag.py:3239} INFO - Sync 1 DAGs
[2026-09-17T14:41:19.677+0000] {logging_mixin.py:190} INFO - [2026-09-17T14:41:19.677+0000] {dag.py:4180} INFO - Setting next_dagrun for etl_sederhana_25_572885_PPA_07200 to 2026-09-17 00:00:00+00:00, run_after=2026-09-18 00:00:00+00:00
[2026-09-17T14:41:19.815+0000] {processor.py:208} INFO - Processing /opt/airflow/dags/etl_sederhana_25_572885_PPA_07200.py took 1.931 seconds
[2026-09-17T14:41:50.481+0000] {processor.py:186} INFO - Started process (PID=1593) to work on /opt/airflow/dags/etl_sederhana_25_572885_PPA_07200.py
[2026-09-17T14:41:50.488+0000] {processor.py:914} INFO - Processing file /opt/airflow/dags/etl_sederhana_25_572885_PPA_07200.py for tasks to queue
[2026-09-17T14:41:50.496+0000] {logging_mixin.py:190} INFO - [2026-09-17T14:41:50.495+0000] {dagbag.py:588} INFO - Filling up the DagBag from /opt/airflow/dags/etl_sederhana_25_572885_PPA_07200.py
[2026-09-17T14:41:51.892+0000] {processor.py:925} INFO - DAG(s) 'etl_sederhana_25_572885_PPA_07200' retrieved from /opt/airflow/dags/etl_sederhana_25_572885_PPA_07200.py
[2026-09-17T14:41:51.923+0000] {logging_mixin.py:190} INFO - [2026-09-17T14:41:51.922+0000] {dag.py:3239} INFO - Sync 1 DAGs
[2026-09-17T14:41:51.971+0000] {logging_mixin.py:190} INFO - [2026-09-17T14:41:51.970+0000] {dag.py:4180} INFO - Setting next_dagrun for etl_sederhana_25_572885_PPA_07200 to 2026-09-17 00:00:00+00:00, run_after=2026-09-18 00:00:00+00:00
[2026-09-17T14:41:52.115+0000] {processor.py:208} INFO - Processing /opt/airflow/dags/etl_sederhana_25_572885_PPA_07200.py took 1.648 seconds
[2026-09-17T14:42:22.663+0000] {processor.py:186} INFO - Started process (PID=1602) to work on /opt/airflow/dags/etl_sederhana_25_572885_PPA_07200.py
[2026-09-17T14:42:22.666+0000] {processor.py:914} INFO - Processing file /opt/airflow/dags/etl_sederhana_25_572885_PPA_07200.py for tasks to queue
[2026-09-17T14:42:22.672+0000] {logging_mixin.py:190} INFO - [2026-09-17T14:42:22.672+0000] {dagbag.py:588} INFO - Filling up the DagBag from /opt/airflow/dags/etl_sederhana_25_572885_PPA_07200.py
[2026-09-17T14:42:24.795+0000] {processor.py:925} INFO - DAG(s) 'etl_sederhana_25_572885_PPA_07200' retrieved from /opt/airflow/dags/etl_sederhana_25_572885_PPA_07200.py
[2026-09-17T14:42:24.847+0000] {logging_mixin.py:190} INFO - [2026-09-17T14:42:24.846+0000] {dag.py:3239} INFO - Sync 1 DAGs
[2026-09-17T14:42:24.890+0000] {logging_mixin.py:190} INFO - [2026-09-17T14:42:24.890+0000] {dag.py:4180} INFO - Setting next_dagrun for etl_sederhana_25_572885_PPA_07200 to 2026-09-17 00:00:00+00:00, run_after=2026-09-18 00:00:00+00:00
[2026-09-17T14:42:24.950+0000] {processor.py:208} INFO - Processing /opt/airflow/dags/etl_sederhana_25_572885_PPA_07200.py took 2.300 seconds
[2026-09-17T14:42:55.797+0000] {processor.py:186} INFO - Started process (PID=1611) to work on /opt/airflow/dags/etl_sederhana_25_572885_PPA_07200.py
[2026-09-17T14:42:55.844+0000] {processor.py:914} INFO - Processing file /opt/airflow/dags/etl_sederhana_25_572885_PPA_07200.py for tasks to queue
[2026-09-17T14:42:55.868+0000] {logging_mixin.py:190} INFO - [2026-09-17T14:42:55.867+0000] {dagbag.py:588} INFO - Filling up the DagBag from /opt/airflow/dags/etl_sederhana_25_572885_PPA_07200.py
[2026-09-17T14:42:59.074+0000] {processor.py:925} INFO - DAG(s) 'etl_sederhana_25_572885_PPA_07200' retrieved from /opt/airflow/dags/etl_sederhana_25_572885_PPA_07200.py
[2026-09-17T14:42:59.102+0000] {logging_mixin.py:190} INFO - [2026-09-17T14:42:59.102+0000] {dag.py:3239} INFO - Sync 1 DAGs
[2026-09-17T14:42:59.131+0000] {logging_mixin.py:190} INFO - [2026-09-17T14:42:59.131+0000] {dag.py:4180} INFO - Setting next_dagrun for etl_sederhana_25_572885_PPA_07200 to 2026-09-17 00:00:00+00:00, run_after=2026-09-18 00:00:00+00:00
[2026-09-17T14:42:59.174+0000] {processor.py:208} INFO - Processing /opt/airflow/dags/etl_sederhana_25_572885_PPA_07200.py took 3.389 seconds
[2026-09-17T14:43:30.396+0000] {processor.py:186} INFO - Started process (PID=1620) to work on /opt/airflow/dags/etl_sederhana_25_572885_PPA_07200.py
[2026-09-17T14:43:30.406+0000] {processor.py:914} INFO - Processing file /opt/airflow/dags/etl_sederhana_25_572885_PPA_07200.py for tasks to queue
[2026-09-17T14:43:30.413+0000] {logging_mixin.py:190} INFO - [2026-09-17T14:43:30.413+0000] {dagbag.py:588} INFO - Filling up the DagBag from /opt/airflow/dags/etl_sederhana_25_572885_PPA_07200.py
[2026-09-17T14:43:33.670+0000] {processor.py:925} INFO - DAG(s) 'etl_sederhana_25_572885_PPA_07200' retrieved from /opt/airflow/dags/etl_sederhana_25_572885_PPA_07200.py
[2026-09-17T14:43:33.806+0000] {logging_mixin.py:190} INFO - [2026-09-17T14:43:33.805+0000] {dag.py:3239} INFO - Sync 1 DAGs
[2026-09-17T14:43:33.922+0000] {logging_mixin.py:190} INFO - [2026-09-17T14:43:33.921+0000] {dag.py:4180} INFO - Setting next_dagrun for etl_sederhana_25_572885_PPA_07200 to 2026-09-17 00:00:00+00:00, run_after=2026-09-18 00:00:00+00:00
[2026-09-17T14:43:34.081+0000] {processor.py:208} INFO - Processing /opt/airflow/dags/etl_sederhana_25_572885_PPA_07200.py took 3.696 seconds
[2026-09-17T14:44:05.091+0000] {processor.py:186} INFO - Started process (PID=1636) to work on /opt/airflow/dags/etl_sederhana_25_572885_PPA_07200.py
[2026-09-17T14:44:05.241+0000] {processor.py:914} INFO - Processing file /opt/airflow/dags/etl_sederhana_25_572885_PPA_07200.py for tasks to queue
[2026-09-17T14:44:05.323+0000] {logging_mixin.py:190} INFO - [2026-09-17T14:44:05.323+0000] {dagbag.py:588} INFO - Filling up the DagBag from /opt/airflow/dags/etl_sederhana_25_572885_PPA_07200.py
[2026-09-17T14:44:07.373+0000] {processor.py:925} INFO - DAG(s) 'etl_sederhana_25_572885_PPA_07200' retrieved from /opt/airflow/dags/etl_sederhana_25_572885_PPA_07200.py
[2026-09-17T14:44:07.445+0000] {logging_mixin.py:190} INFO - [2026-09-17T14:44:07.444+0000] {dag.py:3239} INFO - Sync 1 DAGs
[2026-09-17T14:44:07.511+0000] {logging_mixin.py:190} INFO - [2026-09-17T14:44:07.510+0000] {dag.py:4180} INFO - Setting next_dagrun for etl_sederhana_25_572885_PPA_07200 to 2026-09-17 00:00:00+00:00, run_after=2026-09-18 00:00:00+00:00
[2026-09-17T14:44:07.569+0000] {processor.py:208} INFO - Processing /opt/airflow/dags/etl_sederhana_25_572885_PPA_07200.py took 2.487 seconds
[2026-09-17T14:44:37.821+0000] {processor.py:186} INFO - Started process (PID=1645) to work on /opt/airflow/dags/etl_sederhana_25_572885_PPA_07200.py
[2026-09-17T14:44:37.824+0000] {processor.py:914} INFO - Processing file /opt/airflow/dags/etl_sederhana_25_572885_PPA_07200.py for tasks to queue
[2026-09-17T14:44:37.829+0000] {logging_mixin.py:190} INFO - [2026-09-17T14:44:37.828+0000] {dagbag.py:588} INFO - Filling up the DagBag from /opt/airflow/dags/etl_sederhana_25_572885_PPA_07200.py
[2026-09-17T14:44:39.335+0000] {processor.py:925} INFO - DAG(s) 'etl_sederhana_25_572885_PPA_07200' retrieved from /opt/airflow/dags/etl_sederhana_25_572885_PPA_07200.py
[2026-09-17T14:44:39.361+0000] {logging_mixin.py:190} INFO - [2026-09-17T14:44:39.361+0000] {dag.py:3239} INFO - Sync 1 DAGs
[2026-09-17T14:44:39.420+0000] {logging_mixin.py:190} INFO - [2026-09-17T14:44:39.419+0000] {dag.py:4180} INFO - Setting next_dagrun for etl_sederhana_25_572885_PPA_07200 to 2026-09-17 00:00:00+00:00, run_after=2026-09-18 00:00:00+00:00
[2026-09-17T14:44:39.478+0000] {processor.py:208} INFO - Processing /opt/airflow/dags/etl_sederhana_25_572885_PPA_07200.py took 1.665 seconds
[2026-09-17T14:45:10.211+0000] {processor.py:186} INFO - Started process (PID=1654) to work on /opt/airflow/dags/etl_sederhana_25_572885_PPA_07200.py
[2026-09-17T14:45:10.214+0000] {processor.py:914} INFO - Processing file /opt/airflow/dags/etl_sederhana_25_572885_PPA_07200.py for tasks to queue
[2026-09-17T14:45:10.218+0000] {logging_mixin.py:190} INFO - [2026-09-17T14:45:10.217+0000] {dagbag.py:588} INFO - Filling up the DagBag from /opt/airflow/dags/etl_sederhana_25_572885_PPA_07200.py
[2026-09-17T14:45:11.390+0000] {processor.py:925} INFO - DAG(s) 'etl_sederhana_25_572885_PPA_07200' retrieved from /opt/airflow/dags/etl_sederhana_25_572885_PPA_07200.py
[2026-09-17T14:45:11.425+0000] {logging_mixin.py:190} INFO - [2026-09-17T14:45:11.424+0000] {dag.py:3239} INFO - Sync 1 DAGs
[2026-09-17T14:45:11.463+0000] {logging_mixin.py:190} INFO - [2026-09-17T14:45:11.462+0000] {dag.py:4180} INFO - Setting next_dagrun for etl_sederhana_25_572885_PPA_07200 to 2026-09-17 00:00:00+00:00, run_after=2026-09-18 00:00:00+00:00
[2026-09-17T14:45:11.507+0000] {processor.py:208} INFO - Processing /opt/airflow/dags/etl_sederhana_25_572885_PPA_07200.py took 1.304 seconds
[2026-09-17T14:45:41.850+0000] {processor.py:186} INFO - Started process (PID=1663) to work on /opt/airflow/dags/etl_sederhana_25_572885_PPA_07200.py
[2026-09-17T14:45:41.890+0000] {processor.py:914} INFO - Processing file /opt/airflow/dags/etl_sederhana_25_572885_PPA_07200.py for tasks to queue
[2026-09-17T14:45:41.937+0000] {logging_mixin.py:190} INFO - [2026-09-17T14:45:41.936+0000] {dagbag.py:588} INFO - Filling up the DagBag from /opt/airflow/dags/etl_sederhana_25_572885_PPA_07200.py
[2026-09-17T14:45:43.018+0000] {processor.py:925} INFO - DAG(s) 'etl_sederhana_25_572885_PPA_07200' retrieved from /opt/airflow/dags/etl_sederhana_25_572885_PPA_07200.py
[2026-09-17T14:45:43.043+0000] {logging_mixin.py:190} INFO - [2026-09-17T14:45:43.043+0000] {dag.py:3239} INFO - Sync 1 DAGs
[2026-09-17T14:45:43.066+0000] {logging_mixin.py:190} INFO - [2026-09-17T14:45:43.066+0000] {dag.py:4180} INFO - Setting next_dagrun for etl_sederhana_25_572885_PPA_07200 to 2026-09-17 00:00:00+00:00, run_after=2026-09-18 00:00:00+00:00
[2026-09-17T14:45:43.100+0000] {processor.py:208} INFO - Processing /opt/airflow/dags/etl_sederhana_25_572885_PPA_07200.py took 1.260 seconds
[2026-09-17T14:46:13.345+0000] {processor.py:186} INFO - Started process (PID=1672) to work on /opt/airflow/dags/etl_sederhana_25_572885_PPA_07200.py
[2026-09-17T14:46:13.347+0000] {processor.py:914} INFO - Processing file /opt/airflow/dags/etl_sederhana_25_572885_PPA_07200.py for tasks to queue
[2026-09-17T14:46:13.351+0000] {logging_mixin.py:190} INFO - [2026-09-17T14:46:13.351+0000] {dagbag.py:588} INFO - Filling up the DagBag from /opt/airflow/dags/etl_sederhana_25_572885_PPA_07200.py
[2026-09-17T14:46:14.393+0000] {processor.py:925} INFO - DAG(s) 'etl_sederhana_25_572885_PPA_07200' retrieved from /opt/airflow/dags/etl_sederhana_25_572885_PPA_07200.py
[2026-09-17T14:46:14.412+0000] {logging_mixin.py:190} INFO - [2026-09-17T14:46:14.412+0000] {dag.py:3239} INFO - Sync 1 DAGs
[2026-09-17T14:46:14.431+0000] {logging_mixin.py:190} INFO - [2026-09-17T14:46:14.431+0000] {dag.py:4180} INFO - Setting next_dagrun for etl_sederhana_25_572885_PPA_07200 to 2026-09-17 00:00:00+00:00, run_after=2026-09-18 00:00:00+00:00
[2026-09-17T14:46:14.459+0000] {processor.py:208} INFO - Processing /opt/airflow/dags/etl_sederhana_25_572885_PPA_07200.py took 1.121 seconds
[2026-09-17T14:46:46.427+0000] {processor.py:186} INFO - Started process (PID=1681) to work on /opt/airflow/dags/etl_sederhana_25_572885_PPA_07200.py
[2026-09-17T14:46:46.555+0000] {processor.py:914} INFO - Processing file /opt/airflow/dags/etl_sederhana_25_572885_PPA_07200.py for tasks to queue
[2026-09-17T14:46:46.598+0000] {logging_mixin.py:190} INFO - [2026-09-17T14:46:46.596+0000] {dagbag.py:588} INFO - Filling up the DagBag from /opt/airflow/dags/etl_sederhana_25_572885_PPA_07200.py
[2026-09-17T14:46:48.904+0000] {processor.py:925} INFO - DAG(s) 'etl_sederhana_25_572885_PPA_07200' retrieved from /opt/airflow/dags/etl_sederhana_25_572885_PPA_07200.py
[2026-09-17T14:46:48.935+0000] {logging_mixin.py:190} INFO - [2026-09-17T14:46:48.934+0000] {dag.py:3239} INFO - Sync 1 DAGs
[2026-09-17T14:46:48.981+0000] {logging_mixin.py:190} INFO - [2026-09-17T14:46:48.980+0000] {dag.py:4180} INFO - Setting next_dagrun for etl_sederhana_25_572885_PPA_07200 to 2026-09-17 00:00:00+00:00, run_after=2026-09-18 00:00:00+00:00
[2026-09-17T14:46:49.021+0000] {processor.py:208} INFO - Processing /opt/airflow/dags/etl_sederhana_25_572885_PPA_07200.py took 2.609 seconds
[2026-09-17T14:47:19.656+0000] {processor.py:186} INFO - Started process (PID=1690) to work on /opt/airflow/dags/etl_sederhana_25_572885_PPA_07200.py
[2026-09-17T14:47:19.668+0000] {processor.py:914} INFO - Processing file /opt/airflow/dags/etl_sederhana_25_572885_PPA_07200.py for tasks to queue
[2026-09-17T14:47:19.682+0000] {logging_mixin.py:190} INFO - [2026-09-17T14:47:19.681+0000] {dagbag.py:588} INFO - Filling up the DagBag from /opt/airflow/dags/etl_sederhana_25_572885_PPA_07200.py
[2026-09-17T14:47:21.221+0000] {processor.py:925} INFO - DAG(s) 'etl_sederhana_25_572885_PPA_07200' retrieved from /opt/airflow/dags/etl_sederhana_25_572885_PPA_07200.py
[2026-09-17T14:47:21.266+0000] {logging_mixin.py:190} INFO - [2026-09-17T14:47:21.265+0000] {dag.py:3239} INFO - Sync 1 DAGs
[2026-09-17T14:47:21.306+0000] {logging_mixin.py:190} INFO - [2026-09-17T14:47:21.306+0000] {dag.py:4180} INFO - Setting next_dagrun for etl_sederhana_25_572885_PPA_07200 to 2026-09-17 00:00:00+00:00, run_after=2026-09-18 00:00:00+00:00
[2026-09-17T14:47:21.383+0000] {processor.py:208} INFO - Processing /opt/airflow/dags/etl_sederhana_25_572885_PPA_07200.py took 1.736 seconds
[2026-09-17T14:47:51.682+0000] {processor.py:186} INFO - Started process (PID=1699) to work on /opt/airflow/dags/etl_sederhana_25_572885_PPA_07200.py
[2026-09-17T14:47:51.688+0000] {processor.py:914} INFO - Processing file /opt/airflow/dags/etl_sederhana_25_572885_PPA_07200.py for tasks to queue
[2026-09-17T14:47:51.698+0000] {logging_mixin.py:190} INFO - [2026-09-17T14:47:51.696+0000] {dagbag.py:588} INFO - Filling up the DagBag from /opt/airflow/dags/etl_sederhana_25_572885_PPA_07200.py
[2026-09-17T14:47:54.069+0000] {processor.py:925} INFO - DAG(s) 'etl_sederhana_25_572885_PPA_07200' retrieved from /opt/airflow/dags/etl_sederhana_25_572885_PPA_07200.py
[2026-09-17T14:47:54.111+0000] {logging_mixin.py:190} INFO - [2026-09-17T14:47:54.109+0000] {dag.py:3239} INFO - Sync 1 DAGs
[2026-09-17T14:47:54.155+0000] {logging_mixin.py:190} INFO - [2026-09-17T14:47:54.155+0000] {dag.py:4180} INFO - Setting next_dagrun for etl_sederhana_25_572885_PPA_07200 to 2026-09-17 00:00:00+00:00, run_after=2026-09-18 00:00:00+00:00
[2026-09-17T14:47:54.205+0000] {processor.py:208} INFO - Processing /opt/airflow/dags/etl_sederhana_25_572885_PPA_07200.py took 2.542 seconds
[2026-09-17T14:48:25.112+0000] {processor.py:186} INFO - Started process (PID=1709) to work on /opt/airflow/dags/etl_sederhana_25_572885_PPA_07200.py
[2026-09-17T14:48:25.133+0000] {processor.py:914} INFO - Processing file /opt/airflow/dags/etl_sederhana_25_572885_PPA_07200.py for tasks to queue
[2026-09-17T14:48:25.149+0000] {logging_mixin.py:190} INFO - [2026-09-17T14:48:25.148+0000] {dagbag.py:588} INFO - Filling up the DagBag from /opt/airflow/dags/etl_sederhana_25_572885_PPA_07200.py
[2026-09-17T14:48:28.321+0000] {processor.py:925} INFO - DAG(s) 'etl_sederhana_25_572885_PPA_07200' retrieved from /opt/airflow/dags/etl_sederhana_25_572885_PPA_07200.py
[2026-09-17T14:48:28.378+0000] {logging_mixin.py:190} INFO - [2026-09-17T14:48:28.377+0000] {dag.py:3239} INFO - Sync 1 DAGs
[2026-09-17T14:48:28.436+0000] {logging_mixin.py:190} INFO - [2026-09-17T14:48:28.435+0000] {dag.py:4180} INFO - Setting next_dagrun for etl_sederhana_25_572885_PPA_07200 to 2026-09-17 00:00:00+00:00, run_after=2026-09-18 00:00:00+00:00
[2026-09-17T14:48:28.503+0000] {processor.py:208} INFO - Processing /opt/airflow/dags/etl_sederhana_25_572885_PPA_07200.py took 3.401 seconds
[2026-09-17T14:48:59.122+0000] {processor.py:186} INFO - Started process (PID=1718) to work on /opt/airflow/dags/etl_sederhana_25_572885_PPA_07200.py
[2026-09-17T14:48:59.129+0000] {processor.py:914} INFO - Processing file /opt/airflow/dags/etl_sederhana_25_572885_PPA_07200.py for tasks to queue
[2026-09-17T14:48:59.138+0000] {logging_mixin.py:190} INFO - [2026-09-17T14:48:59.137+0000] {dagbag.py:588} INFO - Filling up the DagBag from /opt/airflow/dags/etl_sederhana_25_572885_PPA_07200.py
[2026-09-17T14:49:01.767+0000] {processor.py:925} INFO - DAG(s) 'etl_sederhana_25_572885_PPA_07200' retrieved from /opt/airflow/dags/etl_sederhana_25_572885_PPA_07200.py
[2026-09-17T14:49:01.851+0000] {logging_mixin.py:190} INFO - [2026-09-17T14:49:01.850+0000] {dag.py:3239} INFO - Sync 1 DAGs
[2026-09-17T14:49:01.978+0000] {logging_mixin.py:190} INFO - [2026-09-17T14:49:01.971+0000] {dag.py:4180} INFO - Setting next_dagrun for etl_sederhana_25_572885_PPA_07200 to 2026-09-17 00:00:00+00:00, run_after=2026-09-18 00:00:00+00:00
[2026-09-17T14:49:02.117+0000] {processor.py:208} INFO - Processing /opt/airflow/dags/etl_sederhana_25_572885_PPA_07200.py took 3.016 seconds
[2026-09-17T14:49:32.725+0000] {processor.py:186} INFO - Started process (PID=1727) to work on /opt/airflow/dags/etl_sederhana_25_572885_PPA_07200.py
[2026-09-17T14:49:32.730+0000] {processor.py:914} INFO - Processing file /opt/airflow/dags/etl_sederhana_25_572885_PPA_07200.py for tasks to queue
[2026-09-17T14:49:32.735+0000] {logging_mixin.py:190} INFO - [2026-09-17T14:49:32.735+0000] {dagbag.py:588} INFO - Filling up the DagBag from /opt/airflow/dags/etl_sederhana_25_572885_PPA_07200.py
[2026-09-17T14:49:33.814+0000] {processor.py:925} INFO - DAG(s) 'etl_sederhana_25_572885_PPA_07200' retrieved from /opt/airflow/dags/etl_sederhana_25_572885_PPA_07200.py
[2026-09-17T14:49:33.838+0000] {logging_mixin.py:190} INFO - [2026-09-17T14:49:33.837+0000] {dag.py:3239} INFO - Sync 1 DAGs
[2026-09-17T14:49:33.983+0000] {logging_mixin.py:190} INFO - [2026-09-17T14:49:33.983+0000] {dag.py:4180} INFO - Setting next_dagrun for etl_sederhana_25_572885_PPA_07200 to 2026-09-17 00:00:00+00:00, run_after=2026-09-18 00:00:00+00:00
[2026-09-17T14:49:34.072+0000] {processor.py:208} INFO - Processing /opt/airflow/dags/etl_sederhana_25_572885_PPA_07200.py took 1.355 seconds
[2026-09-17T14:50:04.509+0000] {processor.py:186} INFO - Started process (PID=1736) to work on /opt/airflow/dags/etl_sederhana_25_572885_PPA_07200.py
[2026-09-17T14:50:04.512+0000] {processor.py:914} INFO - Processing file /opt/airflow/dags/etl_sederhana_25_572885_PPA_07200.py for tasks to queue
[2026-09-17T14:50:04.519+0000] {logging_mixin.py:190} INFO - [2026-09-17T14:50:04.518+0000] {dagbag.py:588} INFO - Filling up the DagBag from /opt/airflow/dags/etl_sederhana_25_572885_PPA_07200.py
[2026-09-17T14:50:05.933+0000] {processor.py:925} INFO - DAG(s) 'etl_sederhana_25_572885_PPA_07200' retrieved from /opt/airflow/dags/etl_sederhana_25_572885_PPA_07200.py
[2026-09-17T14:50:05.978+0000] {logging_mixin.py:190} INFO - [2026-09-17T14:50:05.977+0000] {dag.py:3239} INFO - Sync 1 DAGs
[2026-09-17T14:50:06.044+0000] {logging_mixin.py:190} INFO - [2026-09-17T14:50:06.044+0000] {dag.py:4180} INFO - Setting next_dagrun for etl_sederhana_25_572885_PPA_07200 to 2026-09-17 00:00:00+00:00, run_after=2026-09-18 00:00:00+00:00
[2026-09-17T14:50:06.120+0000] {processor.py:208} INFO - Processing /opt/airflow/dags/etl_sederhana_25_572885_PPA_07200.py took 1.623 seconds
[2026-09-17T14:50:36.775+0000] {processor.py:186} INFO - Started process (PID=1745) to work on /opt/airflow/dags/etl_sederhana_25_572885_PPA_07200.py
[2026-09-17T14:50:36.806+0000] {processor.py:914} INFO - Processing file /opt/airflow/dags/etl_sederhana_25_572885_PPA_07200.py for tasks to queue
[2026-09-17T14:50:36.846+0000] {logging_mixin.py:190} INFO - [2026-09-17T14:50:36.846+0000] {dagbag.py:588} INFO - Filling up the DagBag from /opt/airflow/dags/etl_sederhana_25_572885_PPA_07200.py
[2026-09-17T14:50:38.425+0000] {processor.py:925} INFO - DAG(s) 'etl_sederhana_25_572885_PPA_07200' retrieved from /opt/airflow/dags/etl_sederhana_25_572885_PPA_07200.py
[2026-09-17T14:50:38.462+0000] {logging_mixin.py:190} INFO - [2026-09-17T14:50:38.461+0000] {dag.py:3239} INFO - Sync 1 DAGs
[2026-09-17T14:50:38.490+0000] {logging_mixin.py:190} INFO - [2026-09-17T14:50:38.490+0000] {dag.py:4180} INFO - Setting next_dagrun for etl_sederhana_25_572885_PPA_07200 to 2026-09-17 00:00:00+00:00, run_after=2026-09-18 00:00:00+00:00
[2026-09-17T14:50:38.531+0000] {processor.py:208} INFO - Processing /opt/airflow/dags/etl_sederhana_25_572885_PPA_07200.py took 1.765 seconds
[2026-09-17T14:51:09.170+0000] {processor.py:186} INFO - Started process (PID=1761) to work on /opt/airflow/dags/etl_sederhana_25_572885_PPA_07200.py
[2026-09-17T14:51:09.187+0000] {processor.py:914} INFO - Processing file /opt/airflow/dags/etl_sederhana_25_572885_PPA_07200.py for tasks to queue
[2026-09-17T14:51:09.207+0000] {logging_mixin.py:190} INFO - [2026-09-17T14:51:09.207+0000] {dagbag.py:588} INFO - Filling up the DagBag from /opt/airflow/dags/etl_sederhana_25_572885_PPA_07200.py
[2026-09-17T14:51:10.389+0000] {processor.py:925} INFO - DAG(s) 'etl_sederhana_25_572885_PPA_07200' retrieved from /opt/airflow/dags/etl_sederhana_25_572885_PPA_07200.py
[2026-09-17T14:51:10.417+0000] {logging_mixin.py:190} INFO - [2026-09-17T14:51:10.416+0000] {dag.py:3239} INFO - Sync 1 DAGs
[2026-09-17T14:51:10.452+0000] {logging_mixin.py:190} INFO - [2026-09-17T14:51:10.451+0000] {dag.py:4180} INFO - Setting next_dagrun for etl_sederhana_25_572885_PPA_07200 to 2026-09-17 00:00:00+00:00, run_after=2026-09-18 00:00:00+00:00
[2026-09-17T14:51:10.495+0000] {processor.py:208} INFO - Processing /opt/airflow/dags/etl_sederhana_25_572885_PPA_07200.py took 1.334 seconds
[2026-09-17T14:51:40.825+0000] {processor.py:186} INFO - Started process (PID=1770) to work on /opt/airflow/dags/etl_sederhana_25_572885_PPA_07200.py
[2026-09-17T14:51:40.828+0000] {processor.py:914} INFO - Processing file /opt/airflow/dags/etl_sederhana_25_572885_PPA_07200.py for tasks to queue
[2026-09-17T14:51:40.833+0000] {logging_mixin.py:190} INFO - [2026-09-17T14:51:40.832+0000] {dagbag.py:588} INFO - Filling up the DagBag from /opt/airflow/dags/etl_sederhana_25_572885_PPA_07200.py
[2026-09-17T14:51:42.056+0000] {processor.py:925} INFO - DAG(s) 'etl_sederhana_25_572885_PPA_07200' retrieved from /opt/airflow/dags/etl_sederhana_25_572885_PPA_07200.py
[2026-09-17T14:51:42.082+0000] {logging_mixin.py:190} INFO - [2026-09-17T14:51:42.081+0000] {dag.py:3239} INFO - Sync 1 DAGs
[2026-09-17T14:51:42.114+0000] {logging_mixin.py:190} INFO - [2026-09-17T14:51:42.114+0000] {dag.py:4180} INFO - Setting next_dagrun for etl_sederhana_25_572885_PPA_07200 to 2026-09-17 00:00:00+00:00, run_after=2026-09-18 00:00:00+00:00
[2026-09-17T14:51:42.156+0000] {processor.py:208} INFO - Processing /opt/airflow/dags/etl_sederhana_25_572885_PPA_07200.py took 1.339 seconds
[2026-09-17T14:52:12.550+0000] {processor.py:186} INFO - Started process (PID=1779) to work on /opt/airflow/dags/etl_sederhana_25_572885_PPA_07200.py
[2026-09-17T14:52:12.552+0000] {processor.py:914} INFO - Processing file /opt/airflow/dags/etl_sederhana_25_572885_PPA_07200.py for tasks to queue
[2026-09-17T14:52:12.557+0000] {logging_mixin.py:190} INFO - [2026-09-17T14:52:12.556+0000] {dagbag.py:588} INFO - Filling up the DagBag from /opt/airflow/dags/etl_sederhana_25_572885_PPA_07200.py
[2026-09-17T14:52:13.808+0000] {processor.py:925} INFO - DAG(s) 'etl_sederhana_25_572885_PPA_07200' retrieved from /opt/airflow/dags/etl_sederhana_25_572885_PPA_07200.py
[2026-09-17T14:52:13.826+0000] {logging_mixin.py:190} INFO - [2026-09-17T14:52:13.826+0000] {dag.py:3239} INFO - Sync 1 DAGs
[2026-09-17T14:52:13.849+0000] {logging_mixin.py:190} INFO - [2026-09-17T14:52:13.849+0000] {dag.py:4180} INFO - Setting next_dagrun for etl_sederhana_25_572885_PPA_07200 to 2026-09-17 00:00:00+00:00, run_after=2026-09-18 00:00:00+00:00
[2026-09-17T14:52:13.894+0000] {processor.py:208} INFO - Processing /opt/airflow/dags/etl_sederhana_25_572885_PPA_07200.py took 1.352 seconds
[2026-09-17T14:52:44.254+0000] {processor.py:186} INFO - Started process (PID=1788) to work on /opt/airflow/dags/etl_sederhana_25_572885_PPA_07200.py
[2026-09-17T14:52:44.257+0000] {processor.py:914} INFO - Processing file /opt/airflow/dags/etl_sederhana_25_572885_PPA_07200.py for tasks to queue
[2026-09-17T14:52:44.262+0000] {logging_mixin.py:190} INFO - [2026-09-17T14:52:44.261+0000] {dagbag.py:588} INFO - Filling up the DagBag from /opt/airflow/dags/etl_sederhana_25_572885_PPA_07200.py
[2026-09-17T14:52:45.281+0000] {processor.py:925} INFO - DAG(s) 'etl_sederhana_25_572885_PPA_07200' retrieved from /opt/airflow/dags/etl_sederhana_25_572885_PPA_07200.py
[2026-09-17T14:52:45.300+0000] {logging_mixin.py:190} INFO - [2026-09-17T14:52:45.299+0000] {dag.py:3239} INFO - Sync 1 DAGs
[2026-09-17T14:52:45.322+0000] {logging_mixin.py:190} INFO - [2026-09-17T14:52:45.321+0000] {dag.py:4180} INFO - Setting next_dagrun for etl_sederhana_25_572885_PPA_07200 to 2026-09-17 00:00:00+00:00, run_after=2026-09-18 00:00:00+00:00
[2026-09-17T14:52:45.349+0000] {processor.py:208} INFO - Processing /opt/airflow/dags/etl_sederhana_25_572885_PPA_07200.py took 1.106 seconds
[2026-09-17T14:53:15.563+0000] {processor.py:186} INFO - Started process (PID=1797) to work on /opt/airflow/dags/etl_sederhana_25_572885_PPA_07200.py
[2026-09-17T14:53:15.566+0000] {processor.py:914} INFO - Processing file /opt/airflow/dags/etl_sederhana_25_572885_PPA_07200.py for tasks to queue
[2026-09-17T14:53:15.579+0000] {logging_mixin.py:190} INFO - [2026-09-17T14:53:15.578+0000] {dagbag.py:588} INFO - Filling up the DagBag from /opt/airflow/dags/etl_sederhana_25_572885_PPA_07200.py
[2026-09-17T14:53:16.546+0000] {processor.py:925} INFO - DAG(s) 'etl_sederhana_25_572885_PPA_07200' retrieved from /opt/airflow/dags/etl_sederhana_25_572885_PPA_07200.py
[2026-09-17T14:53:16.568+0000] {logging_mixin.py:190} INFO - [2026-09-17T14:53:16.567+0000] {dag.py:3239} INFO - Sync 1 DAGs
[2026-09-17T14:53:16.601+0000] {logging_mixin.py:190} INFO - [2026-09-17T14:53:16.600+0000] {dag.py:4180} INFO - Setting next_dagrun for etl_sederhana_25_572885_PPA_07200 to 2026-09-17 00:00:00+00:00, run_after=2026-09-18 00:00:00+00:00
[2026-09-17T14:53:16.642+0000] {processor.py:208} INFO - Processing /opt/airflow/dags/etl_sederhana_25_572885_PPA_07200.py took 1.087 seconds
[2026-09-17T14:53:46.871+0000] {processor.py:186} INFO - Started process (PID=1806) to work on /opt/airflow/dags/etl_sederhana_25_572885_PPA_07200.py
[2026-09-17T14:53:46.876+0000] {processor.py:914} INFO - Processing file /opt/airflow/dags/etl_sederhana_25_572885_PPA_07200.py for tasks to queue
[2026-09-17T14:53:46.882+0000] {logging_mixin.py:190} INFO - [2026-09-17T14:53:46.881+0000] {dagbag.py:588} INFO - Filling up the DagBag from /opt/airflow/dags/etl_sederhana_25_572885_PPA_07200.py
[2026-09-17T14:53:48.355+0000] {processor.py:925} INFO - DAG(s) 'etl_sederhana_25_572885_PPA_07200' retrieved from /opt/airflow/dags/etl_sederhana_25_572885_PPA_07200.py
[2026-09-17T14:53:48.418+0000] {logging_mixin.py:190} INFO - [2026-09-17T14:53:48.418+0000] {dag.py:3239} INFO - Sync 1 DAGs
[2026-09-17T14:53:48.460+0000] {logging_mixin.py:190} INFO - [2026-09-17T14:53:48.460+0000] {dag.py:4180} INFO - Setting next_dagrun for etl_sederhana_25_572885_PPA_07200 to 2026-09-17 00:00:00+00:00, run_after=2026-09-18 00:00:00+00:00
[2026-09-17T14:53:48.526+0000] {processor.py:208} INFO - Processing /opt/airflow/dags/etl_sederhana_25_572885_PPA_07200.py took 1.664 seconds
[2026-09-17T14:54:18.809+0000] {processor.py:186} INFO - Started process (PID=1815) to work on /opt/airflow/dags/etl_sederhana_25_572885_PPA_07200.py
[2026-09-17T14:54:18.811+0000] {processor.py:914} INFO - Processing file /opt/airflow/dags/etl_sederhana_25_572885_PPA_07200.py for tasks to queue
[2026-09-17T14:54:18.816+0000] {logging_mixin.py:190} INFO - [2026-09-17T14:54:18.815+0000] {dagbag.py:588} INFO - Filling up the DagBag from /opt/airflow/dags/etl_sederhana_25_572885_PPA_07200.py
[2026-09-17T14:54:19.871+0000] {processor.py:925} INFO - DAG(s) 'etl_sederhana_25_572885_PPA_07200' retrieved from /opt/airflow/dags/etl_sederhana_25_572885_PPA_07200.py
[2026-09-17T14:54:19.891+0000] {logging_mixin.py:190} INFO - [2026-09-17T14:54:19.890+0000] {dag.py:3239} INFO - Sync 1 DAGs
[2026-09-17T14:54:19.913+0000] {logging_mixin.py:190} INFO - [2026-09-17T14:54:19.912+0000] {dag.py:4180} INFO - Setting next_dagrun for etl_sederhana_25_572885_PPA_07200 to 2026-09-17 00:00:00+00:00, run_after=2026-09-18 00:00:00+00:00
[2026-09-17T14:54:19.941+0000] {processor.py:208} INFO - Processing /opt/airflow/dags/etl_sederhana_25_572885_PPA_07200.py took 1.140 seconds
[2026-09-17T14:54:50.185+0000] {processor.py:186} INFO - Started process (PID=1824) to work on /opt/airflow/dags/etl_sederhana_25_572885_PPA_07200.py
[2026-09-17T14:54:50.190+0000] {processor.py:914} INFO - Processing file /opt/airflow/dags/etl_sederhana_25_572885_PPA_07200.py for tasks to queue
[2026-09-17T14:54:50.199+0000] {logging_mixin.py:190} INFO - [2026-09-17T14:54:50.198+0000] {dagbag.py:588} INFO - Filling up the DagBag from /opt/airflow/dags/etl_sederhana_25_572885_PPA_07200.py
[2026-09-17T14:54:51.697+0000] {processor.py:925} INFO - DAG(s) 'etl_sederhana_25_572885_PPA_07200' retrieved from /opt/airflow/dags/etl_sederhana_25_572885_PPA_07200.py
[2026-09-17T14:54:51.724+0000] {logging_mixin.py:190} INFO - [2026-09-17T14:54:51.723+0000] {dag.py:3239} INFO - Sync 1 DAGs
[2026-09-17T14:54:51.755+0000] {logging_mixin.py:190} INFO - [2026-09-17T14:54:51.754+0000] {dag.py:4180} INFO - Setting next_dagrun for etl_sederhana_25_572885_PPA_07200 to 2026-09-17 00:00:00+00:00, run_after=2026-09-18 00:00:00+00:00
[2026-09-17T14:54:51.792+0000] {processor.py:208} INFO - Processing /opt/airflow/dags/etl_sederhana_25_572885_PPA_07200.py took 1.626 seconds
[2026-09-17T14:55:22.052+0000] {processor.py:186} INFO - Started process (PID=1833) to work on /opt/airflow/dags/etl_sederhana_25_572885_PPA_07200.py
[2026-09-17T14:55:22.058+0000] {processor.py:914} INFO - Processing file /opt/airflow/dags/etl_sederhana_25_572885_PPA_07200.py for tasks to queue
[2026-09-17T14:55:22.065+0000] {logging_mixin.py:190} INFO - [2026-09-17T14:55:22.064+0000] {dagbag.py:588} INFO - Filling up the DagBag from /opt/airflow/dags/etl_sederhana_25_572885_PPA_07200.py
[2026-09-17T14:55:24.486+0000] {processor.py:925} INFO - DAG(s) 'etl_sederhana_25_572885_PPA_07200' retrieved from /opt/airflow/dags/etl_sederhana_25_572885_PPA_07200.py
[2026-09-17T14:55:24.635+0000] {logging_mixin.py:190} INFO - [2026-09-17T14:55:24.634+0000] {dag.py:3239} INFO - Sync 1 DAGs
[2026-09-17T14:55:24.691+0000] {logging_mixin.py:190} INFO - [2026-09-17T14:55:24.690+0000] {dag.py:4180} INFO - Setting next_dagrun for etl_sederhana_25_572885_PPA_07200 to 2026-09-17 00:00:00+00:00, run_after=2026-09-18 00:00:00+00:00
[2026-09-17T14:55:24.745+0000] {processor.py:208} INFO - Processing /opt/airflow/dags/etl_sederhana_25_572885_PPA_07200.py took 2.704 seconds
[2026-09-17T14:55:55.027+0000] {processor.py:186} INFO - Started process (PID=1842) to work on /opt/airflow/dags/etl_sederhana_25_572885_PPA_07200.py
[2026-09-17T14:55:55.033+0000] {processor.py:914} INFO - Processing file /opt/airflow/dags/etl_sederhana_25_572885_PPA_07200.py for tasks to queue
[2026-09-17T14:55:55.039+0000] {logging_mixin.py:190} INFO - [2026-09-17T14:55:55.038+0000] {dagbag.py:588} INFO - Filling up the DagBag from /opt/airflow/dags/etl_sederhana_25_572885_PPA_07200.py
[2026-09-17T14:55:56.698+0000] {processor.py:925} INFO - DAG(s) 'etl_sederhana_25_572885_PPA_07200' retrieved from /opt/airflow/dags/etl_sederhana_25_572885_PPA_07200.py
[2026-09-17T14:55:56.760+0000] {logging_mixin.py:190} INFO - [2026-09-17T14:55:56.759+0000] {dag.py:3239} INFO - Sync 1 DAGs
[2026-09-17T14:55:56.801+0000] {logging_mixin.py:190} INFO - [2026-09-17T14:55:56.800+0000] {dag.py:4180} INFO - Setting next_dagrun for etl_sederhana_25_572885_PPA_07200 to 2026-09-17 00:00:00+00:00, run_after=2026-09-18 00:00:00+00:00
[2026-09-17T14:55:56.867+0000] {processor.py:208} INFO - Processing /opt/airflow/dags/etl_sederhana_25_572885_PPA_07200.py took 1.849 seconds
[2026-09-17T14:56:27.113+0000] {processor.py:186} INFO - Started process (PID=1851) to work on /opt/airflow/dags/etl_sederhana_25_572885_PPA_07200.py
[2026-09-17T14:56:27.116+0000] {processor.py:914} INFO - Processing file /opt/airflow/dags/etl_sederhana_25_572885_PPA_07200.py for tasks to queue
[2026-09-17T14:56:27.121+0000] {logging_mixin.py:190} INFO - [2026-09-17T14:56:27.120+0000] {dagbag.py:588} INFO - Filling up the DagBag from /opt/airflow/dags/etl_sederhana_25_572885_PPA_07200.py
[2026-09-17T14:56:28.403+0000] {processor.py:925} INFO - DAG(s) 'etl_sederhana_25_572885_PPA_07200' retrieved from /opt/airflow/dags/etl_sederhana_25_572885_PPA_07200.py
[2026-09-17T14:56:28.426+0000] {logging_mixin.py:190} INFO - [2026-09-17T14:56:28.425+0000] {dag.py:3239} INFO - Sync 1 DAGs
[2026-09-17T14:56:28.449+0000] {logging_mixin.py:190} INFO - [2026-09-17T14:56:28.449+0000] {dag.py:4180} INFO - Setting next_dagrun for etl_sederhana_25_572885_PPA_07200 to 2026-09-17 00:00:00+00:00, run_after=2026-09-18 00:00:00+00:00
[2026-09-17T14:56:28.481+0000] {processor.py:208} INFO - Processing /opt/airflow/dags/etl_sederhana_25_572885_PPA_07200.py took 1.378 seconds
[2026-09-17T14:56:58.674+0000] {processor.py:186} INFO - Started process (PID=1860) to work on /opt/airflow/dags/etl_sederhana_25_572885_PPA_07200.py
[2026-09-17T14:56:58.676+0000] {processor.py:914} INFO - Processing file /opt/airflow/dags/etl_sederhana_25_572885_PPA_07200.py for tasks to queue
[2026-09-17T14:56:58.680+0000] {logging_mixin.py:190} INFO - [2026-09-17T14:56:58.680+0000] {dagbag.py:588} INFO - Filling up the DagBag from /opt/airflow/dags/etl_sederhana_25_572885_PPA_07200.py
[2026-09-17T14:56:59.597+0000] {processor.py:925} INFO - DAG(s) 'etl_sederhana_25_572885_PPA_07200' retrieved from /opt/airflow/dags/etl_sederhana_25_572885_PPA_07200.py
[2026-09-17T14:56:59.616+0000] {logging_mixin.py:190} INFO - [2026-09-17T14:56:59.615+0000] {dag.py:3239} INFO - Sync 1 DAGs
[2026-09-17T14:56:59.636+0000] {logging_mixin.py:190} INFO - [2026-09-17T14:56:59.636+0000] {dag.py:4180} INFO - Setting next_dagrun for etl_sederhana_25_572885_PPA_07200 to 2026-09-17 00:00:00+00:00, run_after=2026-09-18 00:00:00+00:00
[2026-09-17T14:56:59.678+0000] {processor.py:208} INFO - Processing /opt/airflow/dags/etl_sederhana_25_572885_PPA_07200.py took 1.011 seconds
[2026-09-17T14:57:29.917+0000] {processor.py:186} INFO - Started process (PID=1869) to work on /opt/airflow/dags/etl_sederhana_25_572885_PPA_07200.py
[2026-09-17T14:57:29.920+0000] {processor.py:914} INFO - Processing file /opt/airflow/dags/etl_sederhana_25_572885_PPA_07200.py for tasks to queue
[2026-09-17T14:57:29.924+0000] {logging_mixin.py:190} INFO - [2026-09-17T14:57:29.924+0000] {dagbag.py:588} INFO - Filling up the DagBag from /opt/airflow/dags/etl_sederhana_25_572885_PPA_07200.py
[2026-09-17T14:57:30.853+0000] {processor.py:925} INFO - DAG(s) 'etl_sederhana_25_572885_PPA_07200' retrieved from /opt/airflow/dags/etl_sederhana_25_572885_PPA_07200.py
[2026-09-17T14:57:30.878+0000] {logging_mixin.py:190} INFO - [2026-09-17T14:57:30.877+0000] {dag.py:3239} INFO - Sync 1 DAGs
[2026-09-17T14:57:30.906+0000] {logging_mixin.py:190} INFO - [2026-09-17T14:57:30.906+0000] {dag.py:4180} INFO - Setting next_dagrun for etl_sederhana_25_572885_PPA_07200 to 2026-09-17 00:00:00+00:00, run_after=2026-09-18 00:00:00+00:00
[2026-09-17T14:57:31.002+0000] {processor.py:208} INFO - Processing /opt/airflow/dags/etl_sederhana_25_572885_PPA_07200.py took 1.093 seconds
[2026-09-17T14:58:01.206+0000] {processor.py:186} INFO - Started process (PID=1878) to work on /opt/airflow/dags/etl_sederhana_25_572885_PPA_07200.py
[2026-09-17T14:58:01.209+0000] {processor.py:914} INFO - Processing file /opt/airflow/dags/etl_sederhana_25_572885_PPA_07200.py for tasks to queue
[2026-09-17T14:58:01.216+0000] {logging_mixin.py:190} INFO - [2026-09-17T14:58:01.216+0000] {dagbag.py:588} INFO - Filling up the DagBag from /opt/airflow/dags/etl_sederhana_25_572885_PPA_07200.py
[2026-09-17T14:58:02.887+0000] {processor.py:925} INFO - DAG(s) 'etl_sederhana_25_572885_PPA_07200' retrieved from /opt/airflow/dags/etl_sederhana_25_572885_PPA_07200.py
[2026-09-17T14:58:02.918+0000] {logging_mixin.py:190} INFO - [2026-09-17T14:58:02.917+0000] {dag.py:3239} INFO - Sync 1 DAGs
[2026-09-17T14:58:02.954+0000] {logging_mixin.py:190} INFO - [2026-09-17T14:58:02.953+0000] {dag.py:4180} INFO - Setting next_dagrun for etl_sederhana_25_572885_PPA_07200 to 2026-09-17 00:00:00+00:00, run_after=2026-09-18 00:00:00+00:00
[2026-09-17T14:58:03.001+0000] {processor.py:208} INFO - Processing /opt/airflow/dags/etl_sederhana_25_572885_PPA_07200.py took 1.801 seconds
[2026-09-17T14:58:33.357+0000] {processor.py:186} INFO - Started process (PID=1887) to work on /opt/airflow/dags/etl_sederhana_25_572885_PPA_07200.py
[2026-09-17T14:58:33.379+0000] {processor.py:914} INFO - Processing file /opt/airflow/dags/etl_sederhana_25_572885_PPA_07200.py for tasks to queue
[2026-09-17T14:58:33.555+0000] {logging_mixin.py:190} INFO - [2026-09-17T14:58:33.554+0000] {dagbag.py:588} INFO - Filling up the DagBag from /opt/airflow/dags/etl_sederhana_25_572885_PPA_07200.py
[2026-09-17T14:58:37.161+0000] {processor.py:925} INFO - DAG(s) 'etl_sederhana_25_572885_PPA_07200' retrieved from /opt/airflow/dags/etl_sederhana_25_572885_PPA_07200.py
[2026-09-17T14:58:37.343+0000] {logging_mixin.py:190} INFO - [2026-09-17T14:58:37.340+0000] {dag.py:3239} INFO - Sync 1 DAGs
[2026-09-17T14:58:37.454+0000] {logging_mixin.py:190} INFO - [2026-09-17T14:58:37.454+0000] {dag.py:4180} INFO - Setting next_dagrun for etl_sederhana_25_572885_PPA_07200 to 2026-09-17 00:00:00+00:00, run_after=2026-09-18 00:00:00+00:00
[2026-09-17T14:58:37.512+0000] {processor.py:208} INFO - Processing /opt/airflow/dags/etl_sederhana_25_572885_PPA_07200.py took 4.188 seconds
[2026-09-17T14:59:07.896+0000] {processor.py:186} INFO - Started process (PID=1896) to work on /opt/airflow/dags/etl_sederhana_25_572885_PPA_07200.py
[2026-09-17T14:59:07.899+0000] {processor.py:914} INFO - Processing file /opt/airflow/dags/etl_sederhana_25_572885_PPA_07200.py for tasks to queue
[2026-09-17T14:59:07.907+0000] {logging_mixin.py:190} INFO - [2026-09-17T14:59:07.906+0000] {dagbag.py:588} INFO - Filling up the DagBag from /opt/airflow/dags/etl_sederhana_25_572885_PPA_07200.py
[2026-09-17T14:59:09.383+0000] {processor.py:925} INFO - DAG(s) 'etl_sederhana_25_572885_PPA_07200' retrieved from /opt/airflow/dags/etl_sederhana_25_572885_PPA_07200.py
[2026-09-17T14:59:09.415+0000] {logging_mixin.py:190} INFO - [2026-09-17T14:59:09.414+0000] {dag.py:3239} INFO - Sync 1 DAGs
[2026-09-17T14:59:09.441+0000] {logging_mixin.py:190} INFO - [2026-09-17T14:59:09.440+0000] {dag.py:4180} INFO - Setting next_dagrun for etl_sederhana_25_572885_PPA_07200 to 2026-09-17 00:00:00+00:00, run_after=2026-09-18 00:00:00+00:00
[2026-09-17T14:59:09.485+0000] {processor.py:208} INFO - Processing /opt/airflow/dags/etl_sederhana_25_572885_PPA_07200.py took 1.601 seconds
[2026-09-17T14:59:40.016+0000] {processor.py:186} INFO - Started process (PID=1906) to work on /opt/airflow/dags/etl_sederhana_25_572885_PPA_07200.py
[2026-09-17T14:59:40.096+0000] {processor.py:914} INFO - Processing file /opt/airflow/dags/etl_sederhana_25_572885_PPA_07200.py for tasks to queue
[2026-09-17T14:59:40.112+0000] {logging_mixin.py:190} INFO - [2026-09-17T14:59:40.111+0000] {dagbag.py:588} INFO - Filling up the DagBag from /opt/airflow/dags/etl_sederhana_25_572885_PPA_07200.py
[2026-09-17T14:59:41.436+0000] {processor.py:925} INFO - DAG(s) 'etl_sederhana_25_572885_PPA_07200' retrieved from /opt/airflow/dags/etl_sederhana_25_572885_PPA_07200.py
[2026-09-17T14:59:41.455+0000] {logging_mixin.py:190} INFO - [2026-09-17T14:59:41.455+0000] {dag.py:3239} INFO - Sync 1 DAGs
[2026-09-17T14:59:41.474+0000] {logging_mixin.py:190} INFO - [2026-09-17T14:59:41.473+0000] {dag.py:4180} INFO - Setting next_dagrun for etl_sederhana_25_572885_PPA_07200 to 2026-09-17 00:00:00+00:00, run_after=2026-09-18 00:00:00+00:00
[2026-09-17T14:59:41.501+0000] {processor.py:208} INFO - Processing /opt/airflow/dags/etl_sederhana_25_572885_PPA_07200.py took 1.526 seconds
[2026-09-17T15:00:11.668+0000] {processor.py:186} INFO - Started process (PID=1922) to work on /opt/airflow/dags/etl_sederhana_25_572885_PPA_07200.py
[2026-09-17T15:00:11.670+0000] {processor.py:914} INFO - Processing file /opt/airflow/dags/etl_sederhana_25_572885_PPA_07200.py for tasks to queue
[2026-09-17T15:00:11.675+0000] {logging_mixin.py:190} INFO - [2026-09-17T15:00:11.674+0000] {dagbag.py:588} INFO - Filling up the DagBag from /opt/airflow/dags/etl_sederhana_25_572885_PPA_07200.py
[2026-09-17T15:00:12.615+0000] {processor.py:925} INFO - DAG(s) 'etl_sederhana_25_572885_PPA_07200' retrieved from /opt/airflow/dags/etl_sederhana_25_572885_PPA_07200.py
[2026-09-17T15:00:12.635+0000] {logging_mixin.py:190} INFO - [2026-09-17T15:00:12.634+0000] {dag.py:3239} INFO - Sync 1 DAGs
[2026-09-17T15:00:12.655+0000] {logging_mixin.py:190} INFO - [2026-09-17T15:00:12.654+0000] {dag.py:4180} INFO - Setting next_dagrun for etl_sederhana_25_572885_PPA_07200 to 2026-09-17 00:00:00+00:00, run_after=2026-09-18 00:00:00+00:00
[2026-09-17T15:00:12.685+0000] {processor.py:208} INFO - Processing /opt/airflow/dags/etl_sederhana_25_572885_PPA_07200.py took 1.024 seconds
[2026-09-17T15:00:42.917+0000] {processor.py:186} INFO - Started process (PID=1931) to work on /opt/airflow/dags/etl_sederhana_25_572885_PPA_07200.py
[2026-09-17T15:00:42.919+0000] {processor.py:914} INFO - Processing file /opt/airflow/dags/etl_sederhana_25_572885_PPA_07200.py for tasks to queue
[2026-09-17T15:00:42.922+0000] {logging_mixin.py:190} INFO - [2026-09-17T15:00:42.922+0000] {dagbag.py:588} INFO - Filling up the DagBag from /opt/airflow/dags/etl_sederhana_25_572885_PPA_07200.py
[2026-09-17T15:00:44.953+0000] {processor.py:925} INFO - DAG(s) 'etl_sederhana_25_572885_PPA_07200' retrieved from /opt/airflow/dags/etl_sederhana_25_572885_PPA_07200.py
[2026-09-17T15:00:44.974+0000] {logging_mixin.py:190} INFO - [2026-09-17T15:00:44.974+0000] {dag.py:3239} INFO - Sync 1 DAGs
[2026-09-17T15:00:45.058+0000] {logging_mixin.py:190} INFO - [2026-09-17T15:00:45.058+0000] {dag.py:4180} INFO - Setting next_dagrun for etl_sederhana_25_572885_PPA_07200 to 2026-09-17 00:00:00+00:00, run_after=2026-09-18 00:00:00+00:00
[2026-09-17T15:00:45.097+0000] {processor.py:208} INFO - Processing /opt/airflow/dags/etl_sederhana_25_572885_PPA_07200.py took 2.187 seconds
[2026-09-17T15:01:15.311+0000] {processor.py:186} INFO - Started process (PID=1940) to work on /opt/airflow/dags/etl_sederhana_25_572885_PPA_07200.py
[2026-09-17T15:01:15.313+0000] {processor.py:914} INFO - Processing file /opt/airflow/dags/etl_sederhana_25_572885_PPA_07200.py for tasks to queue
[2026-09-17T15:01:15.318+0000] {logging_mixin.py:190} INFO - [2026-09-17T15:01:15.317+0000] {dagbag.py:588} INFO - Filling up the DagBag from /opt/airflow/dags/etl_sederhana_25_572885_PPA_07200.py
[2026-09-17T15:01:16.380+0000] {processor.py:925} INFO - DAG(s) 'etl_sederhana_25_572885_PPA_07200' retrieved from /opt/airflow/dags/etl_sederhana_25_572885_PPA_07200.py
[2026-09-17T15:01:16.403+0000] {logging_mixin.py:190} INFO - [2026-09-17T15:01:16.402+0000] {dag.py:3239} INFO - Sync 1 DAGs
[2026-09-17T15:01:16.429+0000] {logging_mixin.py:190} INFO - [2026-09-17T15:01:16.429+0000] {dag.py:4180} INFO - Setting next_dagrun for etl_sederhana_25_572885_PPA_07200 to 2026-09-17 00:00:00+00:00, run_after=2026-09-18 00:00:00+00:00
[2026-09-17T15:01:16.457+0000] {processor.py:208} INFO - Processing /opt/airflow/dags/etl_sederhana_25_572885_PPA_07200.py took 1.153 seconds
[2026-09-17T15:01:46.632+0000] {processor.py:186} INFO - Started process (PID=1949) to work on /opt/airflow/dags/etl_sederhana_25_572885_PPA_07200.py
[2026-09-17T15:01:46.635+0000] {processor.py:914} INFO - Processing file /opt/airflow/dags/etl_sederhana_25_572885_PPA_07200.py for tasks to queue
[2026-09-17T15:01:46.639+0000] {logging_mixin.py:190} INFO - [2026-09-17T15:01:46.638+0000] {dagbag.py:588} INFO - Filling up the DagBag from /opt/airflow/dags/etl_sederhana_25_572885_PPA_07200.py
[2026-09-17T15:01:47.631+0000] {processor.py:925} INFO - DAG(s) 'etl_sederhana_25_572885_PPA_07200' retrieved from /opt/airflow/dags/etl_sederhana_25_572885_PPA_07200.py
[2026-09-17T15:01:47.649+0000] {logging_mixin.py:190} INFO - [2026-09-17T15:01:47.648+0000] {dag.py:3239} INFO - Sync 1 DAGs
[2026-09-17T15:01:47.672+0000] {logging_mixin.py:190} INFO - [2026-09-17T15:01:47.672+0000] {dag.py:4180} INFO - Setting next_dagrun for etl_sederhana_25_572885_PPA_07200 to 2026-09-17 00:00:00+00:00, run_after=2026-09-18 00:00:00+00:00
[2026-09-17T15:01:47.706+0000] {processor.py:208} INFO - Processing /opt/airflow/dags/etl_sederhana_25_572885_PPA_07200.py took 1.081 seconds
[2026-09-17T15:02:17.887+0000] {processor.py:186} INFO - Started process (PID=1958) to work on /opt/airflow/dags/etl_sederhana_25_572885_PPA_07200.py
[2026-09-17T15:02:17.890+0000] {processor.py:914} INFO - Processing file /opt/airflow/dags/etl_sederhana_25_572885_PPA_07200.py for tasks to queue
[2026-09-17T15:02:17.894+0000] {logging_mixin.py:190} INFO - [2026-09-17T15:02:17.893+0000] {dagbag.py:588} INFO - Filling up the DagBag from /opt/airflow/dags/etl_sederhana_25_572885_PPA_07200.py
[2026-09-17T15:02:18.944+0000] {processor.py:925} INFO - DAG(s) 'etl_sederhana_25_572885_PPA_07200' retrieved from /opt/airflow/dags/etl_sederhana_25_572885_PPA_07200.py
[2026-09-17T15:02:19.085+0000] {logging_mixin.py:190} INFO - [2026-09-17T15:02:19.084+0000] {dag.py:3239} INFO - Sync 1 DAGs
[2026-09-17T15:02:19.112+0000] {logging_mixin.py:190} INFO - [2026-09-17T15:02:19.112+0000] {dag.py:4180} INFO - Setting next_dagrun for etl_sederhana_25_572885_PPA_07200 to 2026-09-17 00:00:00+00:00, run_after=2026-09-18 00:00:00+00:00
[2026-09-17T15:02:19.259+0000] {processor.py:208} INFO - Processing /opt/airflow/dags/etl_sederhana_25_572885_PPA_07200.py took 1.379 seconds
[2026-09-17T15:02:50.285+0000] {processor.py:186} INFO - Started process (PID=1967) to work on /opt/airflow/dags/etl_sederhana_25_572885_PPA_07200.py
[2026-09-17T15:02:50.296+0000] {processor.py:914} INFO - Processing file /opt/airflow/dags/etl_sederhana_25_572885_PPA_07200.py for tasks to queue
[2026-09-17T15:02:50.302+0000] {logging_mixin.py:190} INFO - [2026-09-17T15:02:50.301+0000] {dagbag.py:588} INFO - Filling up the DagBag from /opt/airflow/dags/etl_sederhana_25_572885_PPA_07200.py
[2026-09-17T15:02:51.568+0000] {processor.py:925} INFO - DAG(s) 'etl_sederhana_25_572885_PPA_07200' retrieved from /opt/airflow/dags/etl_sederhana_25_572885_PPA_07200.py
[2026-09-17T15:02:51.616+0000] {logging_mixin.py:190} INFO - [2026-09-17T15:02:51.615+0000] {dag.py:3239} INFO - Sync 1 DAGs
[2026-09-17T15:02:51.685+0000] {logging_mixin.py:190} INFO - [2026-09-17T15:02:51.685+0000] {dag.py:4180} INFO - Setting next_dagrun for etl_sederhana_25_572885_PPA_07200 to 2026-09-17 00:00:00+00:00, run_after=2026-09-18 00:00:00+00:00
[2026-09-17T15:02:51.876+0000] {processor.py:208} INFO - Processing /opt/airflow/dags/etl_sederhana_25_572885_PPA_07200.py took 1.606 seconds
[2026-09-17T15:03:22.211+0000] {processor.py:186} INFO - Started process (PID=1976) to work on /opt/airflow/dags/etl_sederhana_25_572885_PPA_07200.py
[2026-09-17T15:03:22.217+0000] {processor.py:914} INFO - Processing file /opt/airflow/dags/etl_sederhana_25_572885_PPA_07200.py for tasks to queue
[2026-09-17T15:03:22.222+0000] {logging_mixin.py:190} INFO - [2026-09-17T15:03:22.221+0000] {dagbag.py:588} INFO - Filling up the DagBag from /opt/airflow/dags/etl_sederhana_25_572885_PPA_07200.py
[2026-09-17T15:03:23.433+0000] {processor.py:925} INFO - DAG(s) 'etl_sederhana_25_572885_PPA_07200' retrieved from /opt/airflow/dags/etl_sederhana_25_572885_PPA_07200.py
[2026-09-17T15:03:23.452+0000] {logging_mixin.py:190} INFO - [2026-09-17T15:03:23.452+0000] {dag.py:3239} INFO - Sync 1 DAGs
[2026-09-17T15:03:23.473+0000] {logging_mixin.py:190} INFO - [2026-09-17T15:03:23.473+0000] {dag.py:4180} INFO - Setting next_dagrun for etl_sederhana_25_572885_PPA_07200 to 2026-09-17 00:00:00+00:00, run_after=2026-09-18 00:00:00+00:00
[2026-09-17T15:03:23.501+0000] {processor.py:208} INFO - Processing /opt/airflow/dags/etl_sederhana_25_572885_PPA_07200.py took 1.300 seconds
[2026-09-17T15:03:53.940+0000] {processor.py:186} INFO - Started process (PID=1986) to work on /opt/airflow/dags/etl_sederhana_25_572885_PPA_07200.py
[2026-09-17T15:03:53.948+0000] {processor.py:914} INFO - Processing file /opt/airflow/dags/etl_sederhana_25_572885_PPA_07200.py for tasks to queue
[2026-09-17T15:03:53.957+0000] {logging_mixin.py:190} INFO - [2026-09-17T15:03:53.957+0000] {dagbag.py:588} INFO - Filling up the DagBag from /opt/airflow/dags/etl_sederhana_25_572885_PPA_07200.py
[2026-09-17T15:03:55.250+0000] {processor.py:925} INFO - DAG(s) 'etl_sederhana_25_572885_PPA_07200' retrieved from /opt/airflow/dags/etl_sederhana_25_572885_PPA_07200.py
[2026-09-17T15:03:55.268+0000] {logging_mixin.py:190} INFO - [2026-09-17T15:03:55.268+0000] {dag.py:3239} INFO - Sync 1 DAGs
[2026-09-17T15:03:55.299+0000] {logging_mixin.py:190} INFO - [2026-09-17T15:03:55.299+0000] {dag.py:4180} INFO - Setting next_dagrun for etl_sederhana_25_572885_PPA_07200 to 2026-09-17 00:00:00+00:00, run_after=2026-09-18 00:00:00+00:00
[2026-09-17T15:03:55.428+0000] {processor.py:208} INFO - Processing /opt/airflow/dags/etl_sederhana_25_572885_PPA_07200.py took 1.496 seconds
[2026-09-17T15:04:25.631+0000] {processor.py:186} INFO - Started process (PID=1995) to work on /opt/airflow/dags/etl_sederhana_25_572885_PPA_07200.py
[2026-09-17T15:04:25.635+0000] {processor.py:914} INFO - Processing file /opt/airflow/dags/etl_sederhana_25_572885_PPA_07200.py for tasks to queue
[2026-09-17T15:04:25.640+0000] {logging_mixin.py:190} INFO - [2026-09-17T15:04:25.640+0000] {dagbag.py:588} INFO - Filling up the DagBag from /opt/airflow/dags/etl_sederhana_25_572885_PPA_07200.py
[2026-09-17T15:04:26.809+0000] {processor.py:925} INFO - DAG(s) 'etl_sederhana_25_572885_PPA_07200' retrieved from /opt/airflow/dags/etl_sederhana_25_572885_PPA_07200.py
[2026-09-17T15:04:26.840+0000] {logging_mixin.py:190} INFO - [2026-09-17T15:04:26.840+0000] {dag.py:3239} INFO - Sync 1 DAGs
[2026-09-17T15:04:26.926+0000] {logging_mixin.py:190} INFO - [2026-09-17T15:04:26.925+0000] {dag.py:4180} INFO - Setting next_dagrun for etl_sederhana_25_572885_PPA_07200 to 2026-09-17 00:00:00+00:00, run_after=2026-09-18 00:00:00+00:00
[2026-09-17T15:04:27.016+0000] {processor.py:208} INFO - Processing /opt/airflow/dags/etl_sederhana_25_572885_PPA_07200.py took 1.393 seconds
[2026-09-17T15:04:57.279+0000] {processor.py:186} INFO - Started process (PID=2004) to work on /opt/airflow/dags/etl_sederhana_25_572885_PPA_07200.py
[2026-09-17T15:04:57.281+0000] {processor.py:914} INFO - Processing file /opt/airflow/dags/etl_sederhana_25_572885_PPA_07200.py for tasks to queue
[2026-09-17T15:04:57.286+0000] {logging_mixin.py:190} INFO - [2026-09-17T15:04:57.285+0000] {dagbag.py:588} INFO - Filling up the DagBag from /opt/airflow/dags/etl_sederhana_25_572885_PPA_07200.py
[2026-09-17T15:04:58.445+0000] {processor.py:925} INFO - DAG(s) 'etl_sederhana_25_572885_PPA_07200' retrieved from /opt/airflow/dags/etl_sederhana_25_572885_PPA_07200.py
[2026-09-17T15:04:58.474+0000] {logging_mixin.py:190} INFO - [2026-09-17T15:04:58.473+0000] {dag.py:3239} INFO - Sync 1 DAGs
[2026-09-17T15:04:58.504+0000] {logging_mixin.py:190} INFO - [2026-09-17T15:04:58.504+0000] {dag.py:4180} INFO - Setting next_dagrun for etl_sederhana_25_572885_PPA_07200 to 2026-09-17 00:00:00+00:00, run_after=2026-09-18 00:00:00+00:00
[2026-09-17T15:04:58.534+0000] {processor.py:208} INFO - Processing /opt/airflow/dags/etl_sederhana_25_572885_PPA_07200.py took 1.261 seconds
[2026-09-17T15:05:28.785+0000] {processor.py:186} INFO - Started process (PID=2013) to work on /opt/airflow/dags/etl_sederhana_25_572885_PPA_07200.py
[2026-09-17T15:05:28.788+0000] {processor.py:914} INFO - Processing file /opt/airflow/dags/etl_sederhana_25_572885_PPA_07200.py for tasks to queue
[2026-09-17T15:05:28.793+0000] {logging_mixin.py:190} INFO - [2026-09-17T15:05:28.792+0000] {dagbag.py:588} INFO - Filling up the DagBag from /opt/airflow/dags/etl_sederhana_25_572885_PPA_07200.py
[2026-09-17T15:05:30.049+0000] {processor.py:925} INFO - DAG(s) 'etl_sederhana_25_572885_PPA_07200' retrieved from /opt/airflow/dags/etl_sederhana_25_572885_PPA_07200.py
[2026-09-17T15:05:30.073+0000] {logging_mixin.py:190} INFO - [2026-09-17T15:05:30.072+0000] {dag.py:3239} INFO - Sync 1 DAGs
[2026-09-17T15:05:30.100+0000] {logging_mixin.py:190} INFO - [2026-09-17T15:05:30.100+0000] {dag.py:4180} INFO - Setting next_dagrun for etl_sederhana_25_572885_PPA_07200 to 2026-09-17 00:00:00+00:00, run_after=2026-09-18 00:00:00+00:00
[2026-09-17T15:05:30.127+0000] {processor.py:208} INFO - Processing /opt/airflow/dags/etl_sederhana_25_572885_PPA_07200.py took 1.350 seconds
[2026-09-17T15:06:00.304+0000] {processor.py:186} INFO - Started process (PID=2022) to work on /opt/airflow/dags/etl_sederhana_25_572885_PPA_07200.py
[2026-09-17T15:06:00.308+0000] {processor.py:914} INFO - Processing file /opt/airflow/dags/etl_sederhana_25_572885_PPA_07200.py for tasks to queue
[2026-09-17T15:06:00.313+0000] {logging_mixin.py:190} INFO - [2026-09-17T15:06:00.312+0000] {dagbag.py:588} INFO - Filling up the DagBag from /opt/airflow/dags/etl_sederhana_25_572885_PPA_07200.py
[2026-09-17T15:06:01.636+0000] {processor.py:925} INFO - DAG(s) 'etl_sederhana_25_572885_PPA_07200' retrieved from /opt/airflow/dags/etl_sederhana_25_572885_PPA_07200.py
[2026-09-17T15:06:01.665+0000] {logging_mixin.py:190} INFO - [2026-09-17T15:06:01.664+0000] {dag.py:3239} INFO - Sync 1 DAGs
[2026-09-17T15:06:01.693+0000] {logging_mixin.py:190} INFO - [2026-09-17T15:06:01.692+0000] {dag.py:4180} INFO - Setting next_dagrun for etl_sederhana_25_572885_PPA_07200 to 2026-09-17 00:00:00+00:00, run_after=2026-09-18 00:00:00+00:00
[2026-09-17T15:06:01.724+0000] {processor.py:208} INFO - Processing /opt/airflow/dags/etl_sederhana_25_572885_PPA_07200.py took 1.429 seconds
[2026-09-17T15:06:32.079+0000] {processor.py:186} INFO - Started process (PID=2031) to work on /opt/airflow/dags/etl_sederhana_25_572885_PPA_07200.py
[2026-09-17T15:06:32.083+0000] {processor.py:914} INFO - Processing file /opt/airflow/dags/etl_sederhana_25_572885_PPA_07200.py for tasks to queue
[2026-09-17T15:06:32.096+0000] {logging_mixin.py:190} INFO - [2026-09-17T15:06:32.095+0000] {dagbag.py:588} INFO - Filling up the DagBag from /opt/airflow/dags/etl_sederhana_25_572885_PPA_07200.py
[2026-09-17T15:06:33.332+0000] {processor.py:925} INFO - DAG(s) 'etl_sederhana_25_572885_PPA_07200' retrieved from /opt/airflow/dags/etl_sederhana_25_572885_PPA_07200.py
[2026-09-17T15:06:33.353+0000] {logging_mixin.py:190} INFO - [2026-09-17T15:06:33.353+0000] {dag.py:3239} INFO - Sync 1 DAGs
[2026-09-17T15:06:33.393+0000] {logging_mixin.py:190} INFO - [2026-09-17T15:06:33.392+0000] {dag.py:4180} INFO - Setting next_dagrun for etl_sederhana_25_572885_PPA_07200 to 2026-09-17 00:00:00+00:00, run_after=2026-09-18 00:00:00+00:00
[2026-09-17T15:06:33.421+0000] {processor.py:208} INFO - Processing /opt/airflow/dags/etl_sederhana_25_572885_PPA_07200.py took 1.356 seconds
[2026-09-17T15:07:03.711+0000] {processor.py:186} INFO - Started process (PID=2040) to work on /opt/airflow/dags/etl_sederhana_25_572885_PPA_07200.py
[2026-09-17T15:07:03.714+0000] {processor.py:914} INFO - Processing file /opt/airflow/dags/etl_sederhana_25_572885_PPA_07200.py for tasks to queue
[2026-09-17T15:07:03.719+0000] {logging_mixin.py:190} INFO - [2026-09-17T15:07:03.718+0000] {dagbag.py:588} INFO - Filling up the DagBag from /opt/airflow/dags/etl_sederhana_25_572885_PPA_07200.py
[2026-09-17T15:07:04.774+0000] {processor.py:925} INFO - DAG(s) 'etl_sederhana_25_572885_PPA_07200' retrieved from /opt/airflow/dags/etl_sederhana_25_572885_PPA_07200.py
[2026-09-17T15:07:04.794+0000] {logging_mixin.py:190} INFO - [2026-09-17T15:07:04.793+0000] {dag.py:3239} INFO - Sync 1 DAGs
[2026-09-17T15:07:04.844+0000] {logging_mixin.py:190} INFO - [2026-09-17T15:07:04.843+0000] {dag.py:4180} INFO - Setting next_dagrun for etl_sederhana_25_572885_PPA_07200 to 2026-09-17 00:00:00+00:00, run_after=2026-09-18 00:00:00+00:00
[2026-09-17T15:07:04.904+0000] {processor.py:208} INFO - Processing /opt/airflow/dags/etl_sederhana_25_572885_PPA_07200.py took 1.200 seconds
[2026-09-17T15:07:35.284+0000] {processor.py:186} INFO - Started process (PID=2049) to work on /opt/airflow/dags/etl_sederhana_25_572885_PPA_07200.py
[2026-09-17T15:07:35.288+0000] {processor.py:914} INFO - Processing file /opt/airflow/dags/etl_sederhana_25_572885_PPA_07200.py for tasks to queue
[2026-09-17T15:07:35.297+0000] {logging_mixin.py:190} INFO - [2026-09-17T15:07:35.296+0000] {dagbag.py:588} INFO - Filling up the DagBag from /opt/airflow/dags/etl_sederhana_25_572885_PPA_07200.py
[2026-09-17T15:07:37.932+0000] {processor.py:925} INFO - DAG(s) 'etl_sederhana_25_572885_PPA_07200' retrieved from /opt/airflow/dags/etl_sederhana_25_572885_PPA_07200.py
[2026-09-17T15:07:37.973+0000] {logging_mixin.py:190} INFO - [2026-09-17T15:07:37.973+0000] {dag.py:3239} INFO - Sync 1 DAGs
[2026-09-17T15:07:38.026+0000] {logging_mixin.py:190} INFO - [2026-09-17T15:07:38.026+0000] {dag.py:4180} INFO - Setting next_dagrun for etl_sederhana_25_572885_PPA_07200 to 2026-09-17 00:00:00+00:00, run_after=2026-09-18 00:00:00+00:00
[2026-09-17T15:07:38.094+0000] {processor.py:208} INFO - Processing /opt/airflow/dags/etl_sederhana_25_572885_PPA_07200.py took 2.826 seconds
[2026-09-17T15:08:08.374+0000] {processor.py:186} INFO - Started process (PID=2058) to work on /opt/airflow/dags/etl_sederhana_25_572885_PPA_07200.py
[2026-09-17T15:08:08.376+0000] {processor.py:914} INFO - Processing file /opt/airflow/dags/etl_sederhana_25_572885_PPA_07200.py for tasks to queue
[2026-09-17T15:08:08.380+0000] {logging_mixin.py:190} INFO - [2026-09-17T15:08:08.379+0000] {dagbag.py:588} INFO - Filling up the DagBag from /opt/airflow/dags/etl_sederhana_25_572885_PPA_07200.py
[2026-09-17T15:08:09.412+0000] {processor.py:925} INFO - DAG(s) 'etl_sederhana_25_572885_PPA_07200' retrieved from /opt/airflow/dags/etl_sederhana_25_572885_PPA_07200.py
[2026-09-17T15:08:09.435+0000] {logging_mixin.py:190} INFO - [2026-09-17T15:08:09.435+0000] {dag.py:3239} INFO - Sync 1 DAGs
[2026-09-17T15:08:09.457+0000] {logging_mixin.py:190} INFO - [2026-09-17T15:08:09.457+0000] {dag.py:4180} INFO - Setting next_dagrun for etl_sederhana_25_572885_PPA_07200 to 2026-09-17 00:00:00+00:00, run_after=2026-09-18 00:00:00+00:00
[2026-09-17T15:08:09.487+0000] {processor.py:208} INFO - Processing /opt/airflow/dags/etl_sederhana_25_572885_PPA_07200.py took 1.120 seconds
[2026-09-17T15:08:39.696+0000] {processor.py:186} INFO - Started process (PID=2067) to work on /opt/airflow/dags/etl_sederhana_25_572885_PPA_07200.py
[2026-09-17T15:08:39.700+0000] {processor.py:914} INFO - Processing file /opt/airflow/dags/etl_sederhana_25_572885_PPA_07200.py for tasks to queue
[2026-09-17T15:08:39.705+0000] {logging_mixin.py:190} INFO - [2026-09-17T15:08:39.704+0000] {dagbag.py:588} INFO - Filling up the DagBag from /opt/airflow/dags/etl_sederhana_25_572885_PPA_07200.py
[2026-09-17T15:08:40.651+0000] {processor.py:925} INFO - DAG(s) 'etl_sederhana_25_572885_PPA_07200' retrieved from /opt/airflow/dags/etl_sederhana_25_572885_PPA_07200.py
[2026-09-17T15:08:40.672+0000] {logging_mixin.py:190} INFO - [2026-09-17T15:08:40.671+0000] {dag.py:3239} INFO - Sync 1 DAGs
[2026-09-17T15:08:40.692+0000] {logging_mixin.py:190} INFO - [2026-09-17T15:08:40.691+0000] {dag.py:4180} INFO - Setting next_dagrun for etl_sederhana_25_572885_PPA_07200 to 2026-09-17 00:00:00+00:00, run_after=2026-09-18 00:00:00+00:00
[2026-09-17T15:08:40.719+0000] {processor.py:208} INFO - Processing /opt/airflow/dags/etl_sederhana_25_572885_PPA_07200.py took 1.029 seconds
[2026-09-17T15:09:10.980+0000] {processor.py:186} INFO - Started process (PID=2077) to work on /opt/airflow/dags/etl_sederhana_25_572885_PPA_07200.py
[2026-09-17T15:09:10.984+0000] {processor.py:914} INFO - Processing file /opt/airflow/dags/etl_sederhana_25_572885_PPA_07200.py for tasks to queue
[2026-09-17T15:09:10.992+0000] {logging_mixin.py:190} INFO - [2026-09-17T15:09:10.991+0000] {dagbag.py:588} INFO - Filling up the DagBag from /opt/airflow/dags/etl_sederhana_25_572885_PPA_07200.py
[2026-09-17T15:09:12.099+0000] {processor.py:925} INFO - DAG(s) 'etl_sederhana_25_572885_PPA_07200' retrieved from /opt/airflow/dags/etl_sederhana_25_572885_PPA_07200.py
[2026-09-17T15:09:12.121+0000] {logging_mixin.py:190} INFO - [2026-09-17T15:09:12.120+0000] {dag.py:3239} INFO - Sync 1 DAGs
[2026-09-17T15:09:12.142+0000] {logging_mixin.py:190} INFO - [2026-09-17T15:09:12.142+0000] {dag.py:4180} INFO - Setting next_dagrun for etl_sederhana_25_572885_PPA_07200 to 2026-09-17 00:00:00+00:00, run_after=2026-09-18 00:00:00+00:00
[2026-09-17T15:09:12.172+0000] {processor.py:208} INFO - Processing /opt/airflow/dags/etl_sederhana_25_572885_PPA_07200.py took 1.211 seconds
[2026-09-17T15:09:42.399+0000] {processor.py:186} INFO - Started process (PID=2086) to work on /opt/airflow/dags/etl_sederhana_25_572885_PPA_07200.py
[2026-09-17T15:09:42.402+0000] {processor.py:914} INFO - Processing file /opt/airflow/dags/etl_sederhana_25_572885_PPA_07200.py for tasks to queue
[2026-09-17T15:09:42.413+0000] {logging_mixin.py:190} INFO - [2026-09-17T15:09:42.413+0000] {dagbag.py:588} INFO - Filling up the DagBag from /opt/airflow/dags/etl_sederhana_25_572885_PPA_07200.py
[2026-09-17T15:09:43.840+0000] {processor.py:925} INFO - DAG(s) 'etl_sederhana_25_572885_PPA_07200' retrieved from /opt/airflow/dags/etl_sederhana_25_572885_PPA_07200.py
[2026-09-17T15:09:43.863+0000] {logging_mixin.py:190} INFO - [2026-09-17T15:09:43.863+0000] {dag.py:3239} INFO - Sync 1 DAGs
[2026-09-17T15:09:43.887+0000] {logging_mixin.py:190} INFO - [2026-09-17T15:09:43.887+0000] {dag.py:4180} INFO - Setting next_dagrun for etl_sederhana_25_572885_PPA_07200 to 2026-09-17 00:00:00+00:00, run_after=2026-09-18 00:00:00+00:00
[2026-09-17T15:09:43.927+0000] {processor.py:208} INFO - Processing /opt/airflow/dags/etl_sederhana_25_572885_PPA_07200.py took 1.540 seconds
[2026-09-17T15:10:14.280+0000] {processor.py:186} INFO - Started process (PID=2095) to work on /opt/airflow/dags/etl_sederhana_25_572885_PPA_07200.py
[2026-09-17T15:10:14.283+0000] {processor.py:914} INFO - Processing file /opt/airflow/dags/etl_sederhana_25_572885_PPA_07200.py for tasks to queue
[2026-09-17T15:10:14.291+0000] {logging_mixin.py:190} INFO - [2026-09-17T15:10:14.290+0000] {dagbag.py:588} INFO - Filling up the DagBag from /opt/airflow/dags/etl_sederhana_25_572885_PPA_07200.py
[2026-09-17T15:10:15.838+0000] {processor.py:925} INFO - DAG(s) 'etl_sederhana_25_572885_PPA_07200' retrieved from /opt/airflow/dags/etl_sederhana_25_572885_PPA_07200.py
[2026-09-17T15:10:15.909+0000] {logging_mixin.py:190} INFO - [2026-09-17T15:10:15.909+0000] {dag.py:3239} INFO - Sync 1 DAGs
[2026-09-17T15:10:15.995+0000] {logging_mixin.py:190} INFO - [2026-09-17T15:10:15.994+0000] {dag.py:4180} INFO - Setting next_dagrun for etl_sederhana_25_572885_PPA_07200 to 2026-09-17 00:00:00+00:00, run_after=2026-09-18 00:00:00+00:00
[2026-09-17T15:10:16.177+0000] {processor.py:208} INFO - Processing /opt/airflow/dags/etl_sederhana_25_572885_PPA_07200.py took 1.913 seconds
[2026-09-17T15:10:46.806+0000] {processor.py:186} INFO - Started process (PID=2111) to work on /opt/airflow/dags/etl_sederhana_25_572885_PPA_07200.py
[2026-09-17T15:10:46.809+0000] {processor.py:914} INFO - Processing file /opt/airflow/dags/etl_sederhana_25_572885_PPA_07200.py for tasks to queue
[2026-09-17T15:10:46.814+0000] {logging_mixin.py:190} INFO - [2026-09-17T15:10:46.813+0000] {dagbag.py:588} INFO - Filling up the DagBag from /opt/airflow/dags/etl_sederhana_25_572885_PPA_07200.py
[2026-09-17T15:10:49.118+0000] {processor.py:925} INFO - DAG(s) 'etl_sederhana_25_572885_PPA_07200' retrieved from /opt/airflow/dags/etl_sederhana_25_572885_PPA_07200.py
[2026-09-17T15:10:49.189+0000] {logging_mixin.py:190} INFO - [2026-09-17T15:10:49.188+0000] {dag.py:3239} INFO - Sync 1 DAGs
[2026-09-17T15:10:49.235+0000] {logging_mixin.py:190} INFO - [2026-09-17T15:10:49.235+0000] {dag.py:4180} INFO - Setting next_dagrun for etl_sederhana_25_572885_PPA_07200 to 2026-09-17 00:00:00+00:00, run_after=2026-09-18 00:00:00+00:00
[2026-09-17T15:10:49.291+0000] {processor.py:208} INFO - Processing /opt/airflow/dags/etl_sederhana_25_572885_PPA_07200.py took 2.494 seconds
[2026-09-17T15:11:19.586+0000] {processor.py:186} INFO - Started process (PID=2120) to work on /opt/airflow/dags/etl_sederhana_25_572885_PPA_07200.py
[2026-09-17T15:11:19.592+0000] {processor.py:914} INFO - Processing file /opt/airflow/dags/etl_sederhana_25_572885_PPA_07200.py for tasks to queue
[2026-09-17T15:11:19.604+0000] {logging_mixin.py:190} INFO - [2026-09-17T15:11:19.602+0000] {dagbag.py:588} INFO - Filling up the DagBag from /opt/airflow/dags/etl_sederhana_25_572885_PPA_07200.py
[2026-09-17T15:11:21.777+0000] {processor.py:925} INFO - DAG(s) 'etl_sederhana_25_572885_PPA_07200' retrieved from /opt/airflow/dags/etl_sederhana_25_572885_PPA_07200.py
[2026-09-17T15:11:21.816+0000] {logging_mixin.py:190} INFO - [2026-09-17T15:11:21.815+0000] {dag.py:3239} INFO - Sync 1 DAGs
[2026-09-17T15:11:21.857+0000] {logging_mixin.py:190} INFO - [2026-09-17T15:11:21.856+0000] {dag.py:4180} INFO - Setting next_dagrun for etl_sederhana_25_572885_PPA_07200 to 2026-09-17 00:00:00+00:00, run_after=2026-09-18 00:00:00+00:00
[2026-09-17T15:11:21.906+0000] {processor.py:208} INFO - Processing /opt/airflow/dags/etl_sederhana_25_572885_PPA_07200.py took 2.338 seconds
[2026-09-17T15:11:52.221+0000] {processor.py:186} INFO - Started process (PID=2129) to work on /opt/airflow/dags/etl_sederhana_25_572885_PPA_07200.py
[2026-09-17T15:11:52.224+0000] {processor.py:914} INFO - Processing file /opt/airflow/dags/etl_sederhana_25_572885_PPA_07200.py for tasks to queue
[2026-09-17T15:11:52.229+0000] {logging_mixin.py:190} INFO - [2026-09-17T15:11:52.228+0000] {dagbag.py:588} INFO - Filling up the DagBag from /opt/airflow/dags/etl_sederhana_25_572885_PPA_07200.py
[2026-09-17T15:11:53.442+0000] {processor.py:925} INFO - DAG(s) 'etl_sederhana_25_572885_PPA_07200' retrieved from /opt/airflow/dags/etl_sederhana_25_572885_PPA_07200.py
[2026-09-17T15:11:53.465+0000] {logging_mixin.py:190} INFO - [2026-09-17T15:11:53.464+0000] {dag.py:3239} INFO - Sync 1 DAGs
[2026-09-17T15:11:53.499+0000] {logging_mixin.py:190} INFO - [2026-09-17T15:11:53.498+0000] {dag.py:4180} INFO - Setting next_dagrun for etl_sederhana_25_572885_PPA_07200 to 2026-09-17 00:00:00+00:00, run_after=2026-09-18 00:00:00+00:00
[2026-09-17T15:11:53.534+0000] {processor.py:208} INFO - Processing /opt/airflow/dags/etl_sederhana_25_572885_PPA_07200.py took 1.322 seconds
[2026-09-17T15:12:23.822+0000] {processor.py:186} INFO - Started process (PID=2139) to work on /opt/airflow/dags/etl_sederhana_25_572885_PPA_07200.py
[2026-09-17T15:12:23.827+0000] {processor.py:914} INFO - Processing file /opt/airflow/dags/etl_sederhana_25_572885_PPA_07200.py for tasks to queue
[2026-09-17T15:12:23.845+0000] {logging_mixin.py:190} INFO - [2026-09-17T15:12:23.844+0000] {dagbag.py:588} INFO - Filling up the DagBag from /opt/airflow/dags/etl_sederhana_25_572885_PPA_07200.py
[2026-09-17T15:12:25.478+0000] {processor.py:925} INFO - DAG(s) 'etl_sederhana_25_572885_PPA_07200' retrieved from /opt/airflow/dags/etl_sederhana_25_572885_PPA_07200.py
[2026-09-17T15:12:25.510+0000] {logging_mixin.py:190} INFO - [2026-09-17T15:12:25.509+0000] {dag.py:3239} INFO - Sync 1 DAGs
[2026-09-17T15:12:25.546+0000] {logging_mixin.py:190} INFO - [2026-09-17T15:12:25.545+0000] {dag.py:4180} INFO - Setting next_dagrun for etl_sederhana_25_572885_PPA_07200 to 2026-09-17 00:00:00+00:00, run_after=2026-09-18 00:00:00+00:00
[2026-09-17T15:12:25.608+0000] {processor.py:208} INFO - Processing /opt/airflow/dags/etl_sederhana_25_572885_PPA_07200.py took 1.794 seconds
[2026-09-17T15:12:55.841+0000] {processor.py:186} INFO - Started process (PID=2148) to work on /opt/airflow/dags/etl_sederhana_25_572885_PPA_07200.py
[2026-09-17T15:12:55.843+0000] {processor.py:914} INFO - Processing file /opt/airflow/dags/etl_sederhana_25_572885_PPA_07200.py for tasks to queue
[2026-09-17T15:12:55.856+0000] {logging_mixin.py:190} INFO - [2026-09-17T15:12:55.856+0000] {dagbag.py:588} INFO - Filling up the DagBag from /opt/airflow/dags/etl_sederhana_25_572885_PPA_07200.py
[2026-09-17T15:12:57.665+0000] {processor.py:925} INFO - DAG(s) 'etl_sederhana_25_572885_PPA_07200' retrieved from /opt/airflow/dags/etl_sederhana_25_572885_PPA_07200.py
[2026-09-17T15:12:57.693+0000] {logging_mixin.py:190} INFO - [2026-09-17T15:12:57.693+0000] {dag.py:3239} INFO - Sync 1 DAGs
[2026-09-17T15:12:57.875+0000] {logging_mixin.py:190} INFO - [2026-09-17T15:12:57.874+0000] {dag.py:4180} INFO - Setting next_dagrun for etl_sederhana_25_572885_PPA_07200 to 2026-09-17 00:00:00+00:00, run_after=2026-09-18 00:00:00+00:00
[2026-09-17T15:12:58.131+0000] {processor.py:208} INFO - Processing /opt/airflow/dags/etl_sederhana_25_572885_PPA_07200.py took 2.296 seconds
[2026-09-17T15:13:29.358+0000] {processor.py:186} INFO - Started process (PID=2157) to work on /opt/airflow/dags/etl_sederhana_25_572885_PPA_07200.py
[2026-09-17T15:13:29.364+0000] {processor.py:914} INFO - Processing file /opt/airflow/dags/etl_sederhana_25_572885_PPA_07200.py for tasks to queue
[2026-09-17T15:13:29.371+0000] {logging_mixin.py:190} INFO - [2026-09-17T15:13:29.370+0000] {dagbag.py:588} INFO - Filling up the DagBag from /opt/airflow/dags/etl_sederhana_25_572885_PPA_07200.py
[2026-09-17T15:13:30.566+0000] {processor.py:925} INFO - DAG(s) 'etl_sederhana_25_572885_PPA_07200' retrieved from /opt/airflow/dags/etl_sederhana_25_572885_PPA_07200.py
[2026-09-17T15:13:30.592+0000] {logging_mixin.py:190} INFO - [2026-09-17T15:13:30.591+0000] {dag.py:3239} INFO - Sync 1 DAGs
[2026-09-17T15:13:30.619+0000] {logging_mixin.py:190} INFO - [2026-09-17T15:13:30.618+0000] {dag.py:4180} INFO - Setting next_dagrun for etl_sederhana_25_572885_PPA_07200 to 2026-09-17 00:00:00+00:00, run_after=2026-09-18 00:00:00+00:00
[2026-09-17T15:13:30.665+0000] {processor.py:208} INFO - Processing /opt/airflow/dags/etl_sederhana_25_572885_PPA_07200.py took 1.318 seconds
[2026-09-17T15:14:01.075+0000] {processor.py:186} INFO - Started process (PID=2166) to work on /opt/airflow/dags/etl_sederhana_25_572885_PPA_07200.py
[2026-09-17T15:14:01.080+0000] {processor.py:914} INFO - Processing file /opt/airflow/dags/etl_sederhana_25_572885_PPA_07200.py for tasks to queue
[2026-09-17T15:14:01.090+0000] {logging_mixin.py:190} INFO - [2026-09-17T15:14:01.089+0000] {dagbag.py:588} INFO - Filling up the DagBag from /opt/airflow/dags/etl_sederhana_25_572885_PPA_07200.py
[2026-09-17T15:14:02.770+0000] {processor.py:925} INFO - DAG(s) 'etl_sederhana_25_572885_PPA_07200' retrieved from /opt/airflow/dags/etl_sederhana_25_572885_PPA_07200.py
[2026-09-17T15:14:02.815+0000] {logging_mixin.py:190} INFO - [2026-09-17T15:14:02.814+0000] {dag.py:3239} INFO - Sync 1 DAGs
[2026-09-17T15:14:02.870+0000] {logging_mixin.py:190} INFO - [2026-09-17T15:14:02.869+0000] {dag.py:4180} INFO - Setting next_dagrun for etl_sederhana_25_572885_PPA_07200 to 2026-09-17 00:00:00+00:00, run_after=2026-09-18 00:00:00+00:00
[2026-09-17T15:14:02.930+0000] {processor.py:208} INFO - Processing /opt/airflow/dags/etl_sederhana_25_572885_PPA_07200.py took 1.868 seconds
[2026-09-17T15:14:34.272+0000] {processor.py:186} INFO - Started process (PID=2175) to work on /opt/airflow/dags/etl_sederhana_25_572885_PPA_07200.py
[2026-09-17T15:14:34.389+0000] {processor.py:914} INFO - Processing file /opt/airflow/dags/etl_sederhana_25_572885_PPA_07200.py for tasks to queue
[2026-09-17T15:14:34.490+0000] {logging_mixin.py:190} INFO - [2026-09-17T15:14:34.489+0000] {dagbag.py:588} INFO - Filling up the DagBag from /opt/airflow/dags/etl_sederhana_25_572885_PPA_07200.py
[2026-09-17T15:14:36.080+0000] {processor.py:925} INFO - DAG(s) 'etl_sederhana_25_572885_PPA_07200' retrieved from /opt/airflow/dags/etl_sederhana_25_572885_PPA_07200.py
[2026-09-17T15:14:36.105+0000] {logging_mixin.py:190} INFO - [2026-09-17T15:14:36.104+0000] {dag.py:3239} INFO - Sync 1 DAGs
[2026-09-17T15:14:36.129+0000] {logging_mixin.py:190} INFO - [2026-09-17T15:14:36.129+0000] {dag.py:4180} INFO - Setting next_dagrun for etl_sederhana_25_572885_PPA_07200 to 2026-09-17 00:00:00+00:00, run_after=2026-09-18 00:00:00+00:00
[2026-09-17T15:14:36.165+0000] {processor.py:208} INFO - Processing /opt/airflow/dags/etl_sederhana_25_572885_PPA_07200.py took 1.911 seconds
[2026-09-17T15:15:06.557+0000] {processor.py:186} INFO - Started process (PID=2184) to work on /opt/airflow/dags/etl_sederhana_25_572885_PPA_07200.py
[2026-09-17T15:15:06.560+0000] {processor.py:914} INFO - Processing file /opt/airflow/dags/etl_sederhana_25_572885_PPA_07200.py for tasks to queue
[2026-09-17T15:15:06.567+0000] {logging_mixin.py:190} INFO - [2026-09-17T15:15:06.566+0000] {dagbag.py:588} INFO - Filling up the DagBag from /opt/airflow/dags/etl_sederhana_25_572885_PPA_07200.py
[2026-09-17T15:15:07.938+0000] {processor.py:925} INFO - DAG(s) 'etl_sederhana_25_572885_PPA_07200' retrieved from /opt/airflow/dags/etl_sederhana_25_572885_PPA_07200.py
[2026-09-17T15:15:07.971+0000] {logging_mixin.py:190} INFO - [2026-09-17T15:15:07.970+0000] {dag.py:3239} INFO - Sync 1 DAGs
[2026-09-17T15:15:08.018+0000] {logging_mixin.py:190} INFO - [2026-09-17T15:15:08.017+0000] {dag.py:4180} INFO - Setting next_dagrun for etl_sederhana_25_572885_PPA_07200 to 2026-09-17 00:00:00+00:00, run_after=2026-09-18 00:00:00+00:00
[2026-09-17T15:15:08.056+0000] {processor.py:208} INFO - Processing /opt/airflow/dags/etl_sederhana_25_572885_PPA_07200.py took 1.513 seconds
[2026-09-17T15:15:38.491+0000] {processor.py:186} INFO - Started process (PID=2193) to work on /opt/airflow/dags/etl_sederhana_25_572885_PPA_07200.py
[2026-09-17T15:15:38.498+0000] {processor.py:914} INFO - Processing file /opt/airflow/dags/etl_sederhana_25_572885_PPA_07200.py for tasks to queue
[2026-09-17T15:15:38.511+0000] {logging_mixin.py:190} INFO - [2026-09-17T15:15:38.510+0000] {dagbag.py:588} INFO - Filling up the DagBag from /opt/airflow/dags/etl_sederhana_25_572885_PPA_07200.py
[2026-09-17T15:15:40.126+0000] {processor.py:925} INFO - DAG(s) 'etl_sederhana_25_572885_PPA_07200' retrieved from /opt/airflow/dags/etl_sederhana_25_572885_PPA_07200.py
[2026-09-17T15:15:40.249+0000] {logging_mixin.py:190} INFO - [2026-09-17T15:15:40.248+0000] {dag.py:3239} INFO - Sync 1 DAGs
[2026-09-17T15:15:40.276+0000] {logging_mixin.py:190} INFO - [2026-09-17T15:15:40.275+0000] {dag.py:4180} INFO - Setting next_dagrun for etl_sederhana_25_572885_PPA_07200 to 2026-09-17 00:00:00+00:00, run_after=2026-09-18 00:00:00+00:00
[2026-09-17T15:15:40.334+0000] {processor.py:208} INFO - Processing /opt/airflow/dags/etl_sederhana_25_572885_PPA_07200.py took 1.851 seconds
[2026-09-17T15:16:10.677+0000] {processor.py:186} INFO - Started process (PID=2202) to work on /opt/airflow/dags/etl_sederhana_25_572885_PPA_07200.py
[2026-09-17T15:16:10.681+0000] {processor.py:914} INFO - Processing file /opt/airflow/dags/etl_sederhana_25_572885_PPA_07200.py for tasks to queue
[2026-09-17T15:16:10.713+0000] {logging_mixin.py:190} INFO - [2026-09-17T15:16:10.712+0000] {dagbag.py:588} INFO - Filling up the DagBag from /opt/airflow/dags/etl_sederhana_25_572885_PPA_07200.py
[2026-09-17T15:16:12.488+0000] {processor.py:925} INFO - DAG(s) 'etl_sederhana_25_572885_PPA_07200' retrieved from /opt/airflow/dags/etl_sederhana_25_572885_PPA_07200.py
[2026-09-17T15:16:12.519+0000] {logging_mixin.py:190} INFO - [2026-09-17T15:16:12.518+0000] {dag.py:3239} INFO - Sync 1 DAGs
[2026-09-17T15:16:12.648+0000] {logging_mixin.py:190} INFO - [2026-09-17T15:16:12.647+0000] {dag.py:4180} INFO - Setting next_dagrun for etl_sederhana_25_572885_PPA_07200 to 2026-09-17 00:00:00+00:00, run_after=2026-09-18 00:00:00+00:00
[2026-09-17T15:16:12.683+0000] {processor.py:208} INFO - Processing /opt/airflow/dags/etl_sederhana_25_572885_PPA_07200.py took 2.016 seconds
[2026-09-17T15:16:43.386+0000] {processor.py:186} INFO - Started process (PID=2211) to work on /opt/airflow/dags/etl_sederhana_25_572885_PPA_07200.py
[2026-09-17T15:16:43.391+0000] {processor.py:914} INFO - Processing file /opt/airflow/dags/etl_sederhana_25_572885_PPA_07200.py for tasks to queue
[2026-09-17T15:16:43.518+0000] {logging_mixin.py:190} INFO - [2026-09-17T15:16:43.517+0000] {dagbag.py:588} INFO - Filling up the DagBag from /opt/airflow/dags/etl_sederhana_25_572885_PPA_07200.py
[2026-09-17T15:16:44.803+0000] {processor.py:925} INFO - DAG(s) 'etl_sederhana_25_572885_PPA_07200' retrieved from /opt/airflow/dags/etl_sederhana_25_572885_PPA_07200.py
[2026-09-17T15:16:44.830+0000] {logging_mixin.py:190} INFO - [2026-09-17T15:16:44.829+0000] {dag.py:3239} INFO - Sync 1 DAGs
[2026-09-17T15:16:44.858+0000] {logging_mixin.py:190} INFO - [2026-09-17T15:16:44.857+0000] {dag.py:4180} INFO - Setting next_dagrun for etl_sederhana_25_572885_PPA_07200 to 2026-09-17 00:00:00+00:00, run_after=2026-09-18 00:00:00+00:00
[2026-09-17T15:16:44.892+0000] {processor.py:208} INFO - Processing /opt/airflow/dags/etl_sederhana_25_572885_PPA_07200.py took 1.524 seconds
[2026-09-17T15:17:15.147+0000] {processor.py:186} INFO - Started process (PID=2220) to work on /opt/airflow/dags/etl_sederhana_25_572885_PPA_07200.py
[2026-09-17T15:17:15.150+0000] {processor.py:914} INFO - Processing file /opt/airflow/dags/etl_sederhana_25_572885_PPA_07200.py for tasks to queue
[2026-09-17T15:17:15.155+0000] {logging_mixin.py:190} INFO - [2026-09-17T15:17:15.154+0000] {dagbag.py:588} INFO - Filling up the DagBag from /opt/airflow/dags/etl_sederhana_25_572885_PPA_07200.py
[2026-09-17T15:17:16.595+0000] {processor.py:925} INFO - DAG(s) 'etl_sederhana_25_572885_PPA_07200' retrieved from /opt/airflow/dags/etl_sederhana_25_572885_PPA_07200.py
[2026-09-17T15:17:16.616+0000] {logging_mixin.py:190} INFO - [2026-09-17T15:17:16.616+0000] {dag.py:3239} INFO - Sync 1 DAGs
[2026-09-17T15:17:16.721+0000] {logging_mixin.py:190} INFO - [2026-09-17T15:17:16.721+0000] {dag.py:4180} INFO - Setting next_dagrun for etl_sederhana_25_572885_PPA_07200 to 2026-09-17 00:00:00+00:00, run_after=2026-09-18 00:00:00+00:00
[2026-09-17T15:17:16.798+0000] {processor.py:208} INFO - Processing /opt/airflow/dags/etl_sederhana_25_572885_PPA_07200.py took 1.660 seconds
[2026-09-17T15:17:47.606+0000] {processor.py:186} INFO - Started process (PID=2229) to work on /opt/airflow/dags/etl_sederhana_25_572885_PPA_07200.py
[2026-09-17T15:17:47.621+0000] {processor.py:914} INFO - Processing file /opt/airflow/dags/etl_sederhana_25_572885_PPA_07200.py for tasks to queue
[2026-09-17T15:17:47.646+0000] {logging_mixin.py:190} INFO - [2026-09-17T15:17:47.645+0000] {dagbag.py:588} INFO - Filling up the DagBag from /opt/airflow/dags/etl_sederhana_25_572885_PPA_07200.py
[2026-09-17T15:17:49.432+0000] {processor.py:925} INFO - DAG(s) 'etl_sederhana_25_572885_PPA_07200' retrieved from /opt/airflow/dags/etl_sederhana_25_572885_PPA_07200.py
[2026-09-17T15:17:49.501+0000] {logging_mixin.py:190} INFO - [2026-09-17T15:17:49.501+0000] {dag.py:3239} INFO - Sync 1 DAGs
[2026-09-17T15:17:49.584+0000] {logging_mixin.py:190} INFO - [2026-09-17T15:17:49.583+0000] {dag.py:4180} INFO - Setting next_dagrun for etl_sederhana_25_572885_PPA_07200 to 2026-09-17 00:00:00+00:00, run_after=2026-09-18 00:00:00+00:00
[2026-09-17T15:17:49.648+0000] {processor.py:208} INFO - Processing /opt/airflow/dags/etl_sederhana_25_572885_PPA_07200.py took 2.054 seconds
[2026-09-17T15:18:19.914+0000] {processor.py:186} INFO - Started process (PID=2245) to work on /opt/airflow/dags/etl_sederhana_25_572885_PPA_07200.py
[2026-09-17T15:18:19.917+0000] {processor.py:914} INFO - Processing file /opt/airflow/dags/etl_sederhana_25_572885_PPA_07200.py for tasks to queue
[2026-09-17T15:18:19.927+0000] {logging_mixin.py:190} INFO - [2026-09-17T15:18:19.926+0000] {dagbag.py:588} INFO - Filling up the DagBag from /opt/airflow/dags/etl_sederhana_25_572885_PPA_07200.py
[2026-09-17T15:18:21.836+0000] {processor.py:925} INFO - DAG(s) 'etl_sederhana_25_572885_PPA_07200' retrieved from /opt/airflow/dags/etl_sederhana_25_572885_PPA_07200.py
[2026-09-17T15:18:21.888+0000] {logging_mixin.py:190} INFO - [2026-09-17T15:18:21.887+0000] {dag.py:3239} INFO - Sync 1 DAGs
[2026-09-17T15:18:22.070+0000] {logging_mixin.py:190} INFO - [2026-09-17T15:18:22.070+0000] {dag.py:4180} INFO - Setting next_dagrun for etl_sederhana_25_572885_PPA_07200 to 2026-09-17 00:00:00+00:00, run_after=2026-09-18 00:00:00+00:00
[2026-09-17T15:18:22.120+0000] {processor.py:208} INFO - Processing /opt/airflow/dags/etl_sederhana_25_572885_PPA_07200.py took 2.213 seconds
[2026-09-17T15:18:52.946+0000] {processor.py:186} INFO - Started process (PID=2255) to work on /opt/airflow/dags/etl_sederhana_25_572885_PPA_07200.py
[2026-09-17T15:18:52.948+0000] {processor.py:914} INFO - Processing file /opt/airflow/dags/etl_sederhana_25_572885_PPA_07200.py for tasks to queue
[2026-09-17T15:18:52.953+0000] {logging_mixin.py:190} INFO - [2026-09-17T15:18:52.953+0000] {dagbag.py:588} INFO - Filling up the DagBag from /opt/airflow/dags/etl_sederhana_25_572885_PPA_07200.py
[2026-09-17T15:18:54.512+0000] {processor.py:925} INFO - DAG(s) 'etl_sederhana_25_572885_PPA_07200' retrieved from /opt/airflow/dags/etl_sederhana_25_572885_PPA_07200.py
[2026-09-17T15:18:54.549+0000] {logging_mixin.py:190} INFO - [2026-09-17T15:18:54.548+0000] {dag.py:3239} INFO - Sync 1 DAGs
[2026-09-17T15:18:54.680+0000] {logging_mixin.py:190} INFO - [2026-09-17T15:18:54.679+0000] {dag.py:4180} INFO - Setting next_dagrun for etl_sederhana_25_572885_PPA_07200 to 2026-09-17 00:00:00+00:00, run_after=2026-09-18 00:00:00+00:00
[2026-09-17T15:18:54.968+0000] {processor.py:208} INFO - Processing /opt/airflow/dags/etl_sederhana_25_572885_PPA_07200.py took 2.029 seconds
[2026-09-17T15:19:25.660+0000] {processor.py:186} INFO - Started process (PID=2264) to work on /opt/airflow/dags/etl_sederhana_25_572885_PPA_07200.py
[2026-09-17T15:19:25.663+0000] {processor.py:914} INFO - Processing file /opt/airflow/dags/etl_sederhana_25_572885_PPA_07200.py for tasks to queue
[2026-09-17T15:19:25.753+0000] {logging_mixin.py:190} INFO - [2026-09-17T15:19:25.752+0000] {dagbag.py:588} INFO - Filling up the DagBag from /opt/airflow/dags/etl_sederhana_25_572885_PPA_07200.py
[2026-09-17T15:19:27.042+0000] {processor.py:925} INFO - DAG(s) 'etl_sederhana_25_572885_PPA_07200' retrieved from /opt/airflow/dags/etl_sederhana_25_572885_PPA_07200.py
[2026-09-17T15:19:27.067+0000] {logging_mixin.py:190} INFO - [2026-09-17T15:19:27.066+0000] {dag.py:3239} INFO - Sync 1 DAGs
[2026-09-17T15:19:27.176+0000] {logging_mixin.py:190} INFO - [2026-09-17T15:19:27.175+0000] {dag.py:4180} INFO - Setting next_dagrun for etl_sederhana_25_572885_PPA_07200 to 2026-09-17 00:00:00+00:00, run_after=2026-09-18 00:00:00+00:00
[2026-09-17T15:19:27.271+0000] {processor.py:208} INFO - Processing /opt/airflow/dags/etl_sederhana_25_572885_PPA_07200.py took 1.619 seconds
[2026-09-17T15:19:57.600+0000] {processor.py:186} INFO - Started process (PID=2273) to work on /opt/airflow/dags/etl_sederhana_25_572885_PPA_07200.py
[2026-09-17T15:19:57.604+0000] {processor.py:914} INFO - Processing file /opt/airflow/dags/etl_sederhana_25_572885_PPA_07200.py for tasks to queue
[2026-09-17T15:19:57.613+0000] {logging_mixin.py:190} INFO - [2026-09-17T15:19:57.612+0000] {dagbag.py:588} INFO - Filling up the DagBag from /opt/airflow/dags/etl_sederhana_25_572885_PPA_07200.py
[2026-09-17T15:19:59.888+0000] {processor.py:925} INFO - DAG(s) 'etl_sederhana_25_572885_PPA_07200' retrieved from /opt/airflow/dags/etl_sederhana_25_572885_PPA_07200.py
[2026-09-17T15:19:59.951+0000] {logging_mixin.py:190} INFO - [2026-09-17T15:19:59.950+0000] {dag.py:3239} INFO - Sync 1 DAGs
[2026-09-17T15:20:00.015+0000] {logging_mixin.py:190} INFO - [2026-09-17T15:20:00.014+0000] {dag.py:4180} INFO - Setting next_dagrun for etl_sederhana_25_572885_PPA_07200 to 2026-09-17 00:00:00+00:00, run_after=2026-09-18 00:00:00+00:00
[2026-09-17T15:20:00.094+0000] {processor.py:208} INFO - Processing /opt/airflow/dags/etl_sederhana_25_572885_PPA_07200.py took 2.516 seconds
[2026-09-17T15:20:30.903+0000] {processor.py:186} INFO - Started process (PID=2282) to work on /opt/airflow/dags/etl_sederhana_25_572885_PPA_07200.py
[2026-09-17T15:20:30.909+0000] {processor.py:914} INFO - Processing file /opt/airflow/dags/etl_sederhana_25_572885_PPA_07200.py for tasks to queue
[2026-09-17T15:20:30.923+0000] {logging_mixin.py:190} INFO - [2026-09-17T15:20:30.922+0000] {dagbag.py:588} INFO - Filling up the DagBag from /opt/airflow/dags/etl_sederhana_25_572885_PPA_07200.py
[2026-09-17T15:20:33.010+0000] {processor.py:925} INFO - DAG(s) 'etl_sederhana_25_572885_PPA_07200' retrieved from /opt/airflow/dags/etl_sederhana_25_572885_PPA_07200.py
[2026-09-17T15:20:33.041+0000] {logging_mixin.py:190} INFO - [2026-09-17T15:20:33.041+0000] {dag.py:3239} INFO - Sync 1 DAGs
[2026-09-17T15:20:33.063+0000] {logging_mixin.py:190} INFO - [2026-09-17T15:20:33.063+0000] {dag.py:4180} INFO - Setting next_dagrun for etl_sederhana_25_572885_PPA_07200 to 2026-09-17 00:00:00+00:00, run_after=2026-09-18 00:00:00+00:00
[2026-09-17T15:20:33.090+0000] {processor.py:208} INFO - Processing /opt/airflow/dags/etl_sederhana_25_572885_PPA_07200.py took 2.197 seconds
[2026-09-17T15:21:03.564+0000] {processor.py:186} INFO - Started process (PID=2290) to work on /opt/airflow/dags/etl_sederhana_25_572885_PPA_07200.py
[2026-09-17T15:21:03.646+0000] {processor.py:914} INFO - Processing file /opt/airflow/dags/etl_sederhana_25_572885_PPA_07200.py for tasks to queue
[2026-09-17T15:21:03.653+0000] {logging_mixin.py:190} INFO - [2026-09-17T15:21:03.652+0000] {dagbag.py:588} INFO - Filling up the DagBag from /opt/airflow/dags/etl_sederhana_25_572885_PPA_07200.py
[2026-09-17T15:21:05.295+0000] {processor.py:925} INFO - DAG(s) 'etl_sederhana_25_572885_PPA_07200' retrieved from /opt/airflow/dags/etl_sederhana_25_572885_PPA_07200.py
[2026-09-17T15:21:05.391+0000] {logging_mixin.py:190} INFO - [2026-09-17T15:21:05.391+0000] {dag.py:3239} INFO - Sync 1 DAGs
[2026-09-17T15:21:05.426+0000] {logging_mixin.py:190} INFO - [2026-09-17T15:21:05.426+0000] {dag.py:4180} INFO - Setting next_dagrun for etl_sederhana_25_572885_PPA_07200 to 2026-09-17 00:00:00+00:00, run_after=2026-09-18 00:00:00+00:00
[2026-09-17T15:21:05.459+0000] {processor.py:208} INFO - Processing /opt/airflow/dags/etl_sederhana_25_572885_PPA_07200.py took 1.903 seconds
[2026-09-17T15:21:35.845+0000] {processor.py:186} INFO - Started process (PID=2299) to work on /opt/airflow/dags/etl_sederhana_25_572885_PPA_07200.py
[2026-09-17T15:21:35.848+0000] {processor.py:914} INFO - Processing file /opt/airflow/dags/etl_sederhana_25_572885_PPA_07200.py for tasks to queue
[2026-09-17T15:21:35.852+0000] {logging_mixin.py:190} INFO - [2026-09-17T15:21:35.852+0000] {dagbag.py:588} INFO - Filling up the DagBag from /opt/airflow/dags/etl_sederhana_25_572885_PPA_07200.py
[2026-09-17T15:21:37.001+0000] {processor.py:925} INFO - DAG(s) 'etl_sederhana_25_572885_PPA_07200' retrieved from /opt/airflow/dags/etl_sederhana_25_572885_PPA_07200.py
[2026-09-17T15:21:37.027+0000] {logging_mixin.py:190} INFO - [2026-09-17T15:21:37.026+0000] {dag.py:3239} INFO - Sync 1 DAGs
[2026-09-17T15:21:37.176+0000] {logging_mixin.py:190} INFO - [2026-09-17T15:21:37.176+0000] {dag.py:4180} INFO - Setting next_dagrun for etl_sederhana_25_572885_PPA_07200 to 2026-09-17 00:00:00+00:00, run_after=2026-09-18 00:00:00+00:00
[2026-09-17T15:21:37.203+0000] {processor.py:208} INFO - Processing /opt/airflow/dags/etl_sederhana_25_572885_PPA_07200.py took 1.367 seconds
[2026-09-17T15:22:07.378+0000] {processor.py:186} INFO - Started process (PID=2308) to work on /opt/airflow/dags/etl_sederhana_25_572885_PPA_07200.py
[2026-09-17T15:22:07.381+0000] {processor.py:914} INFO - Processing file /opt/airflow/dags/etl_sederhana_25_572885_PPA_07200.py for tasks to queue
[2026-09-17T15:22:07.385+0000] {logging_mixin.py:190} INFO - [2026-09-17T15:22:07.385+0000] {dagbag.py:588} INFO - Filling up the DagBag from /opt/airflow/dags/etl_sederhana_25_572885_PPA_07200.py
[2026-09-17T15:22:08.520+0000] {processor.py:925} INFO - DAG(s) 'etl_sederhana_25_572885_PPA_07200' retrieved from /opt/airflow/dags/etl_sederhana_25_572885_PPA_07200.py
[2026-09-17T15:22:08.573+0000] {logging_mixin.py:190} INFO - [2026-09-17T15:22:08.572+0000] {dag.py:3239} INFO - Sync 1 DAGs
[2026-09-17T15:22:08.618+0000] {logging_mixin.py:190} INFO - [2026-09-17T15:22:08.618+0000] {dag.py:4180} INFO - Setting next_dagrun for etl_sederhana_25_572885_PPA_07200 to 2026-09-17 00:00:00+00:00, run_after=2026-09-18 00:00:00+00:00
[2026-09-17T15:22:08.712+0000] {processor.py:208} INFO - Processing /opt/airflow/dags/etl_sederhana_25_572885_PPA_07200.py took 1.344 seconds
[2026-09-17T15:22:39.372+0000] {processor.py:186} INFO - Started process (PID=2317) to work on /opt/airflow/dags/etl_sederhana_25_572885_PPA_07200.py
[2026-09-17T15:22:39.376+0000] {processor.py:914} INFO - Processing file /opt/airflow/dags/etl_sederhana_25_572885_PPA_07200.py for tasks to queue
[2026-09-17T15:22:39.383+0000] {logging_mixin.py:190} INFO - [2026-09-17T15:22:39.383+0000] {dagbag.py:588} INFO - Filling up the DagBag from /opt/airflow/dags/etl_sederhana_25_572885_PPA_07200.py
[2026-09-17T15:22:41.107+0000] {processor.py:925} INFO - DAG(s) 'etl_sederhana_25_572885_PPA_07200' retrieved from /opt/airflow/dags/etl_sederhana_25_572885_PPA_07200.py
[2026-09-17T15:22:41.165+0000] {logging_mixin.py:190} INFO - [2026-09-17T15:22:41.162+0000] {dag.py:3239} INFO - Sync 1 DAGs
[2026-09-17T15:22:41.211+0000] {logging_mixin.py:190} INFO - [2026-09-17T15:22:41.211+0000] {dag.py:4180} INFO - Setting next_dagrun for etl_sederhana_25_572885_PPA_07200 to 2026-09-17 00:00:00+00:00, run_after=2026-09-18 00:00:00+00:00
[2026-09-17T15:22:41.258+0000] {processor.py:208} INFO - Processing /opt/airflow/dags/etl_sederhana_25_572885_PPA_07200.py took 1.895 seconds
[2026-09-17T15:23:11.487+0000] {processor.py:186} INFO - Started process (PID=2327) to work on /opt/airflow/dags/etl_sederhana_25_572885_PPA_07200.py
[2026-09-17T15:23:11.503+0000] {processor.py:914} INFO - Processing file /opt/airflow/dags/etl_sederhana_25_572885_PPA_07200.py for tasks to queue
[2026-09-17T15:23:11.582+0000] {logging_mixin.py:190} INFO - [2026-09-17T15:23:11.565+0000] {dagbag.py:588} INFO - Filling up the DagBag from /opt/airflow/dags/etl_sederhana_25_572885_PPA_07200.py
[2026-09-17T15:23:15.178+0000] {processor.py:925} INFO - DAG(s) 'etl_sederhana_25_572885_PPA_07200' retrieved from /opt/airflow/dags/etl_sederhana_25_572885_PPA_07200.py
[2026-09-17T15:23:15.217+0000] {logging_mixin.py:190} INFO - [2026-09-17T15:23:15.216+0000] {dag.py:3239} INFO - Sync 1 DAGs
[2026-09-17T15:23:15.258+0000] {logging_mixin.py:190} INFO - [2026-09-17T15:23:15.257+0000] {dag.py:4180} INFO - Setting next_dagrun for etl_sederhana_25_572885_PPA_07200 to 2026-09-17 00:00:00+00:00, run_after=2026-09-18 00:00:00+00:00
[2026-09-17T15:23:15.300+0000] {processor.py:208} INFO - Processing /opt/airflow/dags/etl_sederhana_25_572885_PPA_07200.py took 3.824 seconds
[2026-09-17T15:23:45.709+0000] {processor.py:186} INFO - Started process (PID=2336) to work on /opt/airflow/dags/etl_sederhana_25_572885_PPA_07200.py
[2026-09-17T15:23:45.736+0000] {processor.py:914} INFO - Processing file /opt/airflow/dags/etl_sederhana_25_572885_PPA_07200.py for tasks to queue
[2026-09-17T15:23:45.768+0000] {logging_mixin.py:190} INFO - [2026-09-17T15:23:45.767+0000] {dagbag.py:588} INFO - Filling up the DagBag from /opt/airflow/dags/etl_sederhana_25_572885_PPA_07200.py
[2026-09-17T15:23:47.150+0000] {processor.py:925} INFO - DAG(s) 'etl_sederhana_25_572885_PPA_07200' retrieved from /opt/airflow/dags/etl_sederhana_25_572885_PPA_07200.py
[2026-09-17T15:23:47.179+0000] {logging_mixin.py:190} INFO - [2026-09-17T15:23:47.178+0000] {dag.py:3239} INFO - Sync 1 DAGs
[2026-09-17T15:23:47.235+0000] {logging_mixin.py:190} INFO - [2026-09-17T15:23:47.235+0000] {dag.py:4180} INFO - Setting next_dagrun for etl_sederhana_25_572885_PPA_07200 to 2026-09-17 00:00:00+00:00, run_after=2026-09-18 00:00:00+00:00
[2026-09-17T15:23:47.307+0000] {processor.py:208} INFO - Processing /opt/airflow/dags/etl_sederhana_25_572885_PPA_07200.py took 1.606 seconds
[2026-09-17T15:24:17.579+0000] {processor.py:186} INFO - Started process (PID=2345) to work on /opt/airflow/dags/etl_sederhana_25_572885_PPA_07200.py
[2026-09-17T15:24:17.583+0000] {processor.py:914} INFO - Processing file /opt/airflow/dags/etl_sederhana_25_572885_PPA_07200.py for tasks to queue
[2026-09-17T15:24:17.589+0000] {logging_mixin.py:190} INFO - [2026-09-17T15:24:17.588+0000] {dagbag.py:588} INFO - Filling up the DagBag from /opt/airflow/dags/etl_sederhana_25_572885_PPA_07200.py
[2026-09-17T15:24:18.789+0000] {processor.py:925} INFO - DAG(s) 'etl_sederhana_25_572885_PPA_07200' retrieved from /opt/airflow/dags/etl_sederhana_25_572885_PPA_07200.py
[2026-09-17T15:24:18.817+0000] {logging_mixin.py:190} INFO - [2026-09-17T15:24:18.816+0000] {dag.py:3239} INFO - Sync 1 DAGs
[2026-09-17T15:24:18.841+0000] {logging_mixin.py:190} INFO - [2026-09-17T15:24:18.841+0000] {dag.py:4180} INFO - Setting next_dagrun for etl_sederhana_25_572885_PPA_07200 to 2026-09-17 00:00:00+00:00, run_after=2026-09-18 00:00:00+00:00
[2026-09-17T15:24:18.867+0000] {processor.py:208} INFO - Processing /opt/airflow/dags/etl_sederhana_25_572885_PPA_07200.py took 1.301 seconds
[2026-09-17T15:24:49.201+0000] {processor.py:186} INFO - Started process (PID=2354) to work on /opt/airflow/dags/etl_sederhana_25_572885_PPA_07200.py
[2026-09-17T15:24:49.203+0000] {processor.py:914} INFO - Processing file /opt/airflow/dags/etl_sederhana_25_572885_PPA_07200.py for tasks to queue
[2026-09-17T15:24:49.208+0000] {logging_mixin.py:190} INFO - [2026-09-17T15:24:49.207+0000] {dagbag.py:588} INFO - Filling up the DagBag from /opt/airflow/dags/etl_sederhana_25_572885_PPA_07200.py
[2026-09-17T15:24:50.417+0000] {processor.py:925} INFO - DAG(s) 'etl_sederhana_25_572885_PPA_07200' retrieved from /opt/airflow/dags/etl_sederhana_25_572885_PPA_07200.py
[2026-09-17T15:24:50.443+0000] {logging_mixin.py:190} INFO - [2026-09-17T15:24:50.442+0000] {dag.py:3239} INFO - Sync 1 DAGs
[2026-09-17T15:24:50.467+0000] {logging_mixin.py:190} INFO - [2026-09-17T15:24:50.466+0000] {dag.py:4180} INFO - Setting next_dagrun for etl_sederhana_25_572885_PPA_07200 to 2026-09-17 00:00:00+00:00, run_after=2026-09-18 00:00:00+00:00
[2026-09-17T15:24:50.492+0000] {processor.py:208} INFO - Processing /opt/airflow/dags/etl_sederhana_25_572885_PPA_07200.py took 1.298 seconds
[2026-09-17T15:25:20.806+0000] {processor.py:186} INFO - Started process (PID=2370) to work on /opt/airflow/dags/etl_sederhana_25_572885_PPA_07200.py
[2026-09-17T15:25:20.808+0000] {processor.py:914} INFO - Processing file /opt/airflow/dags/etl_sederhana_25_572885_PPA_07200.py for tasks to queue
[2026-09-17T15:25:20.818+0000] {logging_mixin.py:190} INFO - [2026-09-17T15:25:20.817+0000] {dagbag.py:588} INFO - Filling up the DagBag from /opt/airflow/dags/etl_sederhana_25_572885_PPA_07200.py
[2026-09-17T15:25:22.058+0000] {processor.py:925} INFO - DAG(s) 'etl_sederhana_25_572885_PPA_07200' retrieved from /opt/airflow/dags/etl_sederhana_25_572885_PPA_07200.py
[2026-09-17T15:25:22.094+0000] {logging_mixin.py:190} INFO - [2026-09-17T15:25:22.093+0000] {dag.py:3239} INFO - Sync 1 DAGs
[2026-09-17T15:25:22.133+0000] {logging_mixin.py:190} INFO - [2026-09-17T15:25:22.133+0000] {dag.py:4180} INFO - Setting next_dagrun for etl_sederhana_25_572885_PPA_07200 to 2026-09-17 00:00:00+00:00, run_after=2026-09-18 00:00:00+00:00
[2026-09-17T15:25:22.206+0000] {processor.py:208} INFO - Processing /opt/airflow/dags/etl_sederhana_25_572885_PPA_07200.py took 1.414 seconds
[2026-09-17T15:25:52.714+0000] {processor.py:186} INFO - Started process (PID=2379) to work on /opt/airflow/dags/etl_sederhana_25_572885_PPA_07200.py
[2026-09-17T15:25:52.719+0000] {processor.py:914} INFO - Processing file /opt/airflow/dags/etl_sederhana_25_572885_PPA_07200.py for tasks to queue
[2026-09-17T15:25:52.730+0000] {logging_mixin.py:190} INFO - [2026-09-17T15:25:52.729+0000] {dagbag.py:588} INFO - Filling up the DagBag from /opt/airflow/dags/etl_sederhana_25_572885_PPA_07200.py
[2026-09-17T15:25:53.920+0000] {processor.py:925} INFO - DAG(s) 'etl_sederhana_25_572885_PPA_07200' retrieved from /opt/airflow/dags/etl_sederhana_25_572885_PPA_07200.py
[2026-09-17T15:25:53.945+0000] {logging_mixin.py:190} INFO - [2026-09-17T15:25:53.945+0000] {dag.py:3239} INFO - Sync 1 DAGs
[2026-09-17T15:25:53.984+0000] {logging_mixin.py:190} INFO - [2026-09-17T15:25:53.983+0000] {dag.py:4180} INFO - Setting next_dagrun for etl_sederhana_25_572885_PPA_07200 to 2026-09-17 00:00:00+00:00, run_after=2026-09-18 00:00:00+00:00
[2026-09-17T15:25:54.045+0000] {processor.py:208} INFO - Processing /opt/airflow/dags/etl_sederhana_25_572885_PPA_07200.py took 1.346 seconds
[2026-09-17T15:26:24.324+0000] {processor.py:186} INFO - Started process (PID=2388) to work on /opt/airflow/dags/etl_sederhana_25_572885_PPA_07200.py
[2026-09-17T15:26:24.327+0000] {processor.py:914} INFO - Processing file /opt/airflow/dags/etl_sederhana_25_572885_PPA_07200.py for tasks to queue
[2026-09-17T15:26:24.332+0000] {logging_mixin.py:190} INFO - [2026-09-17T15:26:24.331+0000] {dagbag.py:588} INFO - Filling up the DagBag from /opt/airflow/dags/etl_sederhana_25_572885_PPA_07200.py
[2026-09-17T15:26:25.485+0000] {processor.py:925} INFO - DAG(s) 'etl_sederhana_25_572885_PPA_07200' retrieved from /opt/airflow/dags/etl_sederhana_25_572885_PPA_07200.py
[2026-09-17T15:26:25.505+0000] {logging_mixin.py:190} INFO - [2026-09-17T15:26:25.504+0000] {dag.py:3239} INFO - Sync 1 DAGs
[2026-09-17T15:26:25.532+0000] {logging_mixin.py:190} INFO - [2026-09-17T15:26:25.532+0000] {dag.py:4180} INFO - Setting next_dagrun for etl_sederhana_25_572885_PPA_07200 to 2026-09-17 00:00:00+00:00, run_after=2026-09-18 00:00:00+00:00
[2026-09-17T15:26:25.560+0000] {processor.py:208} INFO - Processing /opt/airflow/dags/etl_sederhana_25_572885_PPA_07200.py took 1.248 seconds
[2026-09-17T15:26:55.799+0000] {processor.py:186} INFO - Started process (PID=2397) to work on /opt/airflow/dags/etl_sederhana_25_572885_PPA_07200.py
[2026-09-17T15:26:55.802+0000] {processor.py:914} INFO - Processing file /opt/airflow/dags/etl_sederhana_25_572885_PPA_07200.py for tasks to queue
[2026-09-17T15:26:55.808+0000] {logging_mixin.py:190} INFO - [2026-09-17T15:26:55.808+0000] {dagbag.py:588} INFO - Filling up the DagBag from /opt/airflow/dags/etl_sederhana_25_572885_PPA_07200.py
[2026-09-17T15:26:57.094+0000] {processor.py:925} INFO - DAG(s) 'etl_sederhana_25_572885_PPA_07200' retrieved from /opt/airflow/dags/etl_sederhana_25_572885_PPA_07200.py
[2026-09-17T15:26:57.123+0000] {logging_mixin.py:190} INFO - [2026-09-17T15:26:57.123+0000] {dag.py:3239} INFO - Sync 1 DAGs
[2026-09-17T15:26:57.153+0000] {logging_mixin.py:190} INFO - [2026-09-17T15:26:57.153+0000] {dag.py:4180} INFO - Setting next_dagrun for etl_sederhana_25_572885_PPA_07200 to 2026-09-17 00:00:00+00:00, run_after=2026-09-18 00:00:00+00:00
[2026-09-17T15:26:57.183+0000] {processor.py:208} INFO - Processing /opt/airflow/dags/etl_sederhana_25_572885_PPA_07200.py took 1.397 seconds
[2026-09-17T15:27:27.432+0000] {processor.py:186} INFO - Started process (PID=2406) to work on /opt/airflow/dags/etl_sederhana_25_572885_PPA_07200.py
[2026-09-17T15:27:27.436+0000] {processor.py:914} INFO - Processing file /opt/airflow/dags/etl_sederhana_25_572885_PPA_07200.py for tasks to queue
[2026-09-17T15:27:27.442+0000] {logging_mixin.py:190} INFO - [2026-09-17T15:27:27.441+0000] {dagbag.py:588} INFO - Filling up the DagBag from /opt/airflow/dags/etl_sederhana_25_572885_PPA_07200.py
[2026-09-17T15:27:28.624+0000] {processor.py:925} INFO - DAG(s) 'etl_sederhana_25_572885_PPA_07200' retrieved from /opt/airflow/dags/etl_sederhana_25_572885_PPA_07200.py
[2026-09-17T15:27:28.650+0000] {logging_mixin.py:190} INFO - [2026-09-17T15:27:28.650+0000] {dag.py:3239} INFO - Sync 1 DAGs
[2026-09-17T15:27:28.680+0000] {logging_mixin.py:190} INFO - [2026-09-17T15:27:28.679+0000] {dag.py:4180} INFO - Setting next_dagrun for etl_sederhana_25_572885_PPA_07200 to 2026-09-17 00:00:00+00:00, run_after=2026-09-18 00:00:00+00:00
[2026-09-17T15:27:28.707+0000] {processor.py:208} INFO - Processing /opt/airflow/dags/etl_sederhana_25_572885_PPA_07200.py took 1.289 seconds
[2026-09-17T15:27:59.270+0000] {processor.py:186} INFO - Started process (PID=2415) to work on /opt/airflow/dags/etl_sederhana_25_572885_PPA_07200.py
[2026-09-17T15:27:59.361+0000] {processor.py:914} INFO - Processing file /opt/airflow/dags/etl_sederhana_25_572885_PPA_07200.py for tasks to queue
[2026-09-17T15:27:59.378+0000] {logging_mixin.py:190} INFO - [2026-09-17T15:27:59.377+0000] {dagbag.py:588} INFO - Filling up the DagBag from /opt/airflow/dags/etl_sederhana_25_572885_PPA_07200.py
[2026-09-17T15:28:00.783+0000] {processor.py:925} INFO - DAG(s) 'etl_sederhana_25_572885_PPA_07200' retrieved from /opt/airflow/dags/etl_sederhana_25_572885_PPA_07200.py
[2026-09-17T15:28:00.813+0000] {logging_mixin.py:190} INFO - [2026-09-17T15:28:00.812+0000] {dag.py:3239} INFO - Sync 1 DAGs
[2026-09-17T15:28:00.840+0000] {logging_mixin.py:190} INFO - [2026-09-17T15:28:00.839+0000] {dag.py:4180} INFO - Setting next_dagrun for etl_sederhana_25_572885_PPA_07200 to 2026-09-17 00:00:00+00:00, run_after=2026-09-18 00:00:00+00:00
[2026-09-17T15:28:00.869+0000] {processor.py:208} INFO - Processing /opt/airflow/dags/etl_sederhana_25_572885_PPA_07200.py took 1.610 seconds
[2026-09-17T15:28:31.157+0000] {processor.py:186} INFO - Started process (PID=2424) to work on /opt/airflow/dags/etl_sederhana_25_572885_PPA_07200.py
[2026-09-17T15:28:31.160+0000] {processor.py:914} INFO - Processing file /opt/airflow/dags/etl_sederhana_25_572885_PPA_07200.py for tasks to queue
[2026-09-17T15:28:31.165+0000] {logging_mixin.py:190} INFO - [2026-09-17T15:28:31.164+0000] {dagbag.py:588} INFO - Filling up the DagBag from /opt/airflow/dags/etl_sederhana_25_572885_PPA_07200.py
[2026-09-17T15:28:32.264+0000] {processor.py:925} INFO - DAG(s) 'etl_sederhana_25_572885_PPA_07200' retrieved from /opt/airflow/dags/etl_sederhana_25_572885_PPA_07200.py
[2026-09-17T15:28:32.289+0000] {logging_mixin.py:190} INFO - [2026-09-17T15:28:32.289+0000] {dag.py:3239} INFO - Sync 1 DAGs
[2026-09-17T15:28:32.321+0000] {logging_mixin.py:190} INFO - [2026-09-17T15:28:32.320+0000] {dag.py:4180} INFO - Setting next_dagrun for etl_sederhana_25_572885_PPA_07200 to 2026-09-17 00:00:00+00:00, run_after=2026-09-18 00:00:00+00:00
[2026-09-17T15:28:32.351+0000] {processor.py:208} INFO - Processing /opt/airflow/dags/etl_sederhana_25_572885_PPA_07200.py took 1.202 seconds
[2026-09-17T15:29:02.598+0000] {processor.py:186} INFO - Started process (PID=2433) to work on /opt/airflow/dags/etl_sederhana_25_572885_PPA_07200.py
[2026-09-17T15:29:02.600+0000] {processor.py:914} INFO - Processing file /opt/airflow/dags/etl_sederhana_25_572885_PPA_07200.py for tasks to queue
[2026-09-17T15:29:02.605+0000] {logging_mixin.py:190} INFO - [2026-09-17T15:29:02.604+0000] {dagbag.py:588} INFO - Filling up the DagBag from /opt/airflow/dags/etl_sederhana_25_572885_PPA_07200.py
[2026-09-17T15:29:04.076+0000] {processor.py:925} INFO - DAG(s) 'etl_sederhana_25_572885_PPA_07200' retrieved from /opt/airflow/dags/etl_sederhana_25_572885_PPA_07200.py
[2026-09-17T15:29:04.102+0000] {logging_mixin.py:190} INFO - [2026-09-17T15:29:04.102+0000] {dag.py:3239} INFO - Sync 1 DAGs
[2026-09-17T15:29:04.234+0000] {logging_mixin.py:190} INFO - [2026-09-17T15:29:04.233+0000] {dag.py:4180} INFO - Setting next_dagrun for etl_sederhana_25_572885_PPA_07200 to 2026-09-17 00:00:00+00:00, run_after=2026-09-18 00:00:00+00:00
[2026-09-17T15:29:04.296+0000] {processor.py:208} INFO - Processing /opt/airflow/dags/etl_sederhana_25_572885_PPA_07200.py took 1.708 seconds
[2026-09-17T15:29:34.849+0000] {processor.py:186} INFO - Started process (PID=2442) to work on /opt/airflow/dags/etl_sederhana_25_572885_PPA_07200.py
[2026-09-17T15:29:34.869+0000] {processor.py:914} INFO - Processing file /opt/airflow/dags/etl_sederhana_25_572885_PPA_07200.py for tasks to queue
[2026-09-17T15:29:34.883+0000] {logging_mixin.py:190} INFO - [2026-09-17T15:29:34.882+0000] {dagbag.py:588} INFO - Filling up the DagBag from /opt/airflow/dags/etl_sederhana_25_572885_PPA_07200.py
[2026-09-17T15:29:36.210+0000] {processor.py:925} INFO - DAG(s) 'etl_sederhana_25_572885_PPA_07200' retrieved from /opt/airflow/dags/etl_sederhana_25_572885_PPA_07200.py
[2026-09-17T15:29:36.234+0000] {logging_mixin.py:190} INFO - [2026-09-17T15:29:36.233+0000] {dag.py:3239} INFO - Sync 1 DAGs
[2026-09-17T15:29:36.260+0000] {logging_mixin.py:190} INFO - [2026-09-17T15:29:36.260+0000] {dag.py:4180} INFO - Setting next_dagrun for etl_sederhana_25_572885_PPA_07200 to 2026-09-17 00:00:00+00:00, run_after=2026-09-18 00:00:00+00:00
[2026-09-17T15:29:36.325+0000] {processor.py:208} INFO - Processing /opt/airflow/dags/etl_sederhana_25_572885_PPA_07200.py took 1.497 seconds
[2026-09-17T15:30:07.007+0000] {processor.py:186} INFO - Started process (PID=2451) to work on /opt/airflow/dags/etl_sederhana_25_572885_PPA_07200.py
[2026-09-17T15:30:07.012+0000] {processor.py:914} INFO - Processing file /opt/airflow/dags/etl_sederhana_25_572885_PPA_07200.py for tasks to queue
[2026-09-17T15:30:07.020+0000] {logging_mixin.py:190} INFO - [2026-09-17T15:30:07.019+0000] {dagbag.py:588} INFO - Filling up the DagBag from /opt/airflow/dags/etl_sederhana_25_572885_PPA_07200.py
[2026-09-17T15:30:08.356+0000] {processor.py:925} INFO - DAG(s) 'etl_sederhana_25_572885_PPA_07200' retrieved from /opt/airflow/dags/etl_sederhana_25_572885_PPA_07200.py
[2026-09-17T15:30:08.393+0000] {logging_mixin.py:190} INFO - [2026-09-17T15:30:08.392+0000] {dag.py:3239} INFO - Sync 1 DAGs
[2026-09-17T15:30:08.440+0000] {logging_mixin.py:190} INFO - [2026-09-17T15:30:08.440+0000] {dag.py:4180} INFO - Setting next_dagrun for etl_sederhana_25_572885_PPA_07200 to 2026-09-17 00:00:00+00:00, run_after=2026-09-18 00:00:00+00:00
[2026-09-17T15:30:08.477+0000] {processor.py:208} INFO - Processing /opt/airflow/dags/etl_sederhana_25_572885_PPA_07200.py took 1.491 seconds
[2026-09-17T15:30:38.892+0000] {processor.py:186} INFO - Started process (PID=2460) to work on /opt/airflow/dags/etl_sederhana_25_572885_PPA_07200.py
[2026-09-17T15:30:38.982+0000] {processor.py:914} INFO - Processing file /opt/airflow/dags/etl_sederhana_25_572885_PPA_07200.py for tasks to queue
[2026-09-17T15:30:38.992+0000] {logging_mixin.py:190} INFO - [2026-09-17T15:30:38.991+0000] {dagbag.py:588} INFO - Filling up the DagBag from /opt/airflow/dags/etl_sederhana_25_572885_PPA_07200.py
[2026-09-17T15:30:40.657+0000] {processor.py:925} INFO - DAG(s) 'etl_sederhana_25_572885_PPA_07200' retrieved from /opt/airflow/dags/etl_sederhana_25_572885_PPA_07200.py
[2026-09-17T15:30:40.810+0000] {logging_mixin.py:190} INFO - [2026-09-17T15:30:40.809+0000] {dag.py:3239} INFO - Sync 1 DAGs
[2026-09-17T15:30:40.960+0000] {logging_mixin.py:190} INFO - [2026-09-17T15:30:40.959+0000] {dag.py:4180} INFO - Setting next_dagrun for etl_sederhana_25_572885_PPA_07200 to 2026-09-17 00:00:00+00:00, run_after=2026-09-18 00:00:00+00:00
[2026-09-17T15:30:41.037+0000] {processor.py:208} INFO - Processing /opt/airflow/dags/etl_sederhana_25_572885_PPA_07200.py took 2.153 seconds
[2026-09-17T15:31:11.460+0000] {processor.py:186} INFO - Started process (PID=2469) to work on /opt/airflow/dags/etl_sederhana_25_572885_PPA_07200.py
[2026-09-17T15:31:11.465+0000] {processor.py:914} INFO - Processing file /opt/airflow/dags/etl_sederhana_25_572885_PPA_07200.py for tasks to queue
[2026-09-17T15:31:11.472+0000] {logging_mixin.py:190} INFO - [2026-09-17T15:31:11.471+0000] {dagbag.py:588} INFO - Filling up the DagBag from /opt/airflow/dags/etl_sederhana_25_572885_PPA_07200.py
[2026-09-17T15:31:13.101+0000] {processor.py:925} INFO - DAG(s) 'etl_sederhana_25_572885_PPA_07200' retrieved from /opt/airflow/dags/etl_sederhana_25_572885_PPA_07200.py
[2026-09-17T15:31:13.132+0000] {logging_mixin.py:190} INFO - [2026-09-17T15:31:13.131+0000] {dag.py:3239} INFO - Sync 1 DAGs
[2026-09-17T15:31:13.159+0000] {logging_mixin.py:190} INFO - [2026-09-17T15:31:13.158+0000] {dag.py:4180} INFO - Setting next_dagrun for etl_sederhana_25_572885_PPA_07200 to 2026-09-17 00:00:00+00:00, run_after=2026-09-18 00:00:00+00:00
[2026-09-17T15:31:13.188+0000] {processor.py:208} INFO - Processing /opt/airflow/dags/etl_sederhana_25_572885_PPA_07200.py took 1.735 seconds
[2026-09-17T15:31:43.438+0000] {processor.py:186} INFO - Started process (PID=2478) to work on /opt/airflow/dags/etl_sederhana_25_572885_PPA_07200.py
[2026-09-17T15:31:43.441+0000] {processor.py:914} INFO - Processing file /opt/airflow/dags/etl_sederhana_25_572885_PPA_07200.py for tasks to queue
[2026-09-17T15:31:43.447+0000] {logging_mixin.py:190} INFO - [2026-09-17T15:31:43.446+0000] {dagbag.py:588} INFO - Filling up the DagBag from /opt/airflow/dags/etl_sederhana_25_572885_PPA_07200.py
[2026-09-17T15:31:44.606+0000] {processor.py:925} INFO - DAG(s) 'etl_sederhana_25_572885_PPA_07200' retrieved from /opt/airflow/dags/etl_sederhana_25_572885_PPA_07200.py
[2026-09-17T15:31:44.633+0000] {logging_mixin.py:190} INFO - [2026-09-17T15:31:44.633+0000] {dag.py:3239} INFO - Sync 1 DAGs
[2026-09-17T15:31:44.656+0000] {logging_mixin.py:190} INFO - [2026-09-17T15:31:44.655+0000] {dag.py:4180} INFO - Setting next_dagrun for etl_sederhana_25_572885_PPA_07200 to 2026-09-17 00:00:00+00:00, run_after=2026-09-18 00:00:00+00:00
[2026-09-17T15:31:44.681+0000] {processor.py:208} INFO - Processing /opt/airflow/dags/etl_sederhana_25_572885_PPA_07200.py took 1.254 seconds
[2026-09-17T15:32:15.284+0000] {processor.py:186} INFO - Started process (PID=2488) to work on /opt/airflow/dags/etl_sederhana_25_572885_PPA_07200.py
[2026-09-17T15:32:15.319+0000] {processor.py:914} INFO - Processing file /opt/airflow/dags/etl_sederhana_25_572885_PPA_07200.py for tasks to queue
[2026-09-17T15:32:15.344+0000] {logging_mixin.py:190} INFO - [2026-09-17T15:32:15.343+0000] {dagbag.py:588} INFO - Filling up the DagBag from /opt/airflow/dags/etl_sederhana_25_572885_PPA_07200.py
[2026-09-17T15:32:16.865+0000] {processor.py:925} INFO - DAG(s) 'etl_sederhana_25_572885_PPA_07200' retrieved from /opt/airflow/dags/etl_sederhana_25_572885_PPA_07200.py
[2026-09-17T15:32:16.890+0000] {logging_mixin.py:190} INFO - [2026-09-17T15:32:16.890+0000] {dag.py:3239} INFO - Sync 1 DAGs
[2026-09-17T15:32:16.917+0000] {logging_mixin.py:190} INFO - [2026-09-17T15:32:16.917+0000] {dag.py:4180} INFO - Setting next_dagrun for etl_sederhana_25_572885_PPA_07200 to 2026-09-17 00:00:00+00:00, run_after=2026-09-18 00:00:00+00:00
[2026-09-17T15:32:16.959+0000] {processor.py:208} INFO - Processing /opt/airflow/dags/etl_sederhana_25_572885_PPA_07200.py took 1.688 seconds
[2026-09-17T15:32:48.052+0000] {processor.py:186} INFO - Started process (PID=2497) to work on /opt/airflow/dags/etl_sederhana_25_572885_PPA_07200.py
[2026-09-17T15:32:48.136+0000] {processor.py:914} INFO - Processing file /opt/airflow/dags/etl_sederhana_25_572885_PPA_07200.py for tasks to queue
[2026-09-17T15:32:48.148+0000] {logging_mixin.py:190} INFO - [2026-09-17T15:32:48.147+0000] {dagbag.py:588} INFO - Filling up the DagBag from /opt/airflow/dags/etl_sederhana_25_572885_PPA_07200.py
[2026-09-17T15:32:49.827+0000] {processor.py:925} INFO - DAG(s) 'etl_sederhana_25_572885_PPA_07200' retrieved from /opt/airflow/dags/etl_sederhana_25_572885_PPA_07200.py
[2026-09-17T15:32:49.851+0000] {logging_mixin.py:190} INFO - [2026-09-17T15:32:49.850+0000] {dag.py:3239} INFO - Sync 1 DAGs
[2026-09-17T15:32:49.879+0000] {logging_mixin.py:190} INFO - [2026-09-17T15:32:49.879+0000] {dag.py:4180} INFO - Setting next_dagrun for etl_sederhana_25_572885_PPA_07200 to 2026-09-17 00:00:00+00:00, run_after=2026-09-18 00:00:00+00:00
[2026-09-17T15:32:49.909+0000] {processor.py:208} INFO - Processing /opt/airflow/dags/etl_sederhana_25_572885_PPA_07200.py took 1.866 seconds
[2026-09-17T15:33:21.030+0000] {processor.py:186} INFO - Started process (PID=2506) to work on /opt/airflow/dags/etl_sederhana_25_572885_PPA_07200.py
[2026-09-17T15:33:21.043+0000] {processor.py:914} INFO - Processing file /opt/airflow/dags/etl_sederhana_25_572885_PPA_07200.py for tasks to queue
[2026-09-17T15:33:21.063+0000] {logging_mixin.py:190} INFO - [2026-09-17T15:33:21.061+0000] {dagbag.py:588} INFO - Filling up the DagBag from /opt/airflow/dags/etl_sederhana_25_572885_PPA_07200.py
[2026-09-17T15:33:24.947+0000] {processor.py:925} INFO - DAG(s) 'etl_sederhana_25_572885_PPA_07200' retrieved from /opt/airflow/dags/etl_sederhana_25_572885_PPA_07200.py
[2026-09-17T15:33:25.086+0000] {logging_mixin.py:190} INFO - [2026-09-17T15:33:25.081+0000] {dag.py:3239} INFO - Sync 1 DAGs
[2026-09-17T15:33:25.227+0000] {logging_mixin.py:190} INFO - [2026-09-17T15:33:25.225+0000] {dag.py:4180} INFO - Setting next_dagrun for etl_sederhana_25_572885_PPA_07200 to 2026-09-17 00:00:00+00:00, run_after=2026-09-18 00:00:00+00:00
[2026-09-17T15:33:25.358+0000] {processor.py:208} INFO - Processing /opt/airflow/dags/etl_sederhana_25_572885_PPA_07200.py took 4.359 seconds
[2026-09-17T15:33:56.326+0000] {processor.py:186} INFO - Started process (PID=2523) to work on /opt/airflow/dags/etl_sederhana_25_572885_PPA_07200.py
[2026-09-17T15:33:56.331+0000] {processor.py:914} INFO - Processing file /opt/airflow/dags/etl_sederhana_25_572885_PPA_07200.py for tasks to queue
[2026-09-17T15:33:56.339+0000] {logging_mixin.py:190} INFO - [2026-09-17T15:33:56.338+0000] {dagbag.py:588} INFO - Filling up the DagBag from /opt/airflow/dags/etl_sederhana_25_572885_PPA_07200.py
[2026-09-17T15:33:57.692+0000] {processor.py:925} INFO - DAG(s) 'etl_sederhana_25_572885_PPA_07200' retrieved from /opt/airflow/dags/etl_sederhana_25_572885_PPA_07200.py
[2026-09-17T15:33:57.737+0000] {logging_mixin.py:190} INFO - [2026-09-17T15:33:57.735+0000] {dag.py:3239} INFO - Sync 1 DAGs
[2026-09-17T15:33:57.888+0000] {logging_mixin.py:190} INFO - [2026-09-17T15:33:57.887+0000] {dag.py:4180} INFO - Setting next_dagrun for etl_sederhana_25_572885_PPA_07200 to 2026-09-17 00:00:00+00:00, run_after=2026-09-18 00:00:00+00:00
[2026-09-17T15:33:58.195+0000] {processor.py:208} INFO - Processing /opt/airflow/dags/etl_sederhana_25_572885_PPA_07200.py took 1.882 seconds
[2026-09-17T15:34:28.872+0000] {processor.py:186} INFO - Started process (PID=2532) to work on /opt/airflow/dags/etl_sederhana_25_572885_PPA_07200.py
[2026-09-17T15:34:28.888+0000] {processor.py:914} INFO - Processing file /opt/airflow/dags/etl_sederhana_25_572885_PPA_07200.py for tasks to queue
[2026-09-17T15:34:28.911+0000] {logging_mixin.py:190} INFO - [2026-09-17T15:34:28.909+0000] {dagbag.py:588} INFO - Filling up the DagBag from /opt/airflow/dags/etl_sederhana_25_572885_PPA_07200.py
[2026-09-17T15:34:34.605+0000] {processor.py:925} INFO - DAG(s) 'etl_sederhana_25_572885_PPA_07200' retrieved from /opt/airflow/dags/etl_sederhana_25_572885_PPA_07200.py
[2026-09-17T15:34:34.670+0000] {logging_mixin.py:190} INFO - [2026-09-17T15:34:34.669+0000] {dag.py:3239} INFO - Sync 1 DAGs
[2026-09-17T15:34:34.742+0000] {logging_mixin.py:190} INFO - [2026-09-17T15:34:34.742+0000] {dag.py:4180} INFO - Setting next_dagrun for etl_sederhana_25_572885_PPA_07200 to 2026-09-17 00:00:00+00:00, run_after=2026-09-18 00:00:00+00:00
[2026-09-17T15:34:35.110+0000] {processor.py:208} INFO - Processing /opt/airflow/dags/etl_sederhana_25_572885_PPA_07200.py took 6.279 seconds
[2026-09-17T15:35:06.596+0000] {processor.py:186} INFO - Started process (PID=2541) to work on /opt/airflow/dags/etl_sederhana_25_572885_PPA_07200.py
[2026-09-17T15:35:06.666+0000] {processor.py:914} INFO - Processing file /opt/airflow/dags/etl_sederhana_25_572885_PPA_07200.py for tasks to queue
[2026-09-17T15:35:06.688+0000] {logging_mixin.py:190} INFO - [2026-09-17T15:35:06.687+0000] {dagbag.py:588} INFO - Filling up the DagBag from /opt/airflow/dags/etl_sederhana_25_572885_PPA_07200.py
[2026-09-17T15:35:08.862+0000] {processor.py:925} INFO - DAG(s) 'etl_sederhana_25_572885_PPA_07200' retrieved from /opt/airflow/dags/etl_sederhana_25_572885_PPA_07200.py
[2026-09-17T15:35:08.932+0000] {logging_mixin.py:190} INFO - [2026-09-17T15:35:08.931+0000] {dag.py:3239} INFO - Sync 1 DAGs
[2026-09-17T15:35:09.000+0000] {logging_mixin.py:190} INFO - [2026-09-17T15:35:08.999+0000] {dag.py:4180} INFO - Setting next_dagrun for etl_sederhana_25_572885_PPA_07200 to 2026-09-17 00:00:00+00:00, run_after=2026-09-18 00:00:00+00:00
[2026-09-17T15:35:09.104+0000] {processor.py:208} INFO - Processing /opt/airflow/dags/etl_sederhana_25_572885_PPA_07200.py took 2.542 seconds
[2026-09-17T15:35:39.528+0000] {processor.py:186} INFO - Started process (PID=2550) to work on /opt/airflow/dags/etl_sederhana_25_572885_PPA_07200.py
[2026-09-17T15:35:39.533+0000] {processor.py:914} INFO - Processing file /opt/airflow/dags/etl_sederhana_25_572885_PPA_07200.py for tasks to queue
[2026-09-17T15:35:39.538+0000] {logging_mixin.py:190} INFO - [2026-09-17T15:35:39.537+0000] {dagbag.py:588} INFO - Filling up the DagBag from /opt/airflow/dags/etl_sederhana_25_572885_PPA_07200.py
[2026-09-17T15:35:40.822+0000] {processor.py:925} INFO - DAG(s) 'etl_sederhana_25_572885_PPA_07200' retrieved from /opt/airflow/dags/etl_sederhana_25_572885_PPA_07200.py
[2026-09-17T15:35:40.860+0000] {logging_mixin.py:190} INFO - [2026-09-17T15:35:40.860+0000] {dag.py:3239} INFO - Sync 1 DAGs
[2026-09-17T15:35:40.893+0000] {logging_mixin.py:190} INFO - [2026-09-17T15:35:40.893+0000] {dag.py:4180} INFO - Setting next_dagrun for etl_sederhana_25_572885_PPA_07200 to 2026-09-17 00:00:00+00:00, run_after=2026-09-18 00:00:00+00:00
[2026-09-17T15:35:40.947+0000] {processor.py:208} INFO - Processing /opt/airflow/dags/etl_sederhana_25_572885_PPA_07200.py took 1.431 seconds
[2026-09-17T15:36:11.151+0000] {processor.py:186} INFO - Started process (PID=2559) to work on /opt/airflow/dags/etl_sederhana_25_572885_PPA_07200.py
[2026-09-17T15:36:11.154+0000] {processor.py:914} INFO - Processing file /opt/airflow/dags/etl_sederhana_25_572885_PPA_07200.py for tasks to queue
[2026-09-17T15:36:11.162+0000] {logging_mixin.py:190} INFO - [2026-09-17T15:36:11.161+0000] {dagbag.py:588} INFO - Filling up the DagBag from /opt/airflow/dags/etl_sederhana_25_572885_PPA_07200.py
[2026-09-17T15:36:13.257+0000] {processor.py:925} INFO - DAG(s) 'etl_sederhana_25_572885_PPA_07200' retrieved from /opt/airflow/dags/etl_sederhana_25_572885_PPA_07200.py
[2026-09-17T15:36:13.293+0000] {logging_mixin.py:190} INFO - [2026-09-17T15:36:13.292+0000] {dag.py:3239} INFO - Sync 1 DAGs
[2026-09-17T15:36:13.341+0000] {logging_mixin.py:190} INFO - [2026-09-17T15:36:13.341+0000] {dag.py:4180} INFO - Setting next_dagrun for etl_sederhana_25_572885_PPA_07200 to 2026-09-17 00:00:00+00:00, run_after=2026-09-18 00:00:00+00:00
[2026-09-17T15:36:13.406+0000] {processor.py:208} INFO - Processing /opt/airflow/dags/etl_sederhana_25_572885_PPA_07200.py took 2.265 seconds
[2026-09-17T15:36:43.788+0000] {processor.py:186} INFO - Started process (PID=2569) to work on /opt/airflow/dags/etl_sederhana_25_572885_PPA_07200.py
[2026-09-17T15:36:43.792+0000] {processor.py:914} INFO - Processing file /opt/airflow/dags/etl_sederhana_25_572885_PPA_07200.py for tasks to queue
[2026-09-17T15:36:43.798+0000] {logging_mixin.py:190} INFO - [2026-09-17T15:36:43.797+0000] {dagbag.py:588} INFO - Filling up the DagBag from /opt/airflow/dags/etl_sederhana_25_572885_PPA_07200.py
[2026-09-17T15:36:46.085+0000] {processor.py:925} INFO - DAG(s) 'etl_sederhana_25_572885_PPA_07200' retrieved from /opt/airflow/dags/etl_sederhana_25_572885_PPA_07200.py
[2026-09-17T15:36:46.117+0000] {logging_mixin.py:190} INFO - [2026-09-17T15:36:46.116+0000] {dag.py:3239} INFO - Sync 1 DAGs
[2026-09-17T15:36:46.151+0000] {logging_mixin.py:190} INFO - [2026-09-17T15:36:46.150+0000] {dag.py:4180} INFO - Setting next_dagrun for etl_sederhana_25_572885_PPA_07200 to 2026-09-17 00:00:00+00:00, run_after=2026-09-18 00:00:00+00:00
[2026-09-17T15:36:46.193+0000] {processor.py:208} INFO - Processing /opt/airflow/dags/etl_sederhana_25_572885_PPA_07200.py took 2.414 seconds
[2026-09-17T15:37:16.786+0000] {processor.py:186} INFO - Started process (PID=2578) to work on /opt/airflow/dags/etl_sederhana_25_572885_PPA_07200.py
[2026-09-17T15:37:16.790+0000] {processor.py:914} INFO - Processing file /opt/airflow/dags/etl_sederhana_25_572885_PPA_07200.py for tasks to queue
[2026-09-17T15:37:16.797+0000] {logging_mixin.py:190} INFO - [2026-09-17T15:37:16.796+0000] {dagbag.py:588} INFO - Filling up the DagBag from /opt/airflow/dags/etl_sederhana_25_572885_PPA_07200.py
[2026-09-17T15:37:18.081+0000] {processor.py:925} INFO - DAG(s) 'etl_sederhana_25_572885_PPA_07200' retrieved from /opt/airflow/dags/etl_sederhana_25_572885_PPA_07200.py
[2026-09-17T15:37:18.112+0000] {logging_mixin.py:190} INFO - [2026-09-17T15:37:18.110+0000] {dag.py:3239} INFO - Sync 1 DAGs
[2026-09-17T15:37:18.145+0000] {logging_mixin.py:190} INFO - [2026-09-17T15:37:18.145+0000] {dag.py:4180} INFO - Setting next_dagrun for etl_sederhana_25_572885_PPA_07200 to 2026-09-17 00:00:00+00:00, run_after=2026-09-18 00:00:00+00:00
[2026-09-17T15:37:18.182+0000] {processor.py:208} INFO - Processing /opt/airflow/dags/etl_sederhana_25_572885_PPA_07200.py took 1.410 seconds
[2026-09-17T15:37:48.957+0000] {processor.py:186} INFO - Started process (PID=2587) to work on /opt/airflow/dags/etl_sederhana_25_572885_PPA_07200.py
[2026-09-17T15:37:49.008+0000] {processor.py:914} INFO - Processing file /opt/airflow/dags/etl_sederhana_25_572885_PPA_07200.py for tasks to queue
[2026-09-17T15:37:49.056+0000] {logging_mixin.py:190} INFO - [2026-09-17T15:37:49.055+0000] {dagbag.py:588} INFO - Filling up the DagBag from /opt/airflow/dags/etl_sederhana_25_572885_PPA_07200.py
[2026-09-17T15:37:51.040+0000] {processor.py:925} INFO - DAG(s) 'etl_sederhana_25_572885_PPA_07200' retrieved from /opt/airflow/dags/etl_sederhana_25_572885_PPA_07200.py
[2026-09-17T15:37:51.070+0000] {logging_mixin.py:190} INFO - [2026-09-17T15:37:51.069+0000] {dag.py:3239} INFO - Sync 1 DAGs
[2026-09-17T15:37:51.094+0000] {logging_mixin.py:190} INFO - [2026-09-17T15:37:51.094+0000] {dag.py:4180} INFO - Setting next_dagrun for etl_sederhana_25_572885_PPA_07200 to 2026-09-17 00:00:00+00:00, run_after=2026-09-18 00:00:00+00:00
[2026-09-17T15:37:51.135+0000] {processor.py:208} INFO - Processing /opt/airflow/dags/etl_sederhana_25_572885_PPA_07200.py took 2.187 seconds
[2026-09-17T15:38:21.405+0000] {processor.py:186} INFO - Started process (PID=2596) to work on /opt/airflow/dags/etl_sederhana_25_572885_PPA_07200.py
[2026-09-17T15:38:21.409+0000] {processor.py:914} INFO - Processing file /opt/airflow/dags/etl_sederhana_25_572885_PPA_07200.py for tasks to queue
[2026-09-17T15:38:21.415+0000] {logging_mixin.py:190} INFO - [2026-09-17T15:38:21.415+0000] {dagbag.py:588} INFO - Filling up the DagBag from /opt/airflow/dags/etl_sederhana_25_572885_PPA_07200.py
[2026-09-17T15:38:23.541+0000] {processor.py:925} INFO - DAG(s) 'etl_sederhana_25_572885_PPA_07200' retrieved from /opt/airflow/dags/etl_sederhana_25_572885_PPA_07200.py
[2026-09-17T15:38:23.605+0000] {logging_mixin.py:190} INFO - [2026-09-17T15:38:23.604+0000] {dag.py:3239} INFO - Sync 1 DAGs
[2026-09-17T15:38:23.648+0000] {logging_mixin.py:190} INFO - [2026-09-17T15:38:23.647+0000] {dag.py:4180} INFO - Setting next_dagrun for etl_sederhana_25_572885_PPA_07200 to 2026-09-17 00:00:00+00:00, run_after=2026-09-18 00:00:00+00:00
[2026-09-17T15:38:23.696+0000] {processor.py:208} INFO - Processing /opt/airflow/dags/etl_sederhana_25_572885_PPA_07200.py took 2.304 seconds
[2026-09-17T15:38:54.033+0000] {processor.py:186} INFO - Started process (PID=2605) to work on /opt/airflow/dags/etl_sederhana_25_572885_PPA_07200.py
[2026-09-17T15:38:54.040+0000] {processor.py:914} INFO - Processing file /opt/airflow/dags/etl_sederhana_25_572885_PPA_07200.py for tasks to queue
[2026-09-17T15:38:54.110+0000] {logging_mixin.py:190} INFO - [2026-09-17T15:38:54.109+0000] {dagbag.py:588} INFO - Filling up the DagBag from /opt/airflow/dags/etl_sederhana_25_572885_PPA_07200.py
[2026-09-17T15:38:55.557+0000] {processor.py:925} INFO - DAG(s) 'etl_sederhana_25_572885_PPA_07200' retrieved from /opt/airflow/dags/etl_sederhana_25_572885_PPA_07200.py
[2026-09-17T15:38:55.587+0000] {logging_mixin.py:190} INFO - [2026-09-17T15:38:55.586+0000] {dag.py:3239} INFO - Sync 1 DAGs
[2026-09-17T15:38:55.624+0000] {logging_mixin.py:190} INFO - [2026-09-17T15:38:55.624+0000] {dag.py:4180} INFO - Setting next_dagrun for etl_sederhana_25_572885_PPA_07200 to 2026-09-17 00:00:00+00:00, run_after=2026-09-18 00:00:00+00:00
[2026-09-17T15:38:55.668+0000] {processor.py:208} INFO - Processing /opt/airflow/dags/etl_sederhana_25_572885_PPA_07200.py took 1.644 seconds
[2026-09-17T15:39:25.846+0000] {processor.py:186} INFO - Started process (PID=2614) to work on /opt/airflow/dags/etl_sederhana_25_572885_PPA_07200.py
[2026-09-17T15:39:25.848+0000] {processor.py:914} INFO - Processing file /opt/airflow/dags/etl_sederhana_25_572885_PPA_07200.py for tasks to queue
[2026-09-17T15:39:25.852+0000] {logging_mixin.py:190} INFO - [2026-09-17T15:39:25.852+0000] {dagbag.py:588} INFO - Filling up the DagBag from /opt/airflow/dags/etl_sederhana_25_572885_PPA_07200.py
[2026-09-17T15:39:27.265+0000] {processor.py:925} INFO - DAG(s) 'etl_sederhana_25_572885_PPA_07200' retrieved from /opt/airflow/dags/etl_sederhana_25_572885_PPA_07200.py
[2026-09-17T15:39:27.295+0000] {logging_mixin.py:190} INFO - [2026-09-17T15:39:27.294+0000] {dag.py:3239} INFO - Sync 1 DAGs
[2026-09-17T15:39:27.449+0000] {logging_mixin.py:190} INFO - [2026-09-17T15:39:27.449+0000] {dag.py:4180} INFO - Setting next_dagrun for etl_sederhana_25_572885_PPA_07200 to 2026-09-17 00:00:00+00:00, run_after=2026-09-18 00:00:00+00:00
[2026-09-17T15:39:27.652+0000] {processor.py:208} INFO - Processing /opt/airflow/dags/etl_sederhana_25_572885_PPA_07200.py took 1.813 seconds
[2026-09-17T15:39:58.192+0000] {processor.py:186} INFO - Started process (PID=2623) to work on /opt/airflow/dags/etl_sederhana_25_572885_PPA_07200.py
[2026-09-17T15:39:58.195+0000] {processor.py:914} INFO - Processing file /opt/airflow/dags/etl_sederhana_25_572885_PPA_07200.py for tasks to queue
[2026-09-17T15:39:58.202+0000] {logging_mixin.py:190} INFO - [2026-09-17T15:39:58.201+0000] {dagbag.py:588} INFO - Filling up the DagBag from /opt/airflow/dags/etl_sederhana_25_572885_PPA_07200.py
[2026-09-17T15:40:00.902+0000] {processor.py:925} INFO - DAG(s) 'etl_sederhana_25_572885_PPA_07200' retrieved from /opt/airflow/dags/etl_sederhana_25_572885_PPA_07200.py
[2026-09-17T15:40:00.976+0000] {logging_mixin.py:190} INFO - [2026-09-17T15:40:00.975+0000] {dag.py:3239} INFO - Sync 1 DAGs
[2026-09-17T15:40:01.068+0000] {logging_mixin.py:190} INFO - [2026-09-17T15:40:01.068+0000] {dag.py:4180} INFO - Setting next_dagrun for etl_sederhana_25_572885_PPA_07200 to 2026-09-17 00:00:00+00:00, run_after=2026-09-18 00:00:00+00:00
[2026-09-17T15:40:01.172+0000] {processor.py:208} INFO - Processing /opt/airflow/dags/etl_sederhana_25_572885_PPA_07200.py took 2.997 seconds
[2026-09-17T15:40:32.562+0000] {processor.py:186} INFO - Started process (PID=2639) to work on /opt/airflow/dags/etl_sederhana_25_572885_PPA_07200.py
[2026-09-17T15:40:32.568+0000] {processor.py:914} INFO - Processing file /opt/airflow/dags/etl_sederhana_25_572885_PPA_07200.py for tasks to queue
[2026-09-17T15:40:32.576+0000] {logging_mixin.py:190} INFO - [2026-09-17T15:40:32.575+0000] {dagbag.py:588} INFO - Filling up the DagBag from /opt/airflow/dags/etl_sederhana_25_572885_PPA_07200.py
[2026-09-17T15:40:37.397+0000] {processor.py:925} INFO - DAG(s) 'etl_sederhana_25_572885_PPA_07200' retrieved from /opt/airflow/dags/etl_sederhana_25_572885_PPA_07200.py
[2026-09-17T15:40:37.495+0000] {logging_mixin.py:190} INFO - [2026-09-17T15:40:37.494+0000] {dag.py:3239} INFO - Sync 1 DAGs
[2026-09-17T15:40:37.558+0000] {logging_mixin.py:190} INFO - [2026-09-17T15:40:37.558+0000] {dag.py:4180} INFO - Setting next_dagrun for etl_sederhana_25_572885_PPA_07200 to 2026-09-17 00:00:00+00:00, run_after=2026-09-18 00:00:00+00:00
[2026-09-17T15:40:37.624+0000] {processor.py:208} INFO - Processing /opt/airflow/dags/etl_sederhana_25_572885_PPA_07200.py took 5.077 seconds
[2026-09-17T15:41:08.083+0000] {processor.py:186} INFO - Started process (PID=2648) to work on /opt/airflow/dags/etl_sederhana_25_572885_PPA_07200.py
[2026-09-17T15:41:08.086+0000] {processor.py:914} INFO - Processing file /opt/airflow/dags/etl_sederhana_25_572885_PPA_07200.py for tasks to queue
[2026-09-17T15:41:08.096+0000] {logging_mixin.py:190} INFO - [2026-09-17T15:41:08.095+0000] {dagbag.py:588} INFO - Filling up the DagBag from /opt/airflow/dags/etl_sederhana_25_572885_PPA_07200.py
[2026-09-17T15:41:09.551+0000] {processor.py:925} INFO - DAG(s) 'etl_sederhana_25_572885_PPA_07200' retrieved from /opt/airflow/dags/etl_sederhana_25_572885_PPA_07200.py
[2026-09-17T15:41:09.575+0000] {logging_mixin.py:190} INFO - [2026-09-17T15:41:09.575+0000] {dag.py:3239} INFO - Sync 1 DAGs
[2026-09-17T15:41:09.693+0000] {logging_mixin.py:190} INFO - [2026-09-17T15:41:09.693+0000] {dag.py:4180} INFO - Setting next_dagrun for etl_sederhana_25_572885_PPA_07200 to 2026-09-17 00:00:00+00:00, run_after=2026-09-18 00:00:00+00:00
[2026-09-17T15:41:09.924+0000] {processor.py:208} INFO - Processing /opt/airflow/dags/etl_sederhana_25_572885_PPA_07200.py took 1.855 seconds
[2026-09-17T15:41:40.299+0000] {processor.py:186} INFO - Started process (PID=2657) to work on /opt/airflow/dags/etl_sederhana_25_572885_PPA_07200.py
[2026-09-17T15:41:40.305+0000] {processor.py:914} INFO - Processing file /opt/airflow/dags/etl_sederhana_25_572885_PPA_07200.py for tasks to queue
[2026-09-17T15:41:40.310+0000] {logging_mixin.py:190} INFO - [2026-09-17T15:41:40.309+0000] {dagbag.py:588} INFO - Filling up the DagBag from /opt/airflow/dags/etl_sederhana_25_572885_PPA_07200.py
[2026-09-17T15:41:41.615+0000] {processor.py:925} INFO - DAG(s) 'etl_sederhana_25_572885_PPA_07200' retrieved from /opt/airflow/dags/etl_sederhana_25_572885_PPA_07200.py
[2026-09-17T15:41:41.647+0000] {logging_mixin.py:190} INFO - [2026-09-17T15:41:41.646+0000] {dag.py:3239} INFO - Sync 1 DAGs
[2026-09-17T15:41:41.676+0000] {logging_mixin.py:190} INFO - [2026-09-17T15:41:41.676+0000] {dag.py:4180} INFO - Setting next_dagrun for etl_sederhana_25_572885_PPA_07200 to 2026-09-17 00:00:00+00:00, run_after=2026-09-18 00:00:00+00:00
[2026-09-17T15:41:41.724+0000] {processor.py:208} INFO - Processing /opt/airflow/dags/etl_sederhana_25_572885_PPA_07200.py took 1.436 seconds
[2026-09-17T15:42:12.019+0000] {processor.py:186} INFO - Started process (PID=2666) to work on /opt/airflow/dags/etl_sederhana_25_572885_PPA_07200.py
[2026-09-17T15:42:12.027+0000] {processor.py:914} INFO - Processing file /opt/airflow/dags/etl_sederhana_25_572885_PPA_07200.py for tasks to queue
[2026-09-17T15:42:12.038+0000] {logging_mixin.py:190} INFO - [2026-09-17T15:42:12.035+0000] {dagbag.py:588} INFO - Filling up the DagBag from /opt/airflow/dags/etl_sederhana_25_572885_PPA_07200.py
[2026-09-17T15:42:13.445+0000] {processor.py:925} INFO - DAG(s) 'etl_sederhana_25_572885_PPA_07200' retrieved from /opt/airflow/dags/etl_sederhana_25_572885_PPA_07200.py
[2026-09-17T15:42:13.471+0000] {logging_mixin.py:190} INFO - [2026-09-17T15:42:13.470+0000] {dag.py:3239} INFO - Sync 1 DAGs
[2026-09-17T15:42:13.495+0000] {logging_mixin.py:190} INFO - [2026-09-17T15:42:13.495+0000] {dag.py:4180} INFO - Setting next_dagrun for etl_sederhana_25_572885_PPA_07200 to 2026-09-17 00:00:00+00:00, run_after=2026-09-18 00:00:00+00:00
[2026-09-17T15:42:13.539+0000] {processor.py:208} INFO - Processing /opt/airflow/dags/etl_sederhana_25_572885_PPA_07200.py took 1.533 seconds
[2026-09-17T15:42:44.341+0000] {processor.py:186} INFO - Started process (PID=2675) to work on /opt/airflow/dags/etl_sederhana_25_572885_PPA_07200.py
[2026-09-17T15:42:44.345+0000] {processor.py:914} INFO - Processing file /opt/airflow/dags/etl_sederhana_25_572885_PPA_07200.py for tasks to queue
[2026-09-17T15:42:44.356+0000] {logging_mixin.py:190} INFO - [2026-09-17T15:42:44.355+0000] {dagbag.py:588} INFO - Filling up the DagBag from /opt/airflow/dags/etl_sederhana_25_572885_PPA_07200.py
[2026-09-17T15:42:45.821+0000] {processor.py:925} INFO - DAG(s) 'etl_sederhana_25_572885_PPA_07200' retrieved from /opt/airflow/dags/etl_sederhana_25_572885_PPA_07200.py
[2026-09-17T15:42:45.854+0000] {logging_mixin.py:190} INFO - [2026-09-17T15:42:45.853+0000] {dag.py:3239} INFO - Sync 1 DAGs
[2026-09-17T15:42:45.915+0000] {logging_mixin.py:190} INFO - [2026-09-17T15:42:45.914+0000] {dag.py:4180} INFO - Setting next_dagrun for etl_sederhana_25_572885_PPA_07200 to 2026-09-17 00:00:00+00:00, run_after=2026-09-18 00:00:00+00:00
[2026-09-17T15:42:45.966+0000] {processor.py:208} INFO - Processing /opt/airflow/dags/etl_sederhana_25_572885_PPA_07200.py took 1.687 seconds
[2026-09-17T15:43:16.241+0000] {processor.py:186} INFO - Started process (PID=2684) to work on /opt/airflow/dags/etl_sederhana_25_572885_PPA_07200.py
[2026-09-17T15:43:16.254+0000] {processor.py:914} INFO - Processing file /opt/airflow/dags/etl_sederhana_25_572885_PPA_07200.py for tasks to queue
[2026-09-17T15:43:16.270+0000] {logging_mixin.py:190} INFO - [2026-09-17T15:43:16.269+0000] {dagbag.py:588} INFO - Filling up the DagBag from /opt/airflow/dags/etl_sederhana_25_572885_PPA_07200.py
[2026-09-17T15:43:17.968+0000] {processor.py:925} INFO - DAG(s) 'etl_sederhana_25_572885_PPA_07200' retrieved from /opt/airflow/dags/etl_sederhana_25_572885_PPA_07200.py
[2026-09-17T15:43:18.004+0000] {logging_mixin.py:190} INFO - [2026-09-17T15:43:18.003+0000] {dag.py:3239} INFO - Sync 1 DAGs
[2026-09-17T15:43:18.035+0000] {logging_mixin.py:190} INFO - [2026-09-17T15:43:18.035+0000] {dag.py:4180} INFO - Setting next_dagrun for etl_sederhana_25_572885_PPA_07200 to 2026-09-17 00:00:00+00:00, run_after=2026-09-18 00:00:00+00:00
[2026-09-17T15:43:18.069+0000] {processor.py:208} INFO - Processing /opt/airflow/dags/etl_sederhana_25_572885_PPA_07200.py took 1.840 seconds
[2026-09-17T15:43:48.355+0000] {processor.py:186} INFO - Started process (PID=2693) to work on /opt/airflow/dags/etl_sederhana_25_572885_PPA_07200.py
[2026-09-17T15:43:48.358+0000] {processor.py:914} INFO - Processing file /opt/airflow/dags/etl_sederhana_25_572885_PPA_07200.py for tasks to queue
[2026-09-17T15:43:48.363+0000] {logging_mixin.py:190} INFO - [2026-09-17T15:43:48.362+0000] {dagbag.py:588} INFO - Filling up the DagBag from /opt/airflow/dags/etl_sederhana_25_572885_PPA_07200.py
[2026-09-17T15:43:49.927+0000] {processor.py:925} INFO - DAG(s) 'etl_sederhana_25_572885_PPA_07200' retrieved from /opt/airflow/dags/etl_sederhana_25_572885_PPA_07200.py
[2026-09-17T15:43:49.966+0000] {logging_mixin.py:190} INFO - [2026-09-17T15:43:49.966+0000] {dag.py:3239} INFO - Sync 1 DAGs
[2026-09-17T15:43:49.991+0000] {logging_mixin.py:190} INFO - [2026-09-17T15:43:49.991+0000] {dag.py:4180} INFO - Setting next_dagrun for etl_sederhana_25_572885_PPA_07200 to 2026-09-17 00:00:00+00:00, run_after=2026-09-18 00:00:00+00:00
[2026-09-17T15:43:50.039+0000] {processor.py:208} INFO - Processing /opt/airflow/dags/etl_sederhana_25_572885_PPA_07200.py took 1.694 seconds
[2026-09-17T15:44:21.076+0000] {processor.py:186} INFO - Started process (PID=2702) to work on /opt/airflow/dags/etl_sederhana_25_572885_PPA_07200.py
[2026-09-17T15:44:21.167+0000] {processor.py:914} INFO - Processing file /opt/airflow/dags/etl_sederhana_25_572885_PPA_07200.py for tasks to queue
[2026-09-17T15:44:21.202+0000] {logging_mixin.py:190} INFO - [2026-09-17T15:44:21.201+0000] {dagbag.py:588} INFO - Filling up the DagBag from /opt/airflow/dags/etl_sederhana_25_572885_PPA_07200.py
[2026-09-17T15:44:22.504+0000] {processor.py:925} INFO - DAG(s) 'etl_sederhana_25_572885_PPA_07200' retrieved from /opt/airflow/dags/etl_sederhana_25_572885_PPA_07200.py
[2026-09-17T15:44:22.528+0000] {logging_mixin.py:190} INFO - [2026-09-17T15:44:22.527+0000] {dag.py:3239} INFO - Sync 1 DAGs
[2026-09-17T15:44:22.551+0000] {logging_mixin.py:190} INFO - [2026-09-17T15:44:22.550+0000] {dag.py:4180} INFO - Setting next_dagrun for etl_sederhana_25_572885_PPA_07200 to 2026-09-17 00:00:00+00:00, run_after=2026-09-18 00:00:00+00:00
[2026-09-17T15:44:22.584+0000] {processor.py:208} INFO - Processing /opt/airflow/dags/etl_sederhana_25_572885_PPA_07200.py took 1.518 seconds
[2026-09-17T15:44:52.968+0000] {processor.py:186} INFO - Started process (PID=2711) to work on /opt/airflow/dags/etl_sederhana_25_572885_PPA_07200.py
[2026-09-17T15:44:52.980+0000] {processor.py:914} INFO - Processing file /opt/airflow/dags/etl_sederhana_25_572885_PPA_07200.py for tasks to queue
[2026-09-17T15:44:52.991+0000] {logging_mixin.py:190} INFO - [2026-09-17T15:44:52.990+0000] {dagbag.py:588} INFO - Filling up the DagBag from /opt/airflow/dags/etl_sederhana_25_572885_PPA_07200.py
[2026-09-17T15:44:53.949+0000] {processor.py:925} INFO - DAG(s) 'etl_sederhana_25_572885_PPA_07200' retrieved from /opt/airflow/dags/etl_sederhana_25_572885_PPA_07200.py
[2026-09-17T15:44:53.969+0000] {logging_mixin.py:190} INFO - [2026-09-17T15:44:53.968+0000] {dag.py:3239} INFO - Sync 1 DAGs
[2026-09-17T15:44:53.987+0000] {logging_mixin.py:190} INFO - [2026-09-17T15:44:53.987+0000] {dag.py:4180} INFO - Setting next_dagrun for etl_sederhana_25_572885_PPA_07200 to 2026-09-17 00:00:00+00:00, run_after=2026-09-18 00:00:00+00:00
[2026-09-17T15:44:54.023+0000] {processor.py:208} INFO - Processing /opt/airflow/dags/etl_sederhana_25_572885_PPA_07200.py took 1.063 seconds
[2026-09-17T15:45:24.663+0000] {processor.py:186} INFO - Started process (PID=2720) to work on /opt/airflow/dags/etl_sederhana_25_572885_PPA_07200.py
[2026-09-17T15:45:24.667+0000] {processor.py:914} INFO - Processing file /opt/airflow/dags/etl_sederhana_25_572885_PPA_07200.py for tasks to queue
[2026-09-17T15:45:24.673+0000] {logging_mixin.py:190} INFO - [2026-09-17T15:45:24.672+0000] {dagbag.py:588} INFO - Filling up the DagBag from /opt/airflow/dags/etl_sederhana_25_572885_PPA_07200.py
[2026-09-17T15:45:25.963+0000] {processor.py:925} INFO - DAG(s) 'etl_sederhana_25_572885_PPA_07200' retrieved from /opt/airflow/dags/etl_sederhana_25_572885_PPA_07200.py
[2026-09-17T15:45:26.004+0000] {logging_mixin.py:190} INFO - [2026-09-17T15:45:26.003+0000] {dag.py:3239} INFO - Sync 1 DAGs
[2026-09-17T15:45:26.025+0000] {logging_mixin.py:190} INFO - [2026-09-17T15:45:26.025+0000] {dag.py:4180} INFO - Setting next_dagrun for etl_sederhana_25_572885_PPA_07200 to 2026-09-17 00:00:00+00:00, run_after=2026-09-18 00:00:00+00:00
[2026-09-17T15:45:26.059+0000] {processor.py:208} INFO - Processing /opt/airflow/dags/etl_sederhana_25_572885_PPA_07200.py took 1.404 seconds
[2026-09-17T15:45:56.302+0000] {processor.py:186} INFO - Started process (PID=2729) to work on /opt/airflow/dags/etl_sederhana_25_572885_PPA_07200.py
[2026-09-17T15:45:56.304+0000] {processor.py:914} INFO - Processing file /opt/airflow/dags/etl_sederhana_25_572885_PPA_07200.py for tasks to queue
[2026-09-17T15:45:56.309+0000] {logging_mixin.py:190} INFO - [2026-09-17T15:45:56.308+0000] {dagbag.py:588} INFO - Filling up the DagBag from /opt/airflow/dags/etl_sederhana_25_572885_PPA_07200.py
[2026-09-17T15:45:57.255+0000] {processor.py:925} INFO - DAG(s) 'etl_sederhana_25_572885_PPA_07200' retrieved from /opt/airflow/dags/etl_sederhana_25_572885_PPA_07200.py
[2026-09-17T15:45:57.275+0000] {logging_mixin.py:190} INFO - [2026-09-17T15:45:57.275+0000] {dag.py:3239} INFO - Sync 1 DAGs
[2026-09-17T15:45:57.301+0000] {logging_mixin.py:190} INFO - [2026-09-17T15:45:57.301+0000] {dag.py:4180} INFO - Setting next_dagrun for etl_sederhana_25_572885_PPA_07200 to 2026-09-17 00:00:00+00:00, run_after=2026-09-18 00:00:00+00:00
[2026-09-17T15:45:57.336+0000] {processor.py:208} INFO - Processing /opt/airflow/dags/etl_sederhana_25_572885_PPA_07200.py took 1.043 seconds
[2026-09-17T15:46:27.608+0000] {processor.py:186} INFO - Started process (PID=2738) to work on /opt/airflow/dags/etl_sederhana_25_572885_PPA_07200.py
[2026-09-17T15:46:27.611+0000] {processor.py:914} INFO - Processing file /opt/airflow/dags/etl_sederhana_25_572885_PPA_07200.py for tasks to queue
[2026-09-17T15:46:27.617+0000] {logging_mixin.py:190} INFO - [2026-09-17T15:46:27.617+0000] {dagbag.py:588} INFO - Filling up the DagBag from /opt/airflow/dags/etl_sederhana_25_572885_PPA_07200.py
[2026-09-17T15:46:28.700+0000] {processor.py:925} INFO - DAG(s) 'etl_sederhana_25_572885_PPA_07200' retrieved from /opt/airflow/dags/etl_sederhana_25_572885_PPA_07200.py
[2026-09-17T15:46:28.722+0000] {logging_mixin.py:190} INFO - [2026-09-17T15:46:28.720+0000] {dag.py:3239} INFO - Sync 1 DAGs
[2026-09-17T15:46:28.742+0000] {logging_mixin.py:190} INFO - [2026-09-17T15:46:28.742+0000] {dag.py:4180} INFO - Setting next_dagrun for etl_sederhana_25_572885_PPA_07200 to 2026-09-17 00:00:00+00:00, run_after=2026-09-18 00:00:00+00:00
[2026-09-17T15:46:28.771+0000] {processor.py:208} INFO - Processing /opt/airflow/dags/etl_sederhana_25_572885_PPA_07200.py took 1.170 seconds
[2026-09-17T15:46:59.008+0000] {processor.py:186} INFO - Started process (PID=2747) to work on /opt/airflow/dags/etl_sederhana_25_572885_PPA_07200.py
[2026-09-17T15:46:59.010+0000] {processor.py:914} INFO - Processing file /opt/airflow/dags/etl_sederhana_25_572885_PPA_07200.py for tasks to queue
[2026-09-17T15:46:59.014+0000] {logging_mixin.py:190} INFO - [2026-09-17T15:46:59.013+0000] {dagbag.py:588} INFO - Filling up the DagBag from /opt/airflow/dags/etl_sederhana_25_572885_PPA_07200.py
[2026-09-17T15:47:00.168+0000] {processor.py:925} INFO - DAG(s) 'etl_sederhana_25_572885_PPA_07200' retrieved from /opt/airflow/dags/etl_sederhana_25_572885_PPA_07200.py
[2026-09-17T15:47:00.258+0000] {logging_mixin.py:190} INFO - [2026-09-17T15:47:00.257+0000] {dag.py:3239} INFO - Sync 1 DAGs
[2026-09-17T15:47:00.288+0000] {logging_mixin.py:190} INFO - [2026-09-17T15:47:00.288+0000] {dag.py:4180} INFO - Setting next_dagrun for etl_sederhana_25_572885_PPA_07200 to 2026-09-17 00:00:00+00:00, run_after=2026-09-18 00:00:00+00:00
[2026-09-17T15:47:00.326+0000] {processor.py:208} INFO - Processing /opt/airflow/dags/etl_sederhana_25_572885_PPA_07200.py took 1.327 seconds
[2026-09-17T15:47:30.782+0000] {processor.py:186} INFO - Started process (PID=2756) to work on /opt/airflow/dags/etl_sederhana_25_572885_PPA_07200.py
[2026-09-17T15:47:30.786+0000] {processor.py:914} INFO - Processing file /opt/airflow/dags/etl_sederhana_25_572885_PPA_07200.py for tasks to queue
[2026-09-17T15:47:30.793+0000] {logging_mixin.py:190} INFO - [2026-09-17T15:47:30.792+0000] {dagbag.py:588} INFO - Filling up the DagBag from /opt/airflow/dags/etl_sederhana_25_572885_PPA_07200.py
[2026-09-17T15:47:31.955+0000] {processor.py:925} INFO - DAG(s) 'etl_sederhana_25_572885_PPA_07200' retrieved from /opt/airflow/dags/etl_sederhana_25_572885_PPA_07200.py
[2026-09-17T15:47:31.985+0000] {logging_mixin.py:190} INFO - [2026-09-17T15:47:31.985+0000] {dag.py:3239} INFO - Sync 1 DAGs
[2026-09-17T15:47:32.006+0000] {logging_mixin.py:190} INFO - [2026-09-17T15:47:32.006+0000] {dag.py:4180} INFO - Setting next_dagrun for etl_sederhana_25_572885_PPA_07200 to 2026-09-17 00:00:00+00:00, run_after=2026-09-18 00:00:00+00:00
[2026-09-17T15:47:32.035+0000] {processor.py:208} INFO - Processing /opt/airflow/dags/etl_sederhana_25_572885_PPA_07200.py took 1.262 seconds
[2026-09-17T15:48:02.494+0000] {processor.py:186} INFO - Started process (PID=2765) to work on /opt/airflow/dags/etl_sederhana_25_572885_PPA_07200.py
[2026-09-17T15:48:02.498+0000] {processor.py:914} INFO - Processing file /opt/airflow/dags/etl_sederhana_25_572885_PPA_07200.py for tasks to queue
[2026-09-17T15:48:02.502+0000] {logging_mixin.py:190} INFO - [2026-09-17T15:48:02.502+0000] {dagbag.py:588} INFO - Filling up the DagBag from /opt/airflow/dags/etl_sederhana_25_572885_PPA_07200.py
[2026-09-17T15:48:03.926+0000] {processor.py:925} INFO - DAG(s) 'etl_sederhana_25_572885_PPA_07200' retrieved from /opt/airflow/dags/etl_sederhana_25_572885_PPA_07200.py
[2026-09-17T15:48:03.950+0000] {logging_mixin.py:190} INFO - [2026-09-17T15:48:03.950+0000] {dag.py:3239} INFO - Sync 1 DAGs
[2026-09-17T15:48:03.975+0000] {logging_mixin.py:190} INFO - [2026-09-17T15:48:03.974+0000] {dag.py:4180} INFO - Setting next_dagrun for etl_sederhana_25_572885_PPA_07200 to 2026-09-17 00:00:00+00:00, run_after=2026-09-18 00:00:00+00:00
[2026-09-17T15:48:04.025+0000] {processor.py:208} INFO - Processing /opt/airflow/dags/etl_sederhana_25_572885_PPA_07200.py took 1.541 seconds
[2026-09-17T15:48:34.211+0000] {processor.py:186} INFO - Started process (PID=2781) to work on /opt/airflow/dags/etl_sederhana_25_572885_PPA_07200.py
[2026-09-17T15:48:34.213+0000] {processor.py:914} INFO - Processing file /opt/airflow/dags/etl_sederhana_25_572885_PPA_07200.py for tasks to queue
[2026-09-17T15:48:34.216+0000] {logging_mixin.py:190} INFO - [2026-09-17T15:48:34.216+0000] {dagbag.py:588} INFO - Filling up the DagBag from /opt/airflow/dags/etl_sederhana_25_572885_PPA_07200.py
[2026-09-17T15:48:35.216+0000] {processor.py:925} INFO - DAG(s) 'etl_sederhana_25_572885_PPA_07200' retrieved from /opt/airflow/dags/etl_sederhana_25_572885_PPA_07200.py
[2026-09-17T15:48:35.236+0000] {logging_mixin.py:190} INFO - [2026-09-17T15:48:35.236+0000] {dag.py:3239} INFO - Sync 1 DAGs
[2026-09-17T15:48:35.258+0000] {logging_mixin.py:190} INFO - [2026-09-17T15:48:35.258+0000] {dag.py:4180} INFO - Setting next_dagrun for etl_sederhana_25_572885_PPA_07200 to 2026-09-17 00:00:00+00:00, run_after=2026-09-18 00:00:00+00:00
[2026-09-17T15:48:35.287+0000] {processor.py:208} INFO - Processing /opt/airflow/dags/etl_sederhana_25_572885_PPA_07200.py took 1.083 seconds
[2026-09-17T15:49:05.632+0000] {processor.py:186} INFO - Started process (PID=2790) to work on /opt/airflow/dags/etl_sederhana_25_572885_PPA_07200.py
[2026-09-17T15:49:05.635+0000] {processor.py:914} INFO - Processing file /opt/airflow/dags/etl_sederhana_25_572885_PPA_07200.py for tasks to queue
[2026-09-17T15:49:05.646+0000] {logging_mixin.py:190} INFO - [2026-09-17T15:49:05.646+0000] {dagbag.py:588} INFO - Filling up the DagBag from /opt/airflow/dags/etl_sederhana_25_572885_PPA_07200.py
[2026-09-17T15:49:07.262+0000] {processor.py:925} INFO - DAG(s) 'etl_sederhana_25_572885_PPA_07200' retrieved from /opt/airflow/dags/etl_sederhana_25_572885_PPA_07200.py
[2026-09-17T15:49:07.293+0000] {logging_mixin.py:190} INFO - [2026-09-17T15:49:07.292+0000] {dag.py:3239} INFO - Sync 1 DAGs
[2026-09-17T15:49:07.374+0000] {logging_mixin.py:190} INFO - [2026-09-17T15:49:07.373+0000] {dag.py:4180} INFO - Setting next_dagrun for etl_sederhana_25_572885_PPA_07200 to 2026-09-17 00:00:00+00:00, run_after=2026-09-18 00:00:00+00:00
[2026-09-17T15:49:07.419+0000] {processor.py:208} INFO - Processing /opt/airflow/dags/etl_sederhana_25_572885_PPA_07200.py took 1.796 seconds
[2026-09-17T15:49:37.897+0000] {processor.py:186} INFO - Started process (PID=2799) to work on /opt/airflow/dags/etl_sederhana_25_572885_PPA_07200.py
[2026-09-17T15:49:37.900+0000] {processor.py:914} INFO - Processing file /opt/airflow/dags/etl_sederhana_25_572885_PPA_07200.py for tasks to queue
[2026-09-17T15:49:37.924+0000] {logging_mixin.py:190} INFO - [2026-09-17T15:49:37.923+0000] {dagbag.py:588} INFO - Filling up the DagBag from /opt/airflow/dags/etl_sederhana_25_572885_PPA_07200.py
[2026-09-17T15:49:39.276+0000] {processor.py:925} INFO - DAG(s) 'etl_sederhana_25_572885_PPA_07200' retrieved from /opt/airflow/dags/etl_sederhana_25_572885_PPA_07200.py
[2026-09-17T15:49:39.402+0000] {logging_mixin.py:190} INFO - [2026-09-17T15:49:39.401+0000] {dag.py:3239} INFO - Sync 1 DAGs
[2026-09-17T15:49:39.545+0000] {logging_mixin.py:190} INFO - [2026-09-17T15:49:39.545+0000] {dag.py:4180} INFO - Setting next_dagrun for etl_sederhana_25_572885_PPA_07200 to 2026-09-17 00:00:00+00:00, run_after=2026-09-18 00:00:00+00:00
[2026-09-17T15:49:39.718+0000] {processor.py:208} INFO - Processing /opt/airflow/dags/etl_sederhana_25_572885_PPA_07200.py took 1.838 seconds
[2026-09-17T15:50:10.216+0000] {processor.py:186} INFO - Started process (PID=2808) to work on /opt/airflow/dags/etl_sederhana_25_572885_PPA_07200.py
[2026-09-17T15:50:10.218+0000] {processor.py:914} INFO - Processing file /opt/airflow/dags/etl_sederhana_25_572885_PPA_07200.py for tasks to queue
[2026-09-17T15:50:10.222+0000] {logging_mixin.py:190} INFO - [2026-09-17T15:50:10.221+0000] {dagbag.py:588} INFO - Filling up the DagBag from /opt/airflow/dags/etl_sederhana_25_572885_PPA_07200.py
[2026-09-17T15:50:11.297+0000] {processor.py:925} INFO - DAG(s) 'etl_sederhana_25_572885_PPA_07200' retrieved from /opt/airflow/dags/etl_sederhana_25_572885_PPA_07200.py
[2026-09-17T15:50:11.326+0000] {logging_mixin.py:190} INFO - [2026-09-17T15:50:11.326+0000] {dag.py:3239} INFO - Sync 1 DAGs
[2026-09-17T15:50:11.356+0000] {logging_mixin.py:190} INFO - [2026-09-17T15:50:11.356+0000] {dag.py:4180} INFO - Setting next_dagrun for etl_sederhana_25_572885_PPA_07200 to 2026-09-17 00:00:00+00:00, run_after=2026-09-18 00:00:00+00:00
[2026-09-17T15:50:11.392+0000] {processor.py:208} INFO - Processing /opt/airflow/dags/etl_sederhana_25_572885_PPA_07200.py took 1.183 seconds
[2026-09-17T15:50:41.895+0000] {processor.py:186} INFO - Started process (PID=2817) to work on /opt/airflow/dags/etl_sederhana_25_572885_PPA_07200.py
[2026-09-17T15:50:41.914+0000] {processor.py:914} INFO - Processing file /opt/airflow/dags/etl_sederhana_25_572885_PPA_07200.py for tasks to queue
[2026-09-17T15:50:41.965+0000] {logging_mixin.py:190} INFO - [2026-09-17T15:50:41.965+0000] {dagbag.py:588} INFO - Filling up the DagBag from /opt/airflow/dags/etl_sederhana_25_572885_PPA_07200.py
[2026-09-17T15:50:43.631+0000] {processor.py:925} INFO - DAG(s) 'etl_sederhana_25_572885_PPA_07200' retrieved from /opt/airflow/dags/etl_sederhana_25_572885_PPA_07200.py
[2026-09-17T15:50:43.661+0000] {logging_mixin.py:190} INFO - [2026-09-17T15:50:43.660+0000] {dag.py:3239} INFO - Sync 1 DAGs
[2026-09-17T15:50:43.686+0000] {logging_mixin.py:190} INFO - [2026-09-17T15:50:43.686+0000] {dag.py:4180} INFO - Setting next_dagrun for etl_sederhana_25_572885_PPA_07200 to 2026-09-17 00:00:00+00:00, run_after=2026-09-18 00:00:00+00:00
[2026-09-17T15:50:43.731+0000] {processor.py:208} INFO - Processing /opt/airflow/dags/etl_sederhana_25_572885_PPA_07200.py took 1.851 seconds
[2026-09-17T15:51:14.031+0000] {processor.py:186} INFO - Started process (PID=2826) to work on /opt/airflow/dags/etl_sederhana_25_572885_PPA_07200.py
[2026-09-17T15:51:14.049+0000] {processor.py:914} INFO - Processing file /opt/airflow/dags/etl_sederhana_25_572885_PPA_07200.py for tasks to queue
[2026-09-17T15:51:14.072+0000] {logging_mixin.py:190} INFO - [2026-09-17T15:51:14.072+0000] {dagbag.py:588} INFO - Filling up the DagBag from /opt/airflow/dags/etl_sederhana_25_572885_PPA_07200.py
[2026-09-17T15:51:15.124+0000] {processor.py:925} INFO - DAG(s) 'etl_sederhana_25_572885_PPA_07200' retrieved from /opt/airflow/dags/etl_sederhana_25_572885_PPA_07200.py
[2026-09-17T15:51:15.144+0000] {logging_mixin.py:190} INFO - [2026-09-17T15:51:15.143+0000] {dag.py:3239} INFO - Sync 1 DAGs
[2026-09-17T15:51:15.166+0000] {logging_mixin.py:190} INFO - [2026-09-17T15:51:15.165+0000] {dag.py:4180} INFO - Setting next_dagrun for etl_sederhana_25_572885_PPA_07200 to 2026-09-17 00:00:00+00:00, run_after=2026-09-18 00:00:00+00:00
[2026-09-17T15:51:15.197+0000] {processor.py:208} INFO - Processing /opt/airflow/dags/etl_sederhana_25_572885_PPA_07200.py took 1.178 seconds
[2026-09-17T15:51:45.685+0000] {processor.py:186} INFO - Started process (PID=2835) to work on /opt/airflow/dags/etl_sederhana_25_572885_PPA_07200.py
[2026-09-17T15:51:45.688+0000] {processor.py:914} INFO - Processing file /opt/airflow/dags/etl_sederhana_25_572885_PPA_07200.py for tasks to queue
[2026-09-17T15:51:45.692+0000] {logging_mixin.py:190} INFO - [2026-09-17T15:51:45.691+0000] {dagbag.py:588} INFO - Filling up the DagBag from /opt/airflow/dags/etl_sederhana_25_572885_PPA_07200.py
[2026-09-17T15:51:46.684+0000] {processor.py:925} INFO - DAG(s) 'etl_sederhana_25_572885_PPA_07200' retrieved from /opt/airflow/dags/etl_sederhana_25_572885_PPA_07200.py
[2026-09-17T15:51:46.714+0000] {logging_mixin.py:190} INFO - [2026-09-17T15:51:46.714+0000] {dag.py:3239} INFO - Sync 1 DAGs
[2026-09-17T15:51:46.746+0000] {logging_mixin.py:190} INFO - [2026-09-17T15:51:46.745+0000] {dag.py:4180} INFO - Setting next_dagrun for etl_sederhana_25_572885_PPA_07200 to 2026-09-17 00:00:00+00:00, run_after=2026-09-18 00:00:00+00:00
[2026-09-17T15:51:46.780+0000] {processor.py:208} INFO - Processing /opt/airflow/dags/etl_sederhana_25_572885_PPA_07200.py took 1.101 seconds
[2026-09-17T15:52:17.037+0000] {processor.py:186} INFO - Started process (PID=2844) to work on /opt/airflow/dags/etl_sederhana_25_572885_PPA_07200.py
[2026-09-17T15:52:17.041+0000] {processor.py:914} INFO - Processing file /opt/airflow/dags/etl_sederhana_25_572885_PPA_07200.py for tasks to queue
[2026-09-17T15:52:17.061+0000] {logging_mixin.py:190} INFO - [2026-09-17T15:52:17.060+0000] {dagbag.py:588} INFO - Filling up the DagBag from /opt/airflow/dags/etl_sederhana_25_572885_PPA_07200.py
[2026-09-17T15:52:18.435+0000] {processor.py:925} INFO - DAG(s) 'etl_sederhana_25_572885_PPA_07200' retrieved from /opt/airflow/dags/etl_sederhana_25_572885_PPA_07200.py
[2026-09-17T15:52:18.459+0000] {logging_mixin.py:190} INFO - [2026-09-17T15:52:18.459+0000] {dag.py:3239} INFO - Sync 1 DAGs
[2026-09-17T15:52:18.487+0000] {logging_mixin.py:190} INFO - [2026-09-17T15:52:18.487+0000] {dag.py:4180} INFO - Setting next_dagrun for etl_sederhana_25_572885_PPA_07200 to 2026-09-17 00:00:00+00:00, run_after=2026-09-18 00:00:00+00:00
[2026-09-17T15:52:18.536+0000] {processor.py:208} INFO - Processing /opt/airflow/dags/etl_sederhana_25_572885_PPA_07200.py took 1.510 seconds
[2026-09-17T15:52:49.885+0000] {processor.py:186} INFO - Started process (PID=2853) to work on /opt/airflow/dags/etl_sederhana_25_572885_PPA_07200.py
[2026-09-17T15:52:49.906+0000] {processor.py:914} INFO - Processing file /opt/airflow/dags/etl_sederhana_25_572885_PPA_07200.py for tasks to queue
[2026-09-17T15:52:49.924+0000] {logging_mixin.py:190} INFO - [2026-09-17T15:52:49.923+0000] {dagbag.py:588} INFO - Filling up the DagBag from /opt/airflow/dags/etl_sederhana_25_572885_PPA_07200.py
[2026-09-17T15:52:51.314+0000] {processor.py:925} INFO - DAG(s) 'etl_sederhana_25_572885_PPA_07200' retrieved from /opt/airflow/dags/etl_sederhana_25_572885_PPA_07200.py
[2026-09-17T15:52:51.333+0000] {logging_mixin.py:190} INFO - [2026-09-17T15:52:51.332+0000] {dag.py:3239} INFO - Sync 1 DAGs
[2026-09-17T15:52:51.354+0000] {logging_mixin.py:190} INFO - [2026-09-17T15:52:51.353+0000] {dag.py:4180} INFO - Setting next_dagrun for etl_sederhana_25_572885_PPA_07200 to 2026-09-17 00:00:00+00:00, run_after=2026-09-18 00:00:00+00:00
[2026-09-17T15:52:51.384+0000] {processor.py:208} INFO - Processing /opt/airflow/dags/etl_sederhana_25_572885_PPA_07200.py took 1.513 seconds
[2026-09-17T15:53:21.633+0000] {processor.py:186} INFO - Started process (PID=2862) to work on /opt/airflow/dags/etl_sederhana_25_572885_PPA_07200.py
[2026-09-17T15:53:21.637+0000] {processor.py:914} INFO - Processing file /opt/airflow/dags/etl_sederhana_25_572885_PPA_07200.py for tasks to queue
[2026-09-17T15:53:21.642+0000] {logging_mixin.py:190} INFO - [2026-09-17T15:53:21.641+0000] {dagbag.py:588} INFO - Filling up the DagBag from /opt/airflow/dags/etl_sederhana_25_572885_PPA_07200.py
[2026-09-17T15:53:22.851+0000] {processor.py:925} INFO - DAG(s) 'etl_sederhana_25_572885_PPA_07200' retrieved from /opt/airflow/dags/etl_sederhana_25_572885_PPA_07200.py
[2026-09-17T15:53:22.876+0000] {logging_mixin.py:190} INFO - [2026-09-17T15:53:22.875+0000] {dag.py:3239} INFO - Sync 1 DAGs
[2026-09-17T15:53:22.900+0000] {logging_mixin.py:190} INFO - [2026-09-17T15:53:22.899+0000] {dag.py:4180} INFO - Setting next_dagrun for etl_sederhana_25_572885_PPA_07200 to 2026-09-17 00:00:00+00:00, run_after=2026-09-18 00:00:00+00:00
[2026-09-17T15:53:22.939+0000] {processor.py:208} INFO - Processing /opt/airflow/dags/etl_sederhana_25_572885_PPA_07200.py took 1.314 seconds
[2026-09-17T15:53:53.166+0000] {processor.py:186} INFO - Started process (PID=2871) to work on /opt/airflow/dags/etl_sederhana_25_572885_PPA_07200.py
[2026-09-17T15:53:53.168+0000] {processor.py:914} INFO - Processing file /opt/airflow/dags/etl_sederhana_25_572885_PPA_07200.py for tasks to queue
[2026-09-17T15:53:53.175+0000] {logging_mixin.py:190} INFO - [2026-09-17T15:53:53.174+0000] {dagbag.py:588} INFO - Filling up the DagBag from /opt/airflow/dags/etl_sederhana_25_572885_PPA_07200.py
[2026-09-17T15:53:54.544+0000] {processor.py:925} INFO - DAG(s) 'etl_sederhana_25_572885_PPA_07200' retrieved from /opt/airflow/dags/etl_sederhana_25_572885_PPA_07200.py
[2026-09-17T15:53:54.581+0000] {logging_mixin.py:190} INFO - [2026-09-17T15:53:54.580+0000] {dag.py:3239} INFO - Sync 1 DAGs
[2026-09-17T15:53:54.625+0000] {logging_mixin.py:190} INFO - [2026-09-17T15:53:54.624+0000] {dag.py:4180} INFO - Setting next_dagrun for etl_sederhana_25_572885_PPA_07200 to 2026-09-17 00:00:00+00:00, run_after=2026-09-18 00:00:00+00:00
[2026-09-17T15:53:54.665+0000] {processor.py:208} INFO - Processing /opt/airflow/dags/etl_sederhana_25_572885_PPA_07200.py took 1.509 seconds
[2026-09-17T15:54:24.977+0000] {processor.py:186} INFO - Started process (PID=2880) to work on /opt/airflow/dags/etl_sederhana_25_572885_PPA_07200.py
[2026-09-17T15:54:24.981+0000] {processor.py:914} INFO - Processing file /opt/airflow/dags/etl_sederhana_25_572885_PPA_07200.py for tasks to queue
[2026-09-17T15:54:24.988+0000] {logging_mixin.py:190} INFO - [2026-09-17T15:54:24.987+0000] {dagbag.py:588} INFO - Filling up the DagBag from /opt/airflow/dags/etl_sederhana_25_572885_PPA_07200.py
[2026-09-17T15:54:26.382+0000] {processor.py:925} INFO - DAG(s) 'etl_sederhana_25_572885_PPA_07200' retrieved from /opt/airflow/dags/etl_sederhana_25_572885_PPA_07200.py
[2026-09-17T15:54:26.416+0000] {logging_mixin.py:190} INFO - [2026-09-17T15:54:26.415+0000] {dag.py:3239} INFO - Sync 1 DAGs
[2026-09-17T15:54:26.447+0000] {logging_mixin.py:190} INFO - [2026-09-17T15:54:26.447+0000] {dag.py:4180} INFO - Setting next_dagrun for etl_sederhana_25_572885_PPA_07200 to 2026-09-17 00:00:00+00:00, run_after=2026-09-18 00:00:00+00:00
[2026-09-17T15:54:26.630+0000] {processor.py:208} INFO - Processing /opt/airflow/dags/etl_sederhana_25_572885_PPA_07200.py took 1.671 seconds
[2026-09-17T15:54:57.331+0000] {processor.py:186} INFO - Started process (PID=2889) to work on /opt/airflow/dags/etl_sederhana_25_572885_PPA_07200.py
[2026-09-17T15:54:57.348+0000] {processor.py:914} INFO - Processing file /opt/airflow/dags/etl_sederhana_25_572885_PPA_07200.py for tasks to queue
[2026-09-17T15:54:57.376+0000] {logging_mixin.py:190} INFO - [2026-09-17T15:54:57.375+0000] {dagbag.py:588} INFO - Filling up the DagBag from /opt/airflow/dags/etl_sederhana_25_572885_PPA_07200.py
[2026-09-17T15:54:59.239+0000] {processor.py:925} INFO - DAG(s) 'etl_sederhana_25_572885_PPA_07200' retrieved from /opt/airflow/dags/etl_sederhana_25_572885_PPA_07200.py
[2026-09-17T15:54:59.373+0000] {logging_mixin.py:190} INFO - [2026-09-17T15:54:59.371+0000] {dag.py:3239} INFO - Sync 1 DAGs
[2026-09-17T15:54:59.404+0000] {logging_mixin.py:190} INFO - [2026-09-17T15:54:59.403+0000] {dag.py:4180} INFO - Setting next_dagrun for etl_sederhana_25_572885_PPA_07200 to 2026-09-17 00:00:00+00:00, run_after=2026-09-18 00:00:00+00:00
[2026-09-17T15:54:59.547+0000] {processor.py:208} INFO - Processing /opt/airflow/dags/etl_sederhana_25_572885_PPA_07200.py took 2.224 seconds
[2026-09-17T15:55:30.380+0000] {processor.py:186} INFO - Started process (PID=2898) to work on /opt/airflow/dags/etl_sederhana_25_572885_PPA_07200.py
[2026-09-17T15:55:30.514+0000] {processor.py:914} INFO - Processing file /opt/airflow/dags/etl_sederhana_25_572885_PPA_07200.py for tasks to queue
[2026-09-17T15:55:30.522+0000] {logging_mixin.py:190} INFO - [2026-09-17T15:55:30.521+0000] {dagbag.py:588} INFO - Filling up the DagBag from /opt/airflow/dags/etl_sederhana_25_572885_PPA_07200.py
[2026-09-17T15:55:31.925+0000] {processor.py:925} INFO - DAG(s) 'etl_sederhana_25_572885_PPA_07200' retrieved from /opt/airflow/dags/etl_sederhana_25_572885_PPA_07200.py
[2026-09-17T15:55:31.952+0000] {logging_mixin.py:190} INFO - [2026-09-17T15:55:31.951+0000] {dag.py:3239} INFO - Sync 1 DAGs
[2026-09-17T15:55:31.987+0000] {logging_mixin.py:190} INFO - [2026-09-17T15:55:31.987+0000] {dag.py:4180} INFO - Setting next_dagrun for etl_sederhana_25_572885_PPA_07200 to 2026-09-17 00:00:00+00:00, run_after=2026-09-18 00:00:00+00:00
[2026-09-17T15:55:32.100+0000] {processor.py:208} INFO - Processing /opt/airflow/dags/etl_sederhana_25_572885_PPA_07200.py took 1.728 seconds
[2026-09-17T15:56:02.386+0000] {processor.py:186} INFO - Started process (PID=2907) to work on /opt/airflow/dags/etl_sederhana_25_572885_PPA_07200.py
[2026-09-17T15:56:02.389+0000] {processor.py:914} INFO - Processing file /opt/airflow/dags/etl_sederhana_25_572885_PPA_07200.py for tasks to queue
[2026-09-17T15:56:02.396+0000] {logging_mixin.py:190} INFO - [2026-09-17T15:56:02.395+0000] {dagbag.py:588} INFO - Filling up the DagBag from /opt/airflow/dags/etl_sederhana_25_572885_PPA_07200.py
[2026-09-17T15:56:03.655+0000] {processor.py:925} INFO - DAG(s) 'etl_sederhana_25_572885_PPA_07200' retrieved from /opt/airflow/dags/etl_sederhana_25_572885_PPA_07200.py
[2026-09-17T15:56:03.681+0000] {logging_mixin.py:190} INFO - [2026-09-17T15:56:03.681+0000] {dag.py:3239} INFO - Sync 1 DAGs
[2026-09-17T15:56:03.708+0000] {logging_mixin.py:190} INFO - [2026-09-17T15:56:03.707+0000] {dag.py:4180} INFO - Setting next_dagrun for etl_sederhana_25_572885_PPA_07200 to 2026-09-17 00:00:00+00:00, run_after=2026-09-18 00:00:00+00:00
[2026-09-17T15:56:03.747+0000] {processor.py:208} INFO - Processing /opt/airflow/dags/etl_sederhana_25_572885_PPA_07200.py took 1.374 seconds
[2026-09-17T15:56:33.954+0000] {processor.py:186} INFO - Started process (PID=2916) to work on /opt/airflow/dags/etl_sederhana_25_572885_PPA_07200.py
[2026-09-17T15:56:33.956+0000] {processor.py:914} INFO - Processing file /opt/airflow/dags/etl_sederhana_25_572885_PPA_07200.py for tasks to queue
[2026-09-17T15:56:33.960+0000] {logging_mixin.py:190} INFO - [2026-09-17T15:56:33.960+0000] {dagbag.py:588} INFO - Filling up the DagBag from /opt/airflow/dags/etl_sederhana_25_572885_PPA_07200.py
[2026-09-17T15:56:34.887+0000] {processor.py:925} INFO - DAG(s) 'etl_sederhana_25_572885_PPA_07200' retrieved from /opt/airflow/dags/etl_sederhana_25_572885_PPA_07200.py
[2026-09-17T15:56:34.905+0000] {logging_mixin.py:190} INFO - [2026-09-17T15:56:34.904+0000] {dag.py:3239} INFO - Sync 1 DAGs
[2026-09-17T15:56:34.924+0000] {logging_mixin.py:190} INFO - [2026-09-17T15:56:34.924+0000] {dag.py:4180} INFO - Setting next_dagrun for etl_sederhana_25_572885_PPA_07200 to 2026-09-17 00:00:00+00:00, run_after=2026-09-18 00:00:00+00:00
[2026-09-17T15:56:34.952+0000] {processor.py:208} INFO - Processing /opt/airflow/dags/etl_sederhana_25_572885_PPA_07200.py took 1.004 seconds
[2026-09-17T15:57:05.268+0000] {processor.py:186} INFO - Started process (PID=2931) to work on /opt/airflow/dags/etl_sederhana_25_572885_PPA_07200.py
[2026-09-17T15:57:05.272+0000] {processor.py:914} INFO - Processing file /opt/airflow/dags/etl_sederhana_25_572885_PPA_07200.py for tasks to queue
[2026-09-17T15:57:05.285+0000] {logging_mixin.py:190} INFO - [2026-09-17T15:57:05.285+0000] {dagbag.py:588} INFO - Filling up the DagBag from /opt/airflow/dags/etl_sederhana_25_572885_PPA_07200.py
[2026-09-17T15:57:06.294+0000] {processor.py:925} INFO - DAG(s) 'etl_sederhana_25_572885_PPA_07200' retrieved from /opt/airflow/dags/etl_sederhana_25_572885_PPA_07200.py
[2026-09-17T15:57:06.322+0000] {logging_mixin.py:190} INFO - [2026-09-17T15:57:06.321+0000] {dag.py:3239} INFO - Sync 1 DAGs
[2026-09-17T15:57:06.354+0000] {logging_mixin.py:190} INFO - [2026-09-17T15:57:06.354+0000] {dag.py:4180} INFO - Setting next_dagrun for etl_sederhana_25_572885_PPA_07200 to 2026-09-17 00:00:00+00:00, run_after=2026-09-18 00:00:00+00:00
[2026-09-17T15:57:06.402+0000] {processor.py:208} INFO - Processing /opt/airflow/dags/etl_sederhana_25_572885_PPA_07200.py took 1.142 seconds
[2026-09-17T15:57:37.114+0000] {processor.py:186} INFO - Started process (PID=2941) to work on /opt/airflow/dags/etl_sederhana_25_572885_PPA_07200.py
[2026-09-17T15:57:37.117+0000] {processor.py:914} INFO - Processing file /opt/airflow/dags/etl_sederhana_25_572885_PPA_07200.py for tasks to queue
[2026-09-17T15:57:37.124+0000] {logging_mixin.py:190} INFO - [2026-09-17T15:57:37.123+0000] {dagbag.py:588} INFO - Filling up the DagBag from /opt/airflow/dags/etl_sederhana_25_572885_PPA_07200.py
[2026-09-17T15:57:38.306+0000] {processor.py:925} INFO - DAG(s) 'etl_sederhana_25_572885_PPA_07200' retrieved from /opt/airflow/dags/etl_sederhana_25_572885_PPA_07200.py
[2026-09-17T15:57:38.363+0000] {logging_mixin.py:190} INFO - [2026-09-17T15:57:38.362+0000] {dag.py:3239} INFO - Sync 1 DAGs
[2026-09-17T15:57:38.393+0000] {logging_mixin.py:190} INFO - [2026-09-17T15:57:38.393+0000] {dag.py:4180} INFO - Setting next_dagrun for etl_sederhana_25_572885_PPA_07200 to 2026-09-17 00:00:00+00:00, run_after=2026-09-18 00:00:00+00:00
[2026-09-17T15:57:38.432+0000] {processor.py:208} INFO - Processing /opt/airflow/dags/etl_sederhana_25_572885_PPA_07200.py took 1.325 seconds
[2026-09-17T15:58:09.156+0000] {processor.py:186} INFO - Started process (PID=2950) to work on /opt/airflow/dags/etl_sederhana_25_572885_PPA_07200.py
[2026-09-17T15:58:09.162+0000] {processor.py:914} INFO - Processing file /opt/airflow/dags/etl_sederhana_25_572885_PPA_07200.py for tasks to queue
[2026-09-17T15:58:09.167+0000] {logging_mixin.py:190} INFO - [2026-09-17T15:58:09.166+0000] {dagbag.py:588} INFO - Filling up the DagBag from /opt/airflow/dags/etl_sederhana_25_572885_PPA_07200.py
[2026-09-17T15:58:10.528+0000] {processor.py:925} INFO - DAG(s) 'etl_sederhana_25_572885_PPA_07200' retrieved from /opt/airflow/dags/etl_sederhana_25_572885_PPA_07200.py
[2026-09-17T15:58:10.588+0000] {logging_mixin.py:190} INFO - [2026-09-17T15:58:10.587+0000] {dag.py:3239} INFO - Sync 1 DAGs
[2026-09-17T15:58:10.654+0000] {logging_mixin.py:190} INFO - [2026-09-17T15:58:10.654+0000] {dag.py:4180} INFO - Setting next_dagrun for etl_sederhana_25_572885_PPA_07200 to 2026-09-17 00:00:00+00:00, run_after=2026-09-18 00:00:00+00:00
[2026-09-17T15:58:10.734+0000] {processor.py:208} INFO - Processing /opt/airflow/dags/etl_sederhana_25_572885_PPA_07200.py took 1.589 seconds
[2026-09-17T15:58:40.998+0000] {processor.py:186} INFO - Started process (PID=2959) to work on /opt/airflow/dags/etl_sederhana_25_572885_PPA_07200.py
[2026-09-17T15:58:41.000+0000] {processor.py:914} INFO - Processing file /opt/airflow/dags/etl_sederhana_25_572885_PPA_07200.py for tasks to queue
[2026-09-17T15:58:41.004+0000] {logging_mixin.py:190} INFO - [2026-09-17T15:58:41.004+0000] {dagbag.py:588} INFO - Filling up the DagBag from /opt/airflow/dags/etl_sederhana_25_572885_PPA_07200.py
[2026-09-17T15:58:41.909+0000] {processor.py:925} INFO - DAG(s) 'etl_sederhana_25_572885_PPA_07200' retrieved from /opt/airflow/dags/etl_sederhana_25_572885_PPA_07200.py
[2026-09-17T15:58:41.930+0000] {logging_mixin.py:190} INFO - [2026-09-17T15:58:41.930+0000] {dag.py:3239} INFO - Sync 1 DAGs
[2026-09-17T15:58:41.953+0000] {logging_mixin.py:190} INFO - [2026-09-17T15:58:41.952+0000] {dag.py:4180} INFO - Setting next_dagrun for etl_sederhana_25_572885_PPA_07200 to 2026-09-17 00:00:00+00:00, run_after=2026-09-18 00:00:00+00:00
[2026-09-17T15:58:41.992+0000] {processor.py:208} INFO - Processing /opt/airflow/dags/etl_sederhana_25_572885_PPA_07200.py took 1.000 seconds
[2026-09-17T15:59:12.235+0000] {processor.py:186} INFO - Started process (PID=2968) to work on /opt/airflow/dags/etl_sederhana_25_572885_PPA_07200.py
[2026-09-17T15:59:12.237+0000] {processor.py:914} INFO - Processing file /opt/airflow/dags/etl_sederhana_25_572885_PPA_07200.py for tasks to queue
[2026-09-17T15:59:12.242+0000] {logging_mixin.py:190} INFO - [2026-09-17T15:59:12.242+0000] {dagbag.py:588} INFO - Filling up the DagBag from /opt/airflow/dags/etl_sederhana_25_572885_PPA_07200.py
[2026-09-17T15:59:13.197+0000] {processor.py:925} INFO - DAG(s) 'etl_sederhana_25_572885_PPA_07200' retrieved from /opt/airflow/dags/etl_sederhana_25_572885_PPA_07200.py
[2026-09-17T15:59:13.235+0000] {logging_mixin.py:190} INFO - [2026-09-17T15:59:13.235+0000] {dag.py:3239} INFO - Sync 1 DAGs
[2026-09-17T15:59:13.260+0000] {logging_mixin.py:190} INFO - [2026-09-17T15:59:13.259+0000] {dag.py:4180} INFO - Setting next_dagrun for etl_sederhana_25_572885_PPA_07200 to 2026-09-17 00:00:00+00:00, run_after=2026-09-18 00:00:00+00:00
[2026-09-17T15:59:13.289+0000] {processor.py:208} INFO - Processing /opt/airflow/dags/etl_sederhana_25_572885_PPA_07200.py took 1.064 seconds
[2026-09-17T15:59:43.462+0000] {processor.py:186} INFO - Started process (PID=2977) to work on /opt/airflow/dags/etl_sederhana_25_572885_PPA_07200.py
[2026-09-17T15:59:43.465+0000] {processor.py:914} INFO - Processing file /opt/airflow/dags/etl_sederhana_25_572885_PPA_07200.py for tasks to queue
[2026-09-17T15:59:43.470+0000] {logging_mixin.py:190} INFO - [2026-09-17T15:59:43.469+0000] {dagbag.py:588} INFO - Filling up the DagBag from /opt/airflow/dags/etl_sederhana_25_572885_PPA_07200.py
[2026-09-17T15:59:44.623+0000] {processor.py:925} INFO - DAG(s) 'etl_sederhana_25_572885_PPA_07200' retrieved from /opt/airflow/dags/etl_sederhana_25_572885_PPA_07200.py
[2026-09-17T15:59:44.649+0000] {logging_mixin.py:190} INFO - [2026-09-17T15:59:44.648+0000] {dag.py:3239} INFO - Sync 1 DAGs
[2026-09-17T15:59:44.671+0000] {logging_mixin.py:190} INFO - [2026-09-17T15:59:44.670+0000] {dag.py:4180} INFO - Setting next_dagrun for etl_sederhana_25_572885_PPA_07200 to 2026-09-17 00:00:00+00:00, run_after=2026-09-18 00:00:00+00:00
[2026-09-17T15:59:44.703+0000] {processor.py:208} INFO - Processing /opt/airflow/dags/etl_sederhana_25_572885_PPA_07200.py took 1.250 seconds
[2026-09-17T16:00:14.876+0000] {processor.py:186} INFO - Started process (PID=2986) to work on /opt/airflow/dags/etl_sederhana_25_572885_PPA_07200.py
[2026-09-17T16:00:14.879+0000] {processor.py:914} INFO - Processing file /opt/airflow/dags/etl_sederhana_25_572885_PPA_07200.py for tasks to queue
[2026-09-17T16:00:14.884+0000] {logging_mixin.py:190} INFO - [2026-09-17T16:00:14.884+0000] {dagbag.py:588} INFO - Filling up the DagBag from /opt/airflow/dags/etl_sederhana_25_572885_PPA_07200.py
[2026-09-17T16:00:15.811+0000] {processor.py:925} INFO - DAG(s) 'etl_sederhana_25_572885_PPA_07200' retrieved from /opt/airflow/dags/etl_sederhana_25_572885_PPA_07200.py
[2026-09-17T16:00:15.834+0000] {logging_mixin.py:190} INFO - [2026-09-17T16:00:15.834+0000] {dag.py:3239} INFO - Sync 1 DAGs
[2026-09-17T16:00:15.858+0000] {logging_mixin.py:190} INFO - [2026-09-17T16:00:15.858+0000] {dag.py:4180} INFO - Setting next_dagrun for etl_sederhana_25_572885_PPA_07200 to 2026-09-17 00:00:00+00:00, run_after=2026-09-18 00:00:00+00:00
[2026-09-17T16:00:15.893+0000] {processor.py:208} INFO - Processing /opt/airflow/dags/etl_sederhana_25_572885_PPA_07200.py took 1.026 seconds
[2026-09-17T16:00:46.281+0000] {processor.py:186} INFO - Started process (PID=2995) to work on /opt/airflow/dags/etl_sederhana_25_572885_PPA_07200.py
[2026-09-17T16:00:46.293+0000] {processor.py:914} INFO - Processing file /opt/airflow/dags/etl_sederhana_25_572885_PPA_07200.py for tasks to queue
[2026-09-17T16:00:46.316+0000] {logging_mixin.py:190} INFO - [2026-09-17T16:00:46.315+0000] {dagbag.py:588} INFO - Filling up the DagBag from /opt/airflow/dags/etl_sederhana_25_572885_PPA_07200.py
[2026-09-17T16:00:47.568+0000] {processor.py:925} INFO - DAG(s) 'etl_sederhana_25_572885_PPA_07200' retrieved from /opt/airflow/dags/etl_sederhana_25_572885_PPA_07200.py
[2026-09-17T16:00:47.588+0000] {logging_mixin.py:190} INFO - [2026-09-17T16:00:47.587+0000] {dag.py:3239} INFO - Sync 1 DAGs
[2026-09-17T16:00:47.608+0000] {logging_mixin.py:190} INFO - [2026-09-17T16:00:47.607+0000] {dag.py:4180} INFO - Setting next_dagrun for etl_sederhana_25_572885_PPA_07200 to 2026-09-17 00:00:00+00:00, run_after=2026-09-18 00:00:00+00:00
[2026-09-17T16:00:47.648+0000] {processor.py:208} INFO - Processing /opt/airflow/dags/etl_sederhana_25_572885_PPA_07200.py took 1.377 seconds
[2026-09-17T16:01:17.816+0000] {processor.py:186} INFO - Started process (PID=3004) to work on /opt/airflow/dags/etl_sederhana_25_572885_PPA_07200.py
[2026-09-17T16:01:17.820+0000] {processor.py:914} INFO - Processing file /opt/airflow/dags/etl_sederhana_25_572885_PPA_07200.py for tasks to queue
[2026-09-17T16:01:17.824+0000] {logging_mixin.py:190} INFO - [2026-09-17T16:01:17.824+0000] {dagbag.py:588} INFO - Filling up the DagBag from /opt/airflow/dags/etl_sederhana_25_572885_PPA_07200.py
[2026-09-17T16:01:19.135+0000] {processor.py:925} INFO - DAG(s) 'etl_sederhana_25_572885_PPA_07200' retrieved from /opt/airflow/dags/etl_sederhana_25_572885_PPA_07200.py
[2026-09-17T16:01:19.164+0000] {logging_mixin.py:190} INFO - [2026-09-17T16:01:19.164+0000] {dag.py:3239} INFO - Sync 1 DAGs
[2026-09-17T16:01:19.225+0000] {logging_mixin.py:190} INFO - [2026-09-17T16:01:19.224+0000] {dag.py:4180} INFO - Setting next_dagrun for etl_sederhana_25_572885_PPA_07200 to 2026-09-17 00:00:00+00:00, run_after=2026-09-18 00:00:00+00:00
[2026-09-17T16:01:19.275+0000] {processor.py:208} INFO - Processing /opt/airflow/dags/etl_sederhana_25_572885_PPA_07200.py took 1.468 seconds
[2026-09-17T16:01:49.540+0000] {processor.py:186} INFO - Started process (PID=3013) to work on /opt/airflow/dags/etl_sederhana_25_572885_PPA_07200.py
[2026-09-17T16:01:49.563+0000] {processor.py:914} INFO - Processing file /opt/airflow/dags/etl_sederhana_25_572885_PPA_07200.py for tasks to queue
[2026-09-17T16:01:49.585+0000] {logging_mixin.py:190} INFO - [2026-09-17T16:01:49.585+0000] {dagbag.py:588} INFO - Filling up the DagBag from /opt/airflow/dags/etl_sederhana_25_572885_PPA_07200.py
[2026-09-17T16:01:51.085+0000] {processor.py:925} INFO - DAG(s) 'etl_sederhana_25_572885_PPA_07200' retrieved from /opt/airflow/dags/etl_sederhana_25_572885_PPA_07200.py
[2026-09-17T16:01:51.125+0000] {logging_mixin.py:190} INFO - [2026-09-17T16:01:51.124+0000] {dag.py:3239} INFO - Sync 1 DAGs
[2026-09-17T16:01:51.229+0000] {logging_mixin.py:190} INFO - [2026-09-17T16:01:51.229+0000] {dag.py:4180} INFO - Setting next_dagrun for etl_sederhana_25_572885_PPA_07200 to 2026-09-17 00:00:00+00:00, run_after=2026-09-18 00:00:00+00:00
[2026-09-17T16:01:51.339+0000] {processor.py:208} INFO - Processing /opt/airflow/dags/etl_sederhana_25_572885_PPA_07200.py took 1.814 seconds
[2026-09-17T16:02:21.633+0000] {processor.py:186} INFO - Started process (PID=3022) to work on /opt/airflow/dags/etl_sederhana_25_572885_PPA_07200.py
[2026-09-17T16:02:21.637+0000] {processor.py:914} INFO - Processing file /opt/airflow/dags/etl_sederhana_25_572885_PPA_07200.py for tasks to queue
[2026-09-17T16:02:21.645+0000] {logging_mixin.py:190} INFO - [2026-09-17T16:02:21.644+0000] {dagbag.py:588} INFO - Filling up the DagBag from /opt/airflow/dags/etl_sederhana_25_572885_PPA_07200.py
[2026-09-17T16:02:22.878+0000] {processor.py:925} INFO - DAG(s) 'etl_sederhana_25_572885_PPA_07200' retrieved from /opt/airflow/dags/etl_sederhana_25_572885_PPA_07200.py
[2026-09-17T16:02:22.907+0000] {logging_mixin.py:190} INFO - [2026-09-17T16:02:22.907+0000] {dag.py:3239} INFO - Sync 1 DAGs
[2026-09-17T16:02:22.989+0000] {logging_mixin.py:190} INFO - [2026-09-17T16:02:22.988+0000] {dag.py:4180} INFO - Setting next_dagrun for etl_sederhana_25_572885_PPA_07200 to 2026-09-17 00:00:00+00:00, run_after=2026-09-18 00:00:00+00:00
[2026-09-17T16:02:23.021+0000] {processor.py:208} INFO - Processing /opt/airflow/dags/etl_sederhana_25_572885_PPA_07200.py took 1.402 seconds
[2026-09-17T16:02:53.360+0000] {processor.py:186} INFO - Started process (PID=3031) to work on /opt/airflow/dags/etl_sederhana_25_572885_PPA_07200.py
[2026-09-17T16:02:53.463+0000] {processor.py:914} INFO - Processing file /opt/airflow/dags/etl_sederhana_25_572885_PPA_07200.py for tasks to queue
[2026-09-17T16:02:53.478+0000] {logging_mixin.py:190} INFO - [2026-09-17T16:02:53.477+0000] {dagbag.py:588} INFO - Filling up the DagBag from /opt/airflow/dags/etl_sederhana_25_572885_PPA_07200.py
[2026-09-17T16:02:54.995+0000] {processor.py:925} INFO - DAG(s) 'etl_sederhana_25_572885_PPA_07200' retrieved from /opt/airflow/dags/etl_sederhana_25_572885_PPA_07200.py
[2026-09-17T16:02:55.025+0000] {logging_mixin.py:190} INFO - [2026-09-17T16:02:55.024+0000] {dag.py:3239} INFO - Sync 1 DAGs
[2026-09-17T16:02:55.052+0000] {logging_mixin.py:190} INFO - [2026-09-17T16:02:55.052+0000] {dag.py:4180} INFO - Setting next_dagrun for etl_sederhana_25_572885_PPA_07200 to 2026-09-17 00:00:00+00:00, run_after=2026-09-18 00:00:00+00:00
[2026-09-17T16:02:55.083+0000] {processor.py:208} INFO - Processing /opt/airflow/dags/etl_sederhana_25_572885_PPA_07200.py took 1.736 seconds
[2026-09-17T16:03:25.276+0000] {processor.py:186} INFO - Started process (PID=3040) to work on /opt/airflow/dags/etl_sederhana_25_572885_PPA_07200.py
[2026-09-17T16:03:25.278+0000] {processor.py:914} INFO - Processing file /opt/airflow/dags/etl_sederhana_25_572885_PPA_07200.py for tasks to queue
[2026-09-17T16:03:25.282+0000] {logging_mixin.py:190} INFO - [2026-09-17T16:03:25.282+0000] {dagbag.py:588} INFO - Filling up the DagBag from /opt/airflow/dags/etl_sederhana_25_572885_PPA_07200.py
[2026-09-17T16:03:26.218+0000] {processor.py:925} INFO - DAG(s) 'etl_sederhana_25_572885_PPA_07200' retrieved from /opt/airflow/dags/etl_sederhana_25_572885_PPA_07200.py
[2026-09-17T16:03:26.240+0000] {logging_mixin.py:190} INFO - [2026-09-17T16:03:26.239+0000] {dag.py:3239} INFO - Sync 1 DAGs
[2026-09-17T16:03:26.260+0000] {logging_mixin.py:190} INFO - [2026-09-17T16:03:26.260+0000] {dag.py:4180} INFO - Setting next_dagrun for etl_sederhana_25_572885_PPA_07200 to 2026-09-17 00:00:00+00:00, run_after=2026-09-18 00:00:00+00:00
[2026-09-17T16:03:26.288+0000] {processor.py:208} INFO - Processing /opt/airflow/dags/etl_sederhana_25_572885_PPA_07200.py took 1.020 seconds
[2026-09-17T16:03:56.679+0000] {processor.py:186} INFO - Started process (PID=3049) to work on /opt/airflow/dags/etl_sederhana_25_572885_PPA_07200.py
[2026-09-17T16:03:56.684+0000] {processor.py:914} INFO - Processing file /opt/airflow/dags/etl_sederhana_25_572885_PPA_07200.py for tasks to queue
[2026-09-17T16:03:56.695+0000] {logging_mixin.py:190} INFO - [2026-09-17T16:03:56.694+0000] {dagbag.py:588} INFO - Filling up the DagBag from /opt/airflow/dags/etl_sederhana_25_572885_PPA_07200.py
[2026-09-17T16:03:58.305+0000] {processor.py:925} INFO - DAG(s) 'etl_sederhana_25_572885_PPA_07200' retrieved from /opt/airflow/dags/etl_sederhana_25_572885_PPA_07200.py
[2026-09-17T16:03:58.426+0000] {logging_mixin.py:190} INFO - [2026-09-17T16:03:58.425+0000] {dag.py:3239} INFO - Sync 1 DAGs
[2026-09-17T16:03:58.484+0000] {logging_mixin.py:190} INFO - [2026-09-17T16:03:58.484+0000] {dag.py:4180} INFO - Setting next_dagrun for etl_sederhana_25_572885_PPA_07200 to 2026-09-17 00:00:00+00:00, run_after=2026-09-18 00:00:00+00:00
[2026-09-17T16:03:58.518+0000] {processor.py:208} INFO - Processing /opt/airflow/dags/etl_sederhana_25_572885_PPA_07200.py took 1.847 seconds
[2026-09-17T16:04:28.947+0000] {processor.py:186} INFO - Started process (PID=3058) to work on /opt/airflow/dags/etl_sederhana_25_572885_PPA_07200.py
[2026-09-17T16:04:28.950+0000] {processor.py:914} INFO - Processing file /opt/airflow/dags/etl_sederhana_25_572885_PPA_07200.py for tasks to queue
[2026-09-17T16:04:28.954+0000] {logging_mixin.py:190} INFO - [2026-09-17T16:04:28.953+0000] {dagbag.py:588} INFO - Filling up the DagBag from /opt/airflow/dags/etl_sederhana_25_572885_PPA_07200.py
[2026-09-17T16:04:30.335+0000] {processor.py:925} INFO - DAG(s) 'etl_sederhana_25_572885_PPA_07200' retrieved from /opt/airflow/dags/etl_sederhana_25_572885_PPA_07200.py
[2026-09-17T16:04:30.360+0000] {logging_mixin.py:190} INFO - [2026-09-17T16:04:30.359+0000] {dag.py:3239} INFO - Sync 1 DAGs
[2026-09-17T16:04:30.399+0000] {logging_mixin.py:190} INFO - [2026-09-17T16:04:30.398+0000] {dag.py:4180} INFO - Setting next_dagrun for etl_sederhana_25_572885_PPA_07200 to 2026-09-17 00:00:00+00:00, run_after=2026-09-18 00:00:00+00:00
[2026-09-17T16:04:30.450+0000] {processor.py:208} INFO - Processing /opt/airflow/dags/etl_sederhana_25_572885_PPA_07200.py took 1.510 seconds
[2026-09-17T16:05:00.694+0000] {processor.py:186} INFO - Started process (PID=3067) to work on /opt/airflow/dags/etl_sederhana_25_572885_PPA_07200.py
[2026-09-17T16:05:00.698+0000] {processor.py:914} INFO - Processing file /opt/airflow/dags/etl_sederhana_25_572885_PPA_07200.py for tasks to queue
[2026-09-17T16:05:00.703+0000] {logging_mixin.py:190} INFO - [2026-09-17T16:05:00.702+0000] {dagbag.py:588} INFO - Filling up the DagBag from /opt/airflow/dags/etl_sederhana_25_572885_PPA_07200.py
[2026-09-17T16:05:02.002+0000] {processor.py:925} INFO - DAG(s) 'etl_sederhana_25_572885_PPA_07200' retrieved from /opt/airflow/dags/etl_sederhana_25_572885_PPA_07200.py
[2026-09-17T16:05:02.027+0000] {logging_mixin.py:190} INFO - [2026-09-17T16:05:02.026+0000] {dag.py:3239} INFO - Sync 1 DAGs
[2026-09-17T16:05:02.056+0000] {logging_mixin.py:190} INFO - [2026-09-17T16:05:02.055+0000] {dag.py:4180} INFO - Setting next_dagrun for etl_sederhana_25_572885_PPA_07200 to 2026-09-17 00:00:00+00:00, run_after=2026-09-18 00:00:00+00:00
[2026-09-17T16:05:02.090+0000] {processor.py:208} INFO - Processing /opt/airflow/dags/etl_sederhana_25_572885_PPA_07200.py took 1.407 seconds
[2026-09-17T16:05:32.344+0000] {processor.py:186} INFO - Started process (PID=3076) to work on /opt/airflow/dags/etl_sederhana_25_572885_PPA_07200.py
[2026-09-17T16:05:32.346+0000] {processor.py:914} INFO - Processing file /opt/airflow/dags/etl_sederhana_25_572885_PPA_07200.py for tasks to queue
[2026-09-17T16:05:32.350+0000] {logging_mixin.py:190} INFO - [2026-09-17T16:05:32.349+0000] {dagbag.py:588} INFO - Filling up the DagBag from /opt/airflow/dags/etl_sederhana_25_572885_PPA_07200.py
[2026-09-17T16:05:33.602+0000] {processor.py:925} INFO - DAG(s) 'etl_sederhana_25_572885_PPA_07200' retrieved from /opt/airflow/dags/etl_sederhana_25_572885_PPA_07200.py
[2026-09-17T16:05:33.624+0000] {logging_mixin.py:190} INFO - [2026-09-17T16:05:33.623+0000] {dag.py:3239} INFO - Sync 1 DAGs
[2026-09-17T16:05:33.650+0000] {logging_mixin.py:190} INFO - [2026-09-17T16:05:33.649+0000] {dag.py:4180} INFO - Setting next_dagrun for etl_sederhana_25_572885_PPA_07200 to 2026-09-17 00:00:00+00:00, run_after=2026-09-18 00:00:00+00:00
[2026-09-17T16:05:33.699+0000] {processor.py:208} INFO - Processing /opt/airflow/dags/etl_sederhana_25_572885_PPA_07200.py took 1.364 seconds
[2026-09-17T16:06:04.001+0000] {processor.py:186} INFO - Started process (PID=3085) to work on /opt/airflow/dags/etl_sederhana_25_572885_PPA_07200.py
[2026-09-17T16:06:04.005+0000] {processor.py:914} INFO - Processing file /opt/airflow/dags/etl_sederhana_25_572885_PPA_07200.py for tasks to queue
[2026-09-17T16:06:04.011+0000] {logging_mixin.py:190} INFO - [2026-09-17T16:06:04.010+0000] {dagbag.py:588} INFO - Filling up the DagBag from /opt/airflow/dags/etl_sederhana_25_572885_PPA_07200.py
[2026-09-17T16:06:05.441+0000] {processor.py:925} INFO - DAG(s) 'etl_sederhana_25_572885_PPA_07200' retrieved from /opt/airflow/dags/etl_sederhana_25_572885_PPA_07200.py
[2026-09-17T16:06:05.473+0000] {logging_mixin.py:190} INFO - [2026-09-17T16:06:05.472+0000] {dag.py:3239} INFO - Sync 1 DAGs
[2026-09-17T16:06:05.502+0000] {logging_mixin.py:190} INFO - [2026-09-17T16:06:05.501+0000] {dag.py:4180} INFO - Setting next_dagrun for etl_sederhana_25_572885_PPA_07200 to 2026-09-17 00:00:00+00:00, run_after=2026-09-18 00:00:00+00:00
[2026-09-17T16:06:05.539+0000] {processor.py:208} INFO - Processing /opt/airflow/dags/etl_sederhana_25_572885_PPA_07200.py took 1.552 seconds
[2026-09-17T16:06:35.764+0000] {processor.py:186} INFO - Started process (PID=3094) to work on /opt/airflow/dags/etl_sederhana_25_572885_PPA_07200.py
[2026-09-17T16:06:35.768+0000] {processor.py:914} INFO - Processing file /opt/airflow/dags/etl_sederhana_25_572885_PPA_07200.py for tasks to queue
[2026-09-17T16:06:35.776+0000] {logging_mixin.py:190} INFO - [2026-09-17T16:06:35.775+0000] {dagbag.py:588} INFO - Filling up the DagBag from /opt/airflow/dags/etl_sederhana_25_572885_PPA_07200.py
[2026-09-17T16:06:37.288+0000] {processor.py:925} INFO - DAG(s) 'etl_sederhana_25_572885_PPA_07200' retrieved from /opt/airflow/dags/etl_sederhana_25_572885_PPA_07200.py
[2026-09-17T16:06:37.418+0000] {logging_mixin.py:190} INFO - [2026-09-17T16:06:37.416+0000] {dag.py:3239} INFO - Sync 1 DAGs
[2026-09-17T16:06:37.531+0000] {logging_mixin.py:190} INFO - [2026-09-17T16:06:37.531+0000] {dag.py:4180} INFO - Setting next_dagrun for etl_sederhana_25_572885_PPA_07200 to 2026-09-17 00:00:00+00:00, run_after=2026-09-18 00:00:00+00:00
[2026-09-17T16:06:37.571+0000] {processor.py:208} INFO - Processing /opt/airflow/dags/etl_sederhana_25_572885_PPA_07200.py took 1.821 seconds
[2026-09-17T16:07:07.813+0000] {processor.py:186} INFO - Started process (PID=3109) to work on /opt/airflow/dags/etl_sederhana_25_572885_PPA_07200.py
[2026-09-17T16:07:07.815+0000] {processor.py:914} INFO - Processing file /opt/airflow/dags/etl_sederhana_25_572885_PPA_07200.py for tasks to queue
[2026-09-17T16:07:07.820+0000] {logging_mixin.py:190} INFO - [2026-09-17T16:07:07.819+0000] {dagbag.py:588} INFO - Filling up the DagBag from /opt/airflow/dags/etl_sederhana_25_572885_PPA_07200.py
[2026-09-17T16:07:09.050+0000] {processor.py:925} INFO - DAG(s) 'etl_sederhana_25_572885_PPA_07200' retrieved from /opt/airflow/dags/etl_sederhana_25_572885_PPA_07200.py
[2026-09-17T16:07:09.074+0000] {logging_mixin.py:190} INFO - [2026-09-17T16:07:09.073+0000] {dag.py:3239} INFO - Sync 1 DAGs
[2026-09-17T16:07:09.100+0000] {logging_mixin.py:190} INFO - [2026-09-17T16:07:09.100+0000] {dag.py:4180} INFO - Setting next_dagrun for etl_sederhana_25_572885_PPA_07200 to 2026-09-17 00:00:00+00:00, run_after=2026-09-18 00:00:00+00:00
[2026-09-17T16:07:09.135+0000] {processor.py:208} INFO - Processing /opt/airflow/dags/etl_sederhana_25_572885_PPA_07200.py took 1.333 seconds
[2026-09-17T16:07:39.345+0000] {processor.py:186} INFO - Started process (PID=3119) to work on /opt/airflow/dags/etl_sederhana_25_572885_PPA_07200.py
[2026-09-17T16:07:39.347+0000] {processor.py:914} INFO - Processing file /opt/airflow/dags/etl_sederhana_25_572885_PPA_07200.py for tasks to queue
[2026-09-17T16:07:39.352+0000] {logging_mixin.py:190} INFO - [2026-09-17T16:07:39.351+0000] {dagbag.py:588} INFO - Filling up the DagBag from /opt/airflow/dags/etl_sederhana_25_572885_PPA_07200.py
[2026-09-17T16:07:40.537+0000] {processor.py:925} INFO - DAG(s) 'etl_sederhana_25_572885_PPA_07200' retrieved from /opt/airflow/dags/etl_sederhana_25_572885_PPA_07200.py
[2026-09-17T16:07:40.565+0000] {logging_mixin.py:190} INFO - [2026-09-17T16:07:40.564+0000] {dag.py:3239} INFO - Sync 1 DAGs
[2026-09-17T16:07:40.594+0000] {logging_mixin.py:190} INFO - [2026-09-17T16:07:40.594+0000] {dag.py:4180} INFO - Setting next_dagrun for etl_sederhana_25_572885_PPA_07200 to 2026-09-17 00:00:00+00:00, run_after=2026-09-18 00:00:00+00:00
[2026-09-17T16:07:40.635+0000] {processor.py:208} INFO - Processing /opt/airflow/dags/etl_sederhana_25_572885_PPA_07200.py took 1.301 seconds
[2026-09-17T16:08:10.890+0000] {processor.py:186} INFO - Started process (PID=3128) to work on /opt/airflow/dags/etl_sederhana_25_572885_PPA_07200.py
[2026-09-17T16:08:10.892+0000] {processor.py:914} INFO - Processing file /opt/airflow/dags/etl_sederhana_25_572885_PPA_07200.py for tasks to queue
[2026-09-17T16:08:10.897+0000] {logging_mixin.py:190} INFO - [2026-09-17T16:08:10.896+0000] {dagbag.py:588} INFO - Filling up the DagBag from /opt/airflow/dags/etl_sederhana_25_572885_PPA_07200.py
[2026-09-17T16:08:11.875+0000] {processor.py:925} INFO - DAG(s) 'etl_sederhana_25_572885_PPA_07200' retrieved from /opt/airflow/dags/etl_sederhana_25_572885_PPA_07200.py
[2026-09-17T16:08:11.897+0000] {logging_mixin.py:190} INFO - [2026-09-17T16:08:11.897+0000] {dag.py:3239} INFO - Sync 1 DAGs
[2026-09-17T16:08:11.920+0000] {logging_mixin.py:190} INFO - [2026-09-17T16:08:11.920+0000] {dag.py:4180} INFO - Setting next_dagrun for etl_sederhana_25_572885_PPA_07200 to 2026-09-17 00:00:00+00:00, run_after=2026-09-18 00:00:00+00:00
[2026-09-17T16:08:11.960+0000] {processor.py:208} INFO - Processing /opt/airflow/dags/etl_sederhana_25_572885_PPA_07200.py took 1.078 seconds
[2026-09-17T16:08:42.977+0000] {processor.py:186} INFO - Started process (PID=3137) to work on /opt/airflow/dags/etl_sederhana_25_572885_PPA_07200.py
[2026-09-17T16:08:43.010+0000] {processor.py:914} INFO - Processing file /opt/airflow/dags/etl_sederhana_25_572885_PPA_07200.py for tasks to queue
[2026-09-17T16:08:43.061+0000] {logging_mixin.py:190} INFO - [2026-09-17T16:08:43.061+0000] {dagbag.py:588} INFO - Filling up the DagBag from /opt/airflow/dags/etl_sederhana_25_572885_PPA_07200.py
[2026-09-17T16:08:44.831+0000] {processor.py:925} INFO - DAG(s) 'etl_sederhana_25_572885_PPA_07200' retrieved from /opt/airflow/dags/etl_sederhana_25_572885_PPA_07200.py
[2026-09-17T16:08:44.875+0000] {logging_mixin.py:190} INFO - [2026-09-17T16:08:44.875+0000] {dag.py:3239} INFO - Sync 1 DAGs
[2026-09-17T16:08:44.914+0000] {logging_mixin.py:190} INFO - [2026-09-17T16:08:44.913+0000] {dag.py:4180} INFO - Setting next_dagrun for etl_sederhana_25_572885_PPA_07200 to 2026-09-17 00:00:00+00:00, run_after=2026-09-18 00:00:00+00:00
[2026-09-17T16:08:44.950+0000] {processor.py:208} INFO - Processing /opt/airflow/dags/etl_sederhana_25_572885_PPA_07200.py took 1.982 seconds
[2026-09-17T16:09:15.238+0000] {processor.py:186} INFO - Started process (PID=3146) to work on /opt/airflow/dags/etl_sederhana_25_572885_PPA_07200.py
[2026-09-17T16:09:15.254+0000] {processor.py:914} INFO - Processing file /opt/airflow/dags/etl_sederhana_25_572885_PPA_07200.py for tasks to queue
[2026-09-17T16:09:15.272+0000] {logging_mixin.py:190} INFO - [2026-09-17T16:09:15.271+0000] {dagbag.py:588} INFO - Filling up the DagBag from /opt/airflow/dags/etl_sederhana_25_572885_PPA_07200.py
[2026-09-17T16:09:16.668+0000] {processor.py:925} INFO - DAG(s) 'etl_sederhana_25_572885_PPA_07200' retrieved from /opt/airflow/dags/etl_sederhana_25_572885_PPA_07200.py
[2026-09-17T16:09:16.807+0000] {logging_mixin.py:190} INFO - [2026-09-17T16:09:16.806+0000] {dag.py:3239} INFO - Sync 1 DAGs
[2026-09-17T16:09:16.844+0000] {logging_mixin.py:190} INFO - [2026-09-17T16:09:16.844+0000] {dag.py:4180} INFO - Setting next_dagrun for etl_sederhana_25_572885_PPA_07200 to 2026-09-17 00:00:00+00:00, run_after=2026-09-18 00:00:00+00:00
[2026-09-17T16:09:16.882+0000] {processor.py:208} INFO - Processing /opt/airflow/dags/etl_sederhana_25_572885_PPA_07200.py took 1.659 seconds
[2026-09-17T16:09:47.077+0000] {processor.py:186} INFO - Started process (PID=3155) to work on /opt/airflow/dags/etl_sederhana_25_572885_PPA_07200.py
[2026-09-17T16:09:47.081+0000] {processor.py:914} INFO - Processing file /opt/airflow/dags/etl_sederhana_25_572885_PPA_07200.py for tasks to queue
[2026-09-17T16:09:47.086+0000] {logging_mixin.py:190} INFO - [2026-09-17T16:09:47.085+0000] {dagbag.py:588} INFO - Filling up the DagBag from /opt/airflow/dags/etl_sederhana_25_572885_PPA_07200.py
[2026-09-17T16:09:48.225+0000] {processor.py:925} INFO - DAG(s) 'etl_sederhana_25_572885_PPA_07200' retrieved from /opt/airflow/dags/etl_sederhana_25_572885_PPA_07200.py
[2026-09-17T16:09:48.258+0000] {logging_mixin.py:190} INFO - [2026-09-17T16:09:48.257+0000] {dag.py:3239} INFO - Sync 1 DAGs
[2026-09-17T16:09:48.287+0000] {logging_mixin.py:190} INFO - [2026-09-17T16:09:48.286+0000] {dag.py:4180} INFO - Setting next_dagrun for etl_sederhana_25_572885_PPA_07200 to 2026-09-17 00:00:00+00:00, run_after=2026-09-18 00:00:00+00:00
[2026-09-17T16:09:48.321+0000] {processor.py:208} INFO - Processing /opt/airflow/dags/etl_sederhana_25_572885_PPA_07200.py took 1.253 seconds
[2026-09-17T16:10:18.577+0000] {processor.py:186} INFO - Started process (PID=3164) to work on /opt/airflow/dags/etl_sederhana_25_572885_PPA_07200.py
[2026-09-17T16:10:18.580+0000] {processor.py:914} INFO - Processing file /opt/airflow/dags/etl_sederhana_25_572885_PPA_07200.py for tasks to queue
[2026-09-17T16:10:18.587+0000] {logging_mixin.py:190} INFO - [2026-09-17T16:10:18.586+0000] {dagbag.py:588} INFO - Filling up the DagBag from /opt/airflow/dags/etl_sederhana_25_572885_PPA_07200.py
[2026-09-17T16:10:20.005+0000] {processor.py:925} INFO - DAG(s) 'etl_sederhana_25_572885_PPA_07200' retrieved from /opt/airflow/dags/etl_sederhana_25_572885_PPA_07200.py
[2026-09-17T16:10:20.026+0000] {logging_mixin.py:190} INFO - [2026-09-17T16:10:20.025+0000] {dag.py:3239} INFO - Sync 1 DAGs
[2026-09-17T16:10:20.049+0000] {logging_mixin.py:190} INFO - [2026-09-17T16:10:20.049+0000] {dag.py:4180} INFO - Setting next_dagrun for etl_sederhana_25_572885_PPA_07200 to 2026-09-17 00:00:00+00:00, run_after=2026-09-18 00:00:00+00:00
[2026-09-17T16:10:20.097+0000] {processor.py:208} INFO - Processing /opt/airflow/dags/etl_sederhana_25_572885_PPA_07200.py took 1.532 seconds
[2026-09-17T16:10:50.907+0000] {processor.py:186} INFO - Started process (PID=3173) to work on /opt/airflow/dags/etl_sederhana_25_572885_PPA_07200.py
[2026-09-17T16:10:50.947+0000] {processor.py:914} INFO - Processing file /opt/airflow/dags/etl_sederhana_25_572885_PPA_07200.py for tasks to queue
[2026-09-17T16:10:50.967+0000] {logging_mixin.py:190} INFO - [2026-09-17T16:10:50.967+0000] {dagbag.py:588} INFO - Filling up the DagBag from /opt/airflow/dags/etl_sederhana_25_572885_PPA_07200.py
[2026-09-17T16:10:52.367+0000] {processor.py:925} INFO - DAG(s) 'etl_sederhana_25_572885_PPA_07200' retrieved from /opt/airflow/dags/etl_sederhana_25_572885_PPA_07200.py
[2026-09-17T16:10:52.388+0000] {logging_mixin.py:190} INFO - [2026-09-17T16:10:52.387+0000] {dag.py:3239} INFO - Sync 1 DAGs
[2026-09-17T16:10:52.412+0000] {logging_mixin.py:190} INFO - [2026-09-17T16:10:52.411+0000] {dag.py:4180} INFO - Setting next_dagrun for etl_sederhana_25_572885_PPA_07200 to 2026-09-17 00:00:00+00:00, run_after=2026-09-18 00:00:00+00:00
[2026-09-17T16:10:52.445+0000] {processor.py:208} INFO - Processing /opt/airflow/dags/etl_sederhana_25_572885_PPA_07200.py took 1.557 seconds
[2026-09-17T16:11:22.869+0000] {processor.py:186} INFO - Started process (PID=3182) to work on /opt/airflow/dags/etl_sederhana_25_572885_PPA_07200.py
[2026-09-17T16:11:22.873+0000] {processor.py:914} INFO - Processing file /opt/airflow/dags/etl_sederhana_25_572885_PPA_07200.py for tasks to queue
[2026-09-17T16:11:22.888+0000] {logging_mixin.py:190} INFO - [2026-09-17T16:11:22.886+0000] {dagbag.py:588} INFO - Filling up the DagBag from /opt/airflow/dags/etl_sederhana_25_572885_PPA_07200.py
[2026-09-17T16:11:24.303+0000] {processor.py:925} INFO - DAG(s) 'etl_sederhana_25_572885_PPA_07200' retrieved from /opt/airflow/dags/etl_sederhana_25_572885_PPA_07200.py
[2026-09-17T16:11:24.353+0000] {logging_mixin.py:190} INFO - [2026-09-17T16:11:24.353+0000] {dag.py:3239} INFO - Sync 1 DAGs
[2026-09-17T16:11:24.421+0000] {logging_mixin.py:190} INFO - [2026-09-17T16:11:24.421+0000] {dag.py:4180} INFO - Setting next_dagrun for etl_sederhana_25_572885_PPA_07200 to 2026-09-17 00:00:00+00:00, run_after=2026-09-18 00:00:00+00:00
[2026-09-17T16:11:24.457+0000] {processor.py:208} INFO - Processing /opt/airflow/dags/etl_sederhana_25_572885_PPA_07200.py took 1.607 seconds
[2026-09-17T16:11:54.723+0000] {processor.py:186} INFO - Started process (PID=3191) to work on /opt/airflow/dags/etl_sederhana_25_572885_PPA_07200.py
[2026-09-17T16:11:54.727+0000] {processor.py:914} INFO - Processing file /opt/airflow/dags/etl_sederhana_25_572885_PPA_07200.py for tasks to queue
[2026-09-17T16:11:54.734+0000] {logging_mixin.py:190} INFO - [2026-09-17T16:11:54.733+0000] {dagbag.py:588} INFO - Filling up the DagBag from /opt/airflow/dags/etl_sederhana_25_572885_PPA_07200.py
[2026-09-17T16:11:56.158+0000] {processor.py:925} INFO - DAG(s) 'etl_sederhana_25_572885_PPA_07200' retrieved from /opt/airflow/dags/etl_sederhana_25_572885_PPA_07200.py
[2026-09-17T16:11:56.200+0000] {logging_mixin.py:190} INFO - [2026-09-17T16:11:56.199+0000] {dag.py:3239} INFO - Sync 1 DAGs
[2026-09-17T16:11:56.235+0000] {logging_mixin.py:190} INFO - [2026-09-17T16:11:56.235+0000] {dag.py:4180} INFO - Setting next_dagrun for etl_sederhana_25_572885_PPA_07200 to 2026-09-17 00:00:00+00:00, run_after=2026-09-18 00:00:00+00:00
[2026-09-17T16:11:56.266+0000] {processor.py:208} INFO - Processing /opt/airflow/dags/etl_sederhana_25_572885_PPA_07200.py took 1.559 seconds
[2026-09-17T16:12:26.460+0000] {processor.py:186} INFO - Started process (PID=3200) to work on /opt/airflow/dags/etl_sederhana_25_572885_PPA_07200.py
[2026-09-17T16:12:26.462+0000] {processor.py:914} INFO - Processing file /opt/airflow/dags/etl_sederhana_25_572885_PPA_07200.py for tasks to queue
[2026-09-17T16:12:26.466+0000] {logging_mixin.py:190} INFO - [2026-09-17T16:12:26.465+0000] {dagbag.py:588} INFO - Filling up the DagBag from /opt/airflow/dags/etl_sederhana_25_572885_PPA_07200.py
[2026-09-17T16:12:27.558+0000] {processor.py:925} INFO - DAG(s) 'etl_sederhana_25_572885_PPA_07200' retrieved from /opt/airflow/dags/etl_sederhana_25_572885_PPA_07200.py
[2026-09-17T16:12:27.579+0000] {logging_mixin.py:190} INFO - [2026-09-17T16:12:27.579+0000] {dag.py:3239} INFO - Sync 1 DAGs
[2026-09-17T16:12:27.607+0000] {logging_mixin.py:190} INFO - [2026-09-17T16:12:27.607+0000] {dag.py:4180} INFO - Setting next_dagrun for etl_sederhana_25_572885_PPA_07200 to 2026-09-17 00:00:00+00:00, run_after=2026-09-18 00:00:00+00:00
[2026-09-17T16:12:27.646+0000] {processor.py:208} INFO - Processing /opt/airflow/dags/etl_sederhana_25_572885_PPA_07200.py took 1.195 seconds
[2026-09-17T16:12:57.936+0000] {processor.py:186} INFO - Started process (PID=3209) to work on /opt/airflow/dags/etl_sederhana_25_572885_PPA_07200.py
[2026-09-17T16:12:57.938+0000] {processor.py:914} INFO - Processing file /opt/airflow/dags/etl_sederhana_25_572885_PPA_07200.py for tasks to queue
[2026-09-17T16:12:57.942+0000] {logging_mixin.py:190} INFO - [2026-09-17T16:12:57.942+0000] {dagbag.py:588} INFO - Filling up the DagBag from /opt/airflow/dags/etl_sederhana_25_572885_PPA_07200.py
[2026-09-17T16:12:59.193+0000] {processor.py:925} INFO - DAG(s) 'etl_sederhana_25_572885_PPA_07200' retrieved from /opt/airflow/dags/etl_sederhana_25_572885_PPA_07200.py
[2026-09-17T16:12:59.220+0000] {logging_mixin.py:190} INFO - [2026-09-17T16:12:59.218+0000] {dag.py:3239} INFO - Sync 1 DAGs
[2026-09-17T16:12:59.253+0000] {logging_mixin.py:190} INFO - [2026-09-17T16:12:59.253+0000] {dag.py:4180} INFO - Setting next_dagrun for etl_sederhana_25_572885_PPA_07200 to 2026-09-17 00:00:00+00:00, run_after=2026-09-18 00:00:00+00:00
[2026-09-17T16:12:59.291+0000] {processor.py:208} INFO - Processing /opt/airflow/dags/etl_sederhana_25_572885_PPA_07200.py took 1.363 seconds
[2026-09-17T16:13:30.901+0000] {processor.py:186} INFO - Started process (PID=3218) to work on /opt/airflow/dags/etl_sederhana_25_572885_PPA_07200.py
[2026-09-17T16:13:31.185+0000] {processor.py:914} INFO - Processing file /opt/airflow/dags/etl_sederhana_25_572885_PPA_07200.py for tasks to queue
[2026-09-17T16:13:31.203+0000] {logging_mixin.py:190} INFO - [2026-09-17T16:13:31.202+0000] {dagbag.py:588} INFO - Filling up the DagBag from /opt/airflow/dags/etl_sederhana_25_572885_PPA_07200.py
[2026-09-17T16:13:32.800+0000] {processor.py:925} INFO - DAG(s) 'etl_sederhana_25_572885_PPA_07200' retrieved from /opt/airflow/dags/etl_sederhana_25_572885_PPA_07200.py
[2026-09-17T16:13:32.824+0000] {logging_mixin.py:190} INFO - [2026-09-17T16:13:32.823+0000] {dag.py:3239} INFO - Sync 1 DAGs
[2026-09-17T16:13:32.852+0000] {logging_mixin.py:190} INFO - [2026-09-17T16:13:32.851+0000] {dag.py:4180} INFO - Setting next_dagrun for etl_sederhana_25_572885_PPA_07200 to 2026-09-17 00:00:00+00:00, run_after=2026-09-18 00:00:00+00:00
[2026-09-17T16:13:32.896+0000] {processor.py:208} INFO - Processing /opt/airflow/dags/etl_sederhana_25_572885_PPA_07200.py took 2.017 seconds
[2026-09-17T16:14:03.298+0000] {processor.py:186} INFO - Started process (PID=3227) to work on /opt/airflow/dags/etl_sederhana_25_572885_PPA_07200.py
[2026-09-17T16:14:03.337+0000] {processor.py:914} INFO - Processing file /opt/airflow/dags/etl_sederhana_25_572885_PPA_07200.py for tasks to queue
[2026-09-17T16:14:03.356+0000] {logging_mixin.py:190} INFO - [2026-09-17T16:14:03.355+0000] {dagbag.py:588} INFO - Filling up the DagBag from /opt/airflow/dags/etl_sederhana_25_572885_PPA_07200.py
[2026-09-17T16:14:05.030+0000] {processor.py:925} INFO - DAG(s) 'etl_sederhana_25_572885_PPA_07200' retrieved from /opt/airflow/dags/etl_sederhana_25_572885_PPA_07200.py
[2026-09-17T16:14:05.062+0000] {logging_mixin.py:190} INFO - [2026-09-17T16:14:05.062+0000] {dag.py:3239} INFO - Sync 1 DAGs
[2026-09-17T16:14:05.126+0000] {logging_mixin.py:190} INFO - [2026-09-17T16:14:05.126+0000] {dag.py:4180} INFO - Setting next_dagrun for etl_sederhana_25_572885_PPA_07200 to 2026-09-17 00:00:00+00:00, run_after=2026-09-18 00:00:00+00:00
[2026-09-17T16:14:05.186+0000] {processor.py:208} INFO - Processing /opt/airflow/dags/etl_sederhana_25_572885_PPA_07200.py took 1.895 seconds
[2026-09-17T16:14:35.811+0000] {processor.py:186} INFO - Started process (PID=3236) to work on /opt/airflow/dags/etl_sederhana_25_572885_PPA_07200.py
[2026-09-17T16:14:35.914+0000] {processor.py:914} INFO - Processing file /opt/airflow/dags/etl_sederhana_25_572885_PPA_07200.py for tasks to queue
[2026-09-17T16:14:35.924+0000] {logging_mixin.py:190} INFO - [2026-09-17T16:14:35.923+0000] {dagbag.py:588} INFO - Filling up the DagBag from /opt/airflow/dags/etl_sederhana_25_572885_PPA_07200.py
[2026-09-17T16:14:38.230+0000] {processor.py:925} INFO - DAG(s) 'etl_sederhana_25_572885_PPA_07200' retrieved from /opt/airflow/dags/etl_sederhana_25_572885_PPA_07200.py
[2026-09-17T16:14:38.258+0000] {logging_mixin.py:190} INFO - [2026-09-17T16:14:38.257+0000] {dag.py:3239} INFO - Sync 1 DAGs
[2026-09-17T16:14:38.286+0000] {logging_mixin.py:190} INFO - [2026-09-17T16:14:38.286+0000] {dag.py:4180} INFO - Setting next_dagrun for etl_sederhana_25_572885_PPA_07200 to 2026-09-17 00:00:00+00:00, run_after=2026-09-18 00:00:00+00:00
[2026-09-17T16:14:38.352+0000] {processor.py:208} INFO - Processing /opt/airflow/dags/etl_sederhana_25_572885_PPA_07200.py took 2.549 seconds
[2026-09-17T16:15:08.775+0000] {processor.py:186} INFO - Started process (PID=3245) to work on /opt/airflow/dags/etl_sederhana_25_572885_PPA_07200.py
[2026-09-17T16:15:08.781+0000] {processor.py:914} INFO - Processing file /opt/airflow/dags/etl_sederhana_25_572885_PPA_07200.py for tasks to queue
[2026-09-17T16:15:08.788+0000] {logging_mixin.py:190} INFO - [2026-09-17T16:15:08.787+0000] {dagbag.py:588} INFO - Filling up the DagBag from /opt/airflow/dags/etl_sederhana_25_572885_PPA_07200.py
[2026-09-17T16:15:10.100+0000] {processor.py:925} INFO - DAG(s) 'etl_sederhana_25_572885_PPA_07200' retrieved from /opt/airflow/dags/etl_sederhana_25_572885_PPA_07200.py
[2026-09-17T16:15:10.128+0000] {logging_mixin.py:190} INFO - [2026-09-17T16:15:10.128+0000] {dag.py:3239} INFO - Sync 1 DAGs
[2026-09-17T16:15:10.227+0000] {logging_mixin.py:190} INFO - [2026-09-17T16:15:10.226+0000] {dag.py:4180} INFO - Setting next_dagrun for etl_sederhana_25_572885_PPA_07200 to 2026-09-17 00:00:00+00:00, run_after=2026-09-18 00:00:00+00:00
[2026-09-17T16:15:10.278+0000] {processor.py:208} INFO - Processing /opt/airflow/dags/etl_sederhana_25_572885_PPA_07200.py took 1.521 seconds
[2026-09-17T16:15:40.602+0000] {processor.py:186} INFO - Started process (PID=3261) to work on /opt/airflow/dags/etl_sederhana_25_572885_PPA_07200.py
[2026-09-17T16:15:40.605+0000] {processor.py:914} INFO - Processing file /opt/airflow/dags/etl_sederhana_25_572885_PPA_07200.py for tasks to queue
[2026-09-17T16:15:40.610+0000] {logging_mixin.py:190} INFO - [2026-09-17T16:15:40.610+0000] {dagbag.py:588} INFO - Filling up the DagBag from /opt/airflow/dags/etl_sederhana_25_572885_PPA_07200.py
[2026-09-17T16:15:41.897+0000] {processor.py:925} INFO - DAG(s) 'etl_sederhana_25_572885_PPA_07200' retrieved from /opt/airflow/dags/etl_sederhana_25_572885_PPA_07200.py
[2026-09-17T16:15:41.991+0000] {logging_mixin.py:190} INFO - [2026-09-17T16:15:41.990+0000] {dag.py:3239} INFO - Sync 1 DAGs
[2026-09-17T16:15:42.037+0000] {logging_mixin.py:190} INFO - [2026-09-17T16:15:42.037+0000] {dag.py:4180} INFO - Setting next_dagrun for etl_sederhana_25_572885_PPA_07200 to 2026-09-17 00:00:00+00:00, run_after=2026-09-18 00:00:00+00:00
[2026-09-17T16:15:42.262+0000] {processor.py:208} INFO - Processing /opt/airflow/dags/etl_sederhana_25_572885_PPA_07200.py took 1.668 seconds
[2026-09-17T16:16:14.044+0000] {processor.py:186} INFO - Started process (PID=3270) to work on /opt/airflow/dags/etl_sederhana_25_572885_PPA_07200.py
[2026-09-17T16:16:14.149+0000] {processor.py:914} INFO - Processing file /opt/airflow/dags/etl_sederhana_25_572885_PPA_07200.py for tasks to queue
[2026-09-17T16:16:14.169+0000] {logging_mixin.py:190} INFO - [2026-09-17T16:16:14.168+0000] {dagbag.py:588} INFO - Filling up the DagBag from /opt/airflow/dags/etl_sederhana_25_572885_PPA_07200.py
[2026-09-17T16:16:15.879+0000] {processor.py:925} INFO - DAG(s) 'etl_sederhana_25_572885_PPA_07200' retrieved from /opt/airflow/dags/etl_sederhana_25_572885_PPA_07200.py
[2026-09-17T16:16:15.922+0000] {logging_mixin.py:190} INFO - [2026-09-17T16:16:15.921+0000] {dag.py:3239} INFO - Sync 1 DAGs
[2026-09-17T16:16:16.000+0000] {logging_mixin.py:190} INFO - [2026-09-17T16:16:15.999+0000] {dag.py:4180} INFO - Setting next_dagrun for etl_sederhana_25_572885_PPA_07200 to 2026-09-17 00:00:00+00:00, run_after=2026-09-18 00:00:00+00:00
[2026-09-17T16:16:16.080+0000] {processor.py:208} INFO - Processing /opt/airflow/dags/etl_sederhana_25_572885_PPA_07200.py took 2.048 seconds
[2026-09-17T16:16:46.641+0000] {processor.py:186} INFO - Started process (PID=3279) to work on /opt/airflow/dags/etl_sederhana_25_572885_PPA_07200.py
[2026-09-17T16:16:46.644+0000] {processor.py:914} INFO - Processing file /opt/airflow/dags/etl_sederhana_25_572885_PPA_07200.py for tasks to queue
[2026-09-17T16:16:46.650+0000] {logging_mixin.py:190} INFO - [2026-09-17T16:16:46.649+0000] {dagbag.py:588} INFO - Filling up the DagBag from /opt/airflow/dags/etl_sederhana_25_572885_PPA_07200.py
[2026-09-17T16:16:48.066+0000] {processor.py:925} INFO - DAG(s) 'etl_sederhana_25_572885_PPA_07200' retrieved from /opt/airflow/dags/etl_sederhana_25_572885_PPA_07200.py
[2026-09-17T16:16:48.109+0000] {logging_mixin.py:190} INFO - [2026-09-17T16:16:48.109+0000] {dag.py:3239} INFO - Sync 1 DAGs
[2026-09-17T16:16:48.161+0000] {logging_mixin.py:190} INFO - [2026-09-17T16:16:48.161+0000] {dag.py:4180} INFO - Setting next_dagrun for etl_sederhana_25_572885_PPA_07200 to 2026-09-17 00:00:00+00:00, run_after=2026-09-18 00:00:00+00:00
[2026-09-17T16:16:48.250+0000] {processor.py:208} INFO - Processing /opt/airflow/dags/etl_sederhana_25_572885_PPA_07200.py took 1.618 seconds
[2026-09-17T16:17:18.577+0000] {processor.py:186} INFO - Started process (PID=3288) to work on /opt/airflow/dags/etl_sederhana_25_572885_PPA_07200.py
[2026-09-17T16:17:18.580+0000] {processor.py:914} INFO - Processing file /opt/airflow/dags/etl_sederhana_25_572885_PPA_07200.py for tasks to queue
[2026-09-17T16:17:18.584+0000] {logging_mixin.py:190} INFO - [2026-09-17T16:17:18.584+0000] {dagbag.py:588} INFO - Filling up the DagBag from /opt/airflow/dags/etl_sederhana_25_572885_PPA_07200.py
[2026-09-17T16:17:20.340+0000] {processor.py:925} INFO - DAG(s) 'etl_sederhana_25_572885_PPA_07200' retrieved from /opt/airflow/dags/etl_sederhana_25_572885_PPA_07200.py
[2026-09-17T16:17:20.400+0000] {logging_mixin.py:190} INFO - [2026-09-17T16:17:20.399+0000] {dag.py:3239} INFO - Sync 1 DAGs
[2026-09-17T16:17:20.441+0000] {logging_mixin.py:190} INFO - [2026-09-17T16:17:20.441+0000] {dag.py:4180} INFO - Setting next_dagrun for etl_sederhana_25_572885_PPA_07200 to 2026-09-17 00:00:00+00:00, run_after=2026-09-18 00:00:00+00:00
[2026-09-17T16:17:20.518+0000] {processor.py:208} INFO - Processing /opt/airflow/dags/etl_sederhana_25_572885_PPA_07200.py took 1.951 seconds
[2026-09-17T16:17:50.797+0000] {processor.py:186} INFO - Started process (PID=3297) to work on /opt/airflow/dags/etl_sederhana_25_572885_PPA_07200.py
[2026-09-17T16:17:50.799+0000] {processor.py:914} INFO - Processing file /opt/airflow/dags/etl_sederhana_25_572885_PPA_07200.py for tasks to queue
[2026-09-17T16:17:50.803+0000] {logging_mixin.py:190} INFO - [2026-09-17T16:17:50.803+0000] {dagbag.py:588} INFO - Filling up the DagBag from /opt/airflow/dags/etl_sederhana_25_572885_PPA_07200.py
[2026-09-17T16:17:51.867+0000] {processor.py:925} INFO - DAG(s) 'etl_sederhana_25_572885_PPA_07200' retrieved from /opt/airflow/dags/etl_sederhana_25_572885_PPA_07200.py
[2026-09-17T16:17:51.889+0000] {logging_mixin.py:190} INFO - [2026-09-17T16:17:51.888+0000] {dag.py:3239} INFO - Sync 1 DAGs
[2026-09-17T16:17:51.920+0000] {logging_mixin.py:190} INFO - [2026-09-17T16:17:51.920+0000] {dag.py:4180} INFO - Setting next_dagrun for etl_sederhana_25_572885_PPA_07200 to 2026-09-17 00:00:00+00:00, run_after=2026-09-18 00:00:00+00:00
[2026-09-17T16:17:51.957+0000] {processor.py:208} INFO - Processing /opt/airflow/dags/etl_sederhana_25_572885_PPA_07200.py took 1.168 seconds
[2026-09-17T16:18:22.243+0000] {processor.py:186} INFO - Started process (PID=3306) to work on /opt/airflow/dags/etl_sederhana_25_572885_PPA_07200.py
[2026-09-17T16:18:22.246+0000] {processor.py:914} INFO - Processing file /opt/airflow/dags/etl_sederhana_25_572885_PPA_07200.py for tasks to queue
[2026-09-17T16:18:22.251+0000] {logging_mixin.py:190} INFO - [2026-09-17T16:18:22.250+0000] {dagbag.py:588} INFO - Filling up the DagBag from /opt/airflow/dags/etl_sederhana_25_572885_PPA_07200.py
[2026-09-17T16:18:23.684+0000] {processor.py:925} INFO - DAG(s) 'etl_sederhana_25_572885_PPA_07200' retrieved from /opt/airflow/dags/etl_sederhana_25_572885_PPA_07200.py
[2026-09-17T16:18:23.725+0000] {logging_mixin.py:190} INFO - [2026-09-17T16:18:23.725+0000] {dag.py:3239} INFO - Sync 1 DAGs
[2026-09-17T16:18:23.796+0000] {logging_mixin.py:190} INFO - [2026-09-17T16:18:23.795+0000] {dag.py:4180} INFO - Setting next_dagrun for etl_sederhana_25_572885_PPA_07200 to 2026-09-17 00:00:00+00:00, run_after=2026-09-18 00:00:00+00:00
[2026-09-17T16:18:23.844+0000] {processor.py:208} INFO - Processing /opt/airflow/dags/etl_sederhana_25_572885_PPA_07200.py took 1.610 seconds
[2026-09-17T16:18:54.311+0000] {processor.py:186} INFO - Started process (PID=3315) to work on /opt/airflow/dags/etl_sederhana_25_572885_PPA_07200.py
[2026-09-17T16:18:54.317+0000] {processor.py:914} INFO - Processing file /opt/airflow/dags/etl_sederhana_25_572885_PPA_07200.py for tasks to queue
[2026-09-17T16:18:54.328+0000] {logging_mixin.py:190} INFO - [2026-09-17T16:18:54.327+0000] {dagbag.py:588} INFO - Filling up the DagBag from /opt/airflow/dags/etl_sederhana_25_572885_PPA_07200.py
[2026-09-17T16:18:55.835+0000] {processor.py:925} INFO - DAG(s) 'etl_sederhana_25_572885_PPA_07200' retrieved from /opt/airflow/dags/etl_sederhana_25_572885_PPA_07200.py
[2026-09-17T16:18:55.860+0000] {logging_mixin.py:190} INFO - [2026-09-17T16:18:55.859+0000] {dag.py:3239} INFO - Sync 1 DAGs
[2026-09-17T16:18:55.891+0000] {logging_mixin.py:190} INFO - [2026-09-17T16:18:55.890+0000] {dag.py:4180} INFO - Setting next_dagrun for etl_sederhana_25_572885_PPA_07200 to 2026-09-17 00:00:00+00:00, run_after=2026-09-18 00:00:00+00:00
[2026-09-17T16:18:55.926+0000] {processor.py:208} INFO - Processing /opt/airflow/dags/etl_sederhana_25_572885_PPA_07200.py took 1.623 seconds
[2026-09-17T16:19:26.501+0000] {processor.py:186} INFO - Started process (PID=3324) to work on /opt/airflow/dags/etl_sederhana_25_572885_PPA_07200.py
[2026-09-17T16:19:26.504+0000] {processor.py:914} INFO - Processing file /opt/airflow/dags/etl_sederhana_25_572885_PPA_07200.py for tasks to queue
[2026-09-17T16:19:26.569+0000] {logging_mixin.py:190} INFO - [2026-09-17T16:19:26.568+0000] {dagbag.py:588} INFO - Filling up the DagBag from /opt/airflow/dags/etl_sederhana_25_572885_PPA_07200.py
[2026-09-17T16:19:28.058+0000] {processor.py:925} INFO - DAG(s) 'etl_sederhana_25_572885_PPA_07200' retrieved from /opt/airflow/dags/etl_sederhana_25_572885_PPA_07200.py
[2026-09-17T16:19:28.103+0000] {logging_mixin.py:190} INFO - [2026-09-17T16:19:28.102+0000] {dag.py:3239} INFO - Sync 1 DAGs
[2026-09-17T16:19:28.168+0000] {logging_mixin.py:190} INFO - [2026-09-17T16:19:28.168+0000] {dag.py:4180} INFO - Setting next_dagrun for etl_sederhana_25_572885_PPA_07200 to 2026-09-17 00:00:00+00:00, run_after=2026-09-18 00:00:00+00:00
[2026-09-17T16:19:28.262+0000] {processor.py:208} INFO - Processing /opt/airflow/dags/etl_sederhana_25_572885_PPA_07200.py took 1.776 seconds
[2026-09-17T16:19:58.507+0000] {processor.py:186} INFO - Started process (PID=3333) to work on /opt/airflow/dags/etl_sederhana_25_572885_PPA_07200.py
[2026-09-17T16:19:58.512+0000] {processor.py:914} INFO - Processing file /opt/airflow/dags/etl_sederhana_25_572885_PPA_07200.py for tasks to queue
[2026-09-17T16:19:58.517+0000] {logging_mixin.py:190} INFO - [2026-09-17T16:19:58.516+0000] {dagbag.py:588} INFO - Filling up the DagBag from /opt/airflow/dags/etl_sederhana_25_572885_PPA_07200.py
[2026-09-17T16:19:59.609+0000] {processor.py:925} INFO - DAG(s) 'etl_sederhana_25_572885_PPA_07200' retrieved from /opt/airflow/dags/etl_sederhana_25_572885_PPA_07200.py
[2026-09-17T16:19:59.630+0000] {logging_mixin.py:190} INFO - [2026-09-17T16:19:59.629+0000] {dag.py:3239} INFO - Sync 1 DAGs
[2026-09-17T16:19:59.746+0000] {logging_mixin.py:190} INFO - [2026-09-17T16:19:59.746+0000] {dag.py:4180} INFO - Setting next_dagrun for etl_sederhana_25_572885_PPA_07200 to 2026-09-17 00:00:00+00:00, run_after=2026-09-18 00:00:00+00:00
[2026-09-17T16:19:59.791+0000] {processor.py:208} INFO - Processing /opt/airflow/dags/etl_sederhana_25_572885_PPA_07200.py took 1.291 seconds
[2026-09-17T16:20:30.588+0000] {processor.py:186} INFO - Started process (PID=3342) to work on /opt/airflow/dags/etl_sederhana_25_572885_PPA_07200.py
[2026-09-17T16:20:30.745+0000] {processor.py:914} INFO - Processing file /opt/airflow/dags/etl_sederhana_25_572885_PPA_07200.py for tasks to queue
[2026-09-17T16:20:30.756+0000] {logging_mixin.py:190} INFO - [2026-09-17T16:20:30.755+0000] {dagbag.py:588} INFO - Filling up the DagBag from /opt/airflow/dags/etl_sederhana_25_572885_PPA_07200.py
[2026-09-17T16:20:32.404+0000] {processor.py:925} INFO - DAG(s) 'etl_sederhana_25_572885_PPA_07200' retrieved from /opt/airflow/dags/etl_sederhana_25_572885_PPA_07200.py
[2026-09-17T16:20:32.427+0000] {logging_mixin.py:190} INFO - [2026-09-17T16:20:32.426+0000] {dag.py:3239} INFO - Sync 1 DAGs
[2026-09-17T16:20:32.458+0000] {logging_mixin.py:190} INFO - [2026-09-17T16:20:32.457+0000] {dag.py:4180} INFO - Setting next_dagrun for etl_sederhana_25_572885_PPA_07200 to 2026-09-17 00:00:00+00:00, run_after=2026-09-18 00:00:00+00:00
[2026-09-17T16:20:32.513+0000] {processor.py:208} INFO - Processing /opt/airflow/dags/etl_sederhana_25_572885_PPA_07200.py took 1.935 seconds
[2026-09-17T16:21:03.020+0000] {processor.py:186} INFO - Started process (PID=3351) to work on /opt/airflow/dags/etl_sederhana_25_572885_PPA_07200.py
[2026-09-17T16:21:03.051+0000] {processor.py:914} INFO - Processing file /opt/airflow/dags/etl_sederhana_25_572885_PPA_07200.py for tasks to queue
[2026-09-17T16:21:03.110+0000] {logging_mixin.py:190} INFO - [2026-09-17T16:21:03.107+0000] {dagbag.py:588} INFO - Filling up the DagBag from /opt/airflow/dags/etl_sederhana_25_572885_PPA_07200.py
[2026-09-17T16:21:07.223+0000] {processor.py:925} INFO - DAG(s) 'etl_sederhana_25_572885_PPA_07200' retrieved from /opt/airflow/dags/etl_sederhana_25_572885_PPA_07200.py
[2026-09-17T16:21:07.255+0000] {logging_mixin.py:190} INFO - [2026-09-17T16:21:07.255+0000] {dag.py:3239} INFO - Sync 1 DAGs
[2026-09-17T16:21:07.292+0000] {logging_mixin.py:190} INFO - [2026-09-17T16:21:07.292+0000] {dag.py:4180} INFO - Setting next_dagrun for etl_sederhana_25_572885_PPA_07200 to 2026-09-17 00:00:00+00:00, run_after=2026-09-18 00:00:00+00:00
[2026-09-17T16:21:07.337+0000] {processor.py:208} INFO - Processing /opt/airflow/dags/etl_sederhana_25_572885_PPA_07200.py took 4.360 seconds
[2026-09-17T16:21:37.980+0000] {processor.py:186} INFO - Started process (PID=3360) to work on /opt/airflow/dags/etl_sederhana_25_572885_PPA_07200.py
[2026-09-17T16:21:37.989+0000] {processor.py:914} INFO - Processing file /opt/airflow/dags/etl_sederhana_25_572885_PPA_07200.py for tasks to queue
[2026-09-17T16:21:38.001+0000] {logging_mixin.py:190} INFO - [2026-09-17T16:21:38.000+0000] {dagbag.py:588} INFO - Filling up the DagBag from /opt/airflow/dags/etl_sederhana_25_572885_PPA_07200.py
[2026-09-17T16:21:41.644+0000] {processor.py:925} INFO - DAG(s) 'etl_sederhana_25_572885_PPA_07200' retrieved from /opt/airflow/dags/etl_sederhana_25_572885_PPA_07200.py
[2026-09-17T16:21:41.719+0000] {logging_mixin.py:190} INFO - [2026-09-17T16:21:41.718+0000] {dag.py:3239} INFO - Sync 1 DAGs
[2026-09-17T16:21:41.830+0000] {logging_mixin.py:190} INFO - [2026-09-17T16:21:41.829+0000] {dag.py:4180} INFO - Setting next_dagrun for etl_sederhana_25_572885_PPA_07200 to 2026-09-17 00:00:00+00:00, run_after=2026-09-18 00:00:00+00:00
[2026-09-17T16:21:41.917+0000] {processor.py:208} INFO - Processing /opt/airflow/dags/etl_sederhana_25_572885_PPA_07200.py took 3.958 seconds
[2026-09-17T16:22:12.414+0000] {processor.py:186} INFO - Started process (PID=3376) to work on /opt/airflow/dags/etl_sederhana_25_572885_PPA_07200.py
[2026-09-17T16:22:12.418+0000] {processor.py:914} INFO - Processing file /opt/airflow/dags/etl_sederhana_25_572885_PPA_07200.py for tasks to queue
[2026-09-17T16:22:12.446+0000] {logging_mixin.py:190} INFO - [2026-09-17T16:22:12.444+0000] {dagbag.py:588} INFO - Filling up the DagBag from /opt/airflow/dags/etl_sederhana_25_572885_PPA_07200.py
[2026-09-17T16:22:13.920+0000] {processor.py:925} INFO - DAG(s) 'etl_sederhana_25_572885_PPA_07200' retrieved from /opt/airflow/dags/etl_sederhana_25_572885_PPA_07200.py
[2026-09-17T16:22:13.945+0000] {logging_mixin.py:190} INFO - [2026-09-17T16:22:13.944+0000] {dag.py:3239} INFO - Sync 1 DAGs
[2026-09-17T16:22:13.977+0000] {logging_mixin.py:190} INFO - [2026-09-17T16:22:13.976+0000] {dag.py:4180} INFO - Setting next_dagrun for etl_sederhana_25_572885_PPA_07200 to 2026-09-17 00:00:00+00:00, run_after=2026-09-18 00:00:00+00:00
[2026-09-17T16:22:14.013+0000] {processor.py:208} INFO - Processing /opt/airflow/dags/etl_sederhana_25_572885_PPA_07200.py took 1.613 seconds
[2026-09-17T16:22:44.288+0000] {processor.py:186} INFO - Started process (PID=3386) to work on /opt/airflow/dags/etl_sederhana_25_572885_PPA_07200.py
[2026-09-17T16:22:44.292+0000] {processor.py:914} INFO - Processing file /opt/airflow/dags/etl_sederhana_25_572885_PPA_07200.py for tasks to queue
[2026-09-17T16:22:44.297+0000] {logging_mixin.py:190} INFO - [2026-09-17T16:22:44.296+0000] {dagbag.py:588} INFO - Filling up the DagBag from /opt/airflow/dags/etl_sederhana_25_572885_PPA_07200.py
[2026-09-17T16:22:45.788+0000] {processor.py:925} INFO - DAG(s) 'etl_sederhana_25_572885_PPA_07200' retrieved from /opt/airflow/dags/etl_sederhana_25_572885_PPA_07200.py
[2026-09-17T16:22:45.818+0000] {logging_mixin.py:190} INFO - [2026-09-17T16:22:45.818+0000] {dag.py:3239} INFO - Sync 1 DAGs
[2026-09-17T16:22:45.867+0000] {logging_mixin.py:190} INFO - [2026-09-17T16:22:45.866+0000] {dag.py:4180} INFO - Setting next_dagrun for etl_sederhana_25_572885_PPA_07200 to 2026-09-17 00:00:00+00:00, run_after=2026-09-18 00:00:00+00:00
[2026-09-17T16:22:45.923+0000] {processor.py:208} INFO - Processing /opt/airflow/dags/etl_sederhana_25_572885_PPA_07200.py took 1.644 seconds
[2026-09-17T16:23:16.223+0000] {processor.py:186} INFO - Started process (PID=3395) to work on /opt/airflow/dags/etl_sederhana_25_572885_PPA_07200.py
[2026-09-17T16:23:16.228+0000] {processor.py:914} INFO - Processing file /opt/airflow/dags/etl_sederhana_25_572885_PPA_07200.py for tasks to queue
[2026-09-17T16:23:16.234+0000] {logging_mixin.py:190} INFO - [2026-09-17T16:23:16.233+0000] {dagbag.py:588} INFO - Filling up the DagBag from /opt/airflow/dags/etl_sederhana_25_572885_PPA_07200.py
[2026-09-17T16:23:17.392+0000] {processor.py:925} INFO - DAG(s) 'etl_sederhana_25_572885_PPA_07200' retrieved from /opt/airflow/dags/etl_sederhana_25_572885_PPA_07200.py
[2026-09-17T16:23:17.417+0000] {logging_mixin.py:190} INFO - [2026-09-17T16:23:17.417+0000] {dag.py:3239} INFO - Sync 1 DAGs
[2026-09-17T16:23:17.444+0000] {logging_mixin.py:190} INFO - [2026-09-17T16:23:17.443+0000] {dag.py:4180} INFO - Setting next_dagrun for etl_sederhana_25_572885_PPA_07200 to 2026-09-17 00:00:00+00:00, run_after=2026-09-18 00:00:00+00:00
[2026-09-17T16:23:17.498+0000] {processor.py:208} INFO - Processing /opt/airflow/dags/etl_sederhana_25_572885_PPA_07200.py took 1.291 seconds
[2026-09-17T16:23:47.809+0000] {processor.py:186} INFO - Started process (PID=3404) to work on /opt/airflow/dags/etl_sederhana_25_572885_PPA_07200.py
[2026-09-17T16:23:47.814+0000] {processor.py:914} INFO - Processing file /opt/airflow/dags/etl_sederhana_25_572885_PPA_07200.py for tasks to queue
[2026-09-17T16:23:47.824+0000] {logging_mixin.py:190} INFO - [2026-09-17T16:23:47.820+0000] {dagbag.py:588} INFO - Filling up the DagBag from /opt/airflow/dags/etl_sederhana_25_572885_PPA_07200.py
[2026-09-17T16:23:48.932+0000] {processor.py:925} INFO - DAG(s) 'etl_sederhana_25_572885_PPA_07200' retrieved from /opt/airflow/dags/etl_sederhana_25_572885_PPA_07200.py
[2026-09-17T16:23:48.949+0000] {logging_mixin.py:190} INFO - [2026-09-17T16:23:48.949+0000] {dag.py:3239} INFO - Sync 1 DAGs
[2026-09-17T16:23:48.967+0000] {logging_mixin.py:190} INFO - [2026-09-17T16:23:48.967+0000] {dag.py:4180} INFO - Setting next_dagrun for etl_sederhana_25_572885_PPA_07200 to 2026-09-17 00:00:00+00:00, run_after=2026-09-18 00:00:00+00:00
[2026-09-17T16:23:48.996+0000] {processor.py:208} INFO - Processing /opt/airflow/dags/etl_sederhana_25_572885_PPA_07200.py took 1.220 seconds
[2026-09-17T16:24:19.253+0000] {processor.py:186} INFO - Started process (PID=3413) to work on /opt/airflow/dags/etl_sederhana_25_572885_PPA_07200.py
[2026-09-17T16:24:19.256+0000] {processor.py:914} INFO - Processing file /opt/airflow/dags/etl_sederhana_25_572885_PPA_07200.py for tasks to queue
[2026-09-17T16:24:19.264+0000] {logging_mixin.py:190} INFO - [2026-09-17T16:24:19.263+0000] {dagbag.py:588} INFO - Filling up the DagBag from /opt/airflow/dags/etl_sederhana_25_572885_PPA_07200.py
[2026-09-17T16:24:20.466+0000] {processor.py:925} INFO - DAG(s) 'etl_sederhana_25_572885_PPA_07200' retrieved from /opt/airflow/dags/etl_sederhana_25_572885_PPA_07200.py
[2026-09-17T16:24:20.486+0000] {logging_mixin.py:190} INFO - [2026-09-17T16:24:20.486+0000] {dag.py:3239} INFO - Sync 1 DAGs
[2026-09-17T16:24:20.507+0000] {logging_mixin.py:190} INFO - [2026-09-17T16:24:20.506+0000] {dag.py:4180} INFO - Setting next_dagrun for etl_sederhana_25_572885_PPA_07200 to 2026-09-17 00:00:00+00:00, run_after=2026-09-18 00:00:00+00:00
[2026-09-17T16:24:20.534+0000] {processor.py:208} INFO - Processing /opt/airflow/dags/etl_sederhana_25_572885_PPA_07200.py took 1.289 seconds
[2026-09-17T16:24:50.874+0000] {processor.py:186} INFO - Started process (PID=3422) to work on /opt/airflow/dags/etl_sederhana_25_572885_PPA_07200.py
[2026-09-17T16:24:50.877+0000] {processor.py:914} INFO - Processing file /opt/airflow/dags/etl_sederhana_25_572885_PPA_07200.py for tasks to queue
[2026-09-17T16:24:50.881+0000] {logging_mixin.py:190} INFO - [2026-09-17T16:24:50.881+0000] {dagbag.py:588} INFO - Filling up the DagBag from /opt/airflow/dags/etl_sederhana_25_572885_PPA_07200.py
[2026-09-17T16:24:52.002+0000] {processor.py:925} INFO - DAG(s) 'etl_sederhana_25_572885_PPA_07200' retrieved from /opt/airflow/dags/etl_sederhana_25_572885_PPA_07200.py
[2026-09-17T16:24:52.022+0000] {logging_mixin.py:190} INFO - [2026-09-17T16:24:52.022+0000] {dag.py:3239} INFO - Sync 1 DAGs
[2026-09-17T16:24:52.046+0000] {logging_mixin.py:190} INFO - [2026-09-17T16:24:52.046+0000] {dag.py:4180} INFO - Setting next_dagrun for etl_sederhana_25_572885_PPA_07200 to 2026-09-17 00:00:00+00:00, run_after=2026-09-18 00:00:00+00:00
[2026-09-17T16:24:52.075+0000] {processor.py:208} INFO - Processing /opt/airflow/dags/etl_sederhana_25_572885_PPA_07200.py took 1.211 seconds
[2026-09-17T16:25:22.368+0000] {processor.py:186} INFO - Started process (PID=3431) to work on /opt/airflow/dags/etl_sederhana_25_572885_PPA_07200.py
[2026-09-17T16:25:22.370+0000] {processor.py:914} INFO - Processing file /opt/airflow/dags/etl_sederhana_25_572885_PPA_07200.py for tasks to queue
[2026-09-17T16:25:22.374+0000] {logging_mixin.py:190} INFO - [2026-09-17T16:25:22.374+0000] {dagbag.py:588} INFO - Filling up the DagBag from /opt/airflow/dags/etl_sederhana_25_572885_PPA_07200.py
[2026-09-17T16:25:23.285+0000] {processor.py:925} INFO - DAG(s) 'etl_sederhana_25_572885_PPA_07200' retrieved from /opt/airflow/dags/etl_sederhana_25_572885_PPA_07200.py
[2026-09-17T16:25:23.306+0000] {logging_mixin.py:190} INFO - [2026-09-17T16:25:23.305+0000] {dag.py:3239} INFO - Sync 1 DAGs
[2026-09-17T16:25:23.327+0000] {logging_mixin.py:190} INFO - [2026-09-17T16:25:23.327+0000] {dag.py:4180} INFO - Setting next_dagrun for etl_sederhana_25_572885_PPA_07200 to 2026-09-17 00:00:00+00:00, run_after=2026-09-18 00:00:00+00:00
[2026-09-17T16:25:23.359+0000] {processor.py:208} INFO - Processing /opt/airflow/dags/etl_sederhana_25_572885_PPA_07200.py took 0.998 seconds
[2026-09-17T16:25:53.609+0000] {processor.py:186} INFO - Started process (PID=3441) to work on /opt/airflow/dags/etl_sederhana_25_572885_PPA_07200.py
[2026-09-17T16:25:53.612+0000] {processor.py:914} INFO - Processing file /opt/airflow/dags/etl_sederhana_25_572885_PPA_07200.py for tasks to queue
[2026-09-17T16:25:53.617+0000] {logging_mixin.py:190} INFO - [2026-09-17T16:25:53.616+0000] {dagbag.py:588} INFO - Filling up the DagBag from /opt/airflow/dags/etl_sederhana_25_572885_PPA_07200.py
[2026-09-17T16:25:55.521+0000] {processor.py:925} INFO - DAG(s) 'etl_sederhana_25_572885_PPA_07200' retrieved from /opt/airflow/dags/etl_sederhana_25_572885_PPA_07200.py
[2026-09-17T16:25:55.588+0000] {logging_mixin.py:190} INFO - [2026-09-17T16:25:55.587+0000] {dag.py:3239} INFO - Sync 1 DAGs
[2026-09-17T16:25:55.644+0000] {logging_mixin.py:190} INFO - [2026-09-17T16:25:55.644+0000] {dag.py:4180} INFO - Setting next_dagrun for etl_sederhana_25_572885_PPA_07200 to 2026-09-17 00:00:00+00:00, run_after=2026-09-18 00:00:00+00:00
[2026-09-17T16:25:55.688+0000] {processor.py:208} INFO - Processing /opt/airflow/dags/etl_sederhana_25_572885_PPA_07200.py took 2.087 seconds
[2026-09-17T16:26:26.063+0000] {processor.py:186} INFO - Started process (PID=3450) to work on /opt/airflow/dags/etl_sederhana_25_572885_PPA_07200.py
[2026-09-17T16:26:26.067+0000] {processor.py:914} INFO - Processing file /opt/airflow/dags/etl_sederhana_25_572885_PPA_07200.py for tasks to queue
[2026-09-17T16:26:26.075+0000] {logging_mixin.py:190} INFO - [2026-09-17T16:26:26.075+0000] {dagbag.py:588} INFO - Filling up the DagBag from /opt/airflow/dags/etl_sederhana_25_572885_PPA_07200.py
[2026-09-17T16:26:27.279+0000] {processor.py:925} INFO - DAG(s) 'etl_sederhana_25_572885_PPA_07200' retrieved from /opt/airflow/dags/etl_sederhana_25_572885_PPA_07200.py
[2026-09-17T16:26:27.308+0000] {logging_mixin.py:190} INFO - [2026-09-17T16:26:27.307+0000] {dag.py:3239} INFO - Sync 1 DAGs
[2026-09-17T16:26:27.351+0000] {logging_mixin.py:190} INFO - [2026-09-17T16:26:27.351+0000] {dag.py:4180} INFO - Setting next_dagrun for etl_sederhana_25_572885_PPA_07200 to 2026-09-17 00:00:00+00:00, run_after=2026-09-18 00:00:00+00:00
[2026-09-17T16:26:27.384+0000] {processor.py:208} INFO - Processing /opt/airflow/dags/etl_sederhana_25_572885_PPA_07200.py took 1.328 seconds
[2026-09-17T16:26:57.626+0000] {processor.py:186} INFO - Started process (PID=3459) to work on /opt/airflow/dags/etl_sederhana_25_572885_PPA_07200.py
[2026-09-17T16:26:57.628+0000] {processor.py:914} INFO - Processing file /opt/airflow/dags/etl_sederhana_25_572885_PPA_07200.py for tasks to queue
[2026-09-17T16:26:57.631+0000] {logging_mixin.py:190} INFO - [2026-09-17T16:26:57.631+0000] {dagbag.py:588} INFO - Filling up the DagBag from /opt/airflow/dags/etl_sederhana_25_572885_PPA_07200.py
[2026-09-17T16:26:58.714+0000] {processor.py:925} INFO - DAG(s) 'etl_sederhana_25_572885_PPA_07200' retrieved from /opt/airflow/dags/etl_sederhana_25_572885_PPA_07200.py
[2026-09-17T16:26:58.733+0000] {logging_mixin.py:190} INFO - [2026-09-17T16:26:58.732+0000] {dag.py:3239} INFO - Sync 1 DAGs
[2026-09-17T16:26:58.759+0000] {logging_mixin.py:190} INFO - [2026-09-17T16:26:58.759+0000] {dag.py:4180} INFO - Setting next_dagrun for etl_sederhana_25_572885_PPA_07200 to 2026-09-17 00:00:00+00:00, run_after=2026-09-18 00:00:00+00:00
[2026-09-17T16:26:58.795+0000] {processor.py:208} INFO - Processing /opt/airflow/dags/etl_sederhana_25_572885_PPA_07200.py took 1.175 seconds
[2026-09-17T16:27:28.992+0000] {processor.py:186} INFO - Started process (PID=3468) to work on /opt/airflow/dags/etl_sederhana_25_572885_PPA_07200.py
[2026-09-17T16:27:28.995+0000] {processor.py:914} INFO - Processing file /opt/airflow/dags/etl_sederhana_25_572885_PPA_07200.py for tasks to queue
[2026-09-17T16:27:29.001+0000] {logging_mixin.py:190} INFO - [2026-09-17T16:27:29.001+0000] {dagbag.py:588} INFO - Filling up the DagBag from /opt/airflow/dags/etl_sederhana_25_572885_PPA_07200.py
[2026-09-17T16:27:29.964+0000] {processor.py:925} INFO - DAG(s) 'etl_sederhana_25_572885_PPA_07200' retrieved from /opt/airflow/dags/etl_sederhana_25_572885_PPA_07200.py
[2026-09-17T16:27:29.983+0000] {logging_mixin.py:190} INFO - [2026-09-17T16:27:29.982+0000] {dag.py:3239} INFO - Sync 1 DAGs
[2026-09-17T16:27:30.010+0000] {logging_mixin.py:190} INFO - [2026-09-17T16:27:30.010+0000] {dag.py:4180} INFO - Setting next_dagrun for etl_sederhana_25_572885_PPA_07200 to 2026-09-17 00:00:00+00:00, run_after=2026-09-18 00:00:00+00:00
[2026-09-17T16:27:30.061+0000] {processor.py:208} INFO - Processing /opt/airflow/dags/etl_sederhana_25_572885_PPA_07200.py took 1.076 seconds
[2026-09-17T16:28:00.334+0000] {processor.py:186} INFO - Started process (PID=3477) to work on /opt/airflow/dags/etl_sederhana_25_572885_PPA_07200.py
[2026-09-17T16:28:00.337+0000] {processor.py:914} INFO - Processing file /opt/airflow/dags/etl_sederhana_25_572885_PPA_07200.py for tasks to queue
[2026-09-17T16:28:00.341+0000] {logging_mixin.py:190} INFO - [2026-09-17T16:28:00.340+0000] {dagbag.py:588} INFO - Filling up the DagBag from /opt/airflow/dags/etl_sederhana_25_572885_PPA_07200.py
[2026-09-17T16:28:01.245+0000] {processor.py:925} INFO - DAG(s) 'etl_sederhana_25_572885_PPA_07200' retrieved from /opt/airflow/dags/etl_sederhana_25_572885_PPA_07200.py
[2026-09-17T16:28:01.265+0000] {logging_mixin.py:190} INFO - [2026-09-17T16:28:01.264+0000] {dag.py:3239} INFO - Sync 1 DAGs
[2026-09-17T16:28:01.288+0000] {logging_mixin.py:190} INFO - [2026-09-17T16:28:01.288+0000] {dag.py:4180} INFO - Setting next_dagrun for etl_sederhana_25_572885_PPA_07200 to 2026-09-17 00:00:00+00:00, run_after=2026-09-18 00:00:00+00:00
[2026-09-17T16:28:01.318+0000] {processor.py:208} INFO - Processing /opt/airflow/dags/etl_sederhana_25_572885_PPA_07200.py took 0.993 seconds
[2026-09-17T16:28:31.919+0000] {processor.py:186} INFO - Started process (PID=3486) to work on /opt/airflow/dags/etl_sederhana_25_572885_PPA_07200.py
[2026-09-17T16:28:31.923+0000] {processor.py:914} INFO - Processing file /opt/airflow/dags/etl_sederhana_25_572885_PPA_07200.py for tasks to queue
[2026-09-17T16:28:31.929+0000] {logging_mixin.py:190} INFO - [2026-09-17T16:28:31.928+0000] {dagbag.py:588} INFO - Filling up the DagBag from /opt/airflow/dags/etl_sederhana_25_572885_PPA_07200.py
[2026-09-17T16:28:33.053+0000] {processor.py:925} INFO - DAG(s) 'etl_sederhana_25_572885_PPA_07200' retrieved from /opt/airflow/dags/etl_sederhana_25_572885_PPA_07200.py
[2026-09-17T16:28:33.076+0000] {logging_mixin.py:190} INFO - [2026-09-17T16:28:33.075+0000] {dag.py:3239} INFO - Sync 1 DAGs
[2026-09-17T16:28:33.119+0000] {logging_mixin.py:190} INFO - [2026-09-17T16:28:33.118+0000] {dag.py:4180} INFO - Setting next_dagrun for etl_sederhana_25_572885_PPA_07200 to 2026-09-17 00:00:00+00:00, run_after=2026-09-18 00:00:00+00:00
[2026-09-17T16:28:33.189+0000] {processor.py:208} INFO - Processing /opt/airflow/dags/etl_sederhana_25_572885_PPA_07200.py took 1.277 seconds
[2026-09-17T16:29:03.702+0000] {processor.py:186} INFO - Started process (PID=3495) to work on /opt/airflow/dags/etl_sederhana_25_572885_PPA_07200.py
[2026-09-17T16:29:04.074+0000] {processor.py:914} INFO - Processing file /opt/airflow/dags/etl_sederhana_25_572885_PPA_07200.py for tasks to queue
[2026-09-17T16:29:04.210+0000] {logging_mixin.py:190} INFO - [2026-09-17T16:29:04.208+0000] {dagbag.py:588} INFO - Filling up the DagBag from /opt/airflow/dags/etl_sederhana_25_572885_PPA_07200.py
[2026-09-17T16:29:05.906+0000] {processor.py:925} INFO - DAG(s) 'etl_sederhana_25_572885_PPA_07200' retrieved from /opt/airflow/dags/etl_sederhana_25_572885_PPA_07200.py
[2026-09-17T16:29:05.949+0000] {logging_mixin.py:190} INFO - [2026-09-17T16:29:05.948+0000] {dag.py:3239} INFO - Sync 1 DAGs
[2026-09-17T16:29:05.974+0000] {logging_mixin.py:190} INFO - [2026-09-17T16:29:05.973+0000] {dag.py:4180} INFO - Setting next_dagrun for etl_sederhana_25_572885_PPA_07200 to 2026-09-17 00:00:00+00:00, run_after=2026-09-18 00:00:00+00:00
[2026-09-17T16:29:06.056+0000] {processor.py:208} INFO - Processing /opt/airflow/dags/etl_sederhana_25_572885_PPA_07200.py took 2.368 seconds
[2026-09-17T16:29:36.465+0000] {processor.py:186} INFO - Started process (PID=3504) to work on /opt/airflow/dags/etl_sederhana_25_572885_PPA_07200.py
[2026-09-17T16:29:36.482+0000] {processor.py:914} INFO - Processing file /opt/airflow/dags/etl_sederhana_25_572885_PPA_07200.py for tasks to queue
[2026-09-17T16:29:36.507+0000] {logging_mixin.py:190} INFO - [2026-09-17T16:29:36.506+0000] {dagbag.py:588} INFO - Filling up the DagBag from /opt/airflow/dags/etl_sederhana_25_572885_PPA_07200.py
[2026-09-17T16:29:37.746+0000] {processor.py:925} INFO - DAG(s) 'etl_sederhana_25_572885_PPA_07200' retrieved from /opt/airflow/dags/etl_sederhana_25_572885_PPA_07200.py
[2026-09-17T16:29:37.775+0000] {logging_mixin.py:190} INFO - [2026-09-17T16:29:37.774+0000] {dag.py:3239} INFO - Sync 1 DAGs
[2026-09-17T16:29:37.799+0000] {logging_mixin.py:190} INFO - [2026-09-17T16:29:37.798+0000] {dag.py:4180} INFO - Setting next_dagrun for etl_sederhana_25_572885_PPA_07200 to 2026-09-17 00:00:00+00:00, run_after=2026-09-18 00:00:00+00:00
[2026-09-17T16:29:37.829+0000] {processor.py:208} INFO - Processing /opt/airflow/dags/etl_sederhana_25_572885_PPA_07200.py took 1.371 seconds
[2026-09-17T16:30:08.078+0000] {processor.py:186} INFO - Started process (PID=3513) to work on /opt/airflow/dags/etl_sederhana_25_572885_PPA_07200.py
[2026-09-17T16:30:08.080+0000] {processor.py:914} INFO - Processing file /opt/airflow/dags/etl_sederhana_25_572885_PPA_07200.py for tasks to queue
[2026-09-17T16:30:08.083+0000] {logging_mixin.py:190} INFO - [2026-09-17T16:30:08.083+0000] {dagbag.py:588} INFO - Filling up the DagBag from /opt/airflow/dags/etl_sederhana_25_572885_PPA_07200.py
[2026-09-17T16:30:08.998+0000] {processor.py:925} INFO - DAG(s) 'etl_sederhana_25_572885_PPA_07200' retrieved from /opt/airflow/dags/etl_sederhana_25_572885_PPA_07200.py
[2026-09-17T16:30:09.024+0000] {logging_mixin.py:190} INFO - [2026-09-17T16:30:09.023+0000] {dag.py:3239} INFO - Sync 1 DAGs
[2026-09-17T16:30:09.048+0000] {logging_mixin.py:190} INFO - [2026-09-17T16:30:09.047+0000] {dag.py:4180} INFO - Setting next_dagrun for etl_sederhana_25_572885_PPA_07200 to 2026-09-17 00:00:00+00:00, run_after=2026-09-18 00:00:00+00:00
[2026-09-17T16:30:09.149+0000] {processor.py:208} INFO - Processing /opt/airflow/dags/etl_sederhana_25_572885_PPA_07200.py took 1.077 seconds
[2026-09-17T16:30:40.259+0000] {processor.py:186} INFO - Started process (PID=3522) to work on /opt/airflow/dags/etl_sederhana_25_572885_PPA_07200.py
[2026-09-17T16:30:40.317+0000] {processor.py:914} INFO - Processing file /opt/airflow/dags/etl_sederhana_25_572885_PPA_07200.py for tasks to queue
[2026-09-17T16:30:40.343+0000] {logging_mixin.py:190} INFO - [2026-09-17T16:30:40.342+0000] {dagbag.py:588} INFO - Filling up the DagBag from /opt/airflow/dags/etl_sederhana_25_572885_PPA_07200.py
[2026-09-17T16:30:42.175+0000] {processor.py:925} INFO - DAG(s) 'etl_sederhana_25_572885_PPA_07200' retrieved from /opt/airflow/dags/etl_sederhana_25_572885_PPA_07200.py
[2026-09-17T16:30:42.207+0000] {logging_mixin.py:190} INFO - [2026-09-17T16:30:42.206+0000] {dag.py:3239} INFO - Sync 1 DAGs
[2026-09-17T16:30:42.339+0000] {logging_mixin.py:190} INFO - [2026-09-17T16:30:42.339+0000] {dag.py:4180} INFO - Setting next_dagrun for etl_sederhana_25_572885_PPA_07200 to 2026-09-17 00:00:00+00:00, run_after=2026-09-18 00:00:00+00:00
[2026-09-17T16:30:42.374+0000] {processor.py:208} INFO - Processing /opt/airflow/dags/etl_sederhana_25_572885_PPA_07200.py took 2.132 seconds
[2026-09-17T16:31:12.775+0000] {processor.py:186} INFO - Started process (PID=3531) to work on /opt/airflow/dags/etl_sederhana_25_572885_PPA_07200.py
[2026-09-17T16:31:12.779+0000] {processor.py:914} INFO - Processing file /opt/airflow/dags/etl_sederhana_25_572885_PPA_07200.py for tasks to queue
[2026-09-17T16:31:12.784+0000] {logging_mixin.py:190} INFO - [2026-09-17T16:31:12.783+0000] {dagbag.py:588} INFO - Filling up the DagBag from /opt/airflow/dags/etl_sederhana_25_572885_PPA_07200.py
[2026-09-17T16:31:13.800+0000] {processor.py:925} INFO - DAG(s) 'etl_sederhana_25_572885_PPA_07200' retrieved from /opt/airflow/dags/etl_sederhana_25_572885_PPA_07200.py
[2026-09-17T16:31:13.820+0000] {logging_mixin.py:190} INFO - [2026-09-17T16:31:13.819+0000] {dag.py:3239} INFO - Sync 1 DAGs
[2026-09-17T16:31:13.843+0000] {logging_mixin.py:190} INFO - [2026-09-17T16:31:13.843+0000] {dag.py:4180} INFO - Setting next_dagrun for etl_sederhana_25_572885_PPA_07200 to 2026-09-17 00:00:00+00:00, run_after=2026-09-18 00:00:00+00:00
[2026-09-17T16:31:13.921+0000] {processor.py:208} INFO - Processing /opt/airflow/dags/etl_sederhana_25_572885_PPA_07200.py took 1.155 seconds
[2026-09-17T16:31:44.491+0000] {processor.py:186} INFO - Started process (PID=3540) to work on /opt/airflow/dags/etl_sederhana_25_572885_PPA_07200.py
[2026-09-17T16:31:44.503+0000] {processor.py:914} INFO - Processing file /opt/airflow/dags/etl_sederhana_25_572885_PPA_07200.py for tasks to queue
[2026-09-17T16:31:44.510+0000] {logging_mixin.py:190} INFO - [2026-09-17T16:31:44.509+0000] {dagbag.py:588} INFO - Filling up the DagBag from /opt/airflow/dags/etl_sederhana_25_572885_PPA_07200.py
[2026-09-17T16:31:45.723+0000] {processor.py:925} INFO - DAG(s) 'etl_sederhana_25_572885_PPA_07200' retrieved from /opt/airflow/dags/etl_sederhana_25_572885_PPA_07200.py
[2026-09-17T16:31:45.744+0000] {logging_mixin.py:190} INFO - [2026-09-17T16:31:45.743+0000] {dag.py:3239} INFO - Sync 1 DAGs
[2026-09-17T16:31:45.763+0000] {logging_mixin.py:190} INFO - [2026-09-17T16:31:45.763+0000] {dag.py:4180} INFO - Setting next_dagrun for etl_sederhana_25_572885_PPA_07200 to 2026-09-17 00:00:00+00:00, run_after=2026-09-18 00:00:00+00:00
[2026-09-17T16:31:45.792+0000] {processor.py:208} INFO - Processing /opt/airflow/dags/etl_sederhana_25_572885_PPA_07200.py took 1.308 seconds
[2026-09-17T16:32:15.932+0000] {processor.py:186} INFO - Started process (PID=3556) to work on /opt/airflow/dags/etl_sederhana_25_572885_PPA_07200.py
[2026-09-17T16:32:15.934+0000] {processor.py:914} INFO - Processing file /opt/airflow/dags/etl_sederhana_25_572885_PPA_07200.py for tasks to queue
[2026-09-17T16:32:15.942+0000] {logging_mixin.py:190} INFO - [2026-09-17T16:32:15.941+0000] {dagbag.py:588} INFO - Filling up the DagBag from /opt/airflow/dags/etl_sederhana_25_572885_PPA_07200.py
[2026-09-17T16:32:16.866+0000] {processor.py:925} INFO - DAG(s) 'etl_sederhana_25_572885_PPA_07200' retrieved from /opt/airflow/dags/etl_sederhana_25_572885_PPA_07200.py
[2026-09-17T16:32:16.889+0000] {logging_mixin.py:190} INFO - [2026-09-17T16:32:16.888+0000] {dag.py:3239} INFO - Sync 1 DAGs
[2026-09-17T16:32:16.911+0000] {logging_mixin.py:190} INFO - [2026-09-17T16:32:16.910+0000] {dag.py:4180} INFO - Setting next_dagrun for etl_sederhana_25_572885_PPA_07200 to 2026-09-17 00:00:00+00:00, run_after=2026-09-18 00:00:00+00:00
[2026-09-17T16:32:16.945+0000] {processor.py:208} INFO - Processing /opt/airflow/dags/etl_sederhana_25_572885_PPA_07200.py took 1.021 seconds
[2026-09-17T16:32:47.168+0000] {processor.py:186} INFO - Started process (PID=3565) to work on /opt/airflow/dags/etl_sederhana_25_572885_PPA_07200.py
[2026-09-17T16:32:47.171+0000] {processor.py:914} INFO - Processing file /opt/airflow/dags/etl_sederhana_25_572885_PPA_07200.py for tasks to queue
[2026-09-17T16:32:47.175+0000] {logging_mixin.py:190} INFO - [2026-09-17T16:32:47.175+0000] {dagbag.py:588} INFO - Filling up the DagBag from /opt/airflow/dags/etl_sederhana_25_572885_PPA_07200.py
[2026-09-17T16:32:48.168+0000] {processor.py:925} INFO - DAG(s) 'etl_sederhana_25_572885_PPA_07200' retrieved from /opt/airflow/dags/etl_sederhana_25_572885_PPA_07200.py
[2026-09-17T16:32:48.194+0000] {logging_mixin.py:190} INFO - [2026-09-17T16:32:48.193+0000] {dag.py:3239} INFO - Sync 1 DAGs
[2026-09-17T16:32:48.219+0000] {logging_mixin.py:190} INFO - [2026-09-17T16:32:48.219+0000] {dag.py:4180} INFO - Setting next_dagrun for etl_sederhana_25_572885_PPA_07200 to 2026-09-17 00:00:00+00:00, run_after=2026-09-18 00:00:00+00:00
[2026-09-17T16:32:48.358+0000] {processor.py:208} INFO - Processing /opt/airflow/dags/etl_sederhana_25_572885_PPA_07200.py took 1.203 seconds
[2026-09-17T16:33:18.570+0000] {processor.py:186} INFO - Started process (PID=3574) to work on /opt/airflow/dags/etl_sederhana_25_572885_PPA_07200.py
[2026-09-17T16:33:18.572+0000] {processor.py:914} INFO - Processing file /opt/airflow/dags/etl_sederhana_25_572885_PPA_07200.py for tasks to queue
[2026-09-17T16:33:18.576+0000] {logging_mixin.py:190} INFO - [2026-09-17T16:33:18.576+0000] {dagbag.py:588} INFO - Filling up the DagBag from /opt/airflow/dags/etl_sederhana_25_572885_PPA_07200.py
[2026-09-17T16:33:19.562+0000] {processor.py:925} INFO - DAG(s) 'etl_sederhana_25_572885_PPA_07200' retrieved from /opt/airflow/dags/etl_sederhana_25_572885_PPA_07200.py
[2026-09-17T16:33:19.581+0000] {logging_mixin.py:190} INFO - [2026-09-17T16:33:19.581+0000] {dag.py:3239} INFO - Sync 1 DAGs
[2026-09-17T16:33:19.604+0000] {logging_mixin.py:190} INFO - [2026-09-17T16:33:19.603+0000] {dag.py:4180} INFO - Setting next_dagrun for etl_sederhana_25_572885_PPA_07200 to 2026-09-17 00:00:00+00:00, run_after=2026-09-18 00:00:00+00:00
[2026-09-17T16:33:19.661+0000] {processor.py:208} INFO - Processing /opt/airflow/dags/etl_sederhana_25_572885_PPA_07200.py took 1.099 seconds
[2026-09-17T16:33:50.399+0000] {processor.py:186} INFO - Started process (PID=3583) to work on /opt/airflow/dags/etl_sederhana_25_572885_PPA_07200.py
[2026-09-17T16:33:50.402+0000] {processor.py:914} INFO - Processing file /opt/airflow/dags/etl_sederhana_25_572885_PPA_07200.py for tasks to queue
[2026-09-17T16:33:50.502+0000] {logging_mixin.py:190} INFO - [2026-09-17T16:33:50.502+0000] {dagbag.py:588} INFO - Filling up the DagBag from /opt/airflow/dags/etl_sederhana_25_572885_PPA_07200.py
[2026-09-17T16:33:52.060+0000] {processor.py:925} INFO - DAG(s) 'etl_sederhana_25_572885_PPA_07200' retrieved from /opt/airflow/dags/etl_sederhana_25_572885_PPA_07200.py
[2026-09-17T16:33:52.099+0000] {logging_mixin.py:190} INFO - [2026-09-17T16:33:52.098+0000] {dag.py:3239} INFO - Sync 1 DAGs
[2026-09-17T16:33:52.135+0000] {logging_mixin.py:190} INFO - [2026-09-17T16:33:52.134+0000] {dag.py:4180} INFO - Setting next_dagrun for etl_sederhana_25_572885_PPA_07200 to 2026-09-17 00:00:00+00:00, run_after=2026-09-18 00:00:00+00:00
[2026-09-17T16:33:52.179+0000] {processor.py:208} INFO - Processing /opt/airflow/dags/etl_sederhana_25_572885_PPA_07200.py took 1.788 seconds
[2026-09-17T16:34:22.478+0000] {processor.py:186} INFO - Started process (PID=3592) to work on /opt/airflow/dags/etl_sederhana_25_572885_PPA_07200.py
[2026-09-17T16:34:22.482+0000] {processor.py:914} INFO - Processing file /opt/airflow/dags/etl_sederhana_25_572885_PPA_07200.py for tasks to queue
[2026-09-17T16:34:22.491+0000] {logging_mixin.py:190} INFO - [2026-09-17T16:34:22.490+0000] {dagbag.py:588} INFO - Filling up the DagBag from /opt/airflow/dags/etl_sederhana_25_572885_PPA_07200.py
[2026-09-17T16:34:25.551+0000] {processor.py:925} INFO - DAG(s) 'etl_sederhana_25_572885_PPA_07200' retrieved from /opt/airflow/dags/etl_sederhana_25_572885_PPA_07200.py
[2026-09-17T16:34:25.617+0000] {logging_mixin.py:190} INFO - [2026-09-17T16:34:25.616+0000] {dag.py:3239} INFO - Sync 1 DAGs
[2026-09-17T16:34:25.693+0000] {logging_mixin.py:190} INFO - [2026-09-17T16:34:25.692+0000] {dag.py:4180} INFO - Setting next_dagrun for etl_sederhana_25_572885_PPA_07200 to 2026-09-17 00:00:00+00:00, run_after=2026-09-18 00:00:00+00:00
[2026-09-17T16:34:25.771+0000] {processor.py:208} INFO - Processing /opt/airflow/dags/etl_sederhana_25_572885_PPA_07200.py took 3.310 seconds
[2026-09-17T16:34:56.150+0000] {processor.py:186} INFO - Started process (PID=3601) to work on /opt/airflow/dags/etl_sederhana_25_572885_PPA_07200.py
[2026-09-17T16:34:56.160+0000] {processor.py:914} INFO - Processing file /opt/airflow/dags/etl_sederhana_25_572885_PPA_07200.py for tasks to queue
[2026-09-17T16:34:56.169+0000] {logging_mixin.py:190} INFO - [2026-09-17T16:34:56.168+0000] {dagbag.py:588} INFO - Filling up the DagBag from /opt/airflow/dags/etl_sederhana_25_572885_PPA_07200.py
[2026-09-17T16:34:57.960+0000] {processor.py:925} INFO - DAG(s) 'etl_sederhana_25_572885_PPA_07200' retrieved from /opt/airflow/dags/etl_sederhana_25_572885_PPA_07200.py
[2026-09-17T16:34:58.016+0000] {logging_mixin.py:190} INFO - [2026-09-17T16:34:58.015+0000] {dag.py:3239} INFO - Sync 1 DAGs
[2026-09-17T16:34:58.076+0000] {logging_mixin.py:190} INFO - [2026-09-17T16:34:58.075+0000] {dag.py:4180} INFO - Setting next_dagrun for etl_sederhana_25_572885_PPA_07200 to 2026-09-17 00:00:00+00:00, run_after=2026-09-18 00:00:00+00:00
[2026-09-17T16:34:58.134+0000] {processor.py:208} INFO - Processing /opt/airflow/dags/etl_sederhana_25_572885_PPA_07200.py took 1.997 seconds
[2026-09-17T16:35:29.111+0000] {processor.py:186} INFO - Started process (PID=3610) to work on /opt/airflow/dags/etl_sederhana_25_572885_PPA_07200.py
[2026-09-17T16:35:29.208+0000] {processor.py:914} INFO - Processing file /opt/airflow/dags/etl_sederhana_25_572885_PPA_07200.py for tasks to queue
[2026-09-17T16:35:29.236+0000] {logging_mixin.py:190} INFO - [2026-09-17T16:35:29.235+0000] {dagbag.py:588} INFO - Filling up the DagBag from /opt/airflow/dags/etl_sederhana_25_572885_PPA_07200.py
[2026-09-17T16:35:30.987+0000] {processor.py:925} INFO - DAG(s) 'etl_sederhana_25_572885_PPA_07200' retrieved from /opt/airflow/dags/etl_sederhana_25_572885_PPA_07200.py
[2026-09-17T16:35:31.023+0000] {logging_mixin.py:190} INFO - [2026-09-17T16:35:31.023+0000] {dag.py:3239} INFO - Sync 1 DAGs
[2026-09-17T16:35:31.127+0000] {logging_mixin.py:190} INFO - [2026-09-17T16:35:31.126+0000] {dag.py:4180} INFO - Setting next_dagrun for etl_sederhana_25_572885_PPA_07200 to 2026-09-17 00:00:00+00:00, run_after=2026-09-18 00:00:00+00:00
[2026-09-17T16:35:31.167+0000] {processor.py:208} INFO - Processing /opt/airflow/dags/etl_sederhana_25_572885_PPA_07200.py took 2.106 seconds
[2026-09-17T16:36:02.042+0000] {processor.py:186} INFO - Started process (PID=3619) to work on /opt/airflow/dags/etl_sederhana_25_572885_PPA_07200.py
[2026-09-17T16:36:02.046+0000] {processor.py:914} INFO - Processing file /opt/airflow/dags/etl_sederhana_25_572885_PPA_07200.py for tasks to queue
[2026-09-17T16:36:02.052+0000] {logging_mixin.py:190} INFO - [2026-09-17T16:36:02.051+0000] {dagbag.py:588} INFO - Filling up the DagBag from /opt/airflow/dags/etl_sederhana_25_572885_PPA_07200.py
[2026-09-17T16:36:03.388+0000] {processor.py:925} INFO - DAG(s) 'etl_sederhana_25_572885_PPA_07200' retrieved from /opt/airflow/dags/etl_sederhana_25_572885_PPA_07200.py
[2026-09-17T16:36:03.457+0000] {logging_mixin.py:190} INFO - [2026-09-17T16:36:03.456+0000] {dag.py:3239} INFO - Sync 1 DAGs
[2026-09-17T16:36:03.487+0000] {logging_mixin.py:190} INFO - [2026-09-17T16:36:03.487+0000] {dag.py:4180} INFO - Setting next_dagrun for etl_sederhana_25_572885_PPA_07200 to 2026-09-17 00:00:00+00:00, run_after=2026-09-18 00:00:00+00:00
[2026-09-17T16:36:03.646+0000] {processor.py:208} INFO - Processing /opt/airflow/dags/etl_sederhana_25_572885_PPA_07200.py took 1.611 seconds
[2026-09-17T16:36:34.035+0000] {processor.py:186} INFO - Started process (PID=3628) to work on /opt/airflow/dags/etl_sederhana_25_572885_PPA_07200.py
[2026-09-17T16:36:34.195+0000] {processor.py:914} INFO - Processing file /opt/airflow/dags/etl_sederhana_25_572885_PPA_07200.py for tasks to queue
[2026-09-17T16:36:34.203+0000] {logging_mixin.py:190} INFO - [2026-09-17T16:36:34.202+0000] {dagbag.py:588} INFO - Filling up the DagBag from /opt/airflow/dags/etl_sederhana_25_572885_PPA_07200.py
[2026-09-17T16:36:35.458+0000] {processor.py:925} INFO - DAG(s) 'etl_sederhana_25_572885_PPA_07200' retrieved from /opt/airflow/dags/etl_sederhana_25_572885_PPA_07200.py
[2026-09-17T16:36:35.485+0000] {logging_mixin.py:190} INFO - [2026-09-17T16:36:35.484+0000] {dag.py:3239} INFO - Sync 1 DAGs
[2026-09-17T16:36:35.540+0000] {logging_mixin.py:190} INFO - [2026-09-17T16:36:35.539+0000] {dag.py:4180} INFO - Setting next_dagrun for etl_sederhana_25_572885_PPA_07200 to 2026-09-17 00:00:00+00:00, run_after=2026-09-18 00:00:00+00:00
[2026-09-17T16:36:35.608+0000] {processor.py:208} INFO - Processing /opt/airflow/dags/etl_sederhana_25_572885_PPA_07200.py took 1.580 seconds
[2026-09-17T16:37:06.083+0000] {processor.py:186} INFO - Started process (PID=3637) to work on /opt/airflow/dags/etl_sederhana_25_572885_PPA_07200.py
[2026-09-17T16:37:06.131+0000] {processor.py:914} INFO - Processing file /opt/airflow/dags/etl_sederhana_25_572885_PPA_07200.py for tasks to queue
[2026-09-17T16:37:06.169+0000] {logging_mixin.py:190} INFO - [2026-09-17T16:37:06.169+0000] {dagbag.py:588} INFO - Filling up the DagBag from /opt/airflow/dags/etl_sederhana_25_572885_PPA_07200.py
[2026-09-17T16:37:07.693+0000] {processor.py:925} INFO - DAG(s) 'etl_sederhana_25_572885_PPA_07200' retrieved from /opt/airflow/dags/etl_sederhana_25_572885_PPA_07200.py
[2026-09-17T16:37:07.714+0000] {logging_mixin.py:190} INFO - [2026-09-17T16:37:07.713+0000] {dag.py:3239} INFO - Sync 1 DAGs
[2026-09-17T16:37:07.736+0000] {logging_mixin.py:190} INFO - [2026-09-17T16:37:07.736+0000] {dag.py:4180} INFO - Setting next_dagrun for etl_sederhana_25_572885_PPA_07200 to 2026-09-17 00:00:00+00:00, run_after=2026-09-18 00:00:00+00:00
[2026-09-17T16:37:07.769+0000] {processor.py:208} INFO - Processing /opt/airflow/dags/etl_sederhana_25_572885_PPA_07200.py took 1.698 seconds
[2026-09-17T16:37:38.215+0000] {processor.py:186} INFO - Started process (PID=3646) to work on /opt/airflow/dags/etl_sederhana_25_572885_PPA_07200.py
[2026-09-17T16:37:38.223+0000] {processor.py:914} INFO - Processing file /opt/airflow/dags/etl_sederhana_25_572885_PPA_07200.py for tasks to queue
[2026-09-17T16:37:38.235+0000] {logging_mixin.py:190} INFO - [2026-09-17T16:37:38.233+0000] {dagbag.py:588} INFO - Filling up the DagBag from /opt/airflow/dags/etl_sederhana_25_572885_PPA_07200.py
[2026-09-17T16:37:41.178+0000] {processor.py:925} INFO - DAG(s) 'etl_sederhana_25_572885_PPA_07200' retrieved from /opt/airflow/dags/etl_sederhana_25_572885_PPA_07200.py
[2026-09-17T16:37:41.271+0000] {logging_mixin.py:190} INFO - [2026-09-17T16:37:41.270+0000] {dag.py:3239} INFO - Sync 1 DAGs
[2026-09-17T16:37:41.310+0000] {logging_mixin.py:190} INFO - [2026-09-17T16:37:41.310+0000] {dag.py:4180} INFO - Setting next_dagrun for etl_sederhana_25_572885_PPA_07200 to 2026-09-17 00:00:00+00:00, run_after=2026-09-18 00:00:00+00:00
[2026-09-17T16:37:41.355+0000] {processor.py:208} INFO - Processing /opt/airflow/dags/etl_sederhana_25_572885_PPA_07200.py took 3.165 seconds
[2026-09-17T16:38:12.058+0000] {processor.py:186} INFO - Started process (PID=3655) to work on /opt/airflow/dags/etl_sederhana_25_572885_PPA_07200.py
[2026-09-17T16:38:12.078+0000] {processor.py:914} INFO - Processing file /opt/airflow/dags/etl_sederhana_25_572885_PPA_07200.py for tasks to queue
[2026-09-17T16:38:12.112+0000] {logging_mixin.py:190} INFO - [2026-09-17T16:38:12.110+0000] {dagbag.py:588} INFO - Filling up the DagBag from /opt/airflow/dags/etl_sederhana_25_572885_PPA_07200.py
[2026-09-17T16:38:16.825+0000] {processor.py:925} INFO - DAG(s) 'etl_sederhana_25_572885_PPA_07200' retrieved from /opt/airflow/dags/etl_sederhana_25_572885_PPA_07200.py
[2026-09-17T16:38:16.930+0000] {logging_mixin.py:190} INFO - [2026-09-17T16:38:16.928+0000] {dag.py:3239} INFO - Sync 1 DAGs
[2026-09-17T16:38:17.050+0000] {logging_mixin.py:190} INFO - [2026-09-17T16:38:17.049+0000] {dag.py:4180} INFO - Setting next_dagrun for etl_sederhana_25_572885_PPA_07200 to 2026-09-17 00:00:00+00:00, run_after=2026-09-18 00:00:00+00:00
[2026-09-17T16:38:17.284+0000] {processor.py:208} INFO - Processing /opt/airflow/dags/etl_sederhana_25_572885_PPA_07200.py took 5.256 seconds
[2026-09-17T16:38:47.808+0000] {processor.py:186} INFO - Started process (PID=3671) to work on /opt/airflow/dags/etl_sederhana_25_572885_PPA_07200.py
[2026-09-17T16:38:47.814+0000] {processor.py:914} INFO - Processing file /opt/airflow/dags/etl_sederhana_25_572885_PPA_07200.py for tasks to queue
[2026-09-17T16:38:47.825+0000] {logging_mixin.py:190} INFO - [2026-09-17T16:38:47.824+0000] {dagbag.py:588} INFO - Filling up the DagBag from /opt/airflow/dags/etl_sederhana_25_572885_PPA_07200.py
[2026-09-17T16:38:49.653+0000] {processor.py:925} INFO - DAG(s) 'etl_sederhana_25_572885_PPA_07200' retrieved from /opt/airflow/dags/etl_sederhana_25_572885_PPA_07200.py
[2026-09-17T16:38:49.709+0000] {logging_mixin.py:190} INFO - [2026-09-17T16:38:49.708+0000] {dag.py:3239} INFO - Sync 1 DAGs
[2026-09-17T16:38:49.780+0000] {logging_mixin.py:190} INFO - [2026-09-17T16:38:49.780+0000] {dag.py:4180} INFO - Setting next_dagrun for etl_sederhana_25_572885_PPA_07200 to 2026-09-17 00:00:00+00:00, run_after=2026-09-18 00:00:00+00:00
[2026-09-17T16:38:50.036+0000] {processor.py:208} INFO - Processing /opt/airflow/dags/etl_sederhana_25_572885_PPA_07200.py took 2.237 seconds
[2026-09-17T16:39:20.926+0000] {processor.py:186} INFO - Started process (PID=3680) to work on /opt/airflow/dags/etl_sederhana_25_572885_PPA_07200.py
[2026-09-17T16:39:20.947+0000] {processor.py:914} INFO - Processing file /opt/airflow/dags/etl_sederhana_25_572885_PPA_07200.py for tasks to queue
[2026-09-17T16:39:21.011+0000] {logging_mixin.py:190} INFO - [2026-09-17T16:39:21.010+0000] {dagbag.py:588} INFO - Filling up the DagBag from /opt/airflow/dags/etl_sederhana_25_572885_PPA_07200.py
[2026-09-17T16:39:22.733+0000] {processor.py:925} INFO - DAG(s) 'etl_sederhana_25_572885_PPA_07200' retrieved from /opt/airflow/dags/etl_sederhana_25_572885_PPA_07200.py
[2026-09-17T16:39:22.776+0000] {logging_mixin.py:190} INFO - [2026-09-17T16:39:22.775+0000] {dag.py:3239} INFO - Sync 1 DAGs
[2026-09-17T16:39:22.819+0000] {logging_mixin.py:190} INFO - [2026-09-17T16:39:22.818+0000] {dag.py:4180} INFO - Setting next_dagrun for etl_sederhana_25_572885_PPA_07200 to 2026-09-17 00:00:00+00:00, run_after=2026-09-18 00:00:00+00:00
[2026-09-17T16:39:22.869+0000] {processor.py:208} INFO - Processing /opt/airflow/dags/etl_sederhana_25_572885_PPA_07200.py took 1.955 seconds
[2026-09-17T16:39:53.592+0000] {processor.py:186} INFO - Started process (PID=3688) to work on /opt/airflow/dags/etl_sederhana_25_572885_PPA_07200.py
[2026-09-17T16:39:53.721+0000] {processor.py:914} INFO - Processing file /opt/airflow/dags/etl_sederhana_25_572885_PPA_07200.py for tasks to queue
[2026-09-17T16:39:53.733+0000] {logging_mixin.py:190} INFO - [2026-09-17T16:39:53.732+0000] {dagbag.py:588} INFO - Filling up the DagBag from /opt/airflow/dags/etl_sederhana_25_572885_PPA_07200.py
[2026-09-17T16:39:55.429+0000] {processor.py:925} INFO - DAG(s) 'etl_sederhana_25_572885_PPA_07200' retrieved from /opt/airflow/dags/etl_sederhana_25_572885_PPA_07200.py
[2026-09-17T16:39:55.481+0000] {logging_mixin.py:190} INFO - [2026-09-17T16:39:55.480+0000] {dag.py:3239} INFO - Sync 1 DAGs
[2026-09-17T16:39:55.570+0000] {logging_mixin.py:190} INFO - [2026-09-17T16:39:55.570+0000] {dag.py:4180} INFO - Setting next_dagrun for etl_sederhana_25_572885_PPA_07200 to 2026-09-17 00:00:00+00:00, run_after=2026-09-18 00:00:00+00:00
[2026-09-17T16:39:55.713+0000] {processor.py:208} INFO - Processing /opt/airflow/dags/etl_sederhana_25_572885_PPA_07200.py took 2.141 seconds
[2026-09-17T16:40:26.888+0000] {processor.py:186} INFO - Started process (PID=3697) to work on /opt/airflow/dags/etl_sederhana_25_572885_PPA_07200.py
[2026-09-17T16:40:26.893+0000] {processor.py:914} INFO - Processing file /opt/airflow/dags/etl_sederhana_25_572885_PPA_07200.py for tasks to queue
[2026-09-17T16:40:26.903+0000] {logging_mixin.py:190} INFO - [2026-09-17T16:40:26.903+0000] {dagbag.py:588} INFO - Filling up the DagBag from /opt/airflow/dags/etl_sederhana_25_572885_PPA_07200.py
[2026-09-17T16:40:28.280+0000] {processor.py:925} INFO - DAG(s) 'etl_sederhana_25_572885_PPA_07200' retrieved from /opt/airflow/dags/etl_sederhana_25_572885_PPA_07200.py
[2026-09-17T16:40:28.302+0000] {logging_mixin.py:190} INFO - [2026-09-17T16:40:28.302+0000] {dag.py:3239} INFO - Sync 1 DAGs
[2026-09-17T16:40:28.324+0000] {logging_mixin.py:190} INFO - [2026-09-17T16:40:28.324+0000] {dag.py:4180} INFO - Setting next_dagrun for etl_sederhana_25_572885_PPA_07200 to 2026-09-17 00:00:00+00:00, run_after=2026-09-18 00:00:00+00:00
[2026-09-17T16:40:28.354+0000] {processor.py:208} INFO - Processing /opt/airflow/dags/etl_sederhana_25_572885_PPA_07200.py took 1.476 seconds
[2026-09-17T16:40:58.686+0000] {processor.py:186} INFO - Started process (PID=3706) to work on /opt/airflow/dags/etl_sederhana_25_572885_PPA_07200.py
[2026-09-17T16:40:58.692+0000] {processor.py:914} INFO - Processing file /opt/airflow/dags/etl_sederhana_25_572885_PPA_07200.py for tasks to queue
[2026-09-17T16:40:58.735+0000] {logging_mixin.py:190} INFO - [2026-09-17T16:40:58.733+0000] {dagbag.py:588} INFO - Filling up the DagBag from /opt/airflow/dags/etl_sederhana_25_572885_PPA_07200.py
[2026-09-17T16:41:00.532+0000] {processor.py:925} INFO - DAG(s) 'etl_sederhana_25_572885_PPA_07200' retrieved from /opt/airflow/dags/etl_sederhana_25_572885_PPA_07200.py
[2026-09-17T16:41:00.561+0000] {logging_mixin.py:190} INFO - [2026-09-17T16:41:00.560+0000] {dag.py:3239} INFO - Sync 1 DAGs
[2026-09-17T16:41:00.609+0000] {logging_mixin.py:190} INFO - [2026-09-17T16:41:00.609+0000] {dag.py:4180} INFO - Setting next_dagrun for etl_sederhana_25_572885_PPA_07200 to 2026-09-17 00:00:00+00:00, run_after=2026-09-18 00:00:00+00:00
[2026-09-17T16:41:00.645+0000] {processor.py:208} INFO - Processing /opt/airflow/dags/etl_sederhana_25_572885_PPA_07200.py took 1.981 seconds
[2026-09-17T16:41:31.019+0000] {processor.py:186} INFO - Started process (PID=3715) to work on /opt/airflow/dags/etl_sederhana_25_572885_PPA_07200.py
[2026-09-17T16:41:31.085+0000] {processor.py:914} INFO - Processing file /opt/airflow/dags/etl_sederhana_25_572885_PPA_07200.py for tasks to queue
[2026-09-17T16:41:31.105+0000] {logging_mixin.py:190} INFO - [2026-09-17T16:41:31.103+0000] {dagbag.py:588} INFO - Filling up the DagBag from /opt/airflow/dags/etl_sederhana_25_572885_PPA_07200.py
[2026-09-17T16:41:32.407+0000] {processor.py:925} INFO - DAG(s) 'etl_sederhana_25_572885_PPA_07200' retrieved from /opt/airflow/dags/etl_sederhana_25_572885_PPA_07200.py
[2026-09-17T16:41:32.434+0000] {logging_mixin.py:190} INFO - [2026-09-17T16:41:32.434+0000] {dag.py:3239} INFO - Sync 1 DAGs
[2026-09-17T16:41:32.477+0000] {logging_mixin.py:190} INFO - [2026-09-17T16:41:32.476+0000] {dag.py:4180} INFO - Setting next_dagrun for etl_sederhana_25_572885_PPA_07200 to 2026-09-17 00:00:00+00:00, run_after=2026-09-18 00:00:00+00:00
[2026-09-17T16:41:32.521+0000] {processor.py:208} INFO - Processing /opt/airflow/dags/etl_sederhana_25_572885_PPA_07200.py took 1.529 seconds
[2026-09-17T16:42:03.339+0000] {processor.py:186} INFO - Started process (PID=3724) to work on /opt/airflow/dags/etl_sederhana_25_572885_PPA_07200.py
[2026-09-17T16:42:03.358+0000] {processor.py:914} INFO - Processing file /opt/airflow/dags/etl_sederhana_25_572885_PPA_07200.py for tasks to queue
[2026-09-17T16:42:03.366+0000] {logging_mixin.py:190} INFO - [2026-09-17T16:42:03.365+0000] {dagbag.py:588} INFO - Filling up the DagBag from /opt/airflow/dags/etl_sederhana_25_572885_PPA_07200.py
[2026-09-17T16:42:05.621+0000] {processor.py:925} INFO - DAG(s) 'etl_sederhana_25_572885_PPA_07200' retrieved from /opt/airflow/dags/etl_sederhana_25_572885_PPA_07200.py
[2026-09-17T16:42:05.738+0000] {logging_mixin.py:190} INFO - [2026-09-17T16:42:05.736+0000] {dag.py:3239} INFO - Sync 1 DAGs
[2026-09-17T16:42:05.775+0000] {logging_mixin.py:190} INFO - [2026-09-17T16:42:05.775+0000] {dag.py:4180} INFO - Setting next_dagrun for etl_sederhana_25_572885_PPA_07200 to 2026-09-17 00:00:00+00:00, run_after=2026-09-18 00:00:00+00:00
[2026-09-17T16:42:05.937+0000] {processor.py:208} INFO - Processing /opt/airflow/dags/etl_sederhana_25_572885_PPA_07200.py took 2.610 seconds
[2026-09-17T16:42:38.287+0000] {processor.py:186} INFO - Started process (PID=3733) to work on /opt/airflow/dags/etl_sederhana_25_572885_PPA_07200.py
[2026-09-17T16:42:38.296+0000] {processor.py:914} INFO - Processing file /opt/airflow/dags/etl_sederhana_25_572885_PPA_07200.py for tasks to queue
[2026-09-17T16:42:38.304+0000] {logging_mixin.py:190} INFO - [2026-09-17T16:42:38.303+0000] {dagbag.py:588} INFO - Filling up the DagBag from /opt/airflow/dags/etl_sederhana_25_572885_PPA_07200.py
[2026-09-17T16:42:40.037+0000] {processor.py:925} INFO - DAG(s) 'etl_sederhana_25_572885_PPA_07200' retrieved from /opt/airflow/dags/etl_sederhana_25_572885_PPA_07200.py
[2026-09-17T16:42:40.085+0000] {logging_mixin.py:190} INFO - [2026-09-17T16:42:40.084+0000] {dag.py:3239} INFO - Sync 1 DAGs
[2026-09-17T16:42:40.123+0000] {logging_mixin.py:190} INFO - [2026-09-17T16:42:40.123+0000] {dag.py:4180} INFO - Setting next_dagrun for etl_sederhana_25_572885_PPA_07200 to 2026-09-17 00:00:00+00:00, run_after=2026-09-18 00:00:00+00:00
[2026-09-17T16:42:40.254+0000] {processor.py:208} INFO - Processing /opt/airflow/dags/etl_sederhana_25_572885_PPA_07200.py took 1.977 seconds
[2026-09-17T16:43:10.968+0000] {processor.py:186} INFO - Started process (PID=3742) to work on /opt/airflow/dags/etl_sederhana_25_572885_PPA_07200.py
[2026-09-17T16:43:11.013+0000] {processor.py:914} INFO - Processing file /opt/airflow/dags/etl_sederhana_25_572885_PPA_07200.py for tasks to queue
[2026-09-17T16:43:11.053+0000] {logging_mixin.py:190} INFO - [2026-09-17T16:43:11.052+0000] {dagbag.py:588} INFO - Filling up the DagBag from /opt/airflow/dags/etl_sederhana_25_572885_PPA_07200.py
[2026-09-17T16:43:12.533+0000] {processor.py:925} INFO - DAG(s) 'etl_sederhana_25_572885_PPA_07200' retrieved from /opt/airflow/dags/etl_sederhana_25_572885_PPA_07200.py
[2026-09-17T16:43:12.559+0000] {logging_mixin.py:190} INFO - [2026-09-17T16:43:12.559+0000] {dag.py:3239} INFO - Sync 1 DAGs
[2026-09-17T16:43:12.596+0000] {logging_mixin.py:190} INFO - [2026-09-17T16:43:12.595+0000] {dag.py:4180} INFO - Setting next_dagrun for etl_sederhana_25_572885_PPA_07200 to 2026-09-17 00:00:00+00:00, run_after=2026-09-18 00:00:00+00:00
[2026-09-17T16:43:12.646+0000] {processor.py:208} INFO - Processing /opt/airflow/dags/etl_sederhana_25_572885_PPA_07200.py took 1.694 seconds
[2026-09-17T16:43:43.365+0000] {processor.py:186} INFO - Started process (PID=3751) to work on /opt/airflow/dags/etl_sederhana_25_572885_PPA_07200.py
[2026-09-17T16:43:43.458+0000] {processor.py:914} INFO - Processing file /opt/airflow/dags/etl_sederhana_25_572885_PPA_07200.py for tasks to queue
[2026-09-17T16:43:43.465+0000] {logging_mixin.py:190} INFO - [2026-09-17T16:43:43.465+0000] {dagbag.py:588} INFO - Filling up the DagBag from /opt/airflow/dags/etl_sederhana_25_572885_PPA_07200.py
[2026-09-17T16:43:44.636+0000] {processor.py:925} INFO - DAG(s) 'etl_sederhana_25_572885_PPA_07200' retrieved from /opt/airflow/dags/etl_sederhana_25_572885_PPA_07200.py
[2026-09-17T16:43:44.653+0000] {logging_mixin.py:190} INFO - [2026-09-17T16:43:44.652+0000] {dag.py:3239} INFO - Sync 1 DAGs
[2026-09-17T16:43:44.674+0000] {logging_mixin.py:190} INFO - [2026-09-17T16:43:44.674+0000] {dag.py:4180} INFO - Setting next_dagrun for etl_sederhana_25_572885_PPA_07200 to 2026-09-17 00:00:00+00:00, run_after=2026-09-18 00:00:00+00:00
[2026-09-17T16:43:44.699+0000] {processor.py:208} INFO - Processing /opt/airflow/dags/etl_sederhana_25_572885_PPA_07200.py took 1.341 seconds
[2026-09-17T16:44:14.923+0000] {processor.py:186} INFO - Started process (PID=3761) to work on /opt/airflow/dags/etl_sederhana_25_572885_PPA_07200.py
[2026-09-17T16:44:14.927+0000] {processor.py:914} INFO - Processing file /opt/airflow/dags/etl_sederhana_25_572885_PPA_07200.py for tasks to queue
[2026-09-17T16:44:14.933+0000] {logging_mixin.py:190} INFO - [2026-09-17T16:44:14.932+0000] {dagbag.py:588} INFO - Filling up the DagBag from /opt/airflow/dags/etl_sederhana_25_572885_PPA_07200.py
[2026-09-17T16:44:16.825+0000] {processor.py:925} INFO - DAG(s) 'etl_sederhana_25_572885_PPA_07200' retrieved from /opt/airflow/dags/etl_sederhana_25_572885_PPA_07200.py
[2026-09-17T16:44:16.878+0000] {logging_mixin.py:190} INFO - [2026-09-17T16:44:16.877+0000] {dag.py:3239} INFO - Sync 1 DAGs
[2026-09-17T16:44:16.905+0000] {logging_mixin.py:190} INFO - [2026-09-17T16:44:16.905+0000] {dag.py:4180} INFO - Setting next_dagrun for etl_sederhana_25_572885_PPA_07200 to 2026-09-17 00:00:00+00:00, run_after=2026-09-18 00:00:00+00:00
[2026-09-17T16:44:16.939+0000] {processor.py:208} INFO - Processing /opt/airflow/dags/etl_sederhana_25_572885_PPA_07200.py took 2.026 seconds
[2026-09-17T16:44:48.615+0000] {processor.py:186} INFO - Started process (PID=3770) to work on /opt/airflow/dags/etl_sederhana_25_572885_PPA_07200.py
[2026-09-17T16:44:48.625+0000] {processor.py:914} INFO - Processing file /opt/airflow/dags/etl_sederhana_25_572885_PPA_07200.py for tasks to queue
[2026-09-17T16:44:48.633+0000] {logging_mixin.py:190} INFO - [2026-09-17T16:44:48.632+0000] {dagbag.py:588} INFO - Filling up the DagBag from /opt/airflow/dags/etl_sederhana_25_572885_PPA_07200.py
[2026-09-17T16:44:50.400+0000] {processor.py:925} INFO - DAG(s) 'etl_sederhana_25_572885_PPA_07200' retrieved from /opt/airflow/dags/etl_sederhana_25_572885_PPA_07200.py
[2026-09-17T16:44:50.426+0000] {logging_mixin.py:190} INFO - [2026-09-17T16:44:50.425+0000] {dag.py:3239} INFO - Sync 1 DAGs
[2026-09-17T16:44:50.453+0000] {logging_mixin.py:190} INFO - [2026-09-17T16:44:50.452+0000] {dag.py:4180} INFO - Setting next_dagrun for etl_sederhana_25_572885_PPA_07200 to 2026-09-17 00:00:00+00:00, run_after=2026-09-18 00:00:00+00:00
[2026-09-17T16:44:50.489+0000] {processor.py:208} INFO - Processing /opt/airflow/dags/etl_sederhana_25_572885_PPA_07200.py took 1.883 seconds
[2026-09-17T16:45:20.777+0000] {processor.py:186} INFO - Started process (PID=3786) to work on /opt/airflow/dags/etl_sederhana_25_572885_PPA_07200.py
[2026-09-17T16:45:20.781+0000] {processor.py:914} INFO - Processing file /opt/airflow/dags/etl_sederhana_25_572885_PPA_07200.py for tasks to queue
[2026-09-17T16:45:20.789+0000] {logging_mixin.py:190} INFO - [2026-09-17T16:45:20.788+0000] {dagbag.py:588} INFO - Filling up the DagBag from /opt/airflow/dags/etl_sederhana_25_572885_PPA_07200.py
[2026-09-17T16:45:23.241+0000] {processor.py:925} INFO - DAG(s) 'etl_sederhana_25_572885_PPA_07200' retrieved from /opt/airflow/dags/etl_sederhana_25_572885_PPA_07200.py
[2026-09-17T16:45:23.337+0000] {logging_mixin.py:190} INFO - [2026-09-17T16:45:23.335+0000] {dag.py:3239} INFO - Sync 1 DAGs
[2026-09-17T16:45:23.376+0000] {logging_mixin.py:190} INFO - [2026-09-17T16:45:23.375+0000] {dag.py:4180} INFO - Setting next_dagrun for etl_sederhana_25_572885_PPA_07200 to 2026-09-17 00:00:00+00:00, run_after=2026-09-18 00:00:00+00:00
[2026-09-17T16:45:23.419+0000] {processor.py:208} INFO - Processing /opt/airflow/dags/etl_sederhana_25_572885_PPA_07200.py took 2.654 seconds
[2026-09-17T16:45:53.729+0000] {processor.py:186} INFO - Started process (PID=3795) to work on /opt/airflow/dags/etl_sederhana_25_572885_PPA_07200.py
[2026-09-17T16:45:53.734+0000] {processor.py:914} INFO - Processing file /opt/airflow/dags/etl_sederhana_25_572885_PPA_07200.py for tasks to queue
[2026-09-17T16:45:53.743+0000] {logging_mixin.py:190} INFO - [2026-09-17T16:45:53.742+0000] {dagbag.py:588} INFO - Filling up the DagBag from /opt/airflow/dags/etl_sederhana_25_572885_PPA_07200.py
[2026-09-17T16:45:56.116+0000] {processor.py:925} INFO - DAG(s) 'etl_sederhana_25_572885_PPA_07200' retrieved from /opt/airflow/dags/etl_sederhana_25_572885_PPA_07200.py
[2026-09-17T16:45:56.198+0000] {logging_mixin.py:190} INFO - [2026-09-17T16:45:56.196+0000] {dag.py:3239} INFO - Sync 1 DAGs
[2026-09-17T16:45:56.290+0000] {logging_mixin.py:190} INFO - [2026-09-17T16:45:56.289+0000] {dag.py:4180} INFO - Setting next_dagrun for etl_sederhana_25_572885_PPA_07200 to 2026-09-17 00:00:00+00:00, run_after=2026-09-18 00:00:00+00:00
[2026-09-17T16:45:56.364+0000] {processor.py:208} INFO - Processing /opt/airflow/dags/etl_sederhana_25_572885_PPA_07200.py took 2.654 seconds
[2026-09-17T16:46:26.659+0000] {processor.py:186} INFO - Started process (PID=3804) to work on /opt/airflow/dags/etl_sederhana_25_572885_PPA_07200.py
[2026-09-17T16:46:26.662+0000] {processor.py:914} INFO - Processing file /opt/airflow/dags/etl_sederhana_25_572885_PPA_07200.py for tasks to queue
[2026-09-17T16:46:26.667+0000] {logging_mixin.py:190} INFO - [2026-09-17T16:46:26.666+0000] {dagbag.py:588} INFO - Filling up the DagBag from /opt/airflow/dags/etl_sederhana_25_572885_PPA_07200.py
[2026-09-17T16:46:28.461+0000] {processor.py:925} INFO - DAG(s) 'etl_sederhana_25_572885_PPA_07200' retrieved from /opt/airflow/dags/etl_sederhana_25_572885_PPA_07200.py
[2026-09-17T16:46:28.516+0000] {logging_mixin.py:190} INFO - [2026-09-17T16:46:28.515+0000] {dag.py:3239} INFO - Sync 1 DAGs
[2026-09-17T16:46:28.610+0000] {logging_mixin.py:190} INFO - [2026-09-17T16:46:28.610+0000] {dag.py:4180} INFO - Setting next_dagrun for etl_sederhana_25_572885_PPA_07200 to 2026-09-17 00:00:00+00:00, run_after=2026-09-18 00:00:00+00:00
[2026-09-17T16:46:28.745+0000] {processor.py:208} INFO - Processing /opt/airflow/dags/etl_sederhana_25_572885_PPA_07200.py took 2.096 seconds
[2026-09-17T16:46:59.305+0000] {processor.py:186} INFO - Started process (PID=3813) to work on /opt/airflow/dags/etl_sederhana_25_572885_PPA_07200.py
[2026-09-17T16:46:59.317+0000] {processor.py:914} INFO - Processing file /opt/airflow/dags/etl_sederhana_25_572885_PPA_07200.py for tasks to queue
[2026-09-17T16:46:59.334+0000] {logging_mixin.py:190} INFO - [2026-09-17T16:46:59.332+0000] {dagbag.py:588} INFO - Filling up the DagBag from /opt/airflow/dags/etl_sederhana_25_572885_PPA_07200.py
[2026-09-17T16:47:02.507+0000] {processor.py:925} INFO - DAG(s) 'etl_sederhana_25_572885_PPA_07200' retrieved from /opt/airflow/dags/etl_sederhana_25_572885_PPA_07200.py
[2026-09-17T16:47:02.553+0000] {logging_mixin.py:190} INFO - [2026-09-17T16:47:02.552+0000] {dag.py:3239} INFO - Sync 1 DAGs
[2026-09-17T16:47:02.604+0000] {logging_mixin.py:190} INFO - [2026-09-17T16:47:02.603+0000] {dag.py:4180} INFO - Setting next_dagrun for etl_sederhana_25_572885_PPA_07200 to 2026-09-17 00:00:00+00:00, run_after=2026-09-18 00:00:00+00:00
[2026-09-17T16:47:02.666+0000] {processor.py:208} INFO - Processing /opt/airflow/dags/etl_sederhana_25_572885_PPA_07200.py took 3.399 seconds
[2026-09-17T16:47:33.093+0000] {processor.py:186} INFO - Started process (PID=3822) to work on /opt/airflow/dags/etl_sederhana_25_572885_PPA_07200.py
[2026-09-17T16:47:33.112+0000] {processor.py:914} INFO - Processing file /opt/airflow/dags/etl_sederhana_25_572885_PPA_07200.py for tasks to queue
[2026-09-17T16:47:33.134+0000] {logging_mixin.py:190} INFO - [2026-09-17T16:47:33.131+0000] {dagbag.py:588} INFO - Filling up the DagBag from /opt/airflow/dags/etl_sederhana_25_572885_PPA_07200.py
[2026-09-17T16:47:35.756+0000] {processor.py:925} INFO - DAG(s) 'etl_sederhana_25_572885_PPA_07200' retrieved from /opt/airflow/dags/etl_sederhana_25_572885_PPA_07200.py
[2026-09-17T16:47:35.793+0000] {logging_mixin.py:190} INFO - [2026-09-17T16:47:35.792+0000] {dag.py:3239} INFO - Sync 1 DAGs
[2026-09-17T16:47:35.838+0000] {logging_mixin.py:190} INFO - [2026-09-17T16:47:35.838+0000] {dag.py:4180} INFO - Setting next_dagrun for etl_sederhana_25_572885_PPA_07200 to 2026-09-17 00:00:00+00:00, run_after=2026-09-18 00:00:00+00:00
[2026-09-17T16:47:35.894+0000] {processor.py:208} INFO - Processing /opt/airflow/dags/etl_sederhana_25_572885_PPA_07200.py took 2.828 seconds
[2026-09-17T16:48:06.271+0000] {processor.py:186} INFO - Started process (PID=3831) to work on /opt/airflow/dags/etl_sederhana_25_572885_PPA_07200.py
[2026-09-17T16:48:06.276+0000] {processor.py:914} INFO - Processing file /opt/airflow/dags/etl_sederhana_25_572885_PPA_07200.py for tasks to queue
[2026-09-17T16:48:06.289+0000] {logging_mixin.py:190} INFO - [2026-09-17T16:48:06.287+0000] {dagbag.py:588} INFO - Filling up the DagBag from /opt/airflow/dags/etl_sederhana_25_572885_PPA_07200.py
[2026-09-17T16:48:08.943+0000] {processor.py:925} INFO - DAG(s) 'etl_sederhana_25_572885_PPA_07200' retrieved from /opt/airflow/dags/etl_sederhana_25_572885_PPA_07200.py
[2026-09-17T16:48:09.051+0000] {logging_mixin.py:190} INFO - [2026-09-17T16:48:09.049+0000] {dag.py:3239} INFO - Sync 1 DAGs
[2026-09-17T16:48:09.121+0000] {logging_mixin.py:190} INFO - [2026-09-17T16:48:09.120+0000] {dag.py:4180} INFO - Setting next_dagrun for etl_sederhana_25_572885_PPA_07200 to 2026-09-17 00:00:00+00:00, run_after=2026-09-18 00:00:00+00:00
[2026-09-17T16:48:09.258+0000] {processor.py:208} INFO - Processing /opt/airflow/dags/etl_sederhana_25_572885_PPA_07200.py took 3.009 seconds
[2026-09-17T16:48:40.332+0000] {processor.py:186} INFO - Started process (PID=3840) to work on /opt/airflow/dags/etl_sederhana_25_572885_PPA_07200.py
[2026-09-17T16:48:40.341+0000] {processor.py:914} INFO - Processing file /opt/airflow/dags/etl_sederhana_25_572885_PPA_07200.py for tasks to queue
[2026-09-17T16:48:40.353+0000] {logging_mixin.py:190} INFO - [2026-09-17T16:48:40.352+0000] {dagbag.py:588} INFO - Filling up the DagBag from /opt/airflow/dags/etl_sederhana_25_572885_PPA_07200.py
[2026-09-17T16:48:42.163+0000] {processor.py:925} INFO - DAG(s) 'etl_sederhana_25_572885_PPA_07200' retrieved from /opt/airflow/dags/etl_sederhana_25_572885_PPA_07200.py
[2026-09-17T16:48:42.258+0000] {logging_mixin.py:190} INFO - [2026-09-17T16:48:42.257+0000] {dag.py:3239} INFO - Sync 1 DAGs
[2026-09-17T16:48:42.309+0000] {logging_mixin.py:190} INFO - [2026-09-17T16:48:42.309+0000] {dag.py:4180} INFO - Setting next_dagrun for etl_sederhana_25_572885_PPA_07200 to 2026-09-17 00:00:00+00:00, run_after=2026-09-18 00:00:00+00:00
[2026-09-17T16:48:42.403+0000] {processor.py:208} INFO - Processing /opt/airflow/dags/etl_sederhana_25_572885_PPA_07200.py took 2.086 seconds
[2026-09-17T16:49:13.168+0000] {processor.py:186} INFO - Started process (PID=3849) to work on /opt/airflow/dags/etl_sederhana_25_572885_PPA_07200.py
[2026-09-17T16:49:13.172+0000] {processor.py:914} INFO - Processing file /opt/airflow/dags/etl_sederhana_25_572885_PPA_07200.py for tasks to queue
[2026-09-17T16:49:13.179+0000] {logging_mixin.py:190} INFO - [2026-09-17T16:49:13.178+0000] {dagbag.py:588} INFO - Filling up the DagBag from /opt/airflow/dags/etl_sederhana_25_572885_PPA_07200.py
[2026-09-17T16:49:14.737+0000] {processor.py:925} INFO - DAG(s) 'etl_sederhana_25_572885_PPA_07200' retrieved from /opt/airflow/dags/etl_sederhana_25_572885_PPA_07200.py
[2026-09-17T16:49:14.762+0000] {logging_mixin.py:190} INFO - [2026-09-17T16:49:14.761+0000] {dag.py:3239} INFO - Sync 1 DAGs
[2026-09-17T16:49:14.812+0000] {logging_mixin.py:190} INFO - [2026-09-17T16:49:14.812+0000] {dag.py:4180} INFO - Setting next_dagrun for etl_sederhana_25_572885_PPA_07200 to 2026-09-17 00:00:00+00:00, run_after=2026-09-18 00:00:00+00:00
[2026-09-17T16:49:14.882+0000] {processor.py:208} INFO - Processing /opt/airflow/dags/etl_sederhana_25_572885_PPA_07200.py took 1.723 seconds
[2026-09-17T16:49:46.182+0000] {processor.py:186} INFO - Started process (PID=3858) to work on /opt/airflow/dags/etl_sederhana_25_572885_PPA_07200.py
[2026-09-17T16:49:46.211+0000] {processor.py:914} INFO - Processing file /opt/airflow/dags/etl_sederhana_25_572885_PPA_07200.py for tasks to queue
[2026-09-17T16:49:46.226+0000] {logging_mixin.py:190} INFO - [2026-09-17T16:49:46.225+0000] {dagbag.py:588} INFO - Filling up the DagBag from /opt/airflow/dags/etl_sederhana_25_572885_PPA_07200.py
[2026-09-17T16:49:48.923+0000] {processor.py:925} INFO - DAG(s) 'etl_sederhana_25_572885_PPA_07200' retrieved from /opt/airflow/dags/etl_sederhana_25_572885_PPA_07200.py
[2026-09-17T16:49:49.004+0000] {logging_mixin.py:190} INFO - [2026-09-17T16:49:49.001+0000] {dag.py:3239} INFO - Sync 1 DAGs
[2026-09-17T16:49:49.088+0000] {logging_mixin.py:190} INFO - [2026-09-17T16:49:49.087+0000] {dag.py:4180} INFO - Setting next_dagrun for etl_sederhana_25_572885_PPA_07200 to 2026-09-17 00:00:00+00:00, run_after=2026-09-18 00:00:00+00:00
[2026-09-17T16:49:49.180+0000] {processor.py:208} INFO - Processing /opt/airflow/dags/etl_sederhana_25_572885_PPA_07200.py took 3.014 seconds
[2026-09-17T16:50:19.577+0000] {processor.py:186} INFO - Started process (PID=3867) to work on /opt/airflow/dags/etl_sederhana_25_572885_PPA_07200.py
[2026-09-17T16:50:19.584+0000] {processor.py:914} INFO - Processing file /opt/airflow/dags/etl_sederhana_25_572885_PPA_07200.py for tasks to queue
[2026-09-17T16:50:19.615+0000] {logging_mixin.py:190} INFO - [2026-09-17T16:50:19.613+0000] {dagbag.py:588} INFO - Filling up the DagBag from /opt/airflow/dags/etl_sederhana_25_572885_PPA_07200.py
[2026-09-17T16:50:22.273+0000] {processor.py:925} INFO - DAG(s) 'etl_sederhana_25_572885_PPA_07200' retrieved from /opt/airflow/dags/etl_sederhana_25_572885_PPA_07200.py
[2026-09-17T16:50:22.361+0000] {logging_mixin.py:190} INFO - [2026-09-17T16:50:22.359+0000] {dag.py:3239} INFO - Sync 1 DAGs
[2026-09-17T16:50:22.501+0000] {logging_mixin.py:190} INFO - [2026-09-17T16:50:22.500+0000] {dag.py:4180} INFO - Setting next_dagrun for etl_sederhana_25_572885_PPA_07200 to 2026-09-17 00:00:00+00:00, run_after=2026-09-18 00:00:00+00:00
[2026-09-17T16:50:22.629+0000] {processor.py:208} INFO - Processing /opt/airflow/dags/etl_sederhana_25_572885_PPA_07200.py took 3.085 seconds
[2026-09-17T16:50:53.121+0000] {processor.py:186} INFO - Started process (PID=3876) to work on /opt/airflow/dags/etl_sederhana_25_572885_PPA_07200.py
[2026-09-17T16:50:53.128+0000] {processor.py:914} INFO - Processing file /opt/airflow/dags/etl_sederhana_25_572885_PPA_07200.py for tasks to queue
[2026-09-17T16:50:53.143+0000] {logging_mixin.py:190} INFO - [2026-09-17T16:50:53.141+0000] {dagbag.py:588} INFO - Filling up the DagBag from /opt/airflow/dags/etl_sederhana_25_572885_PPA_07200.py
[2026-09-17T16:50:56.120+0000] {processor.py:925} INFO - DAG(s) 'etl_sederhana_25_572885_PPA_07200' retrieved from /opt/airflow/dags/etl_sederhana_25_572885_PPA_07200.py
[2026-09-17T16:50:56.162+0000] {logging_mixin.py:190} INFO - [2026-09-17T16:50:56.161+0000] {dag.py:3239} INFO - Sync 1 DAGs
[2026-09-17T16:50:56.208+0000] {logging_mixin.py:190} INFO - [2026-09-17T16:50:56.207+0000] {dag.py:4180} INFO - Setting next_dagrun for etl_sederhana_25_572885_PPA_07200 to 2026-09-17 00:00:00+00:00, run_after=2026-09-18 00:00:00+00:00
[2026-09-17T16:50:56.259+0000] {processor.py:208} INFO - Processing /opt/airflow/dags/etl_sederhana_25_572885_PPA_07200.py took 3.158 seconds
[2026-09-17T16:51:27.602+0000] {processor.py:186} INFO - Started process (PID=3893) to work on /opt/airflow/dags/etl_sederhana_25_572885_PPA_07200.py
[2026-09-17T16:51:27.707+0000] {processor.py:914} INFO - Processing file /opt/airflow/dags/etl_sederhana_25_572885_PPA_07200.py for tasks to queue
[2026-09-17T16:51:27.730+0000] {logging_mixin.py:190} INFO - [2026-09-17T16:51:27.729+0000] {dagbag.py:588} INFO - Filling up the DagBag from /opt/airflow/dags/etl_sederhana_25_572885_PPA_07200.py
[2026-09-17T16:51:30.196+0000] {processor.py:925} INFO - DAG(s) 'etl_sederhana_25_572885_PPA_07200' retrieved from /opt/airflow/dags/etl_sederhana_25_572885_PPA_07200.py
[2026-09-17T16:51:30.250+0000] {logging_mixin.py:190} INFO - [2026-09-17T16:51:30.249+0000] {dag.py:3239} INFO - Sync 1 DAGs
[2026-09-17T16:51:30.348+0000] {logging_mixin.py:190} INFO - [2026-09-17T16:51:30.348+0000] {dag.py:4180} INFO - Setting next_dagrun for etl_sederhana_25_572885_PPA_07200 to 2026-09-17 00:00:00+00:00, run_after=2026-09-18 00:00:00+00:00
[2026-09-17T16:51:30.572+0000] {processor.py:208} INFO - Processing /opt/airflow/dags/etl_sederhana_25_572885_PPA_07200.py took 2.985 seconds
[2026-09-17T16:52:01.246+0000] {processor.py:186} INFO - Started process (PID=3902) to work on /opt/airflow/dags/etl_sederhana_25_572885_PPA_07200.py
[2026-09-17T16:52:01.415+0000] {processor.py:914} INFO - Processing file /opt/airflow/dags/etl_sederhana_25_572885_PPA_07200.py for tasks to queue
[2026-09-17T16:52:01.442+0000] {logging_mixin.py:190} INFO - [2026-09-17T16:52:01.441+0000] {dagbag.py:588} INFO - Filling up the DagBag from /opt/airflow/dags/etl_sederhana_25_572885_PPA_07200.py
[2026-09-17T16:52:02.961+0000] {processor.py:925} INFO - DAG(s) 'etl_sederhana_25_572885_PPA_07200' retrieved from /opt/airflow/dags/etl_sederhana_25_572885_PPA_07200.py
[2026-09-17T16:52:02.988+0000] {logging_mixin.py:190} INFO - [2026-09-17T16:52:02.987+0000] {dag.py:3239} INFO - Sync 1 DAGs
[2026-09-17T16:52:03.014+0000] {logging_mixin.py:190} INFO - [2026-09-17T16:52:03.014+0000] {dag.py:4180} INFO - Setting next_dagrun for etl_sederhana_25_572885_PPA_07200 to 2026-09-17 00:00:00+00:00, run_after=2026-09-18 00:00:00+00:00
[2026-09-17T16:52:03.053+0000] {processor.py:208} INFO - Processing /opt/airflow/dags/etl_sederhana_25_572885_PPA_07200.py took 1.816 seconds
[2026-09-17T16:52:33.966+0000] {processor.py:186} INFO - Started process (PID=3912) to work on /opt/airflow/dags/etl_sederhana_25_572885_PPA_07200.py
[2026-09-17T16:52:33.976+0000] {processor.py:914} INFO - Processing file /opt/airflow/dags/etl_sederhana_25_572885_PPA_07200.py for tasks to queue
[2026-09-17T16:52:33.985+0000] {logging_mixin.py:190} INFO - [2026-09-17T16:52:33.984+0000] {dagbag.py:588} INFO - Filling up the DagBag from /opt/airflow/dags/etl_sederhana_25_572885_PPA_07200.py
[2026-09-17T16:52:35.826+0000] {processor.py:925} INFO - DAG(s) 'etl_sederhana_25_572885_PPA_07200' retrieved from /opt/airflow/dags/etl_sederhana_25_572885_PPA_07200.py
[2026-09-17T16:52:35.852+0000] {logging_mixin.py:190} INFO - [2026-09-17T16:52:35.852+0000] {dag.py:3239} INFO - Sync 1 DAGs
[2026-09-17T16:52:35.881+0000] {logging_mixin.py:190} INFO - [2026-09-17T16:52:35.881+0000] {dag.py:4180} INFO - Setting next_dagrun for etl_sederhana_25_572885_PPA_07200 to 2026-09-17 00:00:00+00:00, run_after=2026-09-18 00:00:00+00:00
[2026-09-17T16:52:36.006+0000] {processor.py:208} INFO - Processing /opt/airflow/dags/etl_sederhana_25_572885_PPA_07200.py took 2.047 seconds
[2026-09-17T16:53:06.982+0000] {processor.py:186} INFO - Started process (PID=3921) to work on /opt/airflow/dags/etl_sederhana_25_572885_PPA_07200.py
[2026-09-17T16:53:06.998+0000] {processor.py:914} INFO - Processing file /opt/airflow/dags/etl_sederhana_25_572885_PPA_07200.py for tasks to queue
[2026-09-17T16:53:07.099+0000] {logging_mixin.py:190} INFO - [2026-09-17T16:53:07.099+0000] {dagbag.py:588} INFO - Filling up the DagBag from /opt/airflow/dags/etl_sederhana_25_572885_PPA_07200.py
[2026-09-17T16:53:08.960+0000] {processor.py:925} INFO - DAG(s) 'etl_sederhana_25_572885_PPA_07200' retrieved from /opt/airflow/dags/etl_sederhana_25_572885_PPA_07200.py
[2026-09-17T16:53:08.998+0000] {logging_mixin.py:190} INFO - [2026-09-17T16:53:08.998+0000] {dag.py:3239} INFO - Sync 1 DAGs
[2026-09-17T16:53:09.035+0000] {logging_mixin.py:190} INFO - [2026-09-17T16:53:09.035+0000] {dag.py:4180} INFO - Setting next_dagrun for etl_sederhana_25_572885_PPA_07200 to 2026-09-17 00:00:00+00:00, run_after=2026-09-18 00:00:00+00:00
[2026-09-17T16:53:09.099+0000] {processor.py:208} INFO - Processing /opt/airflow/dags/etl_sederhana_25_572885_PPA_07200.py took 2.140 seconds
[2026-09-17T16:53:39.443+0000] {processor.py:186} INFO - Started process (PID=3931) to work on /opt/airflow/dags/etl_sederhana_25_572885_PPA_07200.py
[2026-09-17T16:53:39.447+0000] {processor.py:914} INFO - Processing file /opt/airflow/dags/etl_sederhana_25_572885_PPA_07200.py for tasks to queue
[2026-09-17T16:53:39.455+0000] {logging_mixin.py:190} INFO - [2026-09-17T16:53:39.454+0000] {dagbag.py:588} INFO - Filling up the DagBag from /opt/airflow/dags/etl_sederhana_25_572885_PPA_07200.py
[2026-09-17T16:53:40.963+0000] {processor.py:925} INFO - DAG(s) 'etl_sederhana_25_572885_PPA_07200' retrieved from /opt/airflow/dags/etl_sederhana_25_572885_PPA_07200.py
[2026-09-17T16:53:41.001+0000] {logging_mixin.py:190} INFO - [2026-09-17T16:53:41.000+0000] {dag.py:3239} INFO - Sync 1 DAGs
[2026-09-17T16:53:41.049+0000] {logging_mixin.py:190} INFO - [2026-09-17T16:53:41.048+0000] {dag.py:4180} INFO - Setting next_dagrun for etl_sederhana_25_572885_PPA_07200 to 2026-09-17 00:00:00+00:00, run_after=2026-09-18 00:00:00+00:00
[2026-09-17T16:53:41.103+0000] {processor.py:208} INFO - Processing /opt/airflow/dags/etl_sederhana_25_572885_PPA_07200.py took 1.676 seconds
[2026-09-17T16:54:11.966+0000] {processor.py:186} INFO - Started process (PID=3940) to work on /opt/airflow/dags/etl_sederhana_25_572885_PPA_07200.py
[2026-09-17T16:54:11.972+0000] {processor.py:914} INFO - Processing file /opt/airflow/dags/etl_sederhana_25_572885_PPA_07200.py for tasks to queue
[2026-09-17T16:54:11.979+0000] {logging_mixin.py:190} INFO - [2026-09-17T16:54:11.978+0000] {dagbag.py:588} INFO - Filling up the DagBag from /opt/airflow/dags/etl_sederhana_25_572885_PPA_07200.py
[2026-09-17T16:54:13.173+0000] {processor.py:925} INFO - DAG(s) 'etl_sederhana_25_572885_PPA_07200' retrieved from /opt/airflow/dags/etl_sederhana_25_572885_PPA_07200.py
[2026-09-17T16:54:13.213+0000] {logging_mixin.py:190} INFO - [2026-09-17T16:54:13.212+0000] {dag.py:3239} INFO - Sync 1 DAGs
[2026-09-17T16:54:13.244+0000] {logging_mixin.py:190} INFO - [2026-09-17T16:54:13.243+0000] {dag.py:4180} INFO - Setting next_dagrun for etl_sederhana_25_572885_PPA_07200 to 2026-09-17 00:00:00+00:00, run_after=2026-09-18 00:00:00+00:00
[2026-09-17T16:54:13.286+0000] {processor.py:208} INFO - Processing /opt/airflow/dags/etl_sederhana_25_572885_PPA_07200.py took 1.331 seconds
[2026-09-17T16:54:44.945+0000] {processor.py:186} INFO - Started process (PID=3949) to work on /opt/airflow/dags/etl_sederhana_25_572885_PPA_07200.py
[2026-09-17T16:54:45.002+0000] {processor.py:914} INFO - Processing file /opt/airflow/dags/etl_sederhana_25_572885_PPA_07200.py for tasks to queue
[2026-09-17T16:54:45.016+0000] {logging_mixin.py:190} INFO - [2026-09-17T16:54:45.014+0000] {dagbag.py:588} INFO - Filling up the DagBag from /opt/airflow/dags/etl_sederhana_25_572885_PPA_07200.py
[2026-09-17T16:54:46.767+0000] {processor.py:925} INFO - DAG(s) 'etl_sederhana_25_572885_PPA_07200' retrieved from /opt/airflow/dags/etl_sederhana_25_572885_PPA_07200.py
[2026-09-17T16:54:46.805+0000] {logging_mixin.py:190} INFO - [2026-09-17T16:54:46.805+0000] {dag.py:3239} INFO - Sync 1 DAGs
[2026-09-17T16:54:46.856+0000] {logging_mixin.py:190} INFO - [2026-09-17T16:54:46.855+0000] {dag.py:4180} INFO - Setting next_dagrun for etl_sederhana_25_572885_PPA_07200 to 2026-09-17 00:00:00+00:00, run_after=2026-09-18 00:00:00+00:00
[2026-09-17T16:54:46.979+0000] {processor.py:208} INFO - Processing /opt/airflow/dags/etl_sederhana_25_572885_PPA_07200.py took 2.044 seconds
[2026-09-17T16:55:17.642+0000] {processor.py:186} INFO - Started process (PID=3958) to work on /opt/airflow/dags/etl_sederhana_25_572885_PPA_07200.py
[2026-09-17T16:55:17.652+0000] {processor.py:914} INFO - Processing file /opt/airflow/dags/etl_sederhana_25_572885_PPA_07200.py for tasks to queue
[2026-09-17T16:55:17.669+0000] {logging_mixin.py:190} INFO - [2026-09-17T16:55:17.668+0000] {dagbag.py:588} INFO - Filling up the DagBag from /opt/airflow/dags/etl_sederhana_25_572885_PPA_07200.py
[2026-09-17T16:55:20.900+0000] {processor.py:925} INFO - DAG(s) 'etl_sederhana_25_572885_PPA_07200' retrieved from /opt/airflow/dags/etl_sederhana_25_572885_PPA_07200.py
[2026-09-17T16:55:20.960+0000] {logging_mixin.py:190} INFO - [2026-09-17T16:55:20.959+0000] {dag.py:3239} INFO - Sync 1 DAGs
[2026-09-17T16:55:21.038+0000] {logging_mixin.py:190} INFO - [2026-09-17T16:55:21.037+0000] {dag.py:4180} INFO - Setting next_dagrun for etl_sederhana_25_572885_PPA_07200 to 2026-09-17 00:00:00+00:00, run_after=2026-09-18 00:00:00+00:00
[2026-09-17T16:55:21.187+0000] {processor.py:208} INFO - Processing /opt/airflow/dags/etl_sederhana_25_572885_PPA_07200.py took 3.570 seconds
[2026-09-17T16:55:52.097+0000] {processor.py:186} INFO - Started process (PID=3967) to work on /opt/airflow/dags/etl_sederhana_25_572885_PPA_07200.py
[2026-09-17T16:55:52.241+0000] {processor.py:914} INFO - Processing file /opt/airflow/dags/etl_sederhana_25_572885_PPA_07200.py for tasks to queue
[2026-09-17T16:55:52.367+0000] {logging_mixin.py:190} INFO - [2026-09-17T16:55:52.365+0000] {dagbag.py:588} INFO - Filling up the DagBag from /opt/airflow/dags/etl_sederhana_25_572885_PPA_07200.py
[2026-09-17T16:56:01.115+0000] {processor.py:925} INFO - DAG(s) 'etl_sederhana_25_572885_PPA_07200' retrieved from /opt/airflow/dags/etl_sederhana_25_572885_PPA_07200.py
[2026-09-17T16:56:01.337+0000] {logging_mixin.py:190} INFO - [2026-09-17T16:56:01.334+0000] {dag.py:3239} INFO - Sync 1 DAGs
[2026-09-17T16:56:01.610+0000] {logging_mixin.py:190} INFO - [2026-09-17T16:56:01.609+0000] {dag.py:4180} INFO - Setting next_dagrun for etl_sederhana_25_572885_PPA_07200 to 2026-09-17 00:00:00+00:00, run_after=2026-09-18 00:00:00+00:00
[2026-09-17T16:56:01.876+0000] {processor.py:208} INFO - Processing /opt/airflow/dags/etl_sederhana_25_572885_PPA_07200.py took 9.882 seconds
[2026-09-17T16:56:36.725+0000] {processor.py:186} INFO - Started process (PID=3984) to work on /opt/airflow/dags/etl_sederhana_25_572885_PPA_07200.py
[2026-09-17T16:56:36.743+0000] {processor.py:914} INFO - Processing file /opt/airflow/dags/etl_sederhana_25_572885_PPA_07200.py for tasks to queue
[2026-09-17T16:56:36.843+0000] {logging_mixin.py:190} INFO - [2026-09-17T16:56:36.841+0000] {dagbag.py:588} INFO - Filling up the DagBag from /opt/airflow/dags/etl_sederhana_25_572885_PPA_07200.py
[2026-09-17T16:56:43.640+0000] {processor.py:925} INFO - DAG(s) 'etl_sederhana_25_572885_PPA_07200' retrieved from /opt/airflow/dags/etl_sederhana_25_572885_PPA_07200.py
[2026-09-17T16:56:43.699+0000] {logging_mixin.py:190} INFO - [2026-09-17T16:56:43.697+0000] {dag.py:3239} INFO - Sync 1 DAGs
[2026-09-17T16:56:43.801+0000] {logging_mixin.py:190} INFO - [2026-09-17T16:56:43.800+0000] {dag.py:4180} INFO - Setting next_dagrun for etl_sederhana_25_572885_PPA_07200 to 2026-09-17 00:00:00+00:00, run_after=2026-09-18 00:00:00+00:00
[2026-09-17T16:56:43.912+0000] {processor.py:208} INFO - Processing /opt/airflow/dags/etl_sederhana_25_572885_PPA_07200.py took 7.791 seconds
[2026-09-17T16:57:14.304+0000] {processor.py:186} INFO - Started process (PID=3993) to work on /opt/airflow/dags/etl_sederhana_25_572885_PPA_07200.py
[2026-09-17T16:57:14.311+0000] {processor.py:914} INFO - Processing file /opt/airflow/dags/etl_sederhana_25_572885_PPA_07200.py for tasks to queue
[2026-09-17T16:57:14.320+0000] {logging_mixin.py:190} INFO - [2026-09-17T16:57:14.319+0000] {dagbag.py:588} INFO - Filling up the DagBag from /opt/airflow/dags/etl_sederhana_25_572885_PPA_07200.py
[2026-09-17T16:57:17.502+0000] {processor.py:925} INFO - DAG(s) 'etl_sederhana_25_572885_PPA_07200' retrieved from /opt/airflow/dags/etl_sederhana_25_572885_PPA_07200.py
[2026-09-17T16:57:17.614+0000] {logging_mixin.py:190} INFO - [2026-09-17T16:57:17.612+0000] {dag.py:3239} INFO - Sync 1 DAGs
[2026-09-17T16:57:17.830+0000] {logging_mixin.py:190} INFO - [2026-09-17T16:57:17.827+0000] {dag.py:4180} INFO - Setting next_dagrun for etl_sederhana_25_572885_PPA_07200 to 2026-09-17 00:00:00+00:00, run_after=2026-09-18 00:00:00+00:00
[2026-09-17T16:57:18.040+0000] {processor.py:208} INFO - Processing /opt/airflow/dags/etl_sederhana_25_572885_PPA_07200.py took 3.751 seconds
[2026-09-17T16:57:48.553+0000] {processor.py:186} INFO - Started process (PID=4002) to work on /opt/airflow/dags/etl_sederhana_25_572885_PPA_07200.py
[2026-09-17T16:57:48.557+0000] {processor.py:914} INFO - Processing file /opt/airflow/dags/etl_sederhana_25_572885_PPA_07200.py for tasks to queue
[2026-09-17T16:57:48.568+0000] {logging_mixin.py:190} INFO - [2026-09-17T16:57:48.566+0000] {dagbag.py:588} INFO - Filling up the DagBag from /opt/airflow/dags/etl_sederhana_25_572885_PPA_07200.py
[2026-09-17T16:57:51.110+0000] {processor.py:925} INFO - DAG(s) 'etl_sederhana_25_572885_PPA_07200' retrieved from /opt/airflow/dags/etl_sederhana_25_572885_PPA_07200.py
[2026-09-17T16:57:51.151+0000] {logging_mixin.py:190} INFO - [2026-09-17T16:57:51.150+0000] {dag.py:3239} INFO - Sync 1 DAGs
[2026-09-17T16:57:51.194+0000] {logging_mixin.py:190} INFO - [2026-09-17T16:57:51.194+0000] {dag.py:4180} INFO - Setting next_dagrun for etl_sederhana_25_572885_PPA_07200 to 2026-09-17 00:00:00+00:00, run_after=2026-09-18 00:00:00+00:00
[2026-09-17T16:57:51.271+0000] {processor.py:208} INFO - Processing /opt/airflow/dags/etl_sederhana_25_572885_PPA_07200.py took 2.731 seconds
[2026-09-17T16:58:21.612+0000] {processor.py:186} INFO - Started process (PID=4011) to work on /opt/airflow/dags/etl_sederhana_25_572885_PPA_07200.py
[2026-09-17T16:58:21.620+0000] {processor.py:914} INFO - Processing file /opt/airflow/dags/etl_sederhana_25_572885_PPA_07200.py for tasks to queue
[2026-09-17T16:58:21.633+0000] {logging_mixin.py:190} INFO - [2026-09-17T16:58:21.630+0000] {dagbag.py:588} INFO - Filling up the DagBag from /opt/airflow/dags/etl_sederhana_25_572885_PPA_07200.py
[2026-09-17T16:58:24.054+0000] {processor.py:925} INFO - DAG(s) 'etl_sederhana_25_572885_PPA_07200' retrieved from /opt/airflow/dags/etl_sederhana_25_572885_PPA_07200.py
[2026-09-17T16:58:24.108+0000] {logging_mixin.py:190} INFO - [2026-09-17T16:58:24.107+0000] {dag.py:3239} INFO - Sync 1 DAGs
[2026-09-17T16:58:24.180+0000] {logging_mixin.py:190} INFO - [2026-09-17T16:58:24.178+0000] {dag.py:4180} INFO - Setting next_dagrun for etl_sederhana_25_572885_PPA_07200 to 2026-09-17 00:00:00+00:00, run_after=2026-09-18 00:00:00+00:00
[2026-09-17T16:58:24.274+0000] {processor.py:208} INFO - Processing /opt/airflow/dags/etl_sederhana_25_572885_PPA_07200.py took 2.699 seconds
[2026-09-17T16:58:54.658+0000] {processor.py:186} INFO - Started process (PID=4020) to work on /opt/airflow/dags/etl_sederhana_25_572885_PPA_07200.py
[2026-09-17T16:58:54.662+0000] {processor.py:914} INFO - Processing file /opt/airflow/dags/etl_sederhana_25_572885_PPA_07200.py for tasks to queue
[2026-09-17T16:58:54.667+0000] {logging_mixin.py:190} INFO - [2026-09-17T16:58:54.667+0000] {dagbag.py:588} INFO - Filling up the DagBag from /opt/airflow/dags/etl_sederhana_25_572885_PPA_07200.py
[2026-09-17T16:58:56.361+0000] {processor.py:925} INFO - DAG(s) 'etl_sederhana_25_572885_PPA_07200' retrieved from /opt/airflow/dags/etl_sederhana_25_572885_PPA_07200.py
[2026-09-17T16:58:56.398+0000] {logging_mixin.py:190} INFO - [2026-09-17T16:58:56.397+0000] {dag.py:3239} INFO - Sync 1 DAGs
[2026-09-17T16:58:56.431+0000] {logging_mixin.py:190} INFO - [2026-09-17T16:58:56.430+0000] {dag.py:4180} INFO - Setting next_dagrun for etl_sederhana_25_572885_PPA_07200 to 2026-09-17 00:00:00+00:00, run_after=2026-09-18 00:00:00+00:00
[2026-09-17T16:58:56.470+0000] {processor.py:208} INFO - Processing /opt/airflow/dags/etl_sederhana_25_572885_PPA_07200.py took 1.831 seconds
[2026-09-17T16:59:25.908+0000] {processor.py:186} INFO - Started process (PID=4029) to work on /opt/airflow/dags/etl_sederhana_25_572885_PPA_07200.py
[2026-09-17T16:59:25.922+0000] {processor.py:914} INFO - Processing file /opt/airflow/dags/etl_sederhana_25_572885_PPA_07200.py for tasks to queue
[2026-09-17T16:59:25.945+0000] {logging_mixin.py:190} INFO - [2026-09-17T16:59:25.937+0000] {dagbag.py:588} INFO - Filling up the DagBag from /opt/airflow/dags/etl_sederhana_25_572885_PPA_07200.py
[2026-09-17T16:59:31.722+0000] {processor.py:925} INFO - DAG(s) 'etl_sederhana_25_572885_PPA_07200' retrieved from /opt/airflow/dags/etl_sederhana_25_572885_PPA_07200.py
[2026-09-17T16:59:31.796+0000] {logging_mixin.py:190} INFO - [2026-09-17T16:59:31.794+0000] {dag.py:3239} INFO - Sync 1 DAGs
[2026-09-17T16:59:31.870+0000] {logging_mixin.py:190} INFO - [2026-09-17T16:59:31.869+0000] {dag.py:4180} INFO - Setting next_dagrun for etl_sederhana_25_572885_PPA_07200 to 2026-09-17 00:00:00+00:00, run_after=2026-09-18 00:00:00+00:00
[2026-09-17T16:59:32.017+0000] {processor.py:208} INFO - Processing /opt/airflow/dags/etl_sederhana_25_572885_PPA_07200.py took 6.145 seconds
[2026-09-17T17:00:02.574+0000] {processor.py:186} INFO - Started process (PID=4038) to work on /opt/airflow/dags/etl_sederhana_25_572885_PPA_07200.py
[2026-09-17T17:00:02.585+0000] {processor.py:914} INFO - Processing file /opt/airflow/dags/etl_sederhana_25_572885_PPA_07200.py for tasks to queue
[2026-09-17T17:00:02.620+0000] {logging_mixin.py:190} INFO - [2026-09-17T17:00:02.617+0000] {dagbag.py:588} INFO - Filling up the DagBag from /opt/airflow/dags/etl_sederhana_25_572885_PPA_07200.py
[2026-09-17T17:00:06.590+0000] {processor.py:925} INFO - DAG(s) 'etl_sederhana_25_572885_PPA_07200' retrieved from /opt/airflow/dags/etl_sederhana_25_572885_PPA_07200.py
[2026-09-17T17:00:06.661+0000] {logging_mixin.py:190} INFO - [2026-09-17T17:00:06.660+0000] {dag.py:3239} INFO - Sync 1 DAGs
[2026-09-17T17:00:06.723+0000] {logging_mixin.py:190} INFO - [2026-09-17T17:00:06.722+0000] {dag.py:4180} INFO - Setting next_dagrun for etl_sederhana_25_572885_PPA_07200 to 2026-09-17 00:00:00+00:00, run_after=2026-09-18 00:00:00+00:00
[2026-09-17T17:00:06.815+0000] {processor.py:208} INFO - Processing /opt/airflow/dags/etl_sederhana_25_572885_PPA_07200.py took 4.277 seconds
[2026-09-17T17:00:37.103+0000] {processor.py:186} INFO - Started process (PID=4047) to work on /opt/airflow/dags/etl_sederhana_25_572885_PPA_07200.py
[2026-09-17T17:00:37.109+0000] {processor.py:914} INFO - Processing file /opt/airflow/dags/etl_sederhana_25_572885_PPA_07200.py for tasks to queue
[2026-09-17T17:00:37.120+0000] {logging_mixin.py:190} INFO - [2026-09-17T17:00:37.119+0000] {dagbag.py:588} INFO - Filling up the DagBag from /opt/airflow/dags/etl_sederhana_25_572885_PPA_07200.py
[2026-09-17T17:00:41.104+0000] {processor.py:925} INFO - DAG(s) 'etl_sederhana_25_572885_PPA_07200' retrieved from /opt/airflow/dags/etl_sederhana_25_572885_PPA_07200.py
[2026-09-17T17:00:41.191+0000] {logging_mixin.py:190} INFO - [2026-09-17T17:00:41.190+0000] {dag.py:3239} INFO - Sync 1 DAGs
[2026-09-17T17:00:41.302+0000] {logging_mixin.py:190} INFO - [2026-09-17T17:00:41.301+0000] {dag.py:4180} INFO - Setting next_dagrun for etl_sederhana_25_572885_PPA_07200 to 2026-09-17 00:00:00+00:00, run_after=2026-09-18 00:00:00+00:00
[2026-09-17T17:00:41.452+0000] {processor.py:208} INFO - Processing /opt/airflow/dags/etl_sederhana_25_572885_PPA_07200.py took 4.370 seconds
[2026-09-17T17:00:44.008+0000] {processor.py:186} INFO - Started process (PID=4049) to work on /opt/airflow/dags/etl_sederhana_25_572885_PPA_07200.py
[2026-09-17T17:00:44.013+0000] {processor.py:914} INFO - Processing file /opt/airflow/dags/etl_sederhana_25_572885_PPA_07200.py for tasks to queue
[2026-09-17T17:00:44.023+0000] {logging_mixin.py:190} INFO - [2026-09-17T17:00:44.022+0000] {dagbag.py:588} INFO - Filling up the DagBag from /opt/airflow/dags/etl_sederhana_25_572885_PPA_07200.py
[2026-09-17T17:00:48.673+0000] {processor.py:925} INFO - DAG(s) 'etl_sederhana_25_572885_PPA_07200' retrieved from /opt/airflow/dags/etl_sederhana_25_572885_PPA_07200.py
[2026-09-17T17:00:48.740+0000] {logging_mixin.py:190} INFO - [2026-09-17T17:00:48.739+0000] {dag.py:3239} INFO - Sync 1 DAGs
[2026-09-17T17:00:48.826+0000] {logging_mixin.py:190} INFO - [2026-09-17T17:00:48.826+0000] {dag.py:4180} INFO - Setting next_dagrun for etl_sederhana_25_572885_PPA_07200 to 2026-09-17 00:00:00+00:00, run_after=2026-09-18 00:00:00+00:00
[2026-09-17T17:00:48.953+0000] {processor.py:208} INFO - Processing /opt/airflow/dags/etl_sederhana_25_572885_PPA_07200.py took 4.965 seconds
[2026-09-17T17:01:19.949+0000] {processor.py:186} INFO - Started process (PID=4065) to work on /opt/airflow/dags/etl_sederhana_25_572885_PPA_07200.py
[2026-09-17T17:01:19.955+0000] {processor.py:914} INFO - Processing file /opt/airflow/dags/etl_sederhana_25_572885_PPA_07200.py for tasks to queue
[2026-09-17T17:01:19.973+0000] {logging_mixin.py:190} INFO - [2026-09-17T17:01:19.970+0000] {dagbag.py:588} INFO - Filling up the DagBag from /opt/airflow/dags/etl_sederhana_25_572885_PPA_07200.py
[2026-09-17T17:01:22.998+0000] {processor.py:925} INFO - DAG(s) 'etl_sederhana_25_572885_PPA_07200' retrieved from /opt/airflow/dags/etl_sederhana_25_572885_PPA_07200.py
[2026-09-17T17:01:23.035+0000] {logging_mixin.py:190} INFO - [2026-09-17T17:01:23.034+0000] {dag.py:3239} INFO - Sync 1 DAGs
[2026-09-17T17:01:23.073+0000] {logging_mixin.py:190} INFO - [2026-09-17T17:01:23.072+0000] {dag.py:4180} INFO - Setting next_dagrun for etl_sederhana_25_572885_PPA_07200 to 2026-09-17 00:00:00+00:00, run_after=2026-09-18 00:00:00+00:00
[2026-09-17T17:01:23.129+0000] {processor.py:208} INFO - Processing /opt/airflow/dags/etl_sederhana_25_572885_PPA_07200.py took 3.204 seconds
[2026-09-17T17:01:53.630+0000] {processor.py:186} INFO - Started process (PID=4074) to work on /opt/airflow/dags/etl_sederhana_25_572885_PPA_07200.py
[2026-09-17T17:01:53.637+0000] {processor.py:914} INFO - Processing file /opt/airflow/dags/etl_sederhana_25_572885_PPA_07200.py for tasks to queue
[2026-09-17T17:01:53.649+0000] {logging_mixin.py:190} INFO - [2026-09-17T17:01:53.647+0000] {dagbag.py:588} INFO - Filling up the DagBag from /opt/airflow/dags/etl_sederhana_25_572885_PPA_07200.py
[2026-09-17T17:01:58.587+0000] {processor.py:925} INFO - DAG(s) 'etl_sederhana_25_572885_PPA_07200' retrieved from /opt/airflow/dags/etl_sederhana_25_572885_PPA_07200.py
[2026-09-17T17:01:58.705+0000] {logging_mixin.py:190} INFO - [2026-09-17T17:01:58.703+0000] {dag.py:3239} INFO - Sync 1 DAGs
[2026-09-17T17:01:58.829+0000] {logging_mixin.py:190} INFO - [2026-09-17T17:01:58.828+0000] {dag.py:4180} INFO - Setting next_dagrun for etl_sederhana_25_572885_PPA_07200 to 2026-09-17 00:00:00+00:00, run_after=2026-09-18 00:00:00+00:00
[2026-09-17T17:01:58.995+0000] {processor.py:208} INFO - Processing /opt/airflow/dags/etl_sederhana_25_572885_PPA_07200.py took 5.388 seconds
[2026-09-17T17:02:29.484+0000] {processor.py:186} INFO - Started process (PID=4083) to work on /opt/airflow/dags/etl_sederhana_25_572885_PPA_07200.py
[2026-09-17T17:02:29.490+0000] {processor.py:914} INFO - Processing file /opt/airflow/dags/etl_sederhana_25_572885_PPA_07200.py for tasks to queue
[2026-09-17T17:02:29.509+0000] {logging_mixin.py:190} INFO - [2026-09-17T17:02:29.507+0000] {dagbag.py:588} INFO - Filling up the DagBag from /opt/airflow/dags/etl_sederhana_25_572885_PPA_07200.py
[2026-09-17T17:02:32.328+0000] {processor.py:925} INFO - DAG(s) 'etl_sederhana_25_572885_PPA_07200' retrieved from /opt/airflow/dags/etl_sederhana_25_572885_PPA_07200.py
[2026-09-17T17:02:32.395+0000] {logging_mixin.py:190} INFO - [2026-09-17T17:02:32.393+0000] {dag.py:3239} INFO - Sync 1 DAGs
[2026-09-17T17:02:32.461+0000] {logging_mixin.py:190} INFO - [2026-09-17T17:02:32.460+0000] {dag.py:4180} INFO - Setting next_dagrun for etl_sederhana_25_572885_PPA_07200 to 2026-09-17 00:00:00+00:00, run_after=2026-09-18 00:00:00+00:00
[2026-09-17T17:02:32.549+0000] {processor.py:208} INFO - Processing /opt/airflow/dags/etl_sederhana_25_572885_PPA_07200.py took 3.087 seconds
[2026-09-17T17:03:03.036+0000] {processor.py:186} INFO - Started process (PID=4093) to work on /opt/airflow/dags/etl_sederhana_25_572885_PPA_07200.py
[2026-09-17T17:03:03.046+0000] {processor.py:914} INFO - Processing file /opt/airflow/dags/etl_sederhana_25_572885_PPA_07200.py for tasks to queue
[2026-09-17T17:03:03.058+0000] {logging_mixin.py:190} INFO - [2026-09-17T17:03:03.056+0000] {dagbag.py:588} INFO - Filling up the DagBag from /opt/airflow/dags/etl_sederhana_25_572885_PPA_07200.py
[2026-09-17T17:03:06.875+0000] {processor.py:925} INFO - DAG(s) 'etl_sederhana_25_572885_PPA_07200' retrieved from /opt/airflow/dags/etl_sederhana_25_572885_PPA_07200.py
[2026-09-17T17:03:06.992+0000] {logging_mixin.py:190} INFO - [2026-09-17T17:03:06.990+0000] {dag.py:3239} INFO - Sync 1 DAGs
[2026-09-17T17:03:07.103+0000] {logging_mixin.py:190} INFO - [2026-09-17T17:03:07.102+0000] {dag.py:4180} INFO - Setting next_dagrun for etl_sederhana_25_572885_PPA_07200 to 2026-09-17 00:00:00+00:00, run_after=2026-09-18 00:00:00+00:00
[2026-09-17T17:03:07.287+0000] {processor.py:208} INFO - Processing /opt/airflow/dags/etl_sederhana_25_572885_PPA_07200.py took 4.275 seconds
[2026-09-17T17:03:39.845+0000] {processor.py:186} INFO - Started process (PID=4126) to work on /opt/airflow/dags/etl_sederhana_25_572885_PPA_07200.py
[2026-09-17T17:03:39.855+0000] {processor.py:914} INFO - Processing file /opt/airflow/dags/etl_sederhana_25_572885_PPA_07200.py for tasks to queue
[2026-09-17T17:03:39.886+0000] {logging_mixin.py:190} INFO - [2026-09-17T17:03:39.882+0000] {dagbag.py:588} INFO - Filling up the DagBag from /opt/airflow/dags/etl_sederhana_25_572885_PPA_07200.py
[2026-09-17T17:03:45.381+0000] {processor.py:925} INFO - DAG(s) 'etl_sederhana_25_572885_PPA_07200' retrieved from /opt/airflow/dags/etl_sederhana_25_572885_PPA_07200.py
[2026-09-17T17:03:45.467+0000] {logging_mixin.py:190} INFO - [2026-09-17T17:03:45.465+0000] {dag.py:3239} INFO - Sync 1 DAGs
[2026-09-17T17:03:45.566+0000] {logging_mixin.py:190} INFO - [2026-09-17T17:03:45.565+0000] {dag.py:4180} INFO - Setting next_dagrun for etl_sederhana_25_572885_PPA_07200 to 2026-09-17 00:00:00+00:00, run_after=2026-09-18 00:00:00+00:00
[2026-09-17T17:03:45.672+0000] {processor.py:208} INFO - Processing /opt/airflow/dags/etl_sederhana_25_572885_PPA_07200.py took 5.896 seconds
[2026-09-17T17:04:16.063+0000] {processor.py:186} INFO - Started process (PID=4226) to work on /opt/airflow/dags/etl_sederhana_25_572885_PPA_07200.py
[2026-09-17T17:04:16.154+0000] {processor.py:914} INFO - Processing file /opt/airflow/dags/etl_sederhana_25_572885_PPA_07200.py for tasks to queue
[2026-09-17T17:04:16.169+0000] {logging_mixin.py:190} INFO - [2026-09-17T17:04:16.168+0000] {dagbag.py:588} INFO - Filling up the DagBag from /opt/airflow/dags/etl_sederhana_25_572885_PPA_07200.py
[2026-09-17T17:04:17.130+0000] {processor.py:925} INFO - DAG(s) 'etl_sederhana_25_572885_PPA_07200' retrieved from /opt/airflow/dags/etl_sederhana_25_572885_PPA_07200.py
[2026-09-17T17:04:17.150+0000] {logging_mixin.py:190} INFO - [2026-09-17T17:04:17.150+0000] {dag.py:3239} INFO - Sync 1 DAGs
[2026-09-17T17:04:17.173+0000] {logging_mixin.py:190} INFO - [2026-09-17T17:04:17.173+0000] {dag.py:4180} INFO - Setting next_dagrun for etl_sederhana_25_572885_PPA_07200 to 2026-09-17 00:00:00+00:00, run_after=2026-09-18 00:00:00+00:00
[2026-09-17T17:04:17.209+0000] {processor.py:208} INFO - Processing /opt/airflow/dags/etl_sederhana_25_572885_PPA_07200.py took 1.156 seconds
[2026-09-17T17:04:48.200+0000] {processor.py:186} INFO - Started process (PID=4242) to work on /opt/airflow/dags/etl_sederhana_25_572885_PPA_07200.py
[2026-09-17T17:04:48.204+0000] {processor.py:914} INFO - Processing file /opt/airflow/dags/etl_sederhana_25_572885_PPA_07200.py for tasks to queue
[2026-09-17T17:04:48.209+0000] {logging_mixin.py:190} INFO - [2026-09-17T17:04:48.208+0000] {dagbag.py:588} INFO - Filling up the DagBag from /opt/airflow/dags/etl_sederhana_25_572885_PPA_07200.py
[2026-09-17T17:04:49.414+0000] {processor.py:925} INFO - DAG(s) 'etl_sederhana_25_572885_PPA_07200' retrieved from /opt/airflow/dags/etl_sederhana_25_572885_PPA_07200.py
[2026-09-17T17:04:49.437+0000] {logging_mixin.py:190} INFO - [2026-09-17T17:04:49.436+0000] {dag.py:3239} INFO - Sync 1 DAGs
[2026-09-17T17:04:49.471+0000] {logging_mixin.py:190} INFO - [2026-09-17T17:04:49.471+0000] {dag.py:4180} INFO - Setting next_dagrun for etl_sederhana_25_572885_PPA_07200 to 2026-09-17 00:00:00+00:00, run_after=2026-09-18 00:00:00+00:00
[2026-09-17T17:04:49.510+0000] {processor.py:208} INFO - Processing /opt/airflow/dags/etl_sederhana_25_572885_PPA_07200.py took 1.319 seconds
[2026-09-17T17:05:20.582+0000] {processor.py:186} INFO - Started process (PID=4252) to work on /opt/airflow/dags/etl_sederhana_25_572885_PPA_07200.py
[2026-09-17T17:05:20.587+0000] {processor.py:914} INFO - Processing file /opt/airflow/dags/etl_sederhana_25_572885_PPA_07200.py for tasks to queue
[2026-09-17T17:05:20.593+0000] {logging_mixin.py:190} INFO - [2026-09-17T17:05:20.592+0000] {dagbag.py:588} INFO - Filling up the DagBag from /opt/airflow/dags/etl_sederhana_25_572885_PPA_07200.py
[2026-09-17T17:05:22.109+0000] {processor.py:925} INFO - DAG(s) 'etl_sederhana_25_572885_PPA_07200' retrieved from /opt/airflow/dags/etl_sederhana_25_572885_PPA_07200.py
[2026-09-17T17:05:22.147+0000] {logging_mixin.py:190} INFO - [2026-09-17T17:05:22.146+0000] {dag.py:3239} INFO - Sync 1 DAGs
[2026-09-17T17:05:22.189+0000] {logging_mixin.py:190} INFO - [2026-09-17T17:05:22.189+0000] {dag.py:4180} INFO - Setting next_dagrun for etl_sederhana_25_572885_PPA_07200 to 2026-09-17 00:00:00+00:00, run_after=2026-09-18 00:00:00+00:00
[2026-09-17T17:05:22.254+0000] {processor.py:208} INFO - Processing /opt/airflow/dags/etl_sederhana_25_572885_PPA_07200.py took 1.684 seconds
[2026-09-17T17:05:52.848+0000] {processor.py:186} INFO - Started process (PID=4261) to work on /opt/airflow/dags/etl_sederhana_25_572885_PPA_07200.py
[2026-09-17T17:05:52.852+0000] {processor.py:914} INFO - Processing file /opt/airflow/dags/etl_sederhana_25_572885_PPA_07200.py for tasks to queue
[2026-09-17T17:05:52.857+0000] {logging_mixin.py:190} INFO - [2026-09-17T17:05:52.856+0000] {dagbag.py:588} INFO - Filling up the DagBag from /opt/airflow/dags/etl_sederhana_25_572885_PPA_07200.py
[2026-09-17T17:05:54.644+0000] {processor.py:925} INFO - DAG(s) 'etl_sederhana_25_572885_PPA_07200' retrieved from /opt/airflow/dags/etl_sederhana_25_572885_PPA_07200.py
[2026-09-17T17:05:54.734+0000] {logging_mixin.py:190} INFO - [2026-09-17T17:05:54.733+0000] {dag.py:3239} INFO - Sync 1 DAGs
[2026-09-17T17:05:54.796+0000] {logging_mixin.py:190} INFO - [2026-09-17T17:05:54.796+0000] {dag.py:4180} INFO - Setting next_dagrun for etl_sederhana_25_572885_PPA_07200 to 2026-09-17 00:00:00+00:00, run_after=2026-09-18 00:00:00+00:00
[2026-09-17T17:05:54.865+0000] {processor.py:208} INFO - Processing /opt/airflow/dags/etl_sederhana_25_572885_PPA_07200.py took 2.028 seconds
[2026-09-17T17:06:25.177+0000] {processor.py:186} INFO - Started process (PID=4270) to work on /opt/airflow/dags/etl_sederhana_25_572885_PPA_07200.py
[2026-09-17T17:06:25.180+0000] {processor.py:914} INFO - Processing file /opt/airflow/dags/etl_sederhana_25_572885_PPA_07200.py for tasks to queue
[2026-09-17T17:06:25.188+0000] {logging_mixin.py:190} INFO - [2026-09-17T17:06:25.188+0000] {dagbag.py:588} INFO - Filling up the DagBag from /opt/airflow/dags/etl_sederhana_25_572885_PPA_07200.py
[2026-09-17T17:06:26.484+0000] {processor.py:925} INFO - DAG(s) 'etl_sederhana_25_572885_PPA_07200' retrieved from /opt/airflow/dags/etl_sederhana_25_572885_PPA_07200.py
[2026-09-17T17:06:26.507+0000] {logging_mixin.py:190} INFO - [2026-09-17T17:06:26.507+0000] {dag.py:3239} INFO - Sync 1 DAGs
[2026-09-17T17:06:26.534+0000] {logging_mixin.py:190} INFO - [2026-09-17T17:06:26.533+0000] {dag.py:4180} INFO - Setting next_dagrun for etl_sederhana_25_572885_PPA_07200 to 2026-09-17 00:00:00+00:00, run_after=2026-09-18 00:00:00+00:00
[2026-09-17T17:06:26.577+0000] {processor.py:208} INFO - Processing /opt/airflow/dags/etl_sederhana_25_572885_PPA_07200.py took 1.409 seconds
[2026-09-17T17:06:57.273+0000] {processor.py:186} INFO - Started process (PID=4280) to work on /opt/airflow/dags/etl_sederhana_25_572885_PPA_07200.py
[2026-09-17T17:06:57.284+0000] {processor.py:914} INFO - Processing file /opt/airflow/dags/etl_sederhana_25_572885_PPA_07200.py for tasks to queue
[2026-09-17T17:06:57.300+0000] {logging_mixin.py:190} INFO - [2026-09-17T17:06:57.298+0000] {dagbag.py:588} INFO - Filling up the DagBag from /opt/airflow/dags/etl_sederhana_25_572885_PPA_07200.py
[2026-09-17T17:06:58.941+0000] {processor.py:925} INFO - DAG(s) 'etl_sederhana_25_572885_PPA_07200' retrieved from /opt/airflow/dags/etl_sederhana_25_572885_PPA_07200.py
[2026-09-17T17:06:58.963+0000] {logging_mixin.py:190} INFO - [2026-09-17T17:06:58.962+0000] {dag.py:3239} INFO - Sync 1 DAGs
[2026-09-17T17:06:58.990+0000] {logging_mixin.py:190} INFO - [2026-09-17T17:06:58.989+0000] {dag.py:4180} INFO - Setting next_dagrun for etl_sederhana_25_572885_PPA_07200 to 2026-09-17 00:00:00+00:00, run_after=2026-09-18 00:00:00+00:00
[2026-09-17T17:06:59.024+0000] {processor.py:208} INFO - Processing /opt/airflow/dags/etl_sederhana_25_572885_PPA_07200.py took 1.770 seconds
[2026-09-17T17:07:29.503+0000] {processor.py:186} INFO - Started process (PID=4289) to work on /opt/airflow/dags/etl_sederhana_25_572885_PPA_07200.py
[2026-09-17T17:07:29.633+0000] {processor.py:914} INFO - Processing file /opt/airflow/dags/etl_sederhana_25_572885_PPA_07200.py for tasks to queue
[2026-09-17T17:07:29.663+0000] {logging_mixin.py:190} INFO - [2026-09-17T17:07:29.662+0000] {dagbag.py:588} INFO - Filling up the DagBag from /opt/airflow/dags/etl_sederhana_25_572885_PPA_07200.py
[2026-09-17T17:07:31.012+0000] {processor.py:925} INFO - DAG(s) 'etl_sederhana_25_572885_PPA_07200' retrieved from /opt/airflow/dags/etl_sederhana_25_572885_PPA_07200.py
[2026-09-17T17:07:31.037+0000] {logging_mixin.py:190} INFO - [2026-09-17T17:07:31.037+0000] {dag.py:3239} INFO - Sync 1 DAGs
[2026-09-17T17:07:31.072+0000] {logging_mixin.py:190} INFO - [2026-09-17T17:07:31.072+0000] {dag.py:4180} INFO - Setting next_dagrun for etl_sederhana_25_572885_PPA_07200 to 2026-09-17 00:00:00+00:00, run_after=2026-09-18 00:00:00+00:00
[2026-09-17T17:07:31.121+0000] {processor.py:208} INFO - Processing /opt/airflow/dags/etl_sederhana_25_572885_PPA_07200.py took 1.626 seconds
[2026-09-17T17:08:01.293+0000] {processor.py:186} INFO - Started process (PID=4298) to work on /opt/airflow/dags/etl_sederhana_25_572885_PPA_07200.py
[2026-09-17T17:08:01.295+0000] {processor.py:914} INFO - Processing file /opt/airflow/dags/etl_sederhana_25_572885_PPA_07200.py for tasks to queue
[2026-09-17T17:08:01.299+0000] {logging_mixin.py:190} INFO - [2026-09-17T17:08:01.299+0000] {dagbag.py:588} INFO - Filling up the DagBag from /opt/airflow/dags/etl_sederhana_25_572885_PPA_07200.py
[2026-09-17T17:08:02.701+0000] {processor.py:925} INFO - DAG(s) 'etl_sederhana_25_572885_PPA_07200' retrieved from /opt/airflow/dags/etl_sederhana_25_572885_PPA_07200.py
[2026-09-17T17:08:02.735+0000] {logging_mixin.py:190} INFO - [2026-09-17T17:08:02.734+0000] {dag.py:3239} INFO - Sync 1 DAGs
[2026-09-17T17:08:02.771+0000] {logging_mixin.py:190} INFO - [2026-09-17T17:08:02.771+0000] {dag.py:4180} INFO - Setting next_dagrun for etl_sederhana_25_572885_PPA_07200 to 2026-09-17 00:00:00+00:00, run_after=2026-09-18 00:00:00+00:00
[2026-09-17T17:08:02.831+0000] {processor.py:208} INFO - Processing /opt/airflow/dags/etl_sederhana_25_572885_PPA_07200.py took 1.545 seconds
[2026-09-17T17:08:33.543+0000] {processor.py:186} INFO - Started process (PID=4307) to work on /opt/airflow/dags/etl_sederhana_25_572885_PPA_07200.py
[2026-09-17T17:08:33.554+0000] {processor.py:914} INFO - Processing file /opt/airflow/dags/etl_sederhana_25_572885_PPA_07200.py for tasks to queue
[2026-09-17T17:08:33.657+0000] {logging_mixin.py:190} INFO - [2026-09-17T17:08:33.656+0000] {dagbag.py:588} INFO - Filling up the DagBag from /opt/airflow/dags/etl_sederhana_25_572885_PPA_07200.py
[2026-09-17T17:08:35.855+0000] {processor.py:925} INFO - DAG(s) 'etl_sederhana_25_572885_PPA_07200' retrieved from /opt/airflow/dags/etl_sederhana_25_572885_PPA_07200.py
[2026-09-17T17:08:35.897+0000] {logging_mixin.py:190} INFO - [2026-09-17T17:08:35.896+0000] {dag.py:3239} INFO - Sync 1 DAGs
[2026-09-17T17:08:35.965+0000] {logging_mixin.py:190} INFO - [2026-09-17T17:08:35.964+0000] {dag.py:4180} INFO - Setting next_dagrun for etl_sederhana_25_572885_PPA_07200 to 2026-09-17 00:00:00+00:00, run_after=2026-09-18 00:00:00+00:00
[2026-09-17T17:08:36.030+0000] {processor.py:208} INFO - Processing /opt/airflow/dags/etl_sederhana_25_572885_PPA_07200.py took 2.498 seconds
[2026-09-17T17:09:06.352+0000] {processor.py:186} INFO - Started process (PID=4316) to work on /opt/airflow/dags/etl_sederhana_25_572885_PPA_07200.py
[2026-09-17T17:09:06.357+0000] {processor.py:914} INFO - Processing file /opt/airflow/dags/etl_sederhana_25_572885_PPA_07200.py for tasks to queue
[2026-09-17T17:09:06.365+0000] {logging_mixin.py:190} INFO - [2026-09-17T17:09:06.363+0000] {dagbag.py:588} INFO - Filling up the DagBag from /opt/airflow/dags/etl_sederhana_25_572885_PPA_07200.py
[2026-09-17T17:09:08.015+0000] {processor.py:925} INFO - DAG(s) 'etl_sederhana_25_572885_PPA_07200' retrieved from /opt/airflow/dags/etl_sederhana_25_572885_PPA_07200.py
[2026-09-17T17:09:08.091+0000] {logging_mixin.py:190} INFO - [2026-09-17T17:09:08.090+0000] {dag.py:3239} INFO - Sync 1 DAGs
[2026-09-17T17:09:08.135+0000] {logging_mixin.py:190} INFO - [2026-09-17T17:09:08.134+0000] {dag.py:4180} INFO - Setting next_dagrun for etl_sederhana_25_572885_PPA_07200 to 2026-09-17 00:00:00+00:00, run_after=2026-09-18 00:00:00+00:00
[2026-09-17T17:09:08.178+0000] {processor.py:208} INFO - Processing /opt/airflow/dags/etl_sederhana_25_572885_PPA_07200.py took 1.840 seconds
[2026-09-17T17:09:38.423+0000] {processor.py:186} INFO - Started process (PID=4325) to work on /opt/airflow/dags/etl_sederhana_25_572885_PPA_07200.py
[2026-09-17T17:09:38.429+0000] {processor.py:914} INFO - Processing file /opt/airflow/dags/etl_sederhana_25_572885_PPA_07200.py for tasks to queue
[2026-09-17T17:09:38.438+0000] {logging_mixin.py:190} INFO - [2026-09-17T17:09:38.437+0000] {dagbag.py:588} INFO - Filling up the DagBag from /opt/airflow/dags/etl_sederhana_25_572885_PPA_07200.py
[2026-09-17T17:09:40.084+0000] {processor.py:925} INFO - DAG(s) 'etl_sederhana_25_572885_PPA_07200' retrieved from /opt/airflow/dags/etl_sederhana_25_572885_PPA_07200.py
[2026-09-17T17:09:40.124+0000] {logging_mixin.py:190} INFO - [2026-09-17T17:09:40.123+0000] {dag.py:3239} INFO - Sync 1 DAGs
[2026-09-17T17:09:40.158+0000] {logging_mixin.py:190} INFO - [2026-09-17T17:09:40.158+0000] {dag.py:4180} INFO - Setting next_dagrun for etl_sederhana_25_572885_PPA_07200 to 2026-09-17 00:00:00+00:00, run_after=2026-09-18 00:00:00+00:00
[2026-09-17T17:09:40.200+0000] {processor.py:208} INFO - Processing /opt/airflow/dags/etl_sederhana_25_572885_PPA_07200.py took 1.792 seconds
[2026-09-17T17:10:10.438+0000] {processor.py:186} INFO - Started process (PID=4334) to work on /opt/airflow/dags/etl_sederhana_25_572885_PPA_07200.py
[2026-09-17T17:10:10.443+0000] {processor.py:914} INFO - Processing file /opt/airflow/dags/etl_sederhana_25_572885_PPA_07200.py for tasks to queue
[2026-09-17T17:10:10.450+0000] {logging_mixin.py:190} INFO - [2026-09-17T17:10:10.449+0000] {dagbag.py:588} INFO - Filling up the DagBag from /opt/airflow/dags/etl_sederhana_25_572885_PPA_07200.py
[2026-09-17T17:10:13.497+0000] {processor.py:925} INFO - DAG(s) 'etl_sederhana_25_572885_PPA_07200' retrieved from /opt/airflow/dags/etl_sederhana_25_572885_PPA_07200.py
[2026-09-17T17:10:13.574+0000] {logging_mixin.py:190} INFO - [2026-09-17T17:10:13.569+0000] {dag.py:3239} INFO - Sync 1 DAGs
[2026-09-17T17:10:13.712+0000] {logging_mixin.py:190} INFO - [2026-09-17T17:10:13.712+0000] {dag.py:4180} INFO - Setting next_dagrun for etl_sederhana_25_572885_PPA_07200 to 2026-09-17 00:00:00+00:00, run_after=2026-09-18 00:00:00+00:00
[2026-09-17T17:10:13.823+0000] {processor.py:208} INFO - Processing /opt/airflow/dags/etl_sederhana_25_572885_PPA_07200.py took 3.417 seconds
[2026-09-17T17:10:44.410+0000] {processor.py:186} INFO - Started process (PID=4343) to work on /opt/airflow/dags/etl_sederhana_25_572885_PPA_07200.py
[2026-09-17T17:10:44.429+0000] {processor.py:914} INFO - Processing file /opt/airflow/dags/etl_sederhana_25_572885_PPA_07200.py for tasks to queue
[2026-09-17T17:10:44.472+0000] {logging_mixin.py:190} INFO - [2026-09-17T17:10:44.466+0000] {dagbag.py:588} INFO - Filling up the DagBag from /opt/airflow/dags/etl_sederhana_25_572885_PPA_07200.py
[2026-09-17T17:10:52.448+0000] {processor.py:925} INFO - DAG(s) 'etl_sederhana_25_572885_PPA_07200' retrieved from /opt/airflow/dags/etl_sederhana_25_572885_PPA_07200.py
[2026-09-17T17:10:52.550+0000] {logging_mixin.py:190} INFO - [2026-09-17T17:10:52.548+0000] {dag.py:3239} INFO - Sync 1 DAGs
[2026-09-17T17:10:52.675+0000] {logging_mixin.py:190} INFO - [2026-09-17T17:10:52.673+0000] {dag.py:4180} INFO - Setting next_dagrun for etl_sederhana_25_572885_PPA_07200 to 2026-09-17 00:00:00+00:00, run_after=2026-09-18 00:00:00+00:00
[2026-09-17T17:10:52.949+0000] {processor.py:208} INFO - Processing /opt/airflow/dags/etl_sederhana_25_572885_PPA_07200.py took 8.563 seconds
[2026-09-17T17:11:23.918+0000] {processor.py:186} INFO - Started process (PID=4358) to work on /opt/airflow/dags/etl_sederhana_25_572885_PPA_07200.py
[2026-09-17T17:11:23.933+0000] {processor.py:914} INFO - Processing file /opt/airflow/dags/etl_sederhana_25_572885_PPA_07200.py for tasks to queue
[2026-09-17T17:11:23.994+0000] {logging_mixin.py:190} INFO - [2026-09-17T17:11:23.988+0000] {dagbag.py:588} INFO - Filling up the DagBag from /opt/airflow/dags/etl_sederhana_25_572885_PPA_07200.py
[2026-09-17T17:11:28.576+0000] {processor.py:925} INFO - DAG(s) 'etl_sederhana_25_572885_PPA_07200' retrieved from /opt/airflow/dags/etl_sederhana_25_572885_PPA_07200.py
[2026-09-17T17:11:28.627+0000] {logging_mixin.py:190} INFO - [2026-09-17T17:11:28.626+0000] {dag.py:3239} INFO - Sync 1 DAGs
[2026-09-17T17:11:28.688+0000] {logging_mixin.py:190} INFO - [2026-09-17T17:11:28.687+0000] {dag.py:4180} INFO - Setting next_dagrun for etl_sederhana_25_572885_PPA_07200 to 2026-09-17 00:00:00+00:00, run_after=2026-09-18 00:00:00+00:00
[2026-09-17T17:11:28.754+0000] {processor.py:208} INFO - Processing /opt/airflow/dags/etl_sederhana_25_572885_PPA_07200.py took 4.929 seconds
[2026-09-17T17:11:59.112+0000] {processor.py:186} INFO - Started process (PID=4367) to work on /opt/airflow/dags/etl_sederhana_25_572885_PPA_07200.py
[2026-09-17T17:11:59.117+0000] {processor.py:914} INFO - Processing file /opt/airflow/dags/etl_sederhana_25_572885_PPA_07200.py for tasks to queue
[2026-09-17T17:11:59.127+0000] {logging_mixin.py:190} INFO - [2026-09-17T17:11:59.126+0000] {dagbag.py:588} INFO - Filling up the DagBag from /opt/airflow/dags/etl_sederhana_25_572885_PPA_07200.py
[2026-09-17T17:12:00.561+0000] {processor.py:925} INFO - DAG(s) 'etl_sederhana_25_572885_PPA_07200' retrieved from /opt/airflow/dags/etl_sederhana_25_572885_PPA_07200.py
[2026-09-17T17:12:00.594+0000] {logging_mixin.py:190} INFO - [2026-09-17T17:12:00.594+0000] {dag.py:3239} INFO - Sync 1 DAGs
[2026-09-17T17:12:00.628+0000] {logging_mixin.py:190} INFO - [2026-09-17T17:12:00.628+0000] {dag.py:4180} INFO - Setting next_dagrun for etl_sederhana_25_572885_PPA_07200 to 2026-09-17 00:00:00+00:00, run_after=2026-09-18 00:00:00+00:00
[2026-09-17T17:12:00.663+0000] {processor.py:208} INFO - Processing /opt/airflow/dags/etl_sederhana_25_572885_PPA_07200.py took 1.565 seconds
[2026-09-17T17:12:31.118+0000] {processor.py:186} INFO - Started process (PID=4377) to work on /opt/airflow/dags/etl_sederhana_25_572885_PPA_07200.py
[2026-09-17T17:12:31.129+0000] {processor.py:914} INFO - Processing file /opt/airflow/dags/etl_sederhana_25_572885_PPA_07200.py for tasks to queue
[2026-09-17T17:12:31.145+0000] {logging_mixin.py:190} INFO - [2026-09-17T17:12:31.143+0000] {dagbag.py:588} INFO - Filling up the DagBag from /opt/airflow/dags/etl_sederhana_25_572885_PPA_07200.py
[2026-09-17T17:12:33.727+0000] {processor.py:925} INFO - DAG(s) 'etl_sederhana_25_572885_PPA_07200' retrieved from /opt/airflow/dags/etl_sederhana_25_572885_PPA_07200.py
[2026-09-17T17:12:33.765+0000] {logging_mixin.py:190} INFO - [2026-09-17T17:12:33.764+0000] {dag.py:3239} INFO - Sync 1 DAGs
[2026-09-17T17:12:33.799+0000] {logging_mixin.py:190} INFO - [2026-09-17T17:12:33.799+0000] {dag.py:4180} INFO - Setting next_dagrun for etl_sederhana_25_572885_PPA_07200 to 2026-09-17 00:00:00+00:00, run_after=2026-09-18 00:00:00+00:00
[2026-09-17T17:12:33.866+0000] {processor.py:208} INFO - Processing /opt/airflow/dags/etl_sederhana_25_572885_PPA_07200.py took 2.772 seconds
[2026-09-17T17:13:06.014+0000] {processor.py:186} INFO - Started process (PID=4386) to work on /opt/airflow/dags/etl_sederhana_25_572885_PPA_07200.py
[2026-09-17T17:13:06.029+0000] {processor.py:914} INFO - Processing file /opt/airflow/dags/etl_sederhana_25_572885_PPA_07200.py for tasks to queue
[2026-09-17T17:13:06.047+0000] {logging_mixin.py:190} INFO - [2026-09-17T17:13:06.046+0000] {dagbag.py:588} INFO - Filling up the DagBag from /opt/airflow/dags/etl_sederhana_25_572885_PPA_07200.py
[2026-09-17T17:13:09.679+0000] {processor.py:925} INFO - DAG(s) 'etl_sederhana_25_572885_PPA_07200' retrieved from /opt/airflow/dags/etl_sederhana_25_572885_PPA_07200.py
[2026-09-17T17:13:09.897+0000] {logging_mixin.py:190} INFO - [2026-09-17T17:13:09.895+0000] {dag.py:3239} INFO - Sync 1 DAGs
[2026-09-17T17:13:10.093+0000] {logging_mixin.py:190} INFO - [2026-09-17T17:13:10.087+0000] {dag.py:4180} INFO - Setting next_dagrun for etl_sederhana_25_572885_PPA_07200 to 2026-09-17 00:00:00+00:00, run_after=2026-09-18 00:00:00+00:00
[2026-09-17T17:13:10.397+0000] {processor.py:208} INFO - Processing /opt/airflow/dags/etl_sederhana_25_572885_PPA_07200.py took 4.402 seconds
[2026-09-17T17:13:45.137+0000] {processor.py:186} INFO - Started process (PID=4395) to work on /opt/airflow/dags/etl_sederhana_25_572885_PPA_07200.py
[2026-09-17T17:13:45.143+0000] {processor.py:914} INFO - Processing file /opt/airflow/dags/etl_sederhana_25_572885_PPA_07200.py for tasks to queue
[2026-09-17T17:13:45.152+0000] {logging_mixin.py:190} INFO - [2026-09-17T17:13:45.151+0000] {dagbag.py:588} INFO - Filling up the DagBag from /opt/airflow/dags/etl_sederhana_25_572885_PPA_07200.py
[2026-09-17T17:13:48.040+0000] {processor.py:925} INFO - DAG(s) 'etl_sederhana_25_572885_PPA_07200' retrieved from /opt/airflow/dags/etl_sederhana_25_572885_PPA_07200.py
[2026-09-17T17:13:48.124+0000] {logging_mixin.py:190} INFO - [2026-09-17T17:13:48.122+0000] {dag.py:3239} INFO - Sync 1 DAGs
[2026-09-17T17:13:48.189+0000] {logging_mixin.py:190} INFO - [2026-09-17T17:13:48.188+0000] {dag.py:4180} INFO - Setting next_dagrun for etl_sederhana_25_572885_PPA_07200 to 2026-09-17 00:00:00+00:00, run_after=2026-09-18 00:00:00+00:00
[2026-09-17T17:13:48.268+0000] {processor.py:208} INFO - Processing /opt/airflow/dags/etl_sederhana_25_572885_PPA_07200.py took 3.144 seconds
[2026-09-17T17:14:18.719+0000] {processor.py:186} INFO - Started process (PID=4404) to work on /opt/airflow/dags/etl_sederhana_25_572885_PPA_07200.py
[2026-09-17T17:14:18.727+0000] {processor.py:914} INFO - Processing file /opt/airflow/dags/etl_sederhana_25_572885_PPA_07200.py for tasks to queue
[2026-09-17T17:14:18.740+0000] {logging_mixin.py:190} INFO - [2026-09-17T17:14:18.738+0000] {dagbag.py:588} INFO - Filling up the DagBag from /opt/airflow/dags/etl_sederhana_25_572885_PPA_07200.py
[2026-09-17T17:14:22.897+0000] {processor.py:925} INFO - DAG(s) 'etl_sederhana_25_572885_PPA_07200' retrieved from /opt/airflow/dags/etl_sederhana_25_572885_PPA_07200.py
[2026-09-17T17:14:23.005+0000] {logging_mixin.py:190} INFO - [2026-09-17T17:14:23.003+0000] {dag.py:3239} INFO - Sync 1 DAGs
[2026-09-17T17:14:23.123+0000] {logging_mixin.py:190} INFO - [2026-09-17T17:14:23.122+0000] {dag.py:4180} INFO - Setting next_dagrun for etl_sederhana_25_572885_PPA_07200 to 2026-09-17 00:00:00+00:00, run_after=2026-09-18 00:00:00+00:00
[2026-09-17T17:14:23.244+0000] {processor.py:208} INFO - Processing /opt/airflow/dags/etl_sederhana_25_572885_PPA_07200.py took 4.547 seconds
[2026-09-17T17:14:53.972+0000] {processor.py:186} INFO - Started process (PID=4413) to work on /opt/airflow/dags/etl_sederhana_25_572885_PPA_07200.py
[2026-09-17T17:14:53.983+0000] {processor.py:914} INFO - Processing file /opt/airflow/dags/etl_sederhana_25_572885_PPA_07200.py for tasks to queue
[2026-09-17T17:14:54.002+0000] {logging_mixin.py:190} INFO - [2026-09-17T17:14:54.001+0000] {dagbag.py:588} INFO - Filling up the DagBag from /opt/airflow/dags/etl_sederhana_25_572885_PPA_07200.py
[2026-09-17T17:14:58.128+0000] {processor.py:925} INFO - DAG(s) 'etl_sederhana_25_572885_PPA_07200' retrieved from /opt/airflow/dags/etl_sederhana_25_572885_PPA_07200.py
[2026-09-17T17:14:58.293+0000] {logging_mixin.py:190} INFO - [2026-09-17T17:14:58.287+0000] {dag.py:3239} INFO - Sync 1 DAGs
[2026-09-17T17:14:58.447+0000] {logging_mixin.py:190} INFO - [2026-09-17T17:14:58.446+0000] {dag.py:4180} INFO - Setting next_dagrun for etl_sederhana_25_572885_PPA_07200 to 2026-09-17 00:00:00+00:00, run_after=2026-09-18 00:00:00+00:00
[2026-09-17T17:14:58.588+0000] {processor.py:208} INFO - Processing /opt/airflow/dags/etl_sederhana_25_572885_PPA_07200.py took 4.641 seconds
[2026-09-17T17:15:29.830+0000] {processor.py:186} INFO - Started process (PID=4429) to work on /opt/airflow/dags/etl_sederhana_25_572885_PPA_07200.py
[2026-09-17T17:15:29.867+0000] {processor.py:914} INFO - Processing file /opt/airflow/dags/etl_sederhana_25_572885_PPA_07200.py for tasks to queue
[2026-09-17T17:15:29.951+0000] {logging_mixin.py:190} INFO - [2026-09-17T17:15:29.948+0000] {dagbag.py:588} INFO - Filling up the DagBag from /opt/airflow/dags/etl_sederhana_25_572885_PPA_07200.py
[2026-09-17T17:15:39.005+0000] {processor.py:925} INFO - DAG(s) 'etl_sederhana_25_572885_PPA_07200' retrieved from /opt/airflow/dags/etl_sederhana_25_572885_PPA_07200.py
[2026-09-17T17:15:39.256+0000] {logging_mixin.py:190} INFO - [2026-09-17T17:15:39.254+0000] {dag.py:3239} INFO - Sync 1 DAGs
[2026-09-17T17:15:39.628+0000] {logging_mixin.py:190} INFO - [2026-09-17T17:15:39.620+0000] {dag.py:4180} INFO - Setting next_dagrun for etl_sederhana_25_572885_PPA_07200 to 2026-09-17 00:00:00+00:00, run_after=2026-09-18 00:00:00+00:00
[2026-09-17T17:15:39.979+0000] {processor.py:208} INFO - Processing /opt/airflow/dags/etl_sederhana_25_572885_PPA_07200.py took 10.186 seconds
[2026-09-17T17:16:12.205+0000] {processor.py:186} INFO - Started process (PID=4438) to work on /opt/airflow/dags/etl_sederhana_25_572885_PPA_07200.py
[2026-09-17T17:16:12.290+0000] {processor.py:914} INFO - Processing file /opt/airflow/dags/etl_sederhana_25_572885_PPA_07200.py for tasks to queue
[2026-09-17T17:16:12.421+0000] {logging_mixin.py:190} INFO - [2026-09-17T17:16:12.412+0000] {dagbag.py:588} INFO - Filling up the DagBag from /opt/airflow/dags/etl_sederhana_25_572885_PPA_07200.py
[2026-09-17T17:16:27.988+0000] {processor.py:925} INFO - DAG(s) 'etl_sederhana_25_572885_PPA_07200' retrieved from /opt/airflow/dags/etl_sederhana_25_572885_PPA_07200.py
[2026-09-17T17:16:28.252+0000] {logging_mixin.py:190} INFO - [2026-09-17T17:16:28.249+0000] {dag.py:3239} INFO - Sync 1 DAGs
[2026-09-17T17:16:28.487+0000] {logging_mixin.py:190} INFO - [2026-09-17T17:16:28.486+0000] {dag.py:4180} INFO - Setting next_dagrun for etl_sederhana_25_572885_PPA_07200 to 2026-09-17 00:00:00+00:00, run_after=2026-09-18 00:00:00+00:00
[2026-09-17T17:16:28.775+0000] {processor.py:208} INFO - Processing /opt/airflow/dags/etl_sederhana_25_572885_PPA_07200.py took 17.134 seconds
[2026-09-17T17:17:00.153+0000] {processor.py:186} INFO - Started process (PID=4447) to work on /opt/airflow/dags/etl_sederhana_25_572885_PPA_07200.py
[2026-09-17T17:17:00.218+0000] {processor.py:914} INFO - Processing file /opt/airflow/dags/etl_sederhana_25_572885_PPA_07200.py for tasks to queue
[2026-09-17T17:17:00.293+0000] {logging_mixin.py:190} INFO - [2026-09-17T17:17:00.280+0000] {dagbag.py:588} INFO - Filling up the DagBag from /opt/airflow/dags/etl_sederhana_25_572885_PPA_07200.py
[2026-09-17T17:17:14.330+0000] {processor.py:925} INFO - DAG(s) 'etl_sederhana_25_572885_PPA_07200' retrieved from /opt/airflow/dags/etl_sederhana_25_572885_PPA_07200.py
[2026-09-17T17:17:14.416+0000] {logging_mixin.py:190} INFO - [2026-09-17T17:17:14.415+0000] {dag.py:3239} INFO - Sync 1 DAGs
[2026-09-17T17:17:14.483+0000] {logging_mixin.py:190} INFO - [2026-09-17T17:17:14.483+0000] {dag.py:4180} INFO - Setting next_dagrun for etl_sederhana_25_572885_PPA_07200 to 2026-09-17 00:00:00+00:00, run_after=2026-09-18 00:00:00+00:00
[2026-09-17T17:17:14.675+0000] {processor.py:208} INFO - Processing /opt/airflow/dags/etl_sederhana_25_572885_PPA_07200.py took 14.765 seconds
[2026-09-17T17:17:45.502+0000] {processor.py:186} INFO - Started process (PID=4463) to work on /opt/airflow/dags/etl_sederhana_25_572885_PPA_07200.py
[2026-09-17T17:17:45.515+0000] {processor.py:914} INFO - Processing file /opt/airflow/dags/etl_sederhana_25_572885_PPA_07200.py for tasks to queue
[2026-09-17T17:17:45.533+0000] {logging_mixin.py:190} INFO - [2026-09-17T17:17:45.531+0000] {dagbag.py:588} INFO - Filling up the DagBag from /opt/airflow/dags/etl_sederhana_25_572885_PPA_07200.py
[2026-09-17T17:17:54.281+0000] {processor.py:925} INFO - DAG(s) 'etl_sederhana_25_572885_PPA_07200' retrieved from /opt/airflow/dags/etl_sederhana_25_572885_PPA_07200.py
[2026-09-17T17:17:54.350+0000] {logging_mixin.py:190} INFO - [2026-09-17T17:17:54.349+0000] {dag.py:3239} INFO - Sync 1 DAGs
[2026-09-17T17:17:54.420+0000] {logging_mixin.py:190} INFO - [2026-09-17T17:17:54.418+0000] {dag.py:4180} INFO - Setting next_dagrun for etl_sederhana_25_572885_PPA_07200 to 2026-09-17 00:00:00+00:00, run_after=2026-09-18 00:00:00+00:00
[2026-09-17T17:17:54.538+0000] {processor.py:208} INFO - Processing /opt/airflow/dags/etl_sederhana_25_572885_PPA_07200.py took 9.059 seconds
[2026-09-17T17:18:25.038+0000] {processor.py:186} INFO - Started process (PID=4472) to work on /opt/airflow/dags/etl_sederhana_25_572885_PPA_07200.py
[2026-09-17T17:18:25.045+0000] {processor.py:914} INFO - Processing file /opt/airflow/dags/etl_sederhana_25_572885_PPA_07200.py for tasks to queue
[2026-09-17T17:18:25.061+0000] {logging_mixin.py:190} INFO - [2026-09-17T17:18:25.059+0000] {dagbag.py:588} INFO - Filling up the DagBag from /opt/airflow/dags/etl_sederhana_25_572885_PPA_07200.py
[2026-09-17T17:18:28.016+0000] {processor.py:925} INFO - DAG(s) 'etl_sederhana_25_572885_PPA_07200' retrieved from /opt/airflow/dags/etl_sederhana_25_572885_PPA_07200.py
[2026-09-17T17:18:28.069+0000] {logging_mixin.py:190} INFO - [2026-09-17T17:18:28.067+0000] {dag.py:3239} INFO - Sync 1 DAGs
[2026-09-17T17:18:28.140+0000] {logging_mixin.py:190} INFO - [2026-09-17T17:18:28.139+0000] {dag.py:4180} INFO - Setting next_dagrun for etl_sederhana_25_572885_PPA_07200 to 2026-09-17 00:00:00+00:00, run_after=2026-09-18 00:00:00+00:00
[2026-09-17T17:18:28.209+0000] {processor.py:208} INFO - Processing /opt/airflow/dags/etl_sederhana_25_572885_PPA_07200.py took 3.199 seconds
[2026-09-17T17:19:00.514+0000] {processor.py:186} INFO - Started process (PID=4481) to work on /opt/airflow/dags/etl_sederhana_25_572885_PPA_07200.py
[2026-09-17T17:19:00.623+0000] {processor.py:914} INFO - Processing file /opt/airflow/dags/etl_sederhana_25_572885_PPA_07200.py for tasks to queue
[2026-09-17T17:19:00.677+0000] {logging_mixin.py:190} INFO - [2026-09-17T17:19:00.677+0000] {dagbag.py:588} INFO - Filling up the DagBag from /opt/airflow/dags/etl_sederhana_25_572885_PPA_07200.py
[2026-09-17T17:19:03.788+0000] {processor.py:925} INFO - DAG(s) 'etl_sederhana_25_572885_PPA_07200' retrieved from /opt/airflow/dags/etl_sederhana_25_572885_PPA_07200.py
[2026-09-17T17:19:03.839+0000] {logging_mixin.py:190} INFO - [2026-09-17T17:19:03.837+0000] {dag.py:3239} INFO - Sync 1 DAGs
[2026-09-17T17:19:03.955+0000] {logging_mixin.py:190} INFO - [2026-09-17T17:19:03.955+0000] {dag.py:4180} INFO - Setting next_dagrun for etl_sederhana_25_572885_PPA_07200 to 2026-09-17 00:00:00+00:00, run_after=2026-09-18 00:00:00+00:00
[2026-09-17T17:19:04.109+0000] {processor.py:208} INFO - Processing /opt/airflow/dags/etl_sederhana_25_572885_PPA_07200.py took 3.605 seconds
[2026-09-17T17:19:35.159+0000] {processor.py:186} INFO - Started process (PID=4490) to work on /opt/airflow/dags/etl_sederhana_25_572885_PPA_07200.py
[2026-09-17T17:19:35.314+0000] {processor.py:914} INFO - Processing file /opt/airflow/dags/etl_sederhana_25_572885_PPA_07200.py for tasks to queue
[2026-09-17T17:19:35.406+0000] {logging_mixin.py:190} INFO - [2026-09-17T17:19:35.405+0000] {dagbag.py:588} INFO - Filling up the DagBag from /opt/airflow/dags/etl_sederhana_25_572885_PPA_07200.py
[2026-09-17T17:19:38.976+0000] {processor.py:925} INFO - DAG(s) 'etl_sederhana_25_572885_PPA_07200' retrieved from /opt/airflow/dags/etl_sederhana_25_572885_PPA_07200.py
[2026-09-17T17:19:39.012+0000] {logging_mixin.py:190} INFO - [2026-09-17T17:19:39.012+0000] {dag.py:3239} INFO - Sync 1 DAGs
[2026-09-17T17:19:39.157+0000] {logging_mixin.py:190} INFO - [2026-09-17T17:19:39.156+0000] {dag.py:4180} INFO - Setting next_dagrun for etl_sederhana_25_572885_PPA_07200 to 2026-09-17 00:00:00+00:00, run_after=2026-09-18 00:00:00+00:00
[2026-09-17T17:19:39.377+0000] {processor.py:208} INFO - Processing /opt/airflow/dags/etl_sederhana_25_572885_PPA_07200.py took 4.231 seconds
[2026-09-17T17:20:10.058+0000] {processor.py:186} INFO - Started process (PID=4506) to work on /opt/airflow/dags/etl_sederhana_25_572885_PPA_07200.py
[2026-09-17T17:20:10.068+0000] {processor.py:914} INFO - Processing file /opt/airflow/dags/etl_sederhana_25_572885_PPA_07200.py for tasks to queue
[2026-09-17T17:20:10.089+0000] {logging_mixin.py:190} INFO - [2026-09-17T17:20:10.086+0000] {dagbag.py:588} INFO - Filling up the DagBag from /opt/airflow/dags/etl_sederhana_25_572885_PPA_07200.py
[2026-09-17T17:20:13.473+0000] {processor.py:925} INFO - DAG(s) 'etl_sederhana_25_572885_PPA_07200' retrieved from /opt/airflow/dags/etl_sederhana_25_572885_PPA_07200.py
[2026-09-17T17:20:13.564+0000] {logging_mixin.py:190} INFO - [2026-09-17T17:20:13.562+0000] {dag.py:3239} INFO - Sync 1 DAGs
[2026-09-17T17:20:13.683+0000] {logging_mixin.py:190} INFO - [2026-09-17T17:20:13.682+0000] {dag.py:4180} INFO - Setting next_dagrun for etl_sederhana_25_572885_PPA_07200 to 2026-09-17 00:00:00+00:00, run_after=2026-09-18 00:00:00+00:00
[2026-09-17T17:20:13.814+0000] {processor.py:208} INFO - Processing /opt/airflow/dags/etl_sederhana_25_572885_PPA_07200.py took 3.853 seconds
[2026-09-17T17:20:45.418+0000] {processor.py:186} INFO - Started process (PID=4516) to work on /opt/airflow/dags/etl_sederhana_25_572885_PPA_07200.py
[2026-09-17T17:20:45.438+0000] {processor.py:914} INFO - Processing file /opt/airflow/dags/etl_sederhana_25_572885_PPA_07200.py for tasks to queue
[2026-09-17T17:20:45.501+0000] {logging_mixin.py:190} INFO - [2026-09-17T17:20:45.500+0000] {dagbag.py:588} INFO - Filling up the DagBag from /opt/airflow/dags/etl_sederhana_25_572885_PPA_07200.py
[2026-09-17T17:20:54.991+0000] {processor.py:925} INFO - DAG(s) 'etl_sederhana_25_572885_PPA_07200' retrieved from /opt/airflow/dags/etl_sederhana_25_572885_PPA_07200.py
[2026-09-17T17:20:55.201+0000] {logging_mixin.py:190} INFO - [2026-09-17T17:20:55.199+0000] {dag.py:3239} INFO - Sync 1 DAGs
[2026-09-17T17:20:55.414+0000] {logging_mixin.py:190} INFO - [2026-09-17T17:20:55.413+0000] {dag.py:4180} INFO - Setting next_dagrun for etl_sederhana_25_572885_PPA_07200 to 2026-09-17 00:00:00+00:00, run_after=2026-09-18 00:00:00+00:00
[2026-09-17T17:20:55.602+0000] {processor.py:208} INFO - Processing /opt/airflow/dags/etl_sederhana_25_572885_PPA_07200.py took 10.317 seconds
[2026-09-17T17:21:26.221+0000] {processor.py:186} INFO - Started process (PID=4525) to work on /opt/airflow/dags/etl_sederhana_25_572885_PPA_07200.py
[2026-09-17T17:21:26.239+0000] {processor.py:914} INFO - Processing file /opt/airflow/dags/etl_sederhana_25_572885_PPA_07200.py for tasks to queue
[2026-09-17T17:21:26.278+0000] {logging_mixin.py:190} INFO - [2026-09-17T17:21:26.272+0000] {dagbag.py:588} INFO - Filling up the DagBag from /opt/airflow/dags/etl_sederhana_25_572885_PPA_07200.py
[2026-09-17T17:21:30.619+0000] {processor.py:925} INFO - DAG(s) 'etl_sederhana_25_572885_PPA_07200' retrieved from /opt/airflow/dags/etl_sederhana_25_572885_PPA_07200.py
[2026-09-17T17:21:30.731+0000] {logging_mixin.py:190} INFO - [2026-09-17T17:21:30.730+0000] {dag.py:3239} INFO - Sync 1 DAGs
[2026-09-17T17:21:30.835+0000] {logging_mixin.py:190} INFO - [2026-09-17T17:21:30.834+0000] {dag.py:4180} INFO - Setting next_dagrun for etl_sederhana_25_572885_PPA_07200 to 2026-09-17 00:00:00+00:00, run_after=2026-09-18 00:00:00+00:00
[2026-09-17T17:21:30.922+0000] {processor.py:208} INFO - Processing /opt/airflow/dags/etl_sederhana_25_572885_PPA_07200.py took 4.804 seconds
[2026-09-17T17:22:02.426+0000] {processor.py:186} INFO - Started process (PID=4534) to work on /opt/airflow/dags/etl_sederhana_25_572885_PPA_07200.py
[2026-09-17T17:22:02.445+0000] {processor.py:914} INFO - Processing file /opt/airflow/dags/etl_sederhana_25_572885_PPA_07200.py for tasks to queue
[2026-09-17T17:22:02.463+0000] {logging_mixin.py:190} INFO - [2026-09-17T17:22:02.463+0000] {dagbag.py:588} INFO - Filling up the DagBag from /opt/airflow/dags/etl_sederhana_25_572885_PPA_07200.py
[2026-09-17T17:22:05.255+0000] {processor.py:925} INFO - DAG(s) 'etl_sederhana_25_572885_PPA_07200' retrieved from /opt/airflow/dags/etl_sederhana_25_572885_PPA_07200.py
[2026-09-17T17:22:05.303+0000] {logging_mixin.py:190} INFO - [2026-09-17T17:22:05.302+0000] {dag.py:3239} INFO - Sync 1 DAGs
[2026-09-17T17:22:05.369+0000] {logging_mixin.py:190} INFO - [2026-09-17T17:22:05.363+0000] {dag.py:4180} INFO - Setting next_dagrun for etl_sederhana_25_572885_PPA_07200 to 2026-09-17 00:00:00+00:00, run_after=2026-09-18 00:00:00+00:00
[2026-09-17T17:22:05.505+0000] {processor.py:208} INFO - Processing /opt/airflow/dags/etl_sederhana_25_572885_PPA_07200.py took 3.090 seconds
[2026-09-17T17:22:37.393+0000] {processor.py:186} INFO - Started process (PID=4543) to work on /opt/airflow/dags/etl_sederhana_25_572885_PPA_07200.py
[2026-09-17T17:22:37.405+0000] {processor.py:914} INFO - Processing file /opt/airflow/dags/etl_sederhana_25_572885_PPA_07200.py for tasks to queue
[2026-09-17T17:22:37.421+0000] {logging_mixin.py:190} INFO - [2026-09-17T17:22:37.420+0000] {dagbag.py:588} INFO - Filling up the DagBag from /opt/airflow/dags/etl_sederhana_25_572885_PPA_07200.py
[2026-09-17T17:22:41.163+0000] {processor.py:925} INFO - DAG(s) 'etl_sederhana_25_572885_PPA_07200' retrieved from /opt/airflow/dags/etl_sederhana_25_572885_PPA_07200.py
[2026-09-17T17:22:41.197+0000] {logging_mixin.py:190} INFO - [2026-09-17T17:22:41.196+0000] {dag.py:3239} INFO - Sync 1 DAGs
[2026-09-17T17:22:41.233+0000] {logging_mixin.py:190} INFO - [2026-09-17T17:22:41.232+0000] {dag.py:4180} INFO - Setting next_dagrun for etl_sederhana_25_572885_PPA_07200 to 2026-09-17 00:00:00+00:00, run_after=2026-09-18 00:00:00+00:00
[2026-09-17T17:22:41.280+0000] {processor.py:208} INFO - Processing /opt/airflow/dags/etl_sederhana_25_572885_PPA_07200.py took 3.903 seconds
[2026-09-17T17:23:11.650+0000] {processor.py:186} INFO - Started process (PID=4559) to work on /opt/airflow/dags/etl_sederhana_25_572885_PPA_07200.py
[2026-09-17T17:23:11.662+0000] {processor.py:914} INFO - Processing file /opt/airflow/dags/etl_sederhana_25_572885_PPA_07200.py for tasks to queue
[2026-09-17T17:23:11.680+0000] {logging_mixin.py:190} INFO - [2026-09-17T17:23:11.676+0000] {dagbag.py:588} INFO - Filling up the DagBag from /opt/airflow/dags/etl_sederhana_25_572885_PPA_07200.py
[2026-09-17T17:23:15.308+0000] {processor.py:925} INFO - DAG(s) 'etl_sederhana_25_572885_PPA_07200' retrieved from /opt/airflow/dags/etl_sederhana_25_572885_PPA_07200.py
[2026-09-17T17:23:15.362+0000] {logging_mixin.py:190} INFO - [2026-09-17T17:23:15.360+0000] {dag.py:3239} INFO - Sync 1 DAGs
[2026-09-17T17:23:15.430+0000] {logging_mixin.py:190} INFO - [2026-09-17T17:23:15.430+0000] {dag.py:4180} INFO - Setting next_dagrun for etl_sederhana_25_572885_PPA_07200 to 2026-09-17 00:00:00+00:00, run_after=2026-09-18 00:00:00+00:00
[2026-09-17T17:23:15.516+0000] {processor.py:208} INFO - Processing /opt/airflow/dags/etl_sederhana_25_572885_PPA_07200.py took 3.903 seconds
[2026-09-17T17:23:45.921+0000] {processor.py:186} INFO - Started process (PID=4568) to work on /opt/airflow/dags/etl_sederhana_25_572885_PPA_07200.py
[2026-09-17T17:23:45.924+0000] {processor.py:914} INFO - Processing file /opt/airflow/dags/etl_sederhana_25_572885_PPA_07200.py for tasks to queue
[2026-09-17T17:23:45.929+0000] {logging_mixin.py:190} INFO - [2026-09-17T17:23:45.928+0000] {dagbag.py:588} INFO - Filling up the DagBag from /opt/airflow/dags/etl_sederhana_25_572885_PPA_07200.py
[2026-09-17T17:23:47.880+0000] {processor.py:925} INFO - DAG(s) 'etl_sederhana_25_572885_PPA_07200' retrieved from /opt/airflow/dags/etl_sederhana_25_572885_PPA_07200.py
[2026-09-17T17:23:47.963+0000] {logging_mixin.py:190} INFO - [2026-09-17T17:23:47.961+0000] {dag.py:3239} INFO - Sync 1 DAGs
[2026-09-17T17:23:48.047+0000] {logging_mixin.py:190} INFO - [2026-09-17T17:23:48.046+0000] {dag.py:4180} INFO - Setting next_dagrun for etl_sederhana_25_572885_PPA_07200 to 2026-09-17 00:00:00+00:00, run_after=2026-09-18 00:00:00+00:00
[2026-09-17T17:23:48.171+0000] {processor.py:208} INFO - Processing /opt/airflow/dags/etl_sederhana_25_572885_PPA_07200.py took 2.261 seconds
[2026-09-17T17:24:18.666+0000] {processor.py:186} INFO - Started process (PID=4578) to work on /opt/airflow/dags/etl_sederhana_25_572885_PPA_07200.py
[2026-09-17T17:24:18.671+0000] {processor.py:914} INFO - Processing file /opt/airflow/dags/etl_sederhana_25_572885_PPA_07200.py for tasks to queue
[2026-09-17T17:24:18.681+0000] {logging_mixin.py:190} INFO - [2026-09-17T17:24:18.680+0000] {dagbag.py:588} INFO - Filling up the DagBag from /opt/airflow/dags/etl_sederhana_25_572885_PPA_07200.py
[2026-09-17T17:24:21.888+0000] {processor.py:925} INFO - DAG(s) 'etl_sederhana_25_572885_PPA_07200' retrieved from /opt/airflow/dags/etl_sederhana_25_572885_PPA_07200.py
[2026-09-17T17:24:21.944+0000] {logging_mixin.py:190} INFO - [2026-09-17T17:24:21.943+0000] {dag.py:3239} INFO - Sync 1 DAGs
[2026-09-17T17:24:21.994+0000] {logging_mixin.py:190} INFO - [2026-09-17T17:24:21.994+0000] {dag.py:4180} INFO - Setting next_dagrun for etl_sederhana_25_572885_PPA_07200 to 2026-09-17 00:00:00+00:00, run_after=2026-09-18 00:00:00+00:00
[2026-09-17T17:24:22.039+0000] {processor.py:208} INFO - Processing /opt/airflow/dags/etl_sederhana_25_572885_PPA_07200.py took 3.391 seconds
[2026-09-17T17:24:52.334+0000] {processor.py:186} INFO - Started process (PID=4587) to work on /opt/airflow/dags/etl_sederhana_25_572885_PPA_07200.py
[2026-09-17T17:24:52.341+0000] {processor.py:914} INFO - Processing file /opt/airflow/dags/etl_sederhana_25_572885_PPA_07200.py for tasks to queue
[2026-09-17T17:24:52.351+0000] {logging_mixin.py:190} INFO - [2026-09-17T17:24:52.350+0000] {dagbag.py:588} INFO - Filling up the DagBag from /opt/airflow/dags/etl_sederhana_25_572885_PPA_07200.py
[2026-09-17T17:24:55.226+0000] {processor.py:925} INFO - DAG(s) 'etl_sederhana_25_572885_PPA_07200' retrieved from /opt/airflow/dags/etl_sederhana_25_572885_PPA_07200.py
[2026-09-17T17:24:55.282+0000] {logging_mixin.py:190} INFO - [2026-09-17T17:24:55.281+0000] {dag.py:3239} INFO - Sync 1 DAGs
[2026-09-17T17:24:55.339+0000] {logging_mixin.py:190} INFO - [2026-09-17T17:24:55.339+0000] {dag.py:4180} INFO - Setting next_dagrun for etl_sederhana_25_572885_PPA_07200 to 2026-09-17 00:00:00+00:00, run_after=2026-09-18 00:00:00+00:00
[2026-09-17T17:24:55.442+0000] {processor.py:208} INFO - Processing /opt/airflow/dags/etl_sederhana_25_572885_PPA_07200.py took 3.122 seconds
[2026-09-17T17:25:26.091+0000] {processor.py:186} INFO - Started process (PID=4596) to work on /opt/airflow/dags/etl_sederhana_25_572885_PPA_07200.py
[2026-09-17T17:25:26.097+0000] {processor.py:914} INFO - Processing file /opt/airflow/dags/etl_sederhana_25_572885_PPA_07200.py for tasks to queue
[2026-09-17T17:25:26.111+0000] {logging_mixin.py:190} INFO - [2026-09-17T17:25:26.110+0000] {dagbag.py:588} INFO - Filling up the DagBag from /opt/airflow/dags/etl_sederhana_25_572885_PPA_07200.py
[2026-09-17T17:25:28.941+0000] {processor.py:925} INFO - DAG(s) 'etl_sederhana_25_572885_PPA_07200' retrieved from /opt/airflow/dags/etl_sederhana_25_572885_PPA_07200.py
[2026-09-17T17:25:28.997+0000] {logging_mixin.py:190} INFO - [2026-09-17T17:25:28.995+0000] {dag.py:3239} INFO - Sync 1 DAGs
[2026-09-17T17:25:29.101+0000] {logging_mixin.py:190} INFO - [2026-09-17T17:25:29.100+0000] {dag.py:4180} INFO - Setting next_dagrun for etl_sederhana_25_572885_PPA_07200 to 2026-09-17 00:00:00+00:00, run_after=2026-09-18 00:00:00+00:00
[2026-09-17T17:25:29.154+0000] {processor.py:208} INFO - Processing /opt/airflow/dags/etl_sederhana_25_572885_PPA_07200.py took 3.084 seconds
[2026-09-17T17:25:59.600+0000] {processor.py:186} INFO - Started process (PID=4605) to work on /opt/airflow/dags/etl_sederhana_25_572885_PPA_07200.py
[2026-09-17T17:25:59.717+0000] {processor.py:914} INFO - Processing file /opt/airflow/dags/etl_sederhana_25_572885_PPA_07200.py for tasks to queue
[2026-09-17T17:25:59.734+0000] {logging_mixin.py:190} INFO - [2026-09-17T17:25:59.733+0000] {dagbag.py:588} INFO - Filling up the DagBag from /opt/airflow/dags/etl_sederhana_25_572885_PPA_07200.py
[2026-09-17T17:26:01.208+0000] {processor.py:925} INFO - DAG(s) 'etl_sederhana_25_572885_PPA_07200' retrieved from /opt/airflow/dags/etl_sederhana_25_572885_PPA_07200.py
[2026-09-17T17:26:01.243+0000] {logging_mixin.py:190} INFO - [2026-09-17T17:26:01.241+0000] {dag.py:3239} INFO - Sync 1 DAGs
[2026-09-17T17:26:01.287+0000] {logging_mixin.py:190} INFO - [2026-09-17T17:26:01.286+0000] {dag.py:4180} INFO - Setting next_dagrun for etl_sederhana_25_572885_PPA_07200 to 2026-09-17 00:00:00+00:00, run_after=2026-09-18 00:00:00+00:00
[2026-09-17T17:26:01.343+0000] {processor.py:208} INFO - Processing /opt/airflow/dags/etl_sederhana_25_572885_PPA_07200.py took 1.754 seconds
[2026-09-17T17:26:31.593+0000] {processor.py:186} INFO - Started process (PID=4614) to work on /opt/airflow/dags/etl_sederhana_25_572885_PPA_07200.py
[2026-09-17T17:26:31.597+0000] {processor.py:914} INFO - Processing file /opt/airflow/dags/etl_sederhana_25_572885_PPA_07200.py for tasks to queue
[2026-09-17T17:26:31.602+0000] {logging_mixin.py:190} INFO - [2026-09-17T17:26:31.601+0000] {dagbag.py:588} INFO - Filling up the DagBag from /opt/airflow/dags/etl_sederhana_25_572885_PPA_07200.py
[2026-09-17T17:26:33.112+0000] {processor.py:925} INFO - DAG(s) 'etl_sederhana_25_572885_PPA_07200' retrieved from /opt/airflow/dags/etl_sederhana_25_572885_PPA_07200.py
[2026-09-17T17:26:33.158+0000] {logging_mixin.py:190} INFO - [2026-09-17T17:26:33.157+0000] {dag.py:3239} INFO - Sync 1 DAGs
[2026-09-17T17:26:33.260+0000] {logging_mixin.py:190} INFO - [2026-09-17T17:26:33.260+0000] {dag.py:4180} INFO - Setting next_dagrun for etl_sederhana_25_572885_PPA_07200 to 2026-09-17 00:00:00+00:00, run_after=2026-09-18 00:00:00+00:00
[2026-09-17T17:26:33.324+0000] {processor.py:208} INFO - Processing /opt/airflow/dags/etl_sederhana_25_572885_PPA_07200.py took 1.740 seconds
[2026-09-17T17:27:03.554+0000] {processor.py:186} INFO - Started process (PID=4623) to work on /opt/airflow/dags/etl_sederhana_25_572885_PPA_07200.py
[2026-09-17T17:27:03.559+0000] {processor.py:914} INFO - Processing file /opt/airflow/dags/etl_sederhana_25_572885_PPA_07200.py for tasks to queue
[2026-09-17T17:27:03.567+0000] {logging_mixin.py:190} INFO - [2026-09-17T17:27:03.565+0000] {dagbag.py:588} INFO - Filling up the DagBag from /opt/airflow/dags/etl_sederhana_25_572885_PPA_07200.py
[2026-09-17T17:27:05.587+0000] {processor.py:925} INFO - DAG(s) 'etl_sederhana_25_572885_PPA_07200' retrieved from /opt/airflow/dags/etl_sederhana_25_572885_PPA_07200.py
[2026-09-17T17:27:05.642+0000] {logging_mixin.py:190} INFO - [2026-09-17T17:27:05.641+0000] {dag.py:3239} INFO - Sync 1 DAGs
[2026-09-17T17:27:05.698+0000] {logging_mixin.py:190} INFO - [2026-09-17T17:27:05.697+0000] {dag.py:4180} INFO - Setting next_dagrun for etl_sederhana_25_572885_PPA_07200 to 2026-09-17 00:00:00+00:00, run_after=2026-09-18 00:00:00+00:00
[2026-09-17T17:27:05.755+0000] {processor.py:208} INFO - Processing /opt/airflow/dags/etl_sederhana_25_572885_PPA_07200.py took 2.223 seconds
[2026-09-17T17:27:36.071+0000] {processor.py:186} INFO - Started process (PID=4632) to work on /opt/airflow/dags/etl_sederhana_25_572885_PPA_07200.py
[2026-09-17T17:27:36.078+0000] {processor.py:914} INFO - Processing file /opt/airflow/dags/etl_sederhana_25_572885_PPA_07200.py for tasks to queue
[2026-09-17T17:27:36.098+0000] {logging_mixin.py:190} INFO - [2026-09-17T17:27:36.095+0000] {dagbag.py:588} INFO - Filling up the DagBag from /opt/airflow/dags/etl_sederhana_25_572885_PPA_07200.py
[2026-09-17T17:27:39.056+0000] {processor.py:925} INFO - DAG(s) 'etl_sederhana_25_572885_PPA_07200' retrieved from /opt/airflow/dags/etl_sederhana_25_572885_PPA_07200.py
[2026-09-17T17:27:39.087+0000] {logging_mixin.py:190} INFO - [2026-09-17T17:27:39.086+0000] {dag.py:3239} INFO - Sync 1 DAGs
[2026-09-17T17:27:39.122+0000] {logging_mixin.py:190} INFO - [2026-09-17T17:27:39.122+0000] {dag.py:4180} INFO - Setting next_dagrun for etl_sederhana_25_572885_PPA_07200 to 2026-09-17 00:00:00+00:00, run_after=2026-09-18 00:00:00+00:00
[2026-09-17T17:27:39.169+0000] {processor.py:208} INFO - Processing /opt/airflow/dags/etl_sederhana_25_572885_PPA_07200.py took 3.113 seconds
[2026-09-17T17:28:09.564+0000] {processor.py:186} INFO - Started process (PID=4641) to work on /opt/airflow/dags/etl_sederhana_25_572885_PPA_07200.py
[2026-09-17T17:28:09.568+0000] {processor.py:914} INFO - Processing file /opt/airflow/dags/etl_sederhana_25_572885_PPA_07200.py for tasks to queue
[2026-09-17T17:28:09.574+0000] {logging_mixin.py:190} INFO - [2026-09-17T17:28:09.573+0000] {dagbag.py:588} INFO - Filling up the DagBag from /opt/airflow/dags/etl_sederhana_25_572885_PPA_07200.py
[2026-09-17T17:28:11.069+0000] {processor.py:925} INFO - DAG(s) 'etl_sederhana_25_572885_PPA_07200' retrieved from /opt/airflow/dags/etl_sederhana_25_572885_PPA_07200.py
[2026-09-17T17:28:11.098+0000] {logging_mixin.py:190} INFO - [2026-09-17T17:28:11.097+0000] {dag.py:3239} INFO - Sync 1 DAGs
[2026-09-17T17:28:11.135+0000] {logging_mixin.py:190} INFO - [2026-09-17T17:28:11.134+0000] {dag.py:4180} INFO - Setting next_dagrun for etl_sederhana_25_572885_PPA_07200 to 2026-09-17 00:00:00+00:00, run_after=2026-09-18 00:00:00+00:00
[2026-09-17T17:28:11.212+0000] {processor.py:208} INFO - Processing /opt/airflow/dags/etl_sederhana_25_572885_PPA_07200.py took 1.658 seconds
[2026-09-17T17:28:41.455+0000] {processor.py:186} INFO - Started process (PID=4650) to work on /opt/airflow/dags/etl_sederhana_25_572885_PPA_07200.py
[2026-09-17T17:28:41.457+0000] {processor.py:914} INFO - Processing file /opt/airflow/dags/etl_sederhana_25_572885_PPA_07200.py for tasks to queue
[2026-09-17T17:28:41.462+0000] {logging_mixin.py:190} INFO - [2026-09-17T17:28:41.461+0000] {dagbag.py:588} INFO - Filling up the DagBag from /opt/airflow/dags/etl_sederhana_25_572885_PPA_07200.py
[2026-09-17T17:28:42.776+0000] {processor.py:925} INFO - DAG(s) 'etl_sederhana_25_572885_PPA_07200' retrieved from /opt/airflow/dags/etl_sederhana_25_572885_PPA_07200.py
[2026-09-17T17:28:42.799+0000] {logging_mixin.py:190} INFO - [2026-09-17T17:28:42.798+0000] {dag.py:3239} INFO - Sync 1 DAGs
[2026-09-17T17:28:42.927+0000] {logging_mixin.py:190} INFO - [2026-09-17T17:28:42.927+0000] {dag.py:4180} INFO - Setting next_dagrun for etl_sederhana_25_572885_PPA_07200 to 2026-09-17 00:00:00+00:00, run_after=2026-09-18 00:00:00+00:00
[2026-09-17T17:28:42.962+0000] {processor.py:208} INFO - Processing /opt/airflow/dags/etl_sederhana_25_572885_PPA_07200.py took 1.513 seconds
[2026-09-17T17:29:13.207+0000] {processor.py:186} INFO - Started process (PID=4659) to work on /opt/airflow/dags/etl_sederhana_25_572885_PPA_07200.py
[2026-09-17T17:29:13.213+0000] {processor.py:914} INFO - Processing file /opt/airflow/dags/etl_sederhana_25_572885_PPA_07200.py for tasks to queue
[2026-09-17T17:29:13.226+0000] {logging_mixin.py:190} INFO - [2026-09-17T17:29:13.224+0000] {dagbag.py:588} INFO - Filling up the DagBag from /opt/airflow/dags/etl_sederhana_25_572885_PPA_07200.py
[2026-09-17T17:29:14.394+0000] {processor.py:925} INFO - DAG(s) 'etl_sederhana_25_572885_PPA_07200' retrieved from /opt/airflow/dags/etl_sederhana_25_572885_PPA_07200.py
[2026-09-17T17:29:14.418+0000] {logging_mixin.py:190} INFO - [2026-09-17T17:29:14.417+0000] {dag.py:3239} INFO - Sync 1 DAGs
[2026-09-17T17:29:14.442+0000] {logging_mixin.py:190} INFO - [2026-09-17T17:29:14.442+0000] {dag.py:4180} INFO - Setting next_dagrun for etl_sederhana_25_572885_PPA_07200 to 2026-09-17 00:00:00+00:00, run_after=2026-09-18 00:00:00+00:00
[2026-09-17T17:29:14.472+0000] {processor.py:208} INFO - Processing /opt/airflow/dags/etl_sederhana_25_572885_PPA_07200.py took 1.289 seconds
[2026-09-17T17:29:44.860+0000] {processor.py:186} INFO - Started process (PID=4675) to work on /opt/airflow/dags/etl_sederhana_25_572885_PPA_07200.py
[2026-09-17T17:29:44.868+0000] {processor.py:914} INFO - Processing file /opt/airflow/dags/etl_sederhana_25_572885_PPA_07200.py for tasks to queue
[2026-09-17T17:29:44.876+0000] {logging_mixin.py:190} INFO - [2026-09-17T17:29:44.875+0000] {dagbag.py:588} INFO - Filling up the DagBag from /opt/airflow/dags/etl_sederhana_25_572885_PPA_07200.py
[2026-09-17T17:29:46.720+0000] {processor.py:925} INFO - DAG(s) 'etl_sederhana_25_572885_PPA_07200' retrieved from /opt/airflow/dags/etl_sederhana_25_572885_PPA_07200.py
[2026-09-17T17:29:46.785+0000] {logging_mixin.py:190} INFO - [2026-09-17T17:29:46.783+0000] {dag.py:3239} INFO - Sync 1 DAGs
[2026-09-17T17:29:46.851+0000] {logging_mixin.py:190} INFO - [2026-09-17T17:29:46.851+0000] {dag.py:4180} INFO - Setting next_dagrun for etl_sederhana_25_572885_PPA_07200 to 2026-09-17 00:00:00+00:00, run_after=2026-09-18 00:00:00+00:00
[2026-09-17T17:29:46.912+0000] {processor.py:208} INFO - Processing /opt/airflow/dags/etl_sederhana_25_572885_PPA_07200.py took 2.062 seconds
[2026-09-17T17:30:18.561+0000] {processor.py:186} INFO - Started process (PID=4684) to work on /opt/airflow/dags/etl_sederhana_25_572885_PPA_07200.py
[2026-09-17T17:30:18.602+0000] {processor.py:914} INFO - Processing file /opt/airflow/dags/etl_sederhana_25_572885_PPA_07200.py for tasks to queue
[2026-09-17T17:30:18.671+0000] {logging_mixin.py:190} INFO - [2026-09-17T17:30:18.657+0000] {dagbag.py:588} INFO - Filling up the DagBag from /opt/airflow/dags/etl_sederhana_25_572885_PPA_07200.py
[2026-09-17T17:30:34.131+0000] {processor.py:925} INFO - DAG(s) 'etl_sederhana_25_572885_PPA_07200' retrieved from /opt/airflow/dags/etl_sederhana_25_572885_PPA_07200.py
[2026-09-17T17:30:34.256+0000] {logging_mixin.py:190} INFO - [2026-09-17T17:30:34.253+0000] {dag.py:3239} INFO - Sync 1 DAGs
[2026-09-17T17:30:34.344+0000] {logging_mixin.py:190} INFO - [2026-09-17T17:30:34.344+0000] {dag.py:4180} INFO - Setting next_dagrun for etl_sederhana_25_572885_PPA_07200 to 2026-09-17 00:00:00+00:00, run_after=2026-09-18 00:00:00+00:00
[2026-09-17T17:30:34.430+0000] {processor.py:208} INFO - Processing /opt/airflow/dags/etl_sederhana_25_572885_PPA_07200.py took 16.050 seconds
[2026-09-17T17:31:05.736+0000] {processor.py:186} INFO - Started process (PID=4693) to work on /opt/airflow/dags/etl_sederhana_25_572885_PPA_07200.py
[2026-09-17T17:31:05.745+0000] {processor.py:914} INFO - Processing file /opt/airflow/dags/etl_sederhana_25_572885_PPA_07200.py for tasks to queue
[2026-09-17T17:31:05.772+0000] {logging_mixin.py:190} INFO - [2026-09-17T17:31:05.768+0000] {dagbag.py:588} INFO - Filling up the DagBag from /opt/airflow/dags/etl_sederhana_25_572885_PPA_07200.py
[2026-09-17T17:31:09.132+0000] {processor.py:925} INFO - DAG(s) 'etl_sederhana_25_572885_PPA_07200' retrieved from /opt/airflow/dags/etl_sederhana_25_572885_PPA_07200.py
[2026-09-17T17:31:09.162+0000] {logging_mixin.py:190} INFO - [2026-09-17T17:31:09.162+0000] {dag.py:3239} INFO - Sync 1 DAGs
[2026-09-17T17:31:09.194+0000] {logging_mixin.py:190} INFO - [2026-09-17T17:31:09.193+0000] {dag.py:4180} INFO - Setting next_dagrun for etl_sederhana_25_572885_PPA_07200 to 2026-09-17 00:00:00+00:00, run_after=2026-09-18 00:00:00+00:00
[2026-09-17T17:31:09.236+0000] {processor.py:208} INFO - Processing /opt/airflow/dags/etl_sederhana_25_572885_PPA_07200.py took 3.569 seconds
[2026-09-17T17:31:39.485+0000] {processor.py:186} INFO - Started process (PID=4702) to work on /opt/airflow/dags/etl_sederhana_25_572885_PPA_07200.py
[2026-09-17T17:31:39.489+0000] {processor.py:914} INFO - Processing file /opt/airflow/dags/etl_sederhana_25_572885_PPA_07200.py for tasks to queue
[2026-09-17T17:31:39.499+0000] {logging_mixin.py:190} INFO - [2026-09-17T17:31:39.497+0000] {dagbag.py:588} INFO - Filling up the DagBag from /opt/airflow/dags/etl_sederhana_25_572885_PPA_07200.py
[2026-09-17T17:31:41.231+0000] {processor.py:925} INFO - DAG(s) 'etl_sederhana_25_572885_PPA_07200' retrieved from /opt/airflow/dags/etl_sederhana_25_572885_PPA_07200.py
[2026-09-17T17:31:41.259+0000] {logging_mixin.py:190} INFO - [2026-09-17T17:31:41.259+0000] {dag.py:3239} INFO - Sync 1 DAGs
[2026-09-17T17:31:41.360+0000] {logging_mixin.py:190} INFO - [2026-09-17T17:31:41.360+0000] {dag.py:4180} INFO - Setting next_dagrun for etl_sederhana_25_572885_PPA_07200 to 2026-09-17 00:00:00+00:00, run_after=2026-09-18 00:00:00+00:00
[2026-09-17T17:31:41.400+0000] {processor.py:208} INFO - Processing /opt/airflow/dags/etl_sederhana_25_572885_PPA_07200.py took 1.931 seconds
[2026-09-17T17:32:11.814+0000] {processor.py:186} INFO - Started process (PID=4711) to work on /opt/airflow/dags/etl_sederhana_25_572885_PPA_07200.py
[2026-09-17T17:32:11.829+0000] {processor.py:914} INFO - Processing file /opt/airflow/dags/etl_sederhana_25_572885_PPA_07200.py for tasks to queue
[2026-09-17T17:32:11.872+0000] {logging_mixin.py:190} INFO - [2026-09-17T17:32:11.867+0000] {dagbag.py:588} INFO - Filling up the DagBag from /opt/airflow/dags/etl_sederhana_25_572885_PPA_07200.py
[2026-09-17T17:32:14.990+0000] {processor.py:925} INFO - DAG(s) 'etl_sederhana_25_572885_PPA_07200' retrieved from /opt/airflow/dags/etl_sederhana_25_572885_PPA_07200.py
[2026-09-17T17:32:15.023+0000] {logging_mixin.py:190} INFO - [2026-09-17T17:32:15.022+0000] {dag.py:3239} INFO - Sync 1 DAGs
[2026-09-17T17:32:15.061+0000] {logging_mixin.py:190} INFO - [2026-09-17T17:32:15.060+0000] {dag.py:4180} INFO - Setting next_dagrun for etl_sederhana_25_572885_PPA_07200 to 2026-09-17 00:00:00+00:00, run_after=2026-09-18 00:00:00+00:00
[2026-09-17T17:32:15.106+0000] {processor.py:208} INFO - Processing /opt/airflow/dags/etl_sederhana_25_572885_PPA_07200.py took 3.338 seconds
[2026-09-17T17:32:46.661+0000] {processor.py:186} INFO - Started process (PID=4721) to work on /opt/airflow/dags/etl_sederhana_25_572885_PPA_07200.py
[2026-09-17T17:32:46.685+0000] {processor.py:914} INFO - Processing file /opt/airflow/dags/etl_sederhana_25_572885_PPA_07200.py for tasks to queue
[2026-09-17T17:32:46.756+0000] {logging_mixin.py:190} INFO - [2026-09-17T17:32:46.755+0000] {dagbag.py:588} INFO - Filling up the DagBag from /opt/airflow/dags/etl_sederhana_25_572885_PPA_07200.py
[2026-09-17T17:32:48.782+0000] {processor.py:925} INFO - DAG(s) 'etl_sederhana_25_572885_PPA_07200' retrieved from /opt/airflow/dags/etl_sederhana_25_572885_PPA_07200.py
[2026-09-17T17:32:48.815+0000] {logging_mixin.py:190} INFO - [2026-09-17T17:32:48.814+0000] {dag.py:3239} INFO - Sync 1 DAGs
[2026-09-17T17:32:48.989+0000] {logging_mixin.py:190} INFO - [2026-09-17T17:32:48.989+0000] {dag.py:4180} INFO - Setting next_dagrun for etl_sederhana_25_572885_PPA_07200 to 2026-09-17 00:00:00+00:00, run_after=2026-09-18 00:00:00+00:00
[2026-09-17T17:32:49.045+0000] {processor.py:208} INFO - Processing /opt/airflow/dags/etl_sederhana_25_572885_PPA_07200.py took 2.399 seconds
[2026-09-17T17:33:20.095+0000] {processor.py:186} INFO - Started process (PID=4737) to work on /opt/airflow/dags/etl_sederhana_25_572885_PPA_07200.py
[2026-09-17T17:33:20.099+0000] {processor.py:914} INFO - Processing file /opt/airflow/dags/etl_sederhana_25_572885_PPA_07200.py for tasks to queue
[2026-09-17T17:33:20.108+0000] {logging_mixin.py:190} INFO - [2026-09-17T17:33:20.107+0000] {dagbag.py:588} INFO - Filling up the DagBag from /opt/airflow/dags/etl_sederhana_25_572885_PPA_07200.py
[2026-09-17T17:33:21.293+0000] {processor.py:925} INFO - DAG(s) 'etl_sederhana_25_572885_PPA_07200' retrieved from /opt/airflow/dags/etl_sederhana_25_572885_PPA_07200.py
[2026-09-17T17:33:21.328+0000] {logging_mixin.py:190} INFO - [2026-09-17T17:33:21.328+0000] {dag.py:3239} INFO - Sync 1 DAGs
[2026-09-17T17:33:21.366+0000] {logging_mixin.py:190} INFO - [2026-09-17T17:33:21.366+0000] {dag.py:4180} INFO - Setting next_dagrun for etl_sederhana_25_572885_PPA_07200 to 2026-09-17 00:00:00+00:00, run_after=2026-09-18 00:00:00+00:00
[2026-09-17T17:33:21.422+0000] {processor.py:208} INFO - Processing /opt/airflow/dags/etl_sederhana_25_572885_PPA_07200.py took 1.340 seconds
[2026-09-17T17:33:52.171+0000] {processor.py:186} INFO - Started process (PID=4746) to work on /opt/airflow/dags/etl_sederhana_25_572885_PPA_07200.py
[2026-09-17T17:33:52.175+0000] {processor.py:914} INFO - Processing file /opt/airflow/dags/etl_sederhana_25_572885_PPA_07200.py for tasks to queue
[2026-09-17T17:33:52.181+0000] {logging_mixin.py:190} INFO - [2026-09-17T17:33:52.180+0000] {dagbag.py:588} INFO - Filling up the DagBag from /opt/airflow/dags/etl_sederhana_25_572885_PPA_07200.py
[2026-09-17T17:33:53.629+0000] {processor.py:925} INFO - DAG(s) 'etl_sederhana_25_572885_PPA_07200' retrieved from /opt/airflow/dags/etl_sederhana_25_572885_PPA_07200.py
[2026-09-17T17:33:53.661+0000] {logging_mixin.py:190} INFO - [2026-09-17T17:33:53.660+0000] {dag.py:3239} INFO - Sync 1 DAGs
[2026-09-17T17:33:53.688+0000] {logging_mixin.py:190} INFO - [2026-09-17T17:33:53.687+0000] {dag.py:4180} INFO - Setting next_dagrun for etl_sederhana_25_572885_PPA_07200 to 2026-09-17 00:00:00+00:00, run_after=2026-09-18 00:00:00+00:00
[2026-09-17T17:33:53.725+0000] {processor.py:208} INFO - Processing /opt/airflow/dags/etl_sederhana_25_572885_PPA_07200.py took 1.564 seconds
[2026-09-17T17:34:24.037+0000] {processor.py:186} INFO - Started process (PID=4755) to work on /opt/airflow/dags/etl_sederhana_25_572885_PPA_07200.py
[2026-09-17T17:34:24.041+0000] {processor.py:914} INFO - Processing file /opt/airflow/dags/etl_sederhana_25_572885_PPA_07200.py for tasks to queue
[2026-09-17T17:34:24.046+0000] {logging_mixin.py:190} INFO - [2026-09-17T17:34:24.045+0000] {dagbag.py:588} INFO - Filling up the DagBag from /opt/airflow/dags/etl_sederhana_25_572885_PPA_07200.py
[2026-09-17T17:34:25.538+0000] {processor.py:925} INFO - DAG(s) 'etl_sederhana_25_572885_PPA_07200' retrieved from /opt/airflow/dags/etl_sederhana_25_572885_PPA_07200.py
[2026-09-17T17:34:25.606+0000] {logging_mixin.py:190} INFO - [2026-09-17T17:34:25.604+0000] {dag.py:3239} INFO - Sync 1 DAGs
[2026-09-17T17:34:25.667+0000] {logging_mixin.py:190} INFO - [2026-09-17T17:34:25.666+0000] {dag.py:4180} INFO - Setting next_dagrun for etl_sederhana_25_572885_PPA_07200 to 2026-09-17 00:00:00+00:00, run_after=2026-09-18 00:00:00+00:00
[2026-09-17T17:34:25.767+0000] {processor.py:208} INFO - Processing /opt/airflow/dags/etl_sederhana_25_572885_PPA_07200.py took 1.740 seconds
[2026-09-17T17:34:56.131+0000] {processor.py:186} INFO - Started process (PID=4764) to work on /opt/airflow/dags/etl_sederhana_25_572885_PPA_07200.py
[2026-09-17T17:34:56.134+0000] {processor.py:914} INFO - Processing file /opt/airflow/dags/etl_sederhana_25_572885_PPA_07200.py for tasks to queue
[2026-09-17T17:34:56.141+0000] {logging_mixin.py:190} INFO - [2026-09-17T17:34:56.140+0000] {dagbag.py:588} INFO - Filling up the DagBag from /opt/airflow/dags/etl_sederhana_25_572885_PPA_07200.py
[2026-09-17T17:34:57.042+0000] {processor.py:925} INFO - DAG(s) 'etl_sederhana_25_572885_PPA_07200' retrieved from /opt/airflow/dags/etl_sederhana_25_572885_PPA_07200.py
[2026-09-17T17:34:57.066+0000] {logging_mixin.py:190} INFO - [2026-09-17T17:34:57.066+0000] {dag.py:3239} INFO - Sync 1 DAGs
[2026-09-17T17:34:57.094+0000] {logging_mixin.py:190} INFO - [2026-09-17T17:34:57.094+0000] {dag.py:4180} INFO - Setting next_dagrun for etl_sederhana_25_572885_PPA_07200 to 2026-09-17 00:00:00+00:00, run_after=2026-09-18 00:00:00+00:00
[2026-09-17T17:34:57.136+0000] {processor.py:208} INFO - Processing /opt/airflow/dags/etl_sederhana_25_572885_PPA_07200.py took 1.014 seconds
[2026-09-17T17:35:27.612+0000] {processor.py:186} INFO - Started process (PID=4774) to work on /opt/airflow/dags/etl_sederhana_25_572885_PPA_07200.py
[2026-09-17T17:35:27.628+0000] {processor.py:914} INFO - Processing file /opt/airflow/dags/etl_sederhana_25_572885_PPA_07200.py for tasks to queue
[2026-09-17T17:35:27.649+0000] {logging_mixin.py:190} INFO - [2026-09-17T17:35:27.647+0000] {dagbag.py:588} INFO - Filling up the DagBag from /opt/airflow/dags/etl_sederhana_25_572885_PPA_07200.py
[2026-09-17T17:35:32.369+0000] {processor.py:925} INFO - DAG(s) 'etl_sederhana_25_572885_PPA_07200' retrieved from /opt/airflow/dags/etl_sederhana_25_572885_PPA_07200.py
[2026-09-17T17:35:32.426+0000] {logging_mixin.py:190} INFO - [2026-09-17T17:35:32.425+0000] {dag.py:3239} INFO - Sync 1 DAGs
[2026-09-17T17:35:32.498+0000] {logging_mixin.py:190} INFO - [2026-09-17T17:35:32.498+0000] {dag.py:4180} INFO - Setting next_dagrun for etl_sederhana_25_572885_PPA_07200 to 2026-09-17 00:00:00+00:00, run_after=2026-09-18 00:00:00+00:00
[2026-09-17T17:35:32.577+0000] {processor.py:208} INFO - Processing /opt/airflow/dags/etl_sederhana_25_572885_PPA_07200.py took 5.037 seconds
[2026-09-17T17:36:03.064+0000] {processor.py:186} INFO - Started process (PID=4784) to work on /opt/airflow/dags/etl_sederhana_25_572885_PPA_07200.py
[2026-09-17T17:36:03.069+0000] {processor.py:914} INFO - Processing file /opt/airflow/dags/etl_sederhana_25_572885_PPA_07200.py for tasks to queue
[2026-09-17T17:36:03.083+0000] {logging_mixin.py:190} INFO - [2026-09-17T17:36:03.081+0000] {dagbag.py:588} INFO - Filling up the DagBag from /opt/airflow/dags/etl_sederhana_25_572885_PPA_07200.py
[2026-09-17T17:36:07.031+0000] {processor.py:925} INFO - DAG(s) 'etl_sederhana_25_572885_PPA_07200' retrieved from /opt/airflow/dags/etl_sederhana_25_572885_PPA_07200.py
[2026-09-17T17:36:07.155+0000] {logging_mixin.py:190} INFO - [2026-09-17T17:36:07.153+0000] {dag.py:3239} INFO - Sync 1 DAGs
[2026-09-17T17:36:07.281+0000] {logging_mixin.py:190} INFO - [2026-09-17T17:36:07.279+0000] {dag.py:4180} INFO - Setting next_dagrun for etl_sederhana_25_572885_PPA_07200 to 2026-09-17 00:00:00+00:00, run_after=2026-09-18 00:00:00+00:00
[2026-09-17T17:36:07.400+0000] {processor.py:208} INFO - Processing /opt/airflow/dags/etl_sederhana_25_572885_PPA_07200.py took 4.362 seconds
[2026-09-17T17:36:37.761+0000] {processor.py:186} INFO - Started process (PID=4793) to work on /opt/airflow/dags/etl_sederhana_25_572885_PPA_07200.py
[2026-09-17T17:36:37.764+0000] {processor.py:914} INFO - Processing file /opt/airflow/dags/etl_sederhana_25_572885_PPA_07200.py for tasks to queue
[2026-09-17T17:36:37.768+0000] {logging_mixin.py:190} INFO - [2026-09-17T17:36:37.767+0000] {dagbag.py:588} INFO - Filling up the DagBag from /opt/airflow/dags/etl_sederhana_25_572885_PPA_07200.py
[2026-09-17T17:36:39.380+0000] {processor.py:925} INFO - DAG(s) 'etl_sederhana_25_572885_PPA_07200' retrieved from /opt/airflow/dags/etl_sederhana_25_572885_PPA_07200.py
[2026-09-17T17:36:39.457+0000] {logging_mixin.py:190} INFO - [2026-09-17T17:36:39.457+0000] {dag.py:3239} INFO - Sync 1 DAGs
[2026-09-17T17:36:39.528+0000] {logging_mixin.py:190} INFO - [2026-09-17T17:36:39.528+0000] {dag.py:4180} INFO - Setting next_dagrun for etl_sederhana_25_572885_PPA_07200 to 2026-09-17 00:00:00+00:00, run_after=2026-09-18 00:00:00+00:00
[2026-09-17T17:36:39.648+0000] {processor.py:208} INFO - Processing /opt/airflow/dags/etl_sederhana_25_572885_PPA_07200.py took 1.896 seconds
[2026-09-17T17:37:10.217+0000] {processor.py:186} INFO - Started process (PID=4802) to work on /opt/airflow/dags/etl_sederhana_25_572885_PPA_07200.py
[2026-09-17T17:37:10.219+0000] {processor.py:914} INFO - Processing file /opt/airflow/dags/etl_sederhana_25_572885_PPA_07200.py for tasks to queue
[2026-09-17T17:37:10.223+0000] {logging_mixin.py:190} INFO - [2026-09-17T17:37:10.223+0000] {dagbag.py:588} INFO - Filling up the DagBag from /opt/airflow/dags/etl_sederhana_25_572885_PPA_07200.py
[2026-09-17T17:37:11.465+0000] {processor.py:925} INFO - DAG(s) 'etl_sederhana_25_572885_PPA_07200' retrieved from /opt/airflow/dags/etl_sederhana_25_572885_PPA_07200.py
[2026-09-17T17:37:11.569+0000] {logging_mixin.py:190} INFO - [2026-09-17T17:37:11.569+0000] {dag.py:3239} INFO - Sync 1 DAGs
[2026-09-17T17:37:11.599+0000] {logging_mixin.py:190} INFO - [2026-09-17T17:37:11.599+0000] {dag.py:4180} INFO - Setting next_dagrun for etl_sederhana_25_572885_PPA_07200 to 2026-09-17 00:00:00+00:00, run_after=2026-09-18 00:00:00+00:00
[2026-09-17T17:37:11.638+0000] {processor.py:208} INFO - Processing /opt/airflow/dags/etl_sederhana_25_572885_PPA_07200.py took 1.428 seconds
[2026-09-17T17:37:41.837+0000] {processor.py:186} INFO - Started process (PID=4811) to work on /opt/airflow/dags/etl_sederhana_25_572885_PPA_07200.py
[2026-09-17T17:37:41.840+0000] {processor.py:914} INFO - Processing file /opt/airflow/dags/etl_sederhana_25_572885_PPA_07200.py for tasks to queue
[2026-09-17T17:37:41.845+0000] {logging_mixin.py:190} INFO - [2026-09-17T17:37:41.844+0000] {dagbag.py:588} INFO - Filling up the DagBag from /opt/airflow/dags/etl_sederhana_25_572885_PPA_07200.py
[2026-09-17T17:37:42.931+0000] {processor.py:925} INFO - DAG(s) 'etl_sederhana_25_572885_PPA_07200' retrieved from /opt/airflow/dags/etl_sederhana_25_572885_PPA_07200.py
[2026-09-17T17:37:42.964+0000] {logging_mixin.py:190} INFO - [2026-09-17T17:37:42.964+0000] {dag.py:3239} INFO - Sync 1 DAGs
[2026-09-17T17:37:43.099+0000] {logging_mixin.py:190} INFO - [2026-09-17T17:37:43.099+0000] {dag.py:4180} INFO - Setting next_dagrun for etl_sederhana_25_572885_PPA_07200 to 2026-09-17 00:00:00+00:00, run_after=2026-09-18 00:00:00+00:00
[2026-09-17T17:37:43.413+0000] {processor.py:208} INFO - Processing /opt/airflow/dags/etl_sederhana_25_572885_PPA_07200.py took 1.586 seconds
[2026-09-17T17:38:14.399+0000] {processor.py:186} INFO - Started process (PID=4820) to work on /opt/airflow/dags/etl_sederhana_25_572885_PPA_07200.py
[2026-09-17T17:38:14.402+0000] {processor.py:914} INFO - Processing file /opt/airflow/dags/etl_sederhana_25_572885_PPA_07200.py for tasks to queue
[2026-09-17T17:38:14.407+0000] {logging_mixin.py:190} INFO - [2026-09-17T17:38:14.406+0000] {dagbag.py:588} INFO - Filling up the DagBag from /opt/airflow/dags/etl_sederhana_25_572885_PPA_07200.py
[2026-09-17T17:38:15.532+0000] {processor.py:925} INFO - DAG(s) 'etl_sederhana_25_572885_PPA_07200' retrieved from /opt/airflow/dags/etl_sederhana_25_572885_PPA_07200.py
[2026-09-17T17:38:15.560+0000] {logging_mixin.py:190} INFO - [2026-09-17T17:38:15.559+0000] {dag.py:3239} INFO - Sync 1 DAGs
[2026-09-17T17:38:15.591+0000] {logging_mixin.py:190} INFO - [2026-09-17T17:38:15.591+0000] {dag.py:4180} INFO - Setting next_dagrun for etl_sederhana_25_572885_PPA_07200 to 2026-09-17 00:00:00+00:00, run_after=2026-09-18 00:00:00+00:00
[2026-09-17T17:38:15.634+0000] {processor.py:208} INFO - Processing /opt/airflow/dags/etl_sederhana_25_572885_PPA_07200.py took 1.242 seconds
[2026-09-17T17:38:45.851+0000] {processor.py:186} INFO - Started process (PID=4829) to work on /opt/airflow/dags/etl_sederhana_25_572885_PPA_07200.py
[2026-09-17T17:38:45.855+0000] {processor.py:914} INFO - Processing file /opt/airflow/dags/etl_sederhana_25_572885_PPA_07200.py for tasks to queue
[2026-09-17T17:38:45.863+0000] {logging_mixin.py:190} INFO - [2026-09-17T17:38:45.862+0000] {dagbag.py:588} INFO - Filling up the DagBag from /opt/airflow/dags/etl_sederhana_25_572885_PPA_07200.py
[2026-09-17T17:38:47.047+0000] {processor.py:925} INFO - DAG(s) 'etl_sederhana_25_572885_PPA_07200' retrieved from /opt/airflow/dags/etl_sederhana_25_572885_PPA_07200.py
[2026-09-17T17:38:47.075+0000] {logging_mixin.py:190} INFO - [2026-09-17T17:38:47.074+0000] {dag.py:3239} INFO - Sync 1 DAGs
[2026-09-17T17:38:47.110+0000] {logging_mixin.py:190} INFO - [2026-09-17T17:38:47.109+0000] {dag.py:4180} INFO - Setting next_dagrun for etl_sederhana_25_572885_PPA_07200 to 2026-09-17 00:00:00+00:00, run_after=2026-09-18 00:00:00+00:00
[2026-09-17T17:38:47.145+0000] {processor.py:208} INFO - Processing /opt/airflow/dags/etl_sederhana_25_572885_PPA_07200.py took 1.303 seconds
[2026-09-17T17:39:17.420+0000] {processor.py:186} INFO - Started process (PID=4838) to work on /opt/airflow/dags/etl_sederhana_25_572885_PPA_07200.py
[2026-09-17T17:39:17.424+0000] {processor.py:914} INFO - Processing file /opt/airflow/dags/etl_sederhana_25_572885_PPA_07200.py for tasks to queue
[2026-09-17T17:39:17.438+0000] {logging_mixin.py:190} INFO - [2026-09-17T17:39:17.437+0000] {dagbag.py:588} INFO - Filling up the DagBag from /opt/airflow/dags/etl_sederhana_25_572885_PPA_07200.py
[2026-09-17T17:39:19.092+0000] {processor.py:925} INFO - DAG(s) 'etl_sederhana_25_572885_PPA_07200' retrieved from /opt/airflow/dags/etl_sederhana_25_572885_PPA_07200.py
[2026-09-17T17:39:19.128+0000] {logging_mixin.py:190} INFO - [2026-09-17T17:39:19.127+0000] {dag.py:3239} INFO - Sync 1 DAGs
[2026-09-17T17:39:19.154+0000] {logging_mixin.py:190} INFO - [2026-09-17T17:39:19.154+0000] {dag.py:4180} INFO - Setting next_dagrun for etl_sederhana_25_572885_PPA_07200 to 2026-09-17 00:00:00+00:00, run_after=2026-09-18 00:00:00+00:00
[2026-09-17T17:39:19.381+0000] {processor.py:208} INFO - Processing /opt/airflow/dags/etl_sederhana_25_572885_PPA_07200.py took 1.967 seconds
[2026-09-17T17:39:49.670+0000] {processor.py:186} INFO - Started process (PID=4848) to work on /opt/airflow/dags/etl_sederhana_25_572885_PPA_07200.py
[2026-09-17T17:39:49.673+0000] {processor.py:914} INFO - Processing file /opt/airflow/dags/etl_sederhana_25_572885_PPA_07200.py for tasks to queue
[2026-09-17T17:39:49.678+0000] {logging_mixin.py:190} INFO - [2026-09-17T17:39:49.677+0000] {dagbag.py:588} INFO - Filling up the DagBag from /opt/airflow/dags/etl_sederhana_25_572885_PPA_07200.py
[2026-09-17T17:39:50.962+0000] {processor.py:925} INFO - DAG(s) 'etl_sederhana_25_572885_PPA_07200' retrieved from /opt/airflow/dags/etl_sederhana_25_572885_PPA_07200.py
[2026-09-17T17:39:50.986+0000] {logging_mixin.py:190} INFO - [2026-09-17T17:39:50.986+0000] {dag.py:3239} INFO - Sync 1 DAGs
[2026-09-17T17:39:51.014+0000] {logging_mixin.py:190} INFO - [2026-09-17T17:39:51.014+0000] {dag.py:4180} INFO - Setting next_dagrun for etl_sederhana_25_572885_PPA_07200 to 2026-09-17 00:00:00+00:00, run_after=2026-09-18 00:00:00+00:00
[2026-09-17T17:39:51.053+0000] {processor.py:208} INFO - Processing /opt/airflow/dags/etl_sederhana_25_572885_PPA_07200.py took 1.390 seconds
[2026-09-17T17:40:21.685+0000] {processor.py:186} INFO - Started process (PID=4857) to work on /opt/airflow/dags/etl_sederhana_25_572885_PPA_07200.py
[2026-09-17T17:40:21.701+0000] {processor.py:914} INFO - Processing file /opt/airflow/dags/etl_sederhana_25_572885_PPA_07200.py for tasks to queue
[2026-09-17T17:40:21.714+0000] {logging_mixin.py:190} INFO - [2026-09-17T17:40:21.713+0000] {dagbag.py:588} INFO - Filling up the DagBag from /opt/airflow/dags/etl_sederhana_25_572885_PPA_07200.py
[2026-09-17T17:40:23.093+0000] {processor.py:925} INFO - DAG(s) 'etl_sederhana_25_572885_PPA_07200' retrieved from /opt/airflow/dags/etl_sederhana_25_572885_PPA_07200.py
[2026-09-17T17:40:23.124+0000] {logging_mixin.py:190} INFO - [2026-09-17T17:40:23.123+0000] {dag.py:3239} INFO - Sync 1 DAGs
[2026-09-17T17:40:23.150+0000] {logging_mixin.py:190} INFO - [2026-09-17T17:40:23.150+0000] {dag.py:4180} INFO - Setting next_dagrun for etl_sederhana_25_572885_PPA_07200 to 2026-09-17 00:00:00+00:00, run_after=2026-09-18 00:00:00+00:00
[2026-09-17T17:40:23.184+0000] {processor.py:208} INFO - Processing /opt/airflow/dags/etl_sederhana_25_572885_PPA_07200.py took 1.516 seconds
[2026-09-17T17:40:53.804+0000] {processor.py:186} INFO - Started process (PID=4873) to work on /opt/airflow/dags/etl_sederhana_25_572885_PPA_07200.py
[2026-09-17T17:40:53.834+0000] {processor.py:914} INFO - Processing file /opt/airflow/dags/etl_sederhana_25_572885_PPA_07200.py for tasks to queue
[2026-09-17T17:40:53.861+0000] {logging_mixin.py:190} INFO - [2026-09-17T17:40:53.860+0000] {dagbag.py:588} INFO - Filling up the DagBag from /opt/airflow/dags/etl_sederhana_25_572885_PPA_07200.py
[2026-09-17T17:40:55.321+0000] {processor.py:925} INFO - DAG(s) 'etl_sederhana_25_572885_PPA_07200' retrieved from /opt/airflow/dags/etl_sederhana_25_572885_PPA_07200.py
[2026-09-17T17:40:55.354+0000] {logging_mixin.py:190} INFO - [2026-09-17T17:40:55.353+0000] {dag.py:3239} INFO - Sync 1 DAGs
[2026-09-17T17:40:55.384+0000] {logging_mixin.py:190} INFO - [2026-09-17T17:40:55.383+0000] {dag.py:4180} INFO - Setting next_dagrun for etl_sederhana_25_572885_PPA_07200 to 2026-09-17 00:00:00+00:00, run_after=2026-09-18 00:00:00+00:00
[2026-09-17T17:40:55.421+0000] {processor.py:208} INFO - Processing /opt/airflow/dags/etl_sederhana_25_572885_PPA_07200.py took 1.626 seconds
[2026-09-17T17:41:26.434+0000] {processor.py:186} INFO - Started process (PID=4882) to work on /opt/airflow/dags/etl_sederhana_25_572885_PPA_07200.py
[2026-09-17T17:41:26.438+0000] {processor.py:914} INFO - Processing file /opt/airflow/dags/etl_sederhana_25_572885_PPA_07200.py for tasks to queue
[2026-09-17T17:41:26.445+0000] {logging_mixin.py:190} INFO - [2026-09-17T17:41:26.444+0000] {dagbag.py:588} INFO - Filling up the DagBag from /opt/airflow/dags/etl_sederhana_25_572885_PPA_07200.py
[2026-09-17T17:41:27.997+0000] {processor.py:925} INFO - DAG(s) 'etl_sederhana_25_572885_PPA_07200' retrieved from /opt/airflow/dags/etl_sederhana_25_572885_PPA_07200.py
[2026-09-17T17:41:28.019+0000] {logging_mixin.py:190} INFO - [2026-09-17T17:41:28.019+0000] {dag.py:3239} INFO - Sync 1 DAGs
[2026-09-17T17:41:28.080+0000] {logging_mixin.py:190} INFO - [2026-09-17T17:41:28.079+0000] {dag.py:4180} INFO - Setting next_dagrun for etl_sederhana_25_572885_PPA_07200 to 2026-09-17 00:00:00+00:00, run_after=2026-09-18 00:00:00+00:00
[2026-09-17T17:41:28.141+0000] {processor.py:208} INFO - Processing /opt/airflow/dags/etl_sederhana_25_572885_PPA_07200.py took 1.715 seconds
[2026-09-17T17:41:58.612+0000] {processor.py:186} INFO - Started process (PID=4891) to work on /opt/airflow/dags/etl_sederhana_25_572885_PPA_07200.py
[2026-09-17T17:41:58.616+0000] {processor.py:914} INFO - Processing file /opt/airflow/dags/etl_sederhana_25_572885_PPA_07200.py for tasks to queue
[2026-09-17T17:41:58.622+0000] {logging_mixin.py:190} INFO - [2026-09-17T17:41:58.621+0000] {dagbag.py:588} INFO - Filling up the DagBag from /opt/airflow/dags/etl_sederhana_25_572885_PPA_07200.py
[2026-09-17T17:41:59.984+0000] {processor.py:925} INFO - DAG(s) 'etl_sederhana_25_572885_PPA_07200' retrieved from /opt/airflow/dags/etl_sederhana_25_572885_PPA_07200.py
[2026-09-17T17:42:00.021+0000] {logging_mixin.py:190} INFO - [2026-09-17T17:42:00.020+0000] {dag.py:3239} INFO - Sync 1 DAGs
[2026-09-17T17:42:00.081+0000] {logging_mixin.py:190} INFO - [2026-09-17T17:42:00.080+0000] {dag.py:4180} INFO - Setting next_dagrun for etl_sederhana_25_572885_PPA_07200 to 2026-09-17 00:00:00+00:00, run_after=2026-09-18 00:00:00+00:00
[2026-09-17T17:42:00.128+0000] {processor.py:208} INFO - Processing /opt/airflow/dags/etl_sederhana_25_572885_PPA_07200.py took 1.526 seconds
[2026-09-17T17:42:30.364+0000] {processor.py:186} INFO - Started process (PID=4899) to work on /opt/airflow/dags/etl_sederhana_25_572885_PPA_07200.py
[2026-09-17T17:42:30.371+0000] {processor.py:914} INFO - Processing file /opt/airflow/dags/etl_sederhana_25_572885_PPA_07200.py for tasks to queue
[2026-09-17T17:42:30.378+0000] {logging_mixin.py:190} INFO - [2026-09-17T17:42:30.377+0000] {dagbag.py:588} INFO - Filling up the DagBag from /opt/airflow/dags/etl_sederhana_25_572885_PPA_07200.py
[2026-09-17T17:42:31.894+0000] {processor.py:925} INFO - DAG(s) 'etl_sederhana_25_572885_PPA_07200' retrieved from /opt/airflow/dags/etl_sederhana_25_572885_PPA_07200.py
[2026-09-17T17:42:31.920+0000] {logging_mixin.py:190} INFO - [2026-09-17T17:42:31.919+0000] {dag.py:3239} INFO - Sync 1 DAGs
[2026-09-17T17:42:31.957+0000] {logging_mixin.py:190} INFO - [2026-09-17T17:42:31.956+0000] {dag.py:4180} INFO - Setting next_dagrun for etl_sederhana_25_572885_PPA_07200 to 2026-09-17 00:00:00+00:00, run_after=2026-09-18 00:00:00+00:00
[2026-09-17T17:42:32.008+0000] {processor.py:208} INFO - Processing /opt/airflow/dags/etl_sederhana_25_572885_PPA_07200.py took 1.657 seconds
[2026-09-17T17:43:02.245+0000] {processor.py:186} INFO - Started process (PID=4909) to work on /opt/airflow/dags/etl_sederhana_25_572885_PPA_07200.py
[2026-09-17T17:43:02.250+0000] {processor.py:914} INFO - Processing file /opt/airflow/dags/etl_sederhana_25_572885_PPA_07200.py for tasks to queue
[2026-09-17T17:43:02.257+0000] {logging_mixin.py:190} INFO - [2026-09-17T17:43:02.256+0000] {dagbag.py:588} INFO - Filling up the DagBag from /opt/airflow/dags/etl_sederhana_25_572885_PPA_07200.py
[2026-09-17T17:43:03.812+0000] {processor.py:925} INFO - DAG(s) 'etl_sederhana_25_572885_PPA_07200' retrieved from /opt/airflow/dags/etl_sederhana_25_572885_PPA_07200.py
[2026-09-17T17:43:03.838+0000] {logging_mixin.py:190} INFO - [2026-09-17T17:43:03.838+0000] {dag.py:3239} INFO - Sync 1 DAGs
[2026-09-17T17:43:03.977+0000] {logging_mixin.py:190} INFO - [2026-09-17T17:43:03.977+0000] {dag.py:4180} INFO - Setting next_dagrun for etl_sederhana_25_572885_PPA_07200 to 2026-09-17 00:00:00+00:00, run_after=2026-09-18 00:00:00+00:00
[2026-09-17T17:43:04.033+0000] {processor.py:208} INFO - Processing /opt/airflow/dags/etl_sederhana_25_572885_PPA_07200.py took 1.799 seconds
[2026-09-17T17:43:34.309+0000] {processor.py:186} INFO - Started process (PID=4918) to work on /opt/airflow/dags/etl_sederhana_25_572885_PPA_07200.py
[2026-09-17T17:43:34.321+0000] {processor.py:914} INFO - Processing file /opt/airflow/dags/etl_sederhana_25_572885_PPA_07200.py for tasks to queue
[2026-09-17T17:43:34.326+0000] {logging_mixin.py:190} INFO - [2026-09-17T17:43:34.325+0000] {dagbag.py:588} INFO - Filling up the DagBag from /opt/airflow/dags/etl_sederhana_25_572885_PPA_07200.py
[2026-09-17T17:43:35.292+0000] {processor.py:925} INFO - DAG(s) 'etl_sederhana_25_572885_PPA_07200' retrieved from /opt/airflow/dags/etl_sederhana_25_572885_PPA_07200.py
[2026-09-17T17:43:35.325+0000] {logging_mixin.py:190} INFO - [2026-09-17T17:43:35.324+0000] {dag.py:3239} INFO - Sync 1 DAGs
[2026-09-17T17:43:35.359+0000] {logging_mixin.py:190} INFO - [2026-09-17T17:43:35.359+0000] {dag.py:4180} INFO - Setting next_dagrun for etl_sederhana_25_572885_PPA_07200 to 2026-09-17 00:00:00+00:00, run_after=2026-09-18 00:00:00+00:00
[2026-09-17T17:43:35.403+0000] {processor.py:208} INFO - Processing /opt/airflow/dags/etl_sederhana_25_572885_PPA_07200.py took 1.103 seconds
[2026-09-17T17:44:05.625+0000] {processor.py:186} INFO - Started process (PID=4927) to work on /opt/airflow/dags/etl_sederhana_25_572885_PPA_07200.py
[2026-09-17T17:44:05.628+0000] {processor.py:914} INFO - Processing file /opt/airflow/dags/etl_sederhana_25_572885_PPA_07200.py for tasks to queue
[2026-09-17T17:44:05.633+0000] {logging_mixin.py:190} INFO - [2026-09-17T17:44:05.632+0000] {dagbag.py:588} INFO - Filling up the DagBag from /opt/airflow/dags/etl_sederhana_25_572885_PPA_07200.py
[2026-09-17T17:44:06.772+0000] {processor.py:925} INFO - DAG(s) 'etl_sederhana_25_572885_PPA_07200' retrieved from /opt/airflow/dags/etl_sederhana_25_572885_PPA_07200.py
[2026-09-17T17:44:06.793+0000] {logging_mixin.py:190} INFO - [2026-09-17T17:44:06.793+0000] {dag.py:3239} INFO - Sync 1 DAGs
[2026-09-17T17:44:06.814+0000] {logging_mixin.py:190} INFO - [2026-09-17T17:44:06.813+0000] {dag.py:4180} INFO - Setting next_dagrun for etl_sederhana_25_572885_PPA_07200 to 2026-09-17 00:00:00+00:00, run_after=2026-09-18 00:00:00+00:00
[2026-09-17T17:44:06.851+0000] {processor.py:208} INFO - Processing /opt/airflow/dags/etl_sederhana_25_572885_PPA_07200.py took 1.235 seconds
[2026-09-17T17:44:37.026+0000] {processor.py:186} INFO - Started process (PID=4936) to work on /opt/airflow/dags/etl_sederhana_25_572885_PPA_07200.py
[2026-09-17T17:44:37.028+0000] {processor.py:914} INFO - Processing file /opt/airflow/dags/etl_sederhana_25_572885_PPA_07200.py for tasks to queue
[2026-09-17T17:44:37.031+0000] {logging_mixin.py:190} INFO - [2026-09-17T17:44:37.031+0000] {dagbag.py:588} INFO - Filling up the DagBag from /opt/airflow/dags/etl_sederhana_25_572885_PPA_07200.py
[2026-09-17T17:44:37.793+0000] {processor.py:925} INFO - DAG(s) 'etl_sederhana_25_572885_PPA_07200' retrieved from /opt/airflow/dags/etl_sederhana_25_572885_PPA_07200.py
[2026-09-17T17:44:37.817+0000] {logging_mixin.py:190} INFO - [2026-09-17T17:44:37.816+0000] {dag.py:3239} INFO - Sync 1 DAGs
[2026-09-17T17:44:37.838+0000] {logging_mixin.py:190} INFO - [2026-09-17T17:44:37.837+0000] {dag.py:4180} INFO - Setting next_dagrun for etl_sederhana_25_572885_PPA_07200 to 2026-09-17 00:00:00+00:00, run_after=2026-09-18 00:00:00+00:00
[2026-09-17T17:44:37.868+0000] {processor.py:208} INFO - Processing /opt/airflow/dags/etl_sederhana_25_572885_PPA_07200.py took 0.847 seconds
[2026-09-17T17:45:08.032+0000] {processor.py:186} INFO - Started process (PID=4945) to work on /opt/airflow/dags/etl_sederhana_25_572885_PPA_07200.py
[2026-09-17T17:45:08.035+0000] {processor.py:914} INFO - Processing file /opt/airflow/dags/etl_sederhana_25_572885_PPA_07200.py for tasks to queue
[2026-09-17T17:45:08.041+0000] {logging_mixin.py:190} INFO - [2026-09-17T17:45:08.041+0000] {dagbag.py:588} INFO - Filling up the DagBag from /opt/airflow/dags/etl_sederhana_25_572885_PPA_07200.py
[2026-09-17T17:45:08.833+0000] {processor.py:925} INFO - DAG(s) 'etl_sederhana_25_572885_PPA_07200' retrieved from /opt/airflow/dags/etl_sederhana_25_572885_PPA_07200.py
[2026-09-17T17:45:08.858+0000] {logging_mixin.py:190} INFO - [2026-09-17T17:45:08.858+0000] {dag.py:3239} INFO - Sync 1 DAGs
[2026-09-17T17:45:08.883+0000] {logging_mixin.py:190} INFO - [2026-09-17T17:45:08.883+0000] {dag.py:4180} INFO - Setting next_dagrun for etl_sederhana_25_572885_PPA_07200 to 2026-09-17 00:00:00+00:00, run_after=2026-09-18 00:00:00+00:00
[2026-09-17T17:45:08.919+0000] {processor.py:208} INFO - Processing /opt/airflow/dags/etl_sederhana_25_572885_PPA_07200.py took 0.894 seconds
[2026-09-17T17:45:39.216+0000] {processor.py:186} INFO - Started process (PID=4954) to work on /opt/airflow/dags/etl_sederhana_25_572885_PPA_07200.py
[2026-09-17T17:45:39.218+0000] {processor.py:914} INFO - Processing file /opt/airflow/dags/etl_sederhana_25_572885_PPA_07200.py for tasks to queue
[2026-09-17T17:45:39.221+0000] {logging_mixin.py:190} INFO - [2026-09-17T17:45:39.220+0000] {dagbag.py:588} INFO - Filling up the DagBag from /opt/airflow/dags/etl_sederhana_25_572885_PPA_07200.py
[2026-09-17T17:45:39.802+0000] {processor.py:925} INFO - DAG(s) 'etl_sederhana_25_572885_PPA_07200' retrieved from /opt/airflow/dags/etl_sederhana_25_572885_PPA_07200.py
[2026-09-17T17:45:39.817+0000] {logging_mixin.py:190} INFO - [2026-09-17T17:45:39.817+0000] {dag.py:3239} INFO - Sync 1 DAGs
[2026-09-17T17:45:39.832+0000] {logging_mixin.py:190} INFO - [2026-09-17T17:45:39.832+0000] {dag.py:4180} INFO - Setting next_dagrun for etl_sederhana_25_572885_PPA_07200 to 2026-09-17 00:00:00+00:00, run_after=2026-09-18 00:00:00+00:00
[2026-09-17T17:45:39.858+0000] {processor.py:208} INFO - Processing /opt/airflow/dags/etl_sederhana_25_572885_PPA_07200.py took 0.650 seconds
[2026-09-17T17:46:10.064+0000] {processor.py:186} INFO - Started process (PID=4963) to work on /opt/airflow/dags/etl_sederhana_25_572885_PPA_07200.py
[2026-09-17T17:46:10.067+0000] {processor.py:914} INFO - Processing file /opt/airflow/dags/etl_sederhana_25_572885_PPA_07200.py for tasks to queue
[2026-09-17T17:46:10.071+0000] {logging_mixin.py:190} INFO - [2026-09-17T17:46:10.070+0000] {dagbag.py:588} INFO - Filling up the DagBag from /opt/airflow/dags/etl_sederhana_25_572885_PPA_07200.py
[2026-09-17T17:46:10.784+0000] {processor.py:925} INFO - DAG(s) 'etl_sederhana_25_572885_PPA_07200' retrieved from /opt/airflow/dags/etl_sederhana_25_572885_PPA_07200.py
[2026-09-17T17:46:10.798+0000] {logging_mixin.py:190} INFO - [2026-09-17T17:46:10.797+0000] {dag.py:3239} INFO - Sync 1 DAGs
[2026-09-17T17:46:10.813+0000] {logging_mixin.py:190} INFO - [2026-09-17T17:46:10.813+0000] {dag.py:4180} INFO - Setting next_dagrun for etl_sederhana_25_572885_PPA_07200 to 2026-09-17 00:00:00+00:00, run_after=2026-09-18 00:00:00+00:00
[2026-09-17T17:46:10.835+0000] {processor.py:208} INFO - Processing /opt/airflow/dags/etl_sederhana_25_572885_PPA_07200.py took 0.775 seconds
[2026-09-17T17:46:40.983+0000] {processor.py:186} INFO - Started process (PID=4973) to work on /opt/airflow/dags/etl_sederhana_25_572885_PPA_07200.py
[2026-09-17T17:46:40.985+0000] {processor.py:914} INFO - Processing file /opt/airflow/dags/etl_sederhana_25_572885_PPA_07200.py for tasks to queue
[2026-09-17T17:46:40.990+0000] {logging_mixin.py:190} INFO - [2026-09-17T17:46:40.989+0000] {dagbag.py:588} INFO - Filling up the DagBag from /opt/airflow/dags/etl_sederhana_25_572885_PPA_07200.py
[2026-09-17T17:46:41.583+0000] {processor.py:925} INFO - DAG(s) 'etl_sederhana_25_572885_PPA_07200' retrieved from /opt/airflow/dags/etl_sederhana_25_572885_PPA_07200.py
[2026-09-17T17:46:41.597+0000] {logging_mixin.py:190} INFO - [2026-09-17T17:46:41.597+0000] {dag.py:3239} INFO - Sync 1 DAGs
[2026-09-17T17:46:41.610+0000] {logging_mixin.py:190} INFO - [2026-09-17T17:46:41.610+0000] {dag.py:4180} INFO - Setting next_dagrun for etl_sederhana_25_572885_PPA_07200 to 2026-09-17 00:00:00+00:00, run_after=2026-09-18 00:00:00+00:00
[2026-09-17T17:46:41.632+0000] {processor.py:208} INFO - Processing /opt/airflow/dags/etl_sederhana_25_572885_PPA_07200.py took 0.658 seconds
[2026-09-17T17:47:11.793+0000] {processor.py:186} INFO - Started process (PID=4982) to work on /opt/airflow/dags/etl_sederhana_25_572885_PPA_07200.py
[2026-09-17T17:47:11.796+0000] {processor.py:914} INFO - Processing file /opt/airflow/dags/etl_sederhana_25_572885_PPA_07200.py for tasks to queue
[2026-09-17T17:47:11.802+0000] {logging_mixin.py:190} INFO - [2026-09-17T17:47:11.801+0000] {dagbag.py:588} INFO - Filling up the DagBag from /opt/airflow/dags/etl_sederhana_25_572885_PPA_07200.py
[2026-09-17T17:47:12.926+0000] {processor.py:925} INFO - DAG(s) 'etl_sederhana_25_572885_PPA_07200' retrieved from /opt/airflow/dags/etl_sederhana_25_572885_PPA_07200.py
[2026-09-17T17:47:12.952+0000] {logging_mixin.py:190} INFO - [2026-09-17T17:47:12.951+0000] {dag.py:3239} INFO - Sync 1 DAGs
[2026-09-17T17:47:12.981+0000] {logging_mixin.py:190} INFO - [2026-09-17T17:47:12.981+0000] {dag.py:4180} INFO - Setting next_dagrun for etl_sederhana_25_572885_PPA_07200 to 2026-09-17 00:00:00+00:00, run_after=2026-09-18 00:00:00+00:00
[2026-09-17T17:47:13.026+0000] {processor.py:208} INFO - Processing /opt/airflow/dags/etl_sederhana_25_572885_PPA_07200.py took 1.241 seconds
[2026-09-17T17:47:43.212+0000] {processor.py:186} INFO - Started process (PID=4991) to work on /opt/airflow/dags/etl_sederhana_25_572885_PPA_07200.py
[2026-09-17T17:47:43.214+0000] {processor.py:914} INFO - Processing file /opt/airflow/dags/etl_sederhana_25_572885_PPA_07200.py for tasks to queue
[2026-09-17T17:47:43.220+0000] {logging_mixin.py:190} INFO - [2026-09-17T17:47:43.219+0000] {dagbag.py:588} INFO - Filling up the DagBag from /opt/airflow/dags/etl_sederhana_25_572885_PPA_07200.py
[2026-09-17T17:47:44.137+0000] {processor.py:925} INFO - DAG(s) 'etl_sederhana_25_572885_PPA_07200' retrieved from /opt/airflow/dags/etl_sederhana_25_572885_PPA_07200.py
[2026-09-17T17:47:44.161+0000] {logging_mixin.py:190} INFO - [2026-09-17T17:47:44.160+0000] {dag.py:3239} INFO - Sync 1 DAGs
[2026-09-17T17:47:44.186+0000] {logging_mixin.py:190} INFO - [2026-09-17T17:47:44.186+0000] {dag.py:4180} INFO - Setting next_dagrun for etl_sederhana_25_572885_PPA_07200 to 2026-09-17 00:00:00+00:00, run_after=2026-09-18 00:00:00+00:00
[2026-09-17T17:47:44.219+0000] {processor.py:208} INFO - Processing /opt/airflow/dags/etl_sederhana_25_572885_PPA_07200.py took 1.013 seconds
[2026-09-17T17:48:14.466+0000] {processor.py:186} INFO - Started process (PID=5000) to work on /opt/airflow/dags/etl_sederhana_25_572885_PPA_07200.py
[2026-09-17T17:48:14.470+0000] {processor.py:914} INFO - Processing file /opt/airflow/dags/etl_sederhana_25_572885_PPA_07200.py for tasks to queue
[2026-09-17T17:48:14.476+0000] {logging_mixin.py:190} INFO - [2026-09-17T17:48:14.476+0000] {dagbag.py:588} INFO - Filling up the DagBag from /opt/airflow/dags/etl_sederhana_25_572885_PPA_07200.py
[2026-09-17T17:48:15.729+0000] {processor.py:925} INFO - DAG(s) 'etl_sederhana_25_572885_PPA_07200' retrieved from /opt/airflow/dags/etl_sederhana_25_572885_PPA_07200.py
[2026-09-17T17:48:15.767+0000] {logging_mixin.py:190} INFO - [2026-09-17T17:48:15.766+0000] {dag.py:3239} INFO - Sync 1 DAGs
[2026-09-17T17:48:15.809+0000] {logging_mixin.py:190} INFO - [2026-09-17T17:48:15.808+0000] {dag.py:4180} INFO - Setting next_dagrun for etl_sederhana_25_572885_PPA_07200 to 2026-09-17 00:00:00+00:00, run_after=2026-09-18 00:00:00+00:00
[2026-09-17T17:48:16.025+0000] {processor.py:208} INFO - Processing /opt/airflow/dags/etl_sederhana_25_572885_PPA_07200.py took 1.573 seconds
[2026-09-17T17:48:46.300+0000] {processor.py:186} INFO - Started process (PID=5009) to work on /opt/airflow/dags/etl_sederhana_25_572885_PPA_07200.py
[2026-09-17T17:48:46.302+0000] {processor.py:914} INFO - Processing file /opt/airflow/dags/etl_sederhana_25_572885_PPA_07200.py for tasks to queue
[2026-09-17T17:48:46.307+0000] {logging_mixin.py:190} INFO - [2026-09-17T17:48:46.306+0000] {dagbag.py:588} INFO - Filling up the DagBag from /opt/airflow/dags/etl_sederhana_25_572885_PPA_07200.py
[2026-09-17T17:48:47.442+0000] {processor.py:925} INFO - DAG(s) 'etl_sederhana_25_572885_PPA_07200' retrieved from /opt/airflow/dags/etl_sederhana_25_572885_PPA_07200.py
[2026-09-17T17:48:47.486+0000] {logging_mixin.py:190} INFO - [2026-09-17T17:48:47.485+0000] {dag.py:3239} INFO - Sync 1 DAGs
[2026-09-17T17:48:47.726+0000] {logging_mixin.py:190} INFO - [2026-09-17T17:48:47.725+0000] {dag.py:4180} INFO - Setting next_dagrun for etl_sederhana_25_572885_PPA_07200 to 2026-09-17 00:00:00+00:00, run_after=2026-09-18 00:00:00+00:00
[2026-09-17T17:48:47.791+0000] {processor.py:208} INFO - Processing /opt/airflow/dags/etl_sederhana_25_572885_PPA_07200.py took 1.499 seconds
[2026-09-17T17:49:18.092+0000] {processor.py:186} INFO - Started process (PID=5018) to work on /opt/airflow/dags/etl_sederhana_25_572885_PPA_07200.py
[2026-09-17T17:49:18.095+0000] {processor.py:914} INFO - Processing file /opt/airflow/dags/etl_sederhana_25_572885_PPA_07200.py for tasks to queue
[2026-09-17T17:49:18.101+0000] {logging_mixin.py:190} INFO - [2026-09-17T17:49:18.100+0000] {dagbag.py:588} INFO - Filling up the DagBag from /opt/airflow/dags/etl_sederhana_25_572885_PPA_07200.py
[2026-09-17T17:49:18.836+0000] {processor.py:925} INFO - DAG(s) 'etl_sederhana_25_572885_PPA_07200' retrieved from /opt/airflow/dags/etl_sederhana_25_572885_PPA_07200.py
[2026-09-17T17:49:18.854+0000] {logging_mixin.py:190} INFO - [2026-09-17T17:49:18.854+0000] {dag.py:3239} INFO - Sync 1 DAGs
[2026-09-17T17:49:18.878+0000] {logging_mixin.py:190} INFO - [2026-09-17T17:49:18.877+0000] {dag.py:4180} INFO - Setting next_dagrun for etl_sederhana_25_572885_PPA_07200 to 2026-09-17 00:00:00+00:00, run_after=2026-09-18 00:00:00+00:00
[2026-09-17T17:49:18.922+0000] {processor.py:208} INFO - Processing /opt/airflow/dags/etl_sederhana_25_572885_PPA_07200.py took 0.836 seconds
[2026-09-17T17:49:49.111+0000] {processor.py:186} INFO - Started process (PID=5027) to work on /opt/airflow/dags/etl_sederhana_25_572885_PPA_07200.py
[2026-09-17T17:49:49.113+0000] {processor.py:914} INFO - Processing file /opt/airflow/dags/etl_sederhana_25_572885_PPA_07200.py for tasks to queue
[2026-09-17T17:49:49.116+0000] {logging_mixin.py:190} INFO - [2026-09-17T17:49:49.116+0000] {dagbag.py:588} INFO - Filling up the DagBag from /opt/airflow/dags/etl_sederhana_25_572885_PPA_07200.py
[2026-09-17T17:49:50.087+0000] {processor.py:925} INFO - DAG(s) 'etl_sederhana_25_572885_PPA_07200' retrieved from /opt/airflow/dags/etl_sederhana_25_572885_PPA_07200.py
[2026-09-17T17:49:50.111+0000] {logging_mixin.py:190} INFO - [2026-09-17T17:49:50.111+0000] {dag.py:3239} INFO - Sync 1 DAGs
[2026-09-17T17:49:50.141+0000] {logging_mixin.py:190} INFO - [2026-09-17T17:49:50.140+0000] {dag.py:4180} INFO - Setting next_dagrun for etl_sederhana_25_572885_PPA_07200 to 2026-09-17 00:00:00+00:00, run_after=2026-09-18 00:00:00+00:00
[2026-09-17T17:49:50.176+0000] {processor.py:208} INFO - Processing /opt/airflow/dags/etl_sederhana_25_572885_PPA_07200.py took 1.070 seconds
[2026-09-17T17:50:20.331+0000] {processor.py:186} INFO - Started process (PID=5036) to work on /opt/airflow/dags/etl_sederhana_25_572885_PPA_07200.py
[2026-09-17T17:50:20.334+0000] {processor.py:914} INFO - Processing file /opt/airflow/dags/etl_sederhana_25_572885_PPA_07200.py for tasks to queue
[2026-09-17T17:50:20.342+0000] {logging_mixin.py:190} INFO - [2026-09-17T17:50:20.342+0000] {dagbag.py:588} INFO - Filling up the DagBag from /opt/airflow/dags/etl_sederhana_25_572885_PPA_07200.py
[2026-09-17T17:50:21.102+0000] {processor.py:925} INFO - DAG(s) 'etl_sederhana_25_572885_PPA_07200' retrieved from /opt/airflow/dags/etl_sederhana_25_572885_PPA_07200.py
[2026-09-17T17:50:21.132+0000] {logging_mixin.py:190} INFO - [2026-09-17T17:50:21.132+0000] {dag.py:3239} INFO - Sync 1 DAGs
[2026-09-17T17:50:21.159+0000] {logging_mixin.py:190} INFO - [2026-09-17T17:50:21.158+0000] {dag.py:4180} INFO - Setting next_dagrun for etl_sederhana_25_572885_PPA_07200 to 2026-09-17 00:00:00+00:00, run_after=2026-09-18 00:00:00+00:00
[2026-09-17T17:50:21.193+0000] {processor.py:208} INFO - Processing /opt/airflow/dags/etl_sederhana_25_572885_PPA_07200.py took 0.867 seconds
[2026-09-17T17:50:51.368+0000] {processor.py:186} INFO - Started process (PID=5045) to work on /opt/airflow/dags/etl_sederhana_25_572885_PPA_07200.py
[2026-09-17T17:50:51.371+0000] {processor.py:914} INFO - Processing file /opt/airflow/dags/etl_sederhana_25_572885_PPA_07200.py for tasks to queue
[2026-09-17T17:50:51.376+0000] {logging_mixin.py:190} INFO - [2026-09-17T17:50:51.376+0000] {dagbag.py:588} INFO - Filling up the DagBag from /opt/airflow/dags/etl_sederhana_25_572885_PPA_07200.py
[2026-09-17T17:50:52.279+0000] {processor.py:925} INFO - DAG(s) 'etl_sederhana_25_572885_PPA_07200' retrieved from /opt/airflow/dags/etl_sederhana_25_572885_PPA_07200.py
[2026-09-17T17:50:52.301+0000] {logging_mixin.py:190} INFO - [2026-09-17T17:50:52.300+0000] {dag.py:3239} INFO - Sync 1 DAGs
[2026-09-17T17:50:52.324+0000] {logging_mixin.py:190} INFO - [2026-09-17T17:50:52.324+0000] {dag.py:4180} INFO - Setting next_dagrun for etl_sederhana_25_572885_PPA_07200 to 2026-09-17 00:00:00+00:00, run_after=2026-09-18 00:00:00+00:00
[2026-09-17T17:50:52.359+0000] {processor.py:208} INFO - Processing /opt/airflow/dags/etl_sederhana_25_572885_PPA_07200.py took 1.000 seconds
[2026-09-17T17:51:22.587+0000] {processor.py:186} INFO - Started process (PID=5054) to work on /opt/airflow/dags/etl_sederhana_25_572885_PPA_07200.py
[2026-09-17T17:51:22.589+0000] {processor.py:914} INFO - Processing file /opt/airflow/dags/etl_sederhana_25_572885_PPA_07200.py for tasks to queue
[2026-09-17T17:51:22.594+0000] {logging_mixin.py:190} INFO - [2026-09-17T17:51:22.593+0000] {dagbag.py:588} INFO - Filling up the DagBag from /opt/airflow/dags/etl_sederhana_25_572885_PPA_07200.py
[2026-09-17T17:51:23.426+0000] {processor.py:925} INFO - DAG(s) 'etl_sederhana_25_572885_PPA_07200' retrieved from /opt/airflow/dags/etl_sederhana_25_572885_PPA_07200.py
[2026-09-17T17:51:23.448+0000] {logging_mixin.py:190} INFO - [2026-09-17T17:51:23.447+0000] {dag.py:3239} INFO - Sync 1 DAGs
[2026-09-17T17:51:23.470+0000] {logging_mixin.py:190} INFO - [2026-09-17T17:51:23.470+0000] {dag.py:4180} INFO - Setting next_dagrun for etl_sederhana_25_572885_PPA_07200 to 2026-09-17 00:00:00+00:00, run_after=2026-09-18 00:00:00+00:00
[2026-09-17T17:51:23.607+0000] {processor.py:208} INFO - Processing /opt/airflow/dags/etl_sederhana_25_572885_PPA_07200.py took 1.029 seconds
[2026-09-17T17:51:53.834+0000] {processor.py:186} INFO - Started process (PID=5063) to work on /opt/airflow/dags/etl_sederhana_25_572885_PPA_07200.py
[2026-09-17T17:51:53.838+0000] {processor.py:914} INFO - Processing file /opt/airflow/dags/etl_sederhana_25_572885_PPA_07200.py for tasks to queue
[2026-09-17T17:51:53.843+0000] {logging_mixin.py:190} INFO - [2026-09-17T17:51:53.843+0000] {dagbag.py:588} INFO - Filling up the DagBag from /opt/airflow/dags/etl_sederhana_25_572885_PPA_07200.py
[2026-09-17T17:51:54.804+0000] {processor.py:925} INFO - DAG(s) 'etl_sederhana_25_572885_PPA_07200' retrieved from /opt/airflow/dags/etl_sederhana_25_572885_PPA_07200.py
[2026-09-17T17:51:54.822+0000] {logging_mixin.py:190} INFO - [2026-09-17T17:51:54.822+0000] {dag.py:3239} INFO - Sync 1 DAGs
[2026-09-17T17:51:54.963+0000] {logging_mixin.py:190} INFO - [2026-09-17T17:51:54.963+0000] {dag.py:4180} INFO - Setting next_dagrun for etl_sederhana_25_572885_PPA_07200 to 2026-09-17 00:00:00+00:00, run_after=2026-09-18 00:00:00+00:00
[2026-09-17T17:51:54.994+0000] {processor.py:208} INFO - Processing /opt/airflow/dags/etl_sederhana_25_572885_PPA_07200.py took 1.168 seconds
[2026-09-17T17:52:25.157+0000] {processor.py:186} INFO - Started process (PID=5079) to work on /opt/airflow/dags/etl_sederhana_25_572885_PPA_07200.py
[2026-09-17T17:52:25.159+0000] {processor.py:914} INFO - Processing file /opt/airflow/dags/etl_sederhana_25_572885_PPA_07200.py for tasks to queue
[2026-09-17T17:52:25.165+0000] {logging_mixin.py:190} INFO - [2026-09-17T17:52:25.164+0000] {dagbag.py:588} INFO - Filling up the DagBag from /opt/airflow/dags/etl_sederhana_25_572885_PPA_07200.py
[2026-09-17T17:52:26.238+0000] {processor.py:925} INFO - DAG(s) 'etl_sederhana_25_572885_PPA_07200' retrieved from /opt/airflow/dags/etl_sederhana_25_572885_PPA_07200.py
[2026-09-17T17:52:26.256+0000] {logging_mixin.py:190} INFO - [2026-09-17T17:52:26.256+0000] {dag.py:3239} INFO - Sync 1 DAGs
[2026-09-17T17:52:26.276+0000] {logging_mixin.py:190} INFO - [2026-09-17T17:52:26.276+0000] {dag.py:4180} INFO - Setting next_dagrun for etl_sederhana_25_572885_PPA_07200 to 2026-09-17 00:00:00+00:00, run_after=2026-09-18 00:00:00+00:00
[2026-09-17T17:52:26.313+0000] {processor.py:208} INFO - Processing /opt/airflow/dags/etl_sederhana_25_572885_PPA_07200.py took 1.163 seconds
[2026-09-17T17:52:56.544+0000] {processor.py:186} INFO - Started process (PID=5088) to work on /opt/airflow/dags/etl_sederhana_25_572885_PPA_07200.py
[2026-09-17T17:52:56.549+0000] {processor.py:914} INFO - Processing file /opt/airflow/dags/etl_sederhana_25_572885_PPA_07200.py for tasks to queue
[2026-09-17T17:52:56.558+0000] {logging_mixin.py:190} INFO - [2026-09-17T17:52:56.557+0000] {dagbag.py:588} INFO - Filling up the DagBag from /opt/airflow/dags/etl_sederhana_25_572885_PPA_07200.py
[2026-09-17T17:52:58.208+0000] {processor.py:925} INFO - DAG(s) 'etl_sederhana_25_572885_PPA_07200' retrieved from /opt/airflow/dags/etl_sederhana_25_572885_PPA_07200.py
[2026-09-17T17:52:58.251+0000] {logging_mixin.py:190} INFO - [2026-09-17T17:52:58.249+0000] {dag.py:3239} INFO - Sync 1 DAGs
[2026-09-17T17:52:58.285+0000] {logging_mixin.py:190} INFO - [2026-09-17T17:52:58.285+0000] {dag.py:4180} INFO - Setting next_dagrun for etl_sederhana_25_572885_PPA_07200 to 2026-09-17 00:00:00+00:00, run_after=2026-09-18 00:00:00+00:00
[2026-09-17T17:52:58.330+0000] {processor.py:208} INFO - Processing /opt/airflow/dags/etl_sederhana_25_572885_PPA_07200.py took 1.796 seconds
[2026-09-17T17:53:28.615+0000] {processor.py:186} INFO - Started process (PID=5098) to work on /opt/airflow/dags/etl_sederhana_25_572885_PPA_07200.py
[2026-09-17T17:53:28.619+0000] {processor.py:914} INFO - Processing file /opt/airflow/dags/etl_sederhana_25_572885_PPA_07200.py for tasks to queue
[2026-09-17T17:53:28.626+0000] {logging_mixin.py:190} INFO - [2026-09-17T17:53:28.625+0000] {dagbag.py:588} INFO - Filling up the DagBag from /opt/airflow/dags/etl_sederhana_25_572885_PPA_07200.py
[2026-09-17T17:53:30.091+0000] {processor.py:925} INFO - DAG(s) 'etl_sederhana_25_572885_PPA_07200' retrieved from /opt/airflow/dags/etl_sederhana_25_572885_PPA_07200.py
[2026-09-17T17:53:30.123+0000] {logging_mixin.py:190} INFO - [2026-09-17T17:53:30.123+0000] {dag.py:3239} INFO - Sync 1 DAGs
[2026-09-17T17:53:30.158+0000] {logging_mixin.py:190} INFO - [2026-09-17T17:53:30.157+0000] {dag.py:4180} INFO - Setting next_dagrun for etl_sederhana_25_572885_PPA_07200 to 2026-09-17 00:00:00+00:00, run_after=2026-09-18 00:00:00+00:00
[2026-09-17T17:53:30.202+0000] {processor.py:208} INFO - Processing /opt/airflow/dags/etl_sederhana_25_572885_PPA_07200.py took 1.603 seconds
[2026-09-17T17:54:00.465+0000] {processor.py:186} INFO - Started process (PID=5108) to work on /opt/airflow/dags/etl_sederhana_25_572885_PPA_07200.py
[2026-09-17T17:54:00.470+0000] {processor.py:914} INFO - Processing file /opt/airflow/dags/etl_sederhana_25_572885_PPA_07200.py for tasks to queue
[2026-09-17T17:54:00.477+0000] {logging_mixin.py:190} INFO - [2026-09-17T17:54:00.476+0000] {dagbag.py:588} INFO - Filling up the DagBag from /opt/airflow/dags/etl_sederhana_25_572885_PPA_07200.py
[2026-09-17T17:54:01.935+0000] {processor.py:925} INFO - DAG(s) 'etl_sederhana_25_572885_PPA_07200' retrieved from /opt/airflow/dags/etl_sederhana_25_572885_PPA_07200.py
[2026-09-17T17:54:01.959+0000] {logging_mixin.py:190} INFO - [2026-09-17T17:54:01.959+0000] {dag.py:3239} INFO - Sync 1 DAGs
[2026-09-17T17:54:01.988+0000] {logging_mixin.py:190} INFO - [2026-09-17T17:54:01.988+0000] {dag.py:4180} INFO - Setting next_dagrun for etl_sederhana_25_572885_PPA_07200 to 2026-09-17 00:00:00+00:00, run_after=2026-09-18 00:00:00+00:00
[2026-09-17T17:54:02.027+0000] {processor.py:208} INFO - Processing /opt/airflow/dags/etl_sederhana_25_572885_PPA_07200.py took 1.574 seconds
[2026-09-17T17:54:32.402+0000] {processor.py:186} INFO - Started process (PID=5117) to work on /opt/airflow/dags/etl_sederhana_25_572885_PPA_07200.py
[2026-09-17T17:54:32.407+0000] {processor.py:914} INFO - Processing file /opt/airflow/dags/etl_sederhana_25_572885_PPA_07200.py for tasks to queue
[2026-09-17T17:54:32.415+0000] {logging_mixin.py:190} INFO - [2026-09-17T17:54:32.414+0000] {dagbag.py:588} INFO - Filling up the DagBag from /opt/airflow/dags/etl_sederhana_25_572885_PPA_07200.py
[2026-09-17T17:54:33.828+0000] {processor.py:925} INFO - DAG(s) 'etl_sederhana_25_572885_PPA_07200' retrieved from /opt/airflow/dags/etl_sederhana_25_572885_PPA_07200.py
[2026-09-17T17:54:33.865+0000] {logging_mixin.py:190} INFO - [2026-09-17T17:54:33.864+0000] {dag.py:3239} INFO - Sync 1 DAGs
[2026-09-17T17:54:33.901+0000] {logging_mixin.py:190} INFO - [2026-09-17T17:54:33.901+0000] {dag.py:4180} INFO - Setting next_dagrun for etl_sederhana_25_572885_PPA_07200 to 2026-09-17 00:00:00+00:00, run_after=2026-09-18 00:00:00+00:00
[2026-09-17T17:54:34.141+0000] {processor.py:208} INFO - Processing /opt/airflow/dags/etl_sederhana_25_572885_PPA_07200.py took 1.750 seconds
[2026-09-17T17:55:04.438+0000] {processor.py:186} INFO - Started process (PID=5126) to work on /opt/airflow/dags/etl_sederhana_25_572885_PPA_07200.py
[2026-09-17T17:55:04.441+0000] {processor.py:914} INFO - Processing file /opt/airflow/dags/etl_sederhana_25_572885_PPA_07200.py for tasks to queue
[2026-09-17T17:55:04.446+0000] {logging_mixin.py:190} INFO - [2026-09-17T17:55:04.445+0000] {dagbag.py:588} INFO - Filling up the DagBag from /opt/airflow/dags/etl_sederhana_25_572885_PPA_07200.py
[2026-09-17T17:55:05.203+0000] {processor.py:925} INFO - DAG(s) 'etl_sederhana_25_572885_PPA_07200' retrieved from /opt/airflow/dags/etl_sederhana_25_572885_PPA_07200.py
[2026-09-17T17:55:05.223+0000] {logging_mixin.py:190} INFO - [2026-09-17T17:55:05.222+0000] {dag.py:3239} INFO - Sync 1 DAGs
[2026-09-17T17:55:05.323+0000] {logging_mixin.py:190} INFO - [2026-09-17T17:55:05.323+0000] {dag.py:4180} INFO - Setting next_dagrun for etl_sederhana_25_572885_PPA_07200 to 2026-09-17 00:00:00+00:00, run_after=2026-09-18 00:00:00+00:00
[2026-09-17T17:55:05.337+0000] {processor.py:208} INFO - Processing /opt/airflow/dags/etl_sederhana_25_572885_PPA_07200.py took 0.905 seconds
[2026-09-17T17:55:35.543+0000] {processor.py:186} INFO - Started process (PID=5135) to work on /opt/airflow/dags/etl_sederhana_25_572885_PPA_07200.py
[2026-09-17T17:55:35.546+0000] {processor.py:914} INFO - Processing file /opt/airflow/dags/etl_sederhana_25_572885_PPA_07200.py for tasks to queue
[2026-09-17T17:55:35.550+0000] {logging_mixin.py:190} INFO - [2026-09-17T17:55:35.549+0000] {dagbag.py:588} INFO - Filling up the DagBag from /opt/airflow/dags/etl_sederhana_25_572885_PPA_07200.py
[2026-09-17T17:55:36.313+0000] {processor.py:925} INFO - DAG(s) 'etl_sederhana_25_572885_PPA_07200' retrieved from /opt/airflow/dags/etl_sederhana_25_572885_PPA_07200.py
[2026-09-17T17:55:36.329+0000] {logging_mixin.py:190} INFO - [2026-09-17T17:55:36.328+0000] {dag.py:3239} INFO - Sync 1 DAGs
[2026-09-17T17:55:36.345+0000] {logging_mixin.py:190} INFO - [2026-09-17T17:55:36.345+0000] {dag.py:4180} INFO - Setting next_dagrun for etl_sederhana_25_572885_PPA_07200 to 2026-09-17 00:00:00+00:00, run_after=2026-09-18 00:00:00+00:00
[2026-09-17T17:55:36.362+0000] {processor.py:208} INFO - Processing /opt/airflow/dags/etl_sederhana_25_572885_PPA_07200.py took 0.827 seconds
[2026-09-17T17:56:06.532+0000] {processor.py:186} INFO - Started process (PID=5144) to work on /opt/airflow/dags/etl_sederhana_25_572885_PPA_07200.py
[2026-09-17T17:56:06.535+0000] {processor.py:914} INFO - Processing file /opt/airflow/dags/etl_sederhana_25_572885_PPA_07200.py for tasks to queue
[2026-09-17T17:56:06.538+0000] {logging_mixin.py:190} INFO - [2026-09-17T17:56:06.537+0000] {dagbag.py:588} INFO - Filling up the DagBag from /opt/airflow/dags/etl_sederhana_25_572885_PPA_07200.py
[2026-09-17T17:56:07.169+0000] {processor.py:925} INFO - DAG(s) 'etl_sederhana_25_572885_PPA_07200' retrieved from /opt/airflow/dags/etl_sederhana_25_572885_PPA_07200.py
[2026-09-17T17:56:07.181+0000] {logging_mixin.py:190} INFO - [2026-09-17T17:56:07.181+0000] {dag.py:3239} INFO - Sync 1 DAGs
[2026-09-17T17:56:07.195+0000] {logging_mixin.py:190} INFO - [2026-09-17T17:56:07.195+0000] {dag.py:4180} INFO - Setting next_dagrun for etl_sederhana_25_572885_PPA_07200 to 2026-09-17 00:00:00+00:00, run_after=2026-09-18 00:00:00+00:00
[2026-09-17T17:56:07.212+0000] {processor.py:208} INFO - Processing /opt/airflow/dags/etl_sederhana_25_572885_PPA_07200.py took 0.684 seconds
[2026-09-17T17:56:37.419+0000] {processor.py:186} INFO - Started process (PID=5153) to work on /opt/airflow/dags/etl_sederhana_25_572885_PPA_07200.py
[2026-09-17T17:56:37.421+0000] {processor.py:914} INFO - Processing file /opt/airflow/dags/etl_sederhana_25_572885_PPA_07200.py for tasks to queue
[2026-09-17T17:56:37.429+0000] {logging_mixin.py:190} INFO - [2026-09-17T17:56:37.428+0000] {dagbag.py:588} INFO - Filling up the DagBag from /opt/airflow/dags/etl_sederhana_25_572885_PPA_07200.py
[2026-09-17T17:56:38.265+0000] {processor.py:925} INFO - DAG(s) 'etl_sederhana_25_572885_PPA_07200' retrieved from /opt/airflow/dags/etl_sederhana_25_572885_PPA_07200.py
[2026-09-17T17:56:38.284+0000] {logging_mixin.py:190} INFO - [2026-09-17T17:56:38.283+0000] {dag.py:3239} INFO - Sync 1 DAGs
[2026-09-17T17:56:38.300+0000] {logging_mixin.py:190} INFO - [2026-09-17T17:56:38.300+0000] {dag.py:4180} INFO - Setting next_dagrun for etl_sederhana_25_572885_PPA_07200 to 2026-09-17 00:00:00+00:00, run_after=2026-09-18 00:00:00+00:00
[2026-09-17T17:56:38.317+0000] {processor.py:208} INFO - Processing /opt/airflow/dags/etl_sederhana_25_572885_PPA_07200.py took 0.906 seconds
[2026-09-17T17:57:08.491+0000] {processor.py:186} INFO - Started process (PID=5162) to work on /opt/airflow/dags/etl_sederhana_25_572885_PPA_07200.py
[2026-09-17T17:57:08.495+0000] {processor.py:914} INFO - Processing file /opt/airflow/dags/etl_sederhana_25_572885_PPA_07200.py for tasks to queue
[2026-09-17T17:57:08.499+0000] {logging_mixin.py:190} INFO - [2026-09-17T17:57:08.499+0000] {dagbag.py:588} INFO - Filling up the DagBag from /opt/airflow/dags/etl_sederhana_25_572885_PPA_07200.py
[2026-09-17T17:57:09.334+0000] {processor.py:925} INFO - DAG(s) 'etl_sederhana_25_572885_PPA_07200' retrieved from /opt/airflow/dags/etl_sederhana_25_572885_PPA_07200.py
[2026-09-17T17:57:09.346+0000] {logging_mixin.py:190} INFO - [2026-09-17T17:57:09.345+0000] {dag.py:3239} INFO - Sync 1 DAGs
[2026-09-17T17:57:09.358+0000] {logging_mixin.py:190} INFO - [2026-09-17T17:57:09.358+0000] {dag.py:4180} INFO - Setting next_dagrun for etl_sederhana_25_572885_PPA_07200 to 2026-09-17 00:00:00+00:00, run_after=2026-09-18 00:00:00+00:00
[2026-09-17T17:57:09.374+0000] {processor.py:208} INFO - Processing /opt/airflow/dags/etl_sederhana_25_572885_PPA_07200.py took 0.887 seconds
[2026-09-17T17:57:39.503+0000] {processor.py:186} INFO - Started process (PID=5171) to work on /opt/airflow/dags/etl_sederhana_25_572885_PPA_07200.py
[2026-09-17T17:57:39.504+0000] {processor.py:914} INFO - Processing file /opt/airflow/dags/etl_sederhana_25_572885_PPA_07200.py for tasks to queue
[2026-09-17T17:57:39.507+0000] {logging_mixin.py:190} INFO - [2026-09-17T17:57:39.507+0000] {dagbag.py:588} INFO - Filling up the DagBag from /opt/airflow/dags/etl_sederhana_25_572885_PPA_07200.py
[2026-09-17T17:57:40.169+0000] {processor.py:925} INFO - DAG(s) 'etl_sederhana_25_572885_PPA_07200' retrieved from /opt/airflow/dags/etl_sederhana_25_572885_PPA_07200.py
[2026-09-17T17:57:40.182+0000] {logging_mixin.py:190} INFO - [2026-09-17T17:57:40.181+0000] {dag.py:3239} INFO - Sync 1 DAGs
[2026-09-17T17:57:40.194+0000] {logging_mixin.py:190} INFO - [2026-09-17T17:57:40.194+0000] {dag.py:4180} INFO - Setting next_dagrun for etl_sederhana_25_572885_PPA_07200 to 2026-09-17 00:00:00+00:00, run_after=2026-09-18 00:00:00+00:00
[2026-09-17T17:57:40.211+0000] {processor.py:208} INFO - Processing /opt/airflow/dags/etl_sederhana_25_572885_PPA_07200.py took 0.713 seconds
[2026-09-17T17:58:10.407+0000] {processor.py:186} INFO - Started process (PID=5180) to work on /opt/airflow/dags/etl_sederhana_25_572885_PPA_07200.py
[2026-09-17T17:58:10.409+0000] {processor.py:914} INFO - Processing file /opt/airflow/dags/etl_sederhana_25_572885_PPA_07200.py for tasks to queue
[2026-09-17T17:58:10.414+0000] {logging_mixin.py:190} INFO - [2026-09-17T17:58:10.413+0000] {dagbag.py:588} INFO - Filling up the DagBag from /opt/airflow/dags/etl_sederhana_25_572885_PPA_07200.py
[2026-09-17T17:58:11.003+0000] {processor.py:925} INFO - DAG(s) 'etl_sederhana_25_572885_PPA_07200' retrieved from /opt/airflow/dags/etl_sederhana_25_572885_PPA_07200.py
[2026-09-17T17:58:11.016+0000] {logging_mixin.py:190} INFO - [2026-09-17T17:58:11.016+0000] {dag.py:3239} INFO - Sync 1 DAGs
[2026-09-17T17:58:11.147+0000] {logging_mixin.py:190} INFO - [2026-09-17T17:58:11.147+0000] {dag.py:4180} INFO - Setting next_dagrun for etl_sederhana_25_572885_PPA_07200 to 2026-09-17 00:00:00+00:00, run_after=2026-09-18 00:00:00+00:00
[2026-09-17T17:58:11.178+0000] {processor.py:208} INFO - Processing /opt/airflow/dags/etl_sederhana_25_572885_PPA_07200.py took 0.777 seconds
[2026-09-17T17:58:41.478+0000] {processor.py:186} INFO - Started process (PID=5189) to work on /opt/airflow/dags/etl_sederhana_25_572885_PPA_07200.py
[2026-09-17T17:58:41.480+0000] {processor.py:914} INFO - Processing file /opt/airflow/dags/etl_sederhana_25_572885_PPA_07200.py for tasks to queue
[2026-09-17T17:58:41.483+0000] {logging_mixin.py:190} INFO - [2026-09-17T17:58:41.483+0000] {dagbag.py:588} INFO - Filling up the DagBag from /opt/airflow/dags/etl_sederhana_25_572885_PPA_07200.py
[2026-09-17T17:58:42.248+0000] {processor.py:925} INFO - DAG(s) 'etl_sederhana_25_572885_PPA_07200' retrieved from /opt/airflow/dags/etl_sederhana_25_572885_PPA_07200.py
[2026-09-17T17:58:42.265+0000] {logging_mixin.py:190} INFO - [2026-09-17T17:58:42.265+0000] {dag.py:3239} INFO - Sync 1 DAGs
[2026-09-17T17:58:42.283+0000] {logging_mixin.py:190} INFO - [2026-09-17T17:58:42.283+0000] {dag.py:4180} INFO - Setting next_dagrun for etl_sederhana_25_572885_PPA_07200 to 2026-09-17 00:00:00+00:00, run_after=2026-09-18 00:00:00+00:00
[2026-09-17T17:58:42.301+0000] {processor.py:208} INFO - Processing /opt/airflow/dags/etl_sederhana_25_572885_PPA_07200.py took 0.833 seconds
[2026-09-17T17:59:12.514+0000] {processor.py:186} INFO - Started process (PID=5198) to work on /opt/airflow/dags/etl_sederhana_25_572885_PPA_07200.py
[2026-09-17T17:59:12.516+0000] {processor.py:914} INFO - Processing file /opt/airflow/dags/etl_sederhana_25_572885_PPA_07200.py for tasks to queue
[2026-09-17T17:59:12.519+0000] {logging_mixin.py:190} INFO - [2026-09-17T17:59:12.518+0000] {dagbag.py:588} INFO - Filling up the DagBag from /opt/airflow/dags/etl_sederhana_25_572885_PPA_07200.py
[2026-09-17T17:59:13.174+0000] {processor.py:925} INFO - DAG(s) 'etl_sederhana_25_572885_PPA_07200' retrieved from /opt/airflow/dags/etl_sederhana_25_572885_PPA_07200.py
[2026-09-17T17:59:13.188+0000] {logging_mixin.py:190} INFO - [2026-09-17T17:59:13.188+0000] {dag.py:3239} INFO - Sync 1 DAGs
[2026-09-17T17:59:13.202+0000] {logging_mixin.py:190} INFO - [2026-09-17T17:59:13.201+0000] {dag.py:4180} INFO - Setting next_dagrun for etl_sederhana_25_572885_PPA_07200 to 2026-09-17 00:00:00+00:00, run_after=2026-09-18 00:00:00+00:00
[2026-09-17T17:59:13.219+0000] {processor.py:208} INFO - Processing /opt/airflow/dags/etl_sederhana_25_572885_PPA_07200.py took 0.712 seconds
[2026-09-17T17:59:43.417+0000] {processor.py:186} INFO - Started process (PID=5207) to work on /opt/airflow/dags/etl_sederhana_25_572885_PPA_07200.py
[2026-09-17T17:59:43.420+0000] {processor.py:914} INFO - Processing file /opt/airflow/dags/etl_sederhana_25_572885_PPA_07200.py for tasks to queue
[2026-09-17T17:59:43.424+0000] {logging_mixin.py:190} INFO - [2026-09-17T17:59:43.423+0000] {dagbag.py:588} INFO - Filling up the DagBag from /opt/airflow/dags/etl_sederhana_25_572885_PPA_07200.py
[2026-09-17T17:59:44.124+0000] {processor.py:925} INFO - DAG(s) 'etl_sederhana_25_572885_PPA_07200' retrieved from /opt/airflow/dags/etl_sederhana_25_572885_PPA_07200.py
[2026-09-17T17:59:44.137+0000] {logging_mixin.py:190} INFO - [2026-09-17T17:59:44.137+0000] {dag.py:3239} INFO - Sync 1 DAGs
[2026-09-17T17:59:44.150+0000] {logging_mixin.py:190} INFO - [2026-09-17T17:59:44.150+0000] {dag.py:4180} INFO - Setting next_dagrun for etl_sederhana_25_572885_PPA_07200 to 2026-09-17 00:00:00+00:00, run_after=2026-09-18 00:00:00+00:00
[2026-09-17T17:59:44.165+0000] {processor.py:208} INFO - Processing /opt/airflow/dags/etl_sederhana_25_572885_PPA_07200.py took 0.753 seconds
[2026-09-17T18:00:14.310+0000] {processor.py:186} INFO - Started process (PID=5216) to work on /opt/airflow/dags/etl_sederhana_25_572885_PPA_07200.py
[2026-09-17T18:00:14.313+0000] {processor.py:914} INFO - Processing file /opt/airflow/dags/etl_sederhana_25_572885_PPA_07200.py for tasks to queue
[2026-09-17T18:00:14.317+0000] {logging_mixin.py:190} INFO - [2026-09-17T18:00:14.316+0000] {dagbag.py:588} INFO - Filling up the DagBag from /opt/airflow/dags/etl_sederhana_25_572885_PPA_07200.py
[2026-09-17T18:00:14.923+0000] {processor.py:925} INFO - DAG(s) 'etl_sederhana_25_572885_PPA_07200' retrieved from /opt/airflow/dags/etl_sederhana_25_572885_PPA_07200.py
[2026-09-17T18:00:14.935+0000] {logging_mixin.py:190} INFO - [2026-09-17T18:00:14.934+0000] {dag.py:3239} INFO - Sync 1 DAGs
[2026-09-17T18:00:14.948+0000] {logging_mixin.py:190} INFO - [2026-09-17T18:00:14.948+0000] {dag.py:4180} INFO - Setting next_dagrun for etl_sederhana_25_572885_PPA_07200 to 2026-09-17 00:00:00+00:00, run_after=2026-09-18 00:00:00+00:00
[2026-09-17T18:00:14.966+0000] {processor.py:208} INFO - Processing /opt/airflow/dags/etl_sederhana_25_572885_PPA_07200.py took 0.667 seconds
[2026-09-17T18:00:45.092+0000] {processor.py:186} INFO - Started process (PID=5225) to work on /opt/airflow/dags/etl_sederhana_25_572885_PPA_07200.py
[2026-09-17T18:00:45.098+0000] {processor.py:914} INFO - Processing file /opt/airflow/dags/etl_sederhana_25_572885_PPA_07200.py for tasks to queue
[2026-09-17T18:00:45.109+0000] {logging_mixin.py:190} INFO - [2026-09-17T18:00:45.107+0000] {dagbag.py:588} INFO - Filling up the DagBag from /opt/airflow/dags/etl_sederhana_25_572885_PPA_07200.py
[2026-09-17T18:00:48.453+0000] {processor.py:925} INFO - DAG(s) 'etl_sederhana_25_572885_PPA_07200' retrieved from /opt/airflow/dags/etl_sederhana_25_572885_PPA_07200.py
[2026-09-17T18:00:48.519+0000] {logging_mixin.py:190} INFO - [2026-09-17T18:00:48.518+0000] {dag.py:3239} INFO - Sync 1 DAGs
[2026-09-17T18:00:48.582+0000] {logging_mixin.py:190} INFO - [2026-09-17T18:00:48.581+0000] {dag.py:4180} INFO - Setting next_dagrun for etl_sederhana_25_572885_PPA_07200 to 2026-09-17 00:00:00+00:00, run_after=2026-09-18 00:00:00+00:00
[2026-09-17T18:00:48.627+0000] {processor.py:208} INFO - Processing /opt/airflow/dags/etl_sederhana_25_572885_PPA_07200.py took 3.556 seconds
[2026-09-17T18:01:18.881+0000] {processor.py:186} INFO - Started process (PID=5234) to work on /opt/airflow/dags/etl_sederhana_25_572885_PPA_07200.py
[2026-09-17T18:01:18.884+0000] {processor.py:914} INFO - Processing file /opt/airflow/dags/etl_sederhana_25_572885_PPA_07200.py for tasks to queue
[2026-09-17T18:01:18.889+0000] {logging_mixin.py:190} INFO - [2026-09-17T18:01:18.889+0000] {dagbag.py:588} INFO - Filling up the DagBag from /opt/airflow/dags/etl_sederhana_25_572885_PPA_07200.py
[2026-09-17T18:01:19.602+0000] {processor.py:925} INFO - DAG(s) 'etl_sederhana_25_572885_PPA_07200' retrieved from /opt/airflow/dags/etl_sederhana_25_572885_PPA_07200.py
[2026-09-17T18:01:19.618+0000] {logging_mixin.py:190} INFO - [2026-09-17T18:01:19.618+0000] {dag.py:3239} INFO - Sync 1 DAGs
[2026-09-17T18:01:19.635+0000] {logging_mixin.py:190} INFO - [2026-09-17T18:01:19.635+0000] {dag.py:4180} INFO - Setting next_dagrun for etl_sederhana_25_572885_PPA_07200 to 2026-09-17 00:00:00+00:00, run_after=2026-09-18 00:00:00+00:00
[2026-09-17T18:01:19.650+0000] {processor.py:208} INFO - Processing /opt/airflow/dags/etl_sederhana_25_572885_PPA_07200.py took 0.782 seconds
[2026-09-17T18:01:49.811+0000] {processor.py:186} INFO - Started process (PID=5243) to work on /opt/airflow/dags/etl_sederhana_25_572885_PPA_07200.py
[2026-09-17T18:01:49.813+0000] {processor.py:914} INFO - Processing file /opt/airflow/dags/etl_sederhana_25_572885_PPA_07200.py for tasks to queue
[2026-09-17T18:01:49.815+0000] {logging_mixin.py:190} INFO - [2026-09-17T18:01:49.815+0000] {dagbag.py:588} INFO - Filling up the DagBag from /opt/airflow/dags/etl_sederhana_25_572885_PPA_07200.py
[2026-09-17T18:01:50.411+0000] {processor.py:925} INFO - DAG(s) 'etl_sederhana_25_572885_PPA_07200' retrieved from /opt/airflow/dags/etl_sederhana_25_572885_PPA_07200.py
[2026-09-17T18:01:50.423+0000] {logging_mixin.py:190} INFO - [2026-09-17T18:01:50.423+0000] {dag.py:3239} INFO - Sync 1 DAGs
[2026-09-17T18:01:50.436+0000] {logging_mixin.py:190} INFO - [2026-09-17T18:01:50.436+0000] {dag.py:4180} INFO - Setting next_dagrun for etl_sederhana_25_572885_PPA_07200 to 2026-09-17 00:00:00+00:00, run_after=2026-09-18 00:00:00+00:00
[2026-09-17T18:01:50.463+0000] {processor.py:208} INFO - Processing /opt/airflow/dags/etl_sederhana_25_572885_PPA_07200.py took 0.655 seconds
[2026-09-17T18:02:20.631+0000] {processor.py:186} INFO - Started process (PID=5252) to work on /opt/airflow/dags/etl_sederhana_25_572885_PPA_07200.py
[2026-09-17T18:02:20.635+0000] {processor.py:914} INFO - Processing file /opt/airflow/dags/etl_sederhana_25_572885_PPA_07200.py for tasks to queue
[2026-09-17T18:02:20.641+0000] {logging_mixin.py:190} INFO - [2026-09-17T18:02:20.640+0000] {dagbag.py:588} INFO - Filling up the DagBag from /opt/airflow/dags/etl_sederhana_25_572885_PPA_07200.py
[2026-09-17T18:02:21.280+0000] {processor.py:925} INFO - DAG(s) 'etl_sederhana_25_572885_PPA_07200' retrieved from /opt/airflow/dags/etl_sederhana_25_572885_PPA_07200.py
[2026-09-17T18:02:21.293+0000] {logging_mixin.py:190} INFO - [2026-09-17T18:02:21.293+0000] {dag.py:3239} INFO - Sync 1 DAGs
[2026-09-17T18:02:21.307+0000] {logging_mixin.py:190} INFO - [2026-09-17T18:02:21.307+0000] {dag.py:4180} INFO - Setting next_dagrun for etl_sederhana_25_572885_PPA_07200 to 2026-09-17 00:00:00+00:00, run_after=2026-09-18 00:00:00+00:00
[2026-09-17T18:02:21.330+0000] {processor.py:208} INFO - Processing /opt/airflow/dags/etl_sederhana_25_572885_PPA_07200.py took 0.712 seconds
[2026-09-17T18:02:51.541+0000] {processor.py:186} INFO - Started process (PID=5261) to work on /opt/airflow/dags/etl_sederhana_25_572885_PPA_07200.py
[2026-09-17T18:02:51.544+0000] {processor.py:914} INFO - Processing file /opt/airflow/dags/etl_sederhana_25_572885_PPA_07200.py for tasks to queue
[2026-09-17T18:02:51.547+0000] {logging_mixin.py:190} INFO - [2026-09-17T18:02:51.547+0000] {dagbag.py:588} INFO - Filling up the DagBag from /opt/airflow/dags/etl_sederhana_25_572885_PPA_07200.py
[2026-09-17T18:02:52.194+0000] {processor.py:925} INFO - DAG(s) 'etl_sederhana_25_572885_PPA_07200' retrieved from /opt/airflow/dags/etl_sederhana_25_572885_PPA_07200.py
[2026-09-17T18:02:52.209+0000] {logging_mixin.py:190} INFO - [2026-09-17T18:02:52.209+0000] {dag.py:3239} INFO - Sync 1 DAGs
[2026-09-17T18:02:52.231+0000] {logging_mixin.py:190} INFO - [2026-09-17T18:02:52.231+0000] {dag.py:4180} INFO - Setting next_dagrun for etl_sederhana_25_572885_PPA_07200 to 2026-09-17 00:00:00+00:00, run_after=2026-09-18 00:00:00+00:00
[2026-09-17T18:02:52.253+0000] {processor.py:208} INFO - Processing /opt/airflow/dags/etl_sederhana_25_572885_PPA_07200.py took 0.717 seconds
[2026-09-17T18:03:22.403+0000] {processor.py:186} INFO - Started process (PID=5270) to work on /opt/airflow/dags/etl_sederhana_25_572885_PPA_07200.py
[2026-09-17T18:03:22.405+0000] {processor.py:914} INFO - Processing file /opt/airflow/dags/etl_sederhana_25_572885_PPA_07200.py for tasks to queue
[2026-09-17T18:03:22.410+0000] {logging_mixin.py:190} INFO - [2026-09-17T18:03:22.410+0000] {dagbag.py:588} INFO - Filling up the DagBag from /opt/airflow/dags/etl_sederhana_25_572885_PPA_07200.py
[2026-09-17T18:03:23.087+0000] {processor.py:925} INFO - DAG(s) 'etl_sederhana_25_572885_PPA_07200' retrieved from /opt/airflow/dags/etl_sederhana_25_572885_PPA_07200.py
[2026-09-17T18:03:23.102+0000] {logging_mixin.py:190} INFO - [2026-09-17T18:03:23.101+0000] {dag.py:3239} INFO - Sync 1 DAGs
[2026-09-17T18:03:23.121+0000] {logging_mixin.py:190} INFO - [2026-09-17T18:03:23.120+0000] {dag.py:4180} INFO - Setting next_dagrun for etl_sederhana_25_572885_PPA_07200 to 2026-09-17 00:00:00+00:00, run_after=2026-09-18 00:00:00+00:00
[2026-09-17T18:03:23.141+0000] {processor.py:208} INFO - Processing /opt/airflow/dags/etl_sederhana_25_572885_PPA_07200.py took 0.743 seconds
[2026-09-17T18:03:53.328+0000] {processor.py:186} INFO - Started process (PID=5279) to work on /opt/airflow/dags/etl_sederhana_25_572885_PPA_07200.py
[2026-09-17T18:03:53.330+0000] {processor.py:914} INFO - Processing file /opt/airflow/dags/etl_sederhana_25_572885_PPA_07200.py for tasks to queue
[2026-09-17T18:03:53.334+0000] {logging_mixin.py:190} INFO - [2026-09-17T18:03:53.333+0000] {dagbag.py:588} INFO - Filling up the DagBag from /opt/airflow/dags/etl_sederhana_25_572885_PPA_07200.py
[2026-09-17T18:03:54.039+0000] {processor.py:925} INFO - DAG(s) 'etl_sederhana_25_572885_PPA_07200' retrieved from /opt/airflow/dags/etl_sederhana_25_572885_PPA_07200.py
[2026-09-17T18:03:54.053+0000] {logging_mixin.py:190} INFO - [2026-09-17T18:03:54.052+0000] {dag.py:3239} INFO - Sync 1 DAGs
[2026-09-17T18:03:54.068+0000] {logging_mixin.py:190} INFO - [2026-09-17T18:03:54.068+0000] {dag.py:4180} INFO - Setting next_dagrun for etl_sederhana_25_572885_PPA_07200 to 2026-09-17 00:00:00+00:00, run_after=2026-09-18 00:00:00+00:00
[2026-09-17T18:03:54.085+0000] {processor.py:208} INFO - Processing /opt/airflow/dags/etl_sederhana_25_572885_PPA_07200.py took 0.767 seconds
[2026-09-17T18:04:24.375+0000] {processor.py:186} INFO - Started process (PID=5288) to work on /opt/airflow/dags/etl_sederhana_25_572885_PPA_07200.py
[2026-09-17T18:04:24.377+0000] {processor.py:914} INFO - Processing file /opt/airflow/dags/etl_sederhana_25_572885_PPA_07200.py for tasks to queue
[2026-09-17T18:04:24.380+0000] {logging_mixin.py:190} INFO - [2026-09-17T18:04:24.380+0000] {dagbag.py:588} INFO - Filling up the DagBag from /opt/airflow/dags/etl_sederhana_25_572885_PPA_07200.py
[2026-09-17T18:04:24.953+0000] {processor.py:925} INFO - DAG(s) 'etl_sederhana_25_572885_PPA_07200' retrieved from /opt/airflow/dags/etl_sederhana_25_572885_PPA_07200.py
[2026-09-17T18:04:24.965+0000] {logging_mixin.py:190} INFO - [2026-09-17T18:04:24.965+0000] {dag.py:3239} INFO - Sync 1 DAGs
[2026-09-17T18:04:24.980+0000] {logging_mixin.py:190} INFO - [2026-09-17T18:04:24.979+0000] {dag.py:4180} INFO - Setting next_dagrun for etl_sederhana_25_572885_PPA_07200 to 2026-09-17 00:00:00+00:00, run_after=2026-09-18 00:00:00+00:00
[2026-09-17T18:04:24.996+0000] {processor.py:208} INFO - Processing /opt/airflow/dags/etl_sederhana_25_572885_PPA_07200.py took 0.625 seconds
[2026-09-17T18:04:55.165+0000] {processor.py:186} INFO - Started process (PID=5297) to work on /opt/airflow/dags/etl_sederhana_25_572885_PPA_07200.py
[2026-09-17T18:04:55.167+0000] {processor.py:914} INFO - Processing file /opt/airflow/dags/etl_sederhana_25_572885_PPA_07200.py for tasks to queue
[2026-09-17T18:04:55.171+0000] {logging_mixin.py:190} INFO - [2026-09-17T18:04:55.170+0000] {dagbag.py:588} INFO - Filling up the DagBag from /opt/airflow/dags/etl_sederhana_25_572885_PPA_07200.py
[2026-09-17T18:04:55.807+0000] {processor.py:925} INFO - DAG(s) 'etl_sederhana_25_572885_PPA_07200' retrieved from /opt/airflow/dags/etl_sederhana_25_572885_PPA_07200.py
[2026-09-17T18:04:55.827+0000] {logging_mixin.py:190} INFO - [2026-09-17T18:04:55.827+0000] {dag.py:3239} INFO - Sync 1 DAGs
[2026-09-17T18:04:55.843+0000] {logging_mixin.py:190} INFO - [2026-09-17T18:04:55.843+0000] {dag.py:4180} INFO - Setting next_dagrun for etl_sederhana_25_572885_PPA_07200 to 2026-09-17 00:00:00+00:00, run_after=2026-09-18 00:00:00+00:00
[2026-09-17T18:04:55.865+0000] {processor.py:208} INFO - Processing /opt/airflow/dags/etl_sederhana_25_572885_PPA_07200.py took 0.705 seconds
[2026-09-17T18:05:26.041+0000] {processor.py:186} INFO - Started process (PID=5306) to work on /opt/airflow/dags/etl_sederhana_25_572885_PPA_07200.py
[2026-09-17T18:05:26.043+0000] {processor.py:914} INFO - Processing file /opt/airflow/dags/etl_sederhana_25_572885_PPA_07200.py for tasks to queue
[2026-09-17T18:05:26.046+0000] {logging_mixin.py:190} INFO - [2026-09-17T18:05:26.046+0000] {dagbag.py:588} INFO - Filling up the DagBag from /opt/airflow/dags/etl_sederhana_25_572885_PPA_07200.py
[2026-09-17T18:05:26.640+0000] {processor.py:925} INFO - DAG(s) 'etl_sederhana_25_572885_PPA_07200' retrieved from /opt/airflow/dags/etl_sederhana_25_572885_PPA_07200.py
[2026-09-17T18:05:26.651+0000] {logging_mixin.py:190} INFO - [2026-09-17T18:05:26.651+0000] {dag.py:3239} INFO - Sync 1 DAGs
[2026-09-17T18:05:26.663+0000] {logging_mixin.py:190} INFO - [2026-09-17T18:05:26.663+0000] {dag.py:4180} INFO - Setting next_dagrun for etl_sederhana_25_572885_PPA_07200 to 2026-09-17 00:00:00+00:00, run_after=2026-09-18 00:00:00+00:00
[2026-09-17T18:05:26.678+0000] {processor.py:208} INFO - Processing /opt/airflow/dags/etl_sederhana_25_572885_PPA_07200.py took 0.641 seconds
[2026-09-17T18:05:56.932+0000] {processor.py:186} INFO - Started process (PID=5315) to work on /opt/airflow/dags/etl_sederhana_25_572885_PPA_07200.py
[2026-09-17T18:05:56.935+0000] {processor.py:914} INFO - Processing file /opt/airflow/dags/etl_sederhana_25_572885_PPA_07200.py for tasks to queue
[2026-09-17T18:05:56.946+0000] {logging_mixin.py:190} INFO - [2026-09-17T18:05:56.946+0000] {dagbag.py:588} INFO - Filling up the DagBag from /opt/airflow/dags/etl_sederhana_25_572885_PPA_07200.py
[2026-09-17T18:05:57.566+0000] {processor.py:925} INFO - DAG(s) 'etl_sederhana_25_572885_PPA_07200' retrieved from /opt/airflow/dags/etl_sederhana_25_572885_PPA_07200.py
[2026-09-17T18:05:57.579+0000] {logging_mixin.py:190} INFO - [2026-09-17T18:05:57.578+0000] {dag.py:3239} INFO - Sync 1 DAGs
[2026-09-17T18:05:57.591+0000] {logging_mixin.py:190} INFO - [2026-09-17T18:05:57.591+0000] {dag.py:4180} INFO - Setting next_dagrun for etl_sederhana_25_572885_PPA_07200 to 2026-09-17 00:00:00+00:00, run_after=2026-09-18 00:00:00+00:00
[2026-09-17T18:05:57.606+0000] {processor.py:208} INFO - Processing /opt/airflow/dags/etl_sederhana_25_572885_PPA_07200.py took 0.683 seconds
[2026-09-17T18:06:27.753+0000] {processor.py:186} INFO - Started process (PID=5331) to work on /opt/airflow/dags/etl_sederhana_25_572885_PPA_07200.py
[2026-09-17T18:06:27.755+0000] {processor.py:914} INFO - Processing file /opt/airflow/dags/etl_sederhana_25_572885_PPA_07200.py for tasks to queue
[2026-09-17T18:06:27.758+0000] {logging_mixin.py:190} INFO - [2026-09-17T18:06:27.757+0000] {dagbag.py:588} INFO - Filling up the DagBag from /opt/airflow/dags/etl_sederhana_25_572885_PPA_07200.py
[2026-09-17T18:06:28.355+0000] {processor.py:925} INFO - DAG(s) 'etl_sederhana_25_572885_PPA_07200' retrieved from /opt/airflow/dags/etl_sederhana_25_572885_PPA_07200.py
[2026-09-17T18:06:28.367+0000] {logging_mixin.py:190} INFO - [2026-09-17T18:06:28.366+0000] {dag.py:3239} INFO - Sync 1 DAGs
[2026-09-17T18:06:28.380+0000] {logging_mixin.py:190} INFO - [2026-09-17T18:06:28.379+0000] {dag.py:4180} INFO - Setting next_dagrun for etl_sederhana_25_572885_PPA_07200 to 2026-09-17 00:00:00+00:00, run_after=2026-09-18 00:00:00+00:00
[2026-09-17T18:06:28.397+0000] {processor.py:208} INFO - Processing /opt/airflow/dags/etl_sederhana_25_572885_PPA_07200.py took 0.648 seconds
[2026-09-17T18:06:58.539+0000] {processor.py:186} INFO - Started process (PID=5340) to work on /opt/airflow/dags/etl_sederhana_25_572885_PPA_07200.py
[2026-09-17T18:06:58.541+0000] {processor.py:914} INFO - Processing file /opt/airflow/dags/etl_sederhana_25_572885_PPA_07200.py for tasks to queue
[2026-09-17T18:06:58.543+0000] {logging_mixin.py:190} INFO - [2026-09-17T18:06:58.543+0000] {dagbag.py:588} INFO - Filling up the DagBag from /opt/airflow/dags/etl_sederhana_25_572885_PPA_07200.py
[2026-09-17T18:06:59.138+0000] {processor.py:925} INFO - DAG(s) 'etl_sederhana_25_572885_PPA_07200' retrieved from /opt/airflow/dags/etl_sederhana_25_572885_PPA_07200.py
[2026-09-17T18:06:59.159+0000] {logging_mixin.py:190} INFO - [2026-09-17T18:06:59.159+0000] {dag.py:3239} INFO - Sync 1 DAGs
[2026-09-17T18:06:59.174+0000] {logging_mixin.py:190} INFO - [2026-09-17T18:06:59.174+0000] {dag.py:4180} INFO - Setting next_dagrun for etl_sederhana_25_572885_PPA_07200 to 2026-09-17 00:00:00+00:00, run_after=2026-09-18 00:00:00+00:00
[2026-09-17T18:06:59.190+0000] {processor.py:208} INFO - Processing /opt/airflow/dags/etl_sederhana_25_572885_PPA_07200.py took 0.656 seconds
[2026-09-17T18:07:29.560+0000] {processor.py:186} INFO - Started process (PID=5349) to work on /opt/airflow/dags/etl_sederhana_25_572885_PPA_07200.py
[2026-09-17T18:07:29.572+0000] {processor.py:914} INFO - Processing file /opt/airflow/dags/etl_sederhana_25_572885_PPA_07200.py for tasks to queue
[2026-09-17T18:07:29.603+0000] {logging_mixin.py:190} INFO - [2026-09-17T18:07:29.598+0000] {dagbag.py:588} INFO - Filling up the DagBag from /opt/airflow/dags/etl_sederhana_25_572885_PPA_07200.py
[2026-09-17T18:07:34.191+0000] {processor.py:925} INFO - DAG(s) 'etl_sederhana_25_572885_PPA_07200' retrieved from /opt/airflow/dags/etl_sederhana_25_572885_PPA_07200.py
[2026-09-17T18:07:34.278+0000] {logging_mixin.py:190} INFO - [2026-09-17T18:07:34.278+0000] {dag.py:3239} INFO - Sync 1 DAGs
[2026-09-17T18:07:34.334+0000] {logging_mixin.py:190} INFO - [2026-09-17T18:07:34.334+0000] {dag.py:4180} INFO - Setting next_dagrun for etl_sederhana_25_572885_PPA_07200 to 2026-09-17 00:00:00+00:00, run_after=2026-09-18 00:00:00+00:00
[2026-09-17T18:07:34.384+0000] {processor.py:208} INFO - Processing /opt/airflow/dags/etl_sederhana_25_572885_PPA_07200.py took 4.863 seconds
[2026-09-17T18:08:04.662+0000] {processor.py:186} INFO - Started process (PID=5358) to work on /opt/airflow/dags/etl_sederhana_25_572885_PPA_07200.py
[2026-09-17T18:08:04.669+0000] {processor.py:914} INFO - Processing file /opt/airflow/dags/etl_sederhana_25_572885_PPA_07200.py for tasks to queue
[2026-09-17T18:08:04.677+0000] {logging_mixin.py:190} INFO - [2026-09-17T18:08:04.676+0000] {dagbag.py:588} INFO - Filling up the DagBag from /opt/airflow/dags/etl_sederhana_25_572885_PPA_07200.py
[2026-09-17T18:08:06.087+0000] {processor.py:925} INFO - DAG(s) 'etl_sederhana_25_572885_PPA_07200' retrieved from /opt/airflow/dags/etl_sederhana_25_572885_PPA_07200.py
[2026-09-17T18:08:06.116+0000] {logging_mixin.py:190} INFO - [2026-09-17T18:08:06.116+0000] {dag.py:3239} INFO - Sync 1 DAGs
[2026-09-17T18:08:06.148+0000] {logging_mixin.py:190} INFO - [2026-09-17T18:08:06.148+0000] {dag.py:4180} INFO - Setting next_dagrun for etl_sederhana_25_572885_PPA_07200 to 2026-09-17 00:00:00+00:00, run_after=2026-09-18 00:00:00+00:00
[2026-09-17T18:08:06.181+0000] {processor.py:208} INFO - Processing /opt/airflow/dags/etl_sederhana_25_572885_PPA_07200.py took 1.532 seconds
[2026-09-17T18:08:36.392+0000] {processor.py:186} INFO - Started process (PID=5367) to work on /opt/airflow/dags/etl_sederhana_25_572885_PPA_07200.py
[2026-09-17T18:08:36.394+0000] {processor.py:914} INFO - Processing file /opt/airflow/dags/etl_sederhana_25_572885_PPA_07200.py for tasks to queue
[2026-09-17T18:08:36.401+0000] {logging_mixin.py:190} INFO - [2026-09-17T18:08:36.400+0000] {dagbag.py:588} INFO - Filling up the DagBag from /opt/airflow/dags/etl_sederhana_25_572885_PPA_07200.py
[2026-09-17T18:08:37.564+0000] {processor.py:925} INFO - DAG(s) 'etl_sederhana_25_572885_PPA_07200' retrieved from /opt/airflow/dags/etl_sederhana_25_572885_PPA_07200.py
[2026-09-17T18:08:37.592+0000] {logging_mixin.py:190} INFO - [2026-09-17T18:08:37.591+0000] {dag.py:3239} INFO - Sync 1 DAGs
[2026-09-17T18:08:37.618+0000] {logging_mixin.py:190} INFO - [2026-09-17T18:08:37.618+0000] {dag.py:4180} INFO - Setting next_dagrun for etl_sederhana_25_572885_PPA_07200 to 2026-09-17 00:00:00+00:00, run_after=2026-09-18 00:00:00+00:00
[2026-09-17T18:08:37.648+0000] {processor.py:208} INFO - Processing /opt/airflow/dags/etl_sederhana_25_572885_PPA_07200.py took 1.264 seconds
[2026-09-17T18:09:07.890+0000] {processor.py:186} INFO - Started process (PID=5376) to work on /opt/airflow/dags/etl_sederhana_25_572885_PPA_07200.py
[2026-09-17T18:09:07.893+0000] {processor.py:914} INFO - Processing file /opt/airflow/dags/etl_sederhana_25_572885_PPA_07200.py for tasks to queue
[2026-09-17T18:09:07.901+0000] {logging_mixin.py:190} INFO - [2026-09-17T18:09:07.900+0000] {dagbag.py:588} INFO - Filling up the DagBag from /opt/airflow/dags/etl_sederhana_25_572885_PPA_07200.py
[2026-09-17T18:09:09.829+0000] {processor.py:925} INFO - DAG(s) 'etl_sederhana_25_572885_PPA_07200' retrieved from /opt/airflow/dags/etl_sederhana_25_572885_PPA_07200.py
[2026-09-17T18:09:09.874+0000] {logging_mixin.py:190} INFO - [2026-09-17T18:09:09.873+0000] {dag.py:3239} INFO - Sync 1 DAGs
[2026-09-17T18:09:09.910+0000] {logging_mixin.py:190} INFO - [2026-09-17T18:09:09.910+0000] {dag.py:4180} INFO - Setting next_dagrun for etl_sederhana_25_572885_PPA_07200 to 2026-09-17 00:00:00+00:00, run_after=2026-09-18 00:00:00+00:00
[2026-09-17T18:09:09.948+0000] {processor.py:208} INFO - Processing /opt/airflow/dags/etl_sederhana_25_572885_PPA_07200.py took 2.071 seconds
[2026-09-17T18:09:40.116+0000] {processor.py:186} INFO - Started process (PID=5385) to work on /opt/airflow/dags/etl_sederhana_25_572885_PPA_07200.py
[2026-09-17T18:09:40.118+0000] {processor.py:914} INFO - Processing file /opt/airflow/dags/etl_sederhana_25_572885_PPA_07200.py for tasks to queue
[2026-09-17T18:09:40.121+0000] {logging_mixin.py:190} INFO - [2026-09-17T18:09:40.120+0000] {dagbag.py:588} INFO - Filling up the DagBag from /opt/airflow/dags/etl_sederhana_25_572885_PPA_07200.py
[2026-09-17T18:09:40.977+0000] {processor.py:925} INFO - DAG(s) 'etl_sederhana_25_572885_PPA_07200' retrieved from /opt/airflow/dags/etl_sederhana_25_572885_PPA_07200.py
[2026-09-17T18:09:41.003+0000] {logging_mixin.py:190} INFO - [2026-09-17T18:09:41.003+0000] {dag.py:3239} INFO - Sync 1 DAGs
[2026-09-17T18:09:41.031+0000] {logging_mixin.py:190} INFO - [2026-09-17T18:09:41.030+0000] {dag.py:4180} INFO - Setting next_dagrun for etl_sederhana_25_572885_PPA_07200 to 2026-09-17 00:00:00+00:00, run_after=2026-09-18 00:00:00+00:00
[2026-09-17T18:09:41.065+0000] {processor.py:208} INFO - Processing /opt/airflow/dags/etl_sederhana_25_572885_PPA_07200.py took 0.954 seconds
[2026-09-17T18:10:11.230+0000] {processor.py:186} INFO - Started process (PID=5394) to work on /opt/airflow/dags/etl_sederhana_25_572885_PPA_07200.py
[2026-09-17T18:10:11.233+0000] {processor.py:914} INFO - Processing file /opt/airflow/dags/etl_sederhana_25_572885_PPA_07200.py for tasks to queue
[2026-09-17T18:10:11.238+0000] {logging_mixin.py:190} INFO - [2026-09-17T18:10:11.238+0000] {dagbag.py:588} INFO - Filling up the DagBag from /opt/airflow/dags/etl_sederhana_25_572885_PPA_07200.py
[2026-09-17T18:10:12.042+0000] {processor.py:925} INFO - DAG(s) 'etl_sederhana_25_572885_PPA_07200' retrieved from /opt/airflow/dags/etl_sederhana_25_572885_PPA_07200.py
[2026-09-17T18:10:12.062+0000] {logging_mixin.py:190} INFO - [2026-09-17T18:10:12.061+0000] {dag.py:3239} INFO - Sync 1 DAGs
[2026-09-17T18:10:12.079+0000] {logging_mixin.py:190} INFO - [2026-09-17T18:10:12.079+0000] {dag.py:4180} INFO - Setting next_dagrun for etl_sederhana_25_572885_PPA_07200 to 2026-09-17 00:00:00+00:00, run_after=2026-09-18 00:00:00+00:00
[2026-09-17T18:10:12.127+0000] {processor.py:208} INFO - Processing /opt/airflow/dags/etl_sederhana_25_572885_PPA_07200.py took 0.904 seconds
[2026-09-17T18:10:42.352+0000] {processor.py:186} INFO - Started process (PID=5403) to work on /opt/airflow/dags/etl_sederhana_25_572885_PPA_07200.py
[2026-09-17T18:10:42.354+0000] {processor.py:914} INFO - Processing file /opt/airflow/dags/etl_sederhana_25_572885_PPA_07200.py for tasks to queue
[2026-09-17T18:10:42.358+0000] {logging_mixin.py:190} INFO - [2026-09-17T18:10:42.357+0000] {dagbag.py:588} INFO - Filling up the DagBag from /opt/airflow/dags/etl_sederhana_25_572885_PPA_07200.py
[2026-09-17T18:10:42.991+0000] {processor.py:925} INFO - DAG(s) 'etl_sederhana_25_572885_PPA_07200' retrieved from /opt/airflow/dags/etl_sederhana_25_572885_PPA_07200.py
[2026-09-17T18:10:43.003+0000] {logging_mixin.py:190} INFO - [2026-09-17T18:10:43.003+0000] {dag.py:3239} INFO - Sync 1 DAGs
[2026-09-17T18:10:43.016+0000] {logging_mixin.py:190} INFO - [2026-09-17T18:10:43.016+0000] {dag.py:4180} INFO - Setting next_dagrun for etl_sederhana_25_572885_PPA_07200 to 2026-09-17 00:00:00+00:00, run_after=2026-09-18 00:00:00+00:00
[2026-09-17T18:10:43.036+0000] {processor.py:208} INFO - Processing /opt/airflow/dags/etl_sederhana_25_572885_PPA_07200.py took 0.691 seconds
[2026-09-17T18:11:13.213+0000] {processor.py:186} INFO - Started process (PID=5412) to work on /opt/airflow/dags/etl_sederhana_25_572885_PPA_07200.py
[2026-09-17T18:11:13.215+0000] {processor.py:914} INFO - Processing file /opt/airflow/dags/etl_sederhana_25_572885_PPA_07200.py for tasks to queue
[2026-09-17T18:11:13.218+0000] {logging_mixin.py:190} INFO - [2026-09-17T18:11:13.218+0000] {dagbag.py:588} INFO - Filling up the DagBag from /opt/airflow/dags/etl_sederhana_25_572885_PPA_07200.py
[2026-09-17T18:11:14.280+0000] {processor.py:925} INFO - DAG(s) 'etl_sederhana_25_572885_PPA_07200' retrieved from /opt/airflow/dags/etl_sederhana_25_572885_PPA_07200.py
[2026-09-17T18:11:14.305+0000] {logging_mixin.py:190} INFO - [2026-09-17T18:11:14.304+0000] {dag.py:3239} INFO - Sync 1 DAGs
[2026-09-17T18:11:14.332+0000] {logging_mixin.py:190} INFO - [2026-09-17T18:11:14.332+0000] {dag.py:4180} INFO - Setting next_dagrun for etl_sederhana_25_572885_PPA_07200 to 2026-09-17 00:00:00+00:00, run_after=2026-09-18 00:00:00+00:00
[2026-09-17T18:11:14.382+0000] {processor.py:208} INFO - Processing /opt/airflow/dags/etl_sederhana_25_572885_PPA_07200.py took 1.175 seconds
[2026-09-17T18:11:44.537+0000] {processor.py:186} INFO - Started process (PID=5421) to work on /opt/airflow/dags/etl_sederhana_25_572885_PPA_07200.py
[2026-09-17T18:11:44.538+0000] {processor.py:914} INFO - Processing file /opt/airflow/dags/etl_sederhana_25_572885_PPA_07200.py for tasks to queue
[2026-09-17T18:11:44.542+0000] {logging_mixin.py:190} INFO - [2026-09-17T18:11:44.541+0000] {dagbag.py:588} INFO - Filling up the DagBag from /opt/airflow/dags/etl_sederhana_25_572885_PPA_07200.py
[2026-09-17T18:11:45.125+0000] {processor.py:925} INFO - DAG(s) 'etl_sederhana_25_572885_PPA_07200' retrieved from /opt/airflow/dags/etl_sederhana_25_572885_PPA_07200.py
[2026-09-17T18:11:45.138+0000] {logging_mixin.py:190} INFO - [2026-09-17T18:11:45.138+0000] {dag.py:3239} INFO - Sync 1 DAGs
[2026-09-17T18:11:45.161+0000] {logging_mixin.py:190} INFO - [2026-09-17T18:11:45.161+0000] {dag.py:4180} INFO - Setting next_dagrun for etl_sederhana_25_572885_PPA_07200 to 2026-09-17 00:00:00+00:00, run_after=2026-09-18 00:00:00+00:00
[2026-09-17T18:11:45.191+0000] {processor.py:208} INFO - Processing /opt/airflow/dags/etl_sederhana_25_572885_PPA_07200.py took 0.659 seconds
[2026-09-17T18:12:15.346+0000] {processor.py:186} INFO - Started process (PID=5430) to work on /opt/airflow/dags/etl_sederhana_25_572885_PPA_07200.py
[2026-09-17T18:12:15.348+0000] {processor.py:914} INFO - Processing file /opt/airflow/dags/etl_sederhana_25_572885_PPA_07200.py for tasks to queue
[2026-09-17T18:12:15.352+0000] {logging_mixin.py:190} INFO - [2026-09-17T18:12:15.352+0000] {dagbag.py:588} INFO - Filling up the DagBag from /opt/airflow/dags/etl_sederhana_25_572885_PPA_07200.py
[2026-09-17T18:12:15.977+0000] {processor.py:925} INFO - DAG(s) 'etl_sederhana_25_572885_PPA_07200' retrieved from /opt/airflow/dags/etl_sederhana_25_572885_PPA_07200.py
[2026-09-17T18:12:15.996+0000] {logging_mixin.py:190} INFO - [2026-09-17T18:12:15.996+0000] {dag.py:3239} INFO - Sync 1 DAGs
[2026-09-17T18:12:16.011+0000] {logging_mixin.py:190} INFO - [2026-09-17T18:12:16.011+0000] {dag.py:4180} INFO - Setting next_dagrun for etl_sederhana_25_572885_PPA_07200 to 2026-09-17 00:00:00+00:00, run_after=2026-09-18 00:00:00+00:00
[2026-09-17T18:12:16.034+0000] {processor.py:208} INFO - Processing /opt/airflow/dags/etl_sederhana_25_572885_PPA_07200.py took 0.695 seconds
[2026-09-17T18:12:46.252+0000] {processor.py:186} INFO - Started process (PID=5439) to work on /opt/airflow/dags/etl_sederhana_25_572885_PPA_07200.py
[2026-09-17T18:12:46.258+0000] {processor.py:914} INFO - Processing file /opt/airflow/dags/etl_sederhana_25_572885_PPA_07200.py for tasks to queue
[2026-09-17T18:12:46.265+0000] {logging_mixin.py:190} INFO - [2026-09-17T18:12:46.265+0000] {dagbag.py:588} INFO - Filling up the DagBag from /opt/airflow/dags/etl_sederhana_25_572885_PPA_07200.py
[2026-09-17T18:12:47.855+0000] {processor.py:925} INFO - DAG(s) 'etl_sederhana_25_572885_PPA_07200' retrieved from /opt/airflow/dags/etl_sederhana_25_572885_PPA_07200.py
[2026-09-17T18:12:47.893+0000] {logging_mixin.py:190} INFO - [2026-09-17T18:12:47.892+0000] {dag.py:3239} INFO - Sync 1 DAGs
[2026-09-17T18:12:47.939+0000] {logging_mixin.py:190} INFO - [2026-09-17T18:12:47.938+0000] {dag.py:4180} INFO - Setting next_dagrun for etl_sederhana_25_572885_PPA_07200 to 2026-09-17 00:00:00+00:00, run_after=2026-09-18 00:00:00+00:00
[2026-09-17T18:12:47.987+0000] {processor.py:208} INFO - Processing /opt/airflow/dags/etl_sederhana_25_572885_PPA_07200.py took 1.745 seconds
[2026-09-17T18:13:18.371+0000] {processor.py:186} INFO - Started process (PID=5448) to work on /opt/airflow/dags/etl_sederhana_25_572885_PPA_07200.py
[2026-09-17T18:13:18.375+0000] {processor.py:914} INFO - Processing file /opt/airflow/dags/etl_sederhana_25_572885_PPA_07200.py for tasks to queue
[2026-09-17T18:13:18.396+0000] {logging_mixin.py:190} INFO - [2026-09-17T18:13:18.395+0000] {dagbag.py:588} INFO - Filling up the DagBag from /opt/airflow/dags/etl_sederhana_25_572885_PPA_07200.py
[2026-09-17T18:13:19.544+0000] {processor.py:925} INFO - DAG(s) 'etl_sederhana_25_572885_PPA_07200' retrieved from /opt/airflow/dags/etl_sederhana_25_572885_PPA_07200.py
[2026-09-17T18:13:19.580+0000] {logging_mixin.py:190} INFO - [2026-09-17T18:13:19.579+0000] {dag.py:3239} INFO - Sync 1 DAGs
[2026-09-17T18:13:19.607+0000] {logging_mixin.py:190} INFO - [2026-09-17T18:13:19.607+0000] {dag.py:4180} INFO - Setting next_dagrun for etl_sederhana_25_572885_PPA_07200 to 2026-09-17 00:00:00+00:00, run_after=2026-09-18 00:00:00+00:00
[2026-09-17T18:13:19.642+0000] {processor.py:208} INFO - Processing /opt/airflow/dags/etl_sederhana_25_572885_PPA_07200.py took 1.281 seconds
[2026-09-17T18:13:49.892+0000] {processor.py:186} INFO - Started process (PID=5457) to work on /opt/airflow/dags/etl_sederhana_25_572885_PPA_07200.py
[2026-09-17T18:13:49.895+0000] {processor.py:914} INFO - Processing file /opt/airflow/dags/etl_sederhana_25_572885_PPA_07200.py for tasks to queue
[2026-09-17T18:13:49.899+0000] {logging_mixin.py:190} INFO - [2026-09-17T18:13:49.899+0000] {dagbag.py:588} INFO - Filling up the DagBag from /opt/airflow/dags/etl_sederhana_25_572885_PPA_07200.py
[2026-09-17T18:13:50.630+0000] {processor.py:925} INFO - DAG(s) 'etl_sederhana_25_572885_PPA_07200' retrieved from /opt/airflow/dags/etl_sederhana_25_572885_PPA_07200.py
[2026-09-17T18:13:50.643+0000] {logging_mixin.py:190} INFO - [2026-09-17T18:13:50.643+0000] {dag.py:3239} INFO - Sync 1 DAGs
[2026-09-17T18:13:50.657+0000] {logging_mixin.py:190} INFO - [2026-09-17T18:13:50.657+0000] {dag.py:4180} INFO - Setting next_dagrun for etl_sederhana_25_572885_PPA_07200 to 2026-09-17 00:00:00+00:00, run_after=2026-09-18 00:00:00+00:00
[2026-09-17T18:13:50.679+0000] {processor.py:208} INFO - Processing /opt/airflow/dags/etl_sederhana_25_572885_PPA_07200.py took 0.793 seconds
[2026-09-17T18:14:20.922+0000] {processor.py:186} INFO - Started process (PID=5466) to work on /opt/airflow/dags/etl_sederhana_25_572885_PPA_07200.py
[2026-09-17T18:14:20.929+0000] {processor.py:914} INFO - Processing file /opt/airflow/dags/etl_sederhana_25_572885_PPA_07200.py for tasks to queue
[2026-09-17T18:14:20.945+0000] {logging_mixin.py:190} INFO - [2026-09-17T18:14:20.942+0000] {dagbag.py:588} INFO - Filling up the DagBag from /opt/airflow/dags/etl_sederhana_25_572885_PPA_07200.py
[2026-09-17T18:14:22.913+0000] {processor.py:925} INFO - DAG(s) 'etl_sederhana_25_572885_PPA_07200' retrieved from /opt/airflow/dags/etl_sederhana_25_572885_PPA_07200.py
[2026-09-17T18:14:22.948+0000] {logging_mixin.py:190} INFO - [2026-09-17T18:14:22.947+0000] {dag.py:3239} INFO - Sync 1 DAGs
[2026-09-17T18:14:22.994+0000] {logging_mixin.py:190} INFO - [2026-09-17T18:14:22.993+0000] {dag.py:4180} INFO - Setting next_dagrun for etl_sederhana_25_572885_PPA_07200 to 2026-09-17 00:00:00+00:00, run_after=2026-09-18 00:00:00+00:00
[2026-09-17T18:14:23.057+0000] {processor.py:208} INFO - Processing /opt/airflow/dags/etl_sederhana_25_572885_PPA_07200.py took 2.151 seconds
[2026-09-17T18:14:53.287+0000] {processor.py:186} INFO - Started process (PID=5475) to work on /opt/airflow/dags/etl_sederhana_25_572885_PPA_07200.py
[2026-09-17T18:14:53.290+0000] {processor.py:914} INFO - Processing file /opt/airflow/dags/etl_sederhana_25_572885_PPA_07200.py for tasks to queue
[2026-09-17T18:14:53.294+0000] {logging_mixin.py:190} INFO - [2026-09-17T18:14:53.294+0000] {dagbag.py:588} INFO - Filling up the DagBag from /opt/airflow/dags/etl_sederhana_25_572885_PPA_07200.py
[2026-09-17T18:14:54.097+0000] {processor.py:925} INFO - DAG(s) 'etl_sederhana_25_572885_PPA_07200' retrieved from /opt/airflow/dags/etl_sederhana_25_572885_PPA_07200.py
[2026-09-17T18:14:54.117+0000] {logging_mixin.py:190} INFO - [2026-09-17T18:14:54.116+0000] {dag.py:3239} INFO - Sync 1 DAGs
[2026-09-17T18:14:54.136+0000] {logging_mixin.py:190} INFO - [2026-09-17T18:14:54.136+0000] {dag.py:4180} INFO - Setting next_dagrun for etl_sederhana_25_572885_PPA_07200 to 2026-09-17 00:00:00+00:00, run_after=2026-09-18 00:00:00+00:00
[2026-09-17T18:14:54.169+0000] {processor.py:208} INFO - Processing /opt/airflow/dags/etl_sederhana_25_572885_PPA_07200.py took 0.888 seconds
[2026-09-17T18:15:24.485+0000] {processor.py:186} INFO - Started process (PID=5485) to work on /opt/airflow/dags/etl_sederhana_25_572885_PPA_07200.py
[2026-09-17T18:15:24.492+0000] {processor.py:914} INFO - Processing file /opt/airflow/dags/etl_sederhana_25_572885_PPA_07200.py for tasks to queue
[2026-09-17T18:15:24.502+0000] {logging_mixin.py:190} INFO - [2026-09-17T18:15:24.501+0000] {dagbag.py:588} INFO - Filling up the DagBag from /opt/airflow/dags/etl_sederhana_25_572885_PPA_07200.py
[2026-09-17T18:15:26.256+0000] {processor.py:925} INFO - DAG(s) 'etl_sederhana_25_572885_PPA_07200' retrieved from /opt/airflow/dags/etl_sederhana_25_572885_PPA_07200.py
[2026-09-17T18:15:26.280+0000] {logging_mixin.py:190} INFO - [2026-09-17T18:15:26.280+0000] {dag.py:3239} INFO - Sync 1 DAGs
[2026-09-17T18:15:26.395+0000] {logging_mixin.py:190} INFO - [2026-09-17T18:15:26.395+0000] {dag.py:4180} INFO - Setting next_dagrun for etl_sederhana_25_572885_PPA_07200 to 2026-09-17 00:00:00+00:00, run_after=2026-09-18 00:00:00+00:00
[2026-09-17T18:15:26.583+0000] {processor.py:208} INFO - Processing /opt/airflow/dags/etl_sederhana_25_572885_PPA_07200.py took 2.119 seconds
[2026-09-17T18:15:56.939+0000] {processor.py:186} INFO - Started process (PID=5494) to work on /opt/airflow/dags/etl_sederhana_25_572885_PPA_07200.py
[2026-09-17T18:15:56.942+0000] {processor.py:914} INFO - Processing file /opt/airflow/dags/etl_sederhana_25_572885_PPA_07200.py for tasks to queue
[2026-09-17T18:15:56.946+0000] {logging_mixin.py:190} INFO - [2026-09-17T18:15:56.945+0000] {dagbag.py:588} INFO - Filling up the DagBag from /opt/airflow/dags/etl_sederhana_25_572885_PPA_07200.py
[2026-09-17T18:15:57.997+0000] {processor.py:925} INFO - DAG(s) 'etl_sederhana_25_572885_PPA_07200' retrieved from /opt/airflow/dags/etl_sederhana_25_572885_PPA_07200.py
[2026-09-17T18:15:58.020+0000] {logging_mixin.py:190} INFO - [2026-09-17T18:15:58.019+0000] {dag.py:3239} INFO - Sync 1 DAGs
[2026-09-17T18:15:58.044+0000] {logging_mixin.py:190} INFO - [2026-09-17T18:15:58.044+0000] {dag.py:4180} INFO - Setting next_dagrun for etl_sederhana_25_572885_PPA_07200 to 2026-09-17 00:00:00+00:00, run_after=2026-09-18 00:00:00+00:00
[2026-09-17T18:15:58.094+0000] {processor.py:208} INFO - Processing /opt/airflow/dags/etl_sederhana_25_572885_PPA_07200.py took 1.160 seconds
[2026-09-17T18:16:28.323+0000] {processor.py:186} INFO - Started process (PID=5503) to work on /opt/airflow/dags/etl_sederhana_25_572885_PPA_07200.py
[2026-09-17T18:16:28.328+0000] {processor.py:914} INFO - Processing file /opt/airflow/dags/etl_sederhana_25_572885_PPA_07200.py for tasks to queue
[2026-09-17T18:16:28.337+0000] {logging_mixin.py:190} INFO - [2026-09-17T18:16:28.336+0000] {dagbag.py:588} INFO - Filling up the DagBag from /opt/airflow/dags/etl_sederhana_25_572885_PPA_07200.py
[2026-09-17T18:16:29.753+0000] {processor.py:925} INFO - DAG(s) 'etl_sederhana_25_572885_PPA_07200' retrieved from /opt/airflow/dags/etl_sederhana_25_572885_PPA_07200.py
[2026-09-17T18:16:29.777+0000] {logging_mixin.py:190} INFO - [2026-09-17T18:16:29.776+0000] {dag.py:3239} INFO - Sync 1 DAGs
[2026-09-17T18:16:29.804+0000] {logging_mixin.py:190} INFO - [2026-09-17T18:16:29.804+0000] {dag.py:4180} INFO - Setting next_dagrun for etl_sederhana_25_572885_PPA_07200 to 2026-09-17 00:00:00+00:00, run_after=2026-09-18 00:00:00+00:00
[2026-09-17T18:16:29.844+0000] {processor.py:208} INFO - Processing /opt/airflow/dags/etl_sederhana_25_572885_PPA_07200.py took 1.536 seconds
[2026-09-17T18:17:00.163+0000] {processor.py:186} INFO - Started process (PID=5513) to work on /opt/airflow/dags/etl_sederhana_25_572885_PPA_07200.py
[2026-09-17T18:17:00.168+0000] {processor.py:914} INFO - Processing file /opt/airflow/dags/etl_sederhana_25_572885_PPA_07200.py for tasks to queue
[2026-09-17T18:17:00.173+0000] {logging_mixin.py:190} INFO - [2026-09-17T18:17:00.173+0000] {dagbag.py:588} INFO - Filling up the DagBag from /opt/airflow/dags/etl_sederhana_25_572885_PPA_07200.py
[2026-09-17T18:17:00.880+0000] {processor.py:925} INFO - DAG(s) 'etl_sederhana_25_572885_PPA_07200' retrieved from /opt/airflow/dags/etl_sederhana_25_572885_PPA_07200.py
[2026-09-17T18:17:00.897+0000] {logging_mixin.py:190} INFO - [2026-09-17T18:17:00.896+0000] {dag.py:3239} INFO - Sync 1 DAGs
[2026-09-17T18:17:00.915+0000] {logging_mixin.py:190} INFO - [2026-09-17T18:17:00.915+0000] {dag.py:4180} INFO - Setting next_dagrun for etl_sederhana_25_572885_PPA_07200 to 2026-09-17 00:00:00+00:00, run_after=2026-09-18 00:00:00+00:00
[2026-09-17T18:17:00.939+0000] {processor.py:208} INFO - Processing /opt/airflow/dags/etl_sederhana_25_572885_PPA_07200.py took 0.783 seconds
[2026-09-17T18:17:31.165+0000] {processor.py:186} INFO - Started process (PID=5522) to work on /opt/airflow/dags/etl_sederhana_25_572885_PPA_07200.py
[2026-09-17T18:17:31.170+0000] {processor.py:914} INFO - Processing file /opt/airflow/dags/etl_sederhana_25_572885_PPA_07200.py for tasks to queue
[2026-09-17T18:17:31.174+0000] {logging_mixin.py:190} INFO - [2026-09-17T18:17:31.174+0000] {dagbag.py:588} INFO - Filling up the DagBag from /opt/airflow/dags/etl_sederhana_25_572885_PPA_07200.py
[2026-09-17T18:17:32.206+0000] {processor.py:925} INFO - DAG(s) 'etl_sederhana_25_572885_PPA_07200' retrieved from /opt/airflow/dags/etl_sederhana_25_572885_PPA_07200.py
[2026-09-17T18:17:32.244+0000] {logging_mixin.py:190} INFO - [2026-09-17T18:17:32.243+0000] {dag.py:3239} INFO - Sync 1 DAGs
[2026-09-17T18:17:32.280+0000] {logging_mixin.py:190} INFO - [2026-09-17T18:17:32.279+0000] {dag.py:4180} INFO - Setting next_dagrun for etl_sederhana_25_572885_PPA_07200 to 2026-09-17 00:00:00+00:00, run_after=2026-09-18 00:00:00+00:00
[2026-09-17T18:17:32.313+0000] {processor.py:208} INFO - Processing /opt/airflow/dags/etl_sederhana_25_572885_PPA_07200.py took 1.171 seconds
[2026-09-17T18:18:02.572+0000] {processor.py:186} INFO - Started process (PID=5539) to work on /opt/airflow/dags/etl_sederhana_25_572885_PPA_07200.py
[2026-09-17T18:18:02.579+0000] {processor.py:914} INFO - Processing file /opt/airflow/dags/etl_sederhana_25_572885_PPA_07200.py for tasks to queue
[2026-09-17T18:18:02.589+0000] {logging_mixin.py:190} INFO - [2026-09-17T18:18:02.588+0000] {dagbag.py:588} INFO - Filling up the DagBag from /opt/airflow/dags/etl_sederhana_25_572885_PPA_07200.py
[2026-09-17T18:18:04.646+0000] {processor.py:925} INFO - DAG(s) 'etl_sederhana_25_572885_PPA_07200' retrieved from /opt/airflow/dags/etl_sederhana_25_572885_PPA_07200.py
[2026-09-17T18:18:04.707+0000] {logging_mixin.py:190} INFO - [2026-09-17T18:18:04.706+0000] {dag.py:3239} INFO - Sync 1 DAGs
[2026-09-17T18:18:04.763+0000] {logging_mixin.py:190} INFO - [2026-09-17T18:18:04.762+0000] {dag.py:4180} INFO - Setting next_dagrun for etl_sederhana_25_572885_PPA_07200 to 2026-09-17 00:00:00+00:00, run_after=2026-09-18 00:00:00+00:00
[2026-09-17T18:18:04.817+0000] {processor.py:208} INFO - Processing /opt/airflow/dags/etl_sederhana_25_572885_PPA_07200.py took 2.265 seconds
[2026-09-17T18:18:35.335+0000] {processor.py:186} INFO - Started process (PID=5548) to work on /opt/airflow/dags/etl_sederhana_25_572885_PPA_07200.py
[2026-09-17T18:18:35.337+0000] {processor.py:914} INFO - Processing file /opt/airflow/dags/etl_sederhana_25_572885_PPA_07200.py for tasks to queue
[2026-09-17T18:18:35.341+0000] {logging_mixin.py:190} INFO - [2026-09-17T18:18:35.341+0000] {dagbag.py:588} INFO - Filling up the DagBag from /opt/airflow/dags/etl_sederhana_25_572885_PPA_07200.py
[2026-09-17T18:18:36.164+0000] {processor.py:925} INFO - DAG(s) 'etl_sederhana_25_572885_PPA_07200' retrieved from /opt/airflow/dags/etl_sederhana_25_572885_PPA_07200.py
[2026-09-17T18:18:36.184+0000] {logging_mixin.py:190} INFO - [2026-09-17T18:18:36.184+0000] {dag.py:3239} INFO - Sync 1 DAGs
[2026-09-17T18:18:36.200+0000] {logging_mixin.py:190} INFO - [2026-09-17T18:18:36.200+0000] {dag.py:4180} INFO - Setting next_dagrun for etl_sederhana_25_572885_PPA_07200 to 2026-09-17 00:00:00+00:00, run_after=2026-09-18 00:00:00+00:00
[2026-09-17T18:18:36.228+0000] {processor.py:208} INFO - Processing /opt/airflow/dags/etl_sederhana_25_572885_PPA_07200.py took 0.899 seconds
[2026-09-17T18:19:06.930+0000] {processor.py:186} INFO - Started process (PID=5557) to work on /opt/airflow/dags/etl_sederhana_25_572885_PPA_07200.py
[2026-09-17T18:19:06.945+0000] {processor.py:914} INFO - Processing file /opt/airflow/dags/etl_sederhana_25_572885_PPA_07200.py for tasks to queue
[2026-09-17T18:19:06.968+0000] {logging_mixin.py:190} INFO - [2026-09-17T18:19:06.966+0000] {dagbag.py:588} INFO - Filling up the DagBag from /opt/airflow/dags/etl_sederhana_25_572885_PPA_07200.py
[2026-09-17T18:19:13.736+0000] {processor.py:925} INFO - DAG(s) 'etl_sederhana_25_572885_PPA_07200' retrieved from /opt/airflow/dags/etl_sederhana_25_572885_PPA_07200.py
[2026-09-17T18:19:13.820+0000] {logging_mixin.py:190} INFO - [2026-09-17T18:19:13.819+0000] {dag.py:3239} INFO - Sync 1 DAGs
[2026-09-17T18:19:13.885+0000] {logging_mixin.py:190} INFO - [2026-09-17T18:19:13.884+0000] {dag.py:4180} INFO - Setting next_dagrun for etl_sederhana_25_572885_PPA_07200 to 2026-09-17 00:00:00+00:00, run_after=2026-09-18 00:00:00+00:00
[2026-09-17T18:19:13.956+0000] {processor.py:208} INFO - Processing /opt/airflow/dags/etl_sederhana_25_572885_PPA_07200.py took 7.070 seconds
[2026-09-17T18:19:44.240+0000] {processor.py:186} INFO - Started process (PID=5566) to work on /opt/airflow/dags/etl_sederhana_25_572885_PPA_07200.py
[2026-09-17T18:19:44.246+0000] {processor.py:914} INFO - Processing file /opt/airflow/dags/etl_sederhana_25_572885_PPA_07200.py for tasks to queue
[2026-09-17T18:19:44.256+0000] {logging_mixin.py:190} INFO - [2026-09-17T18:19:44.255+0000] {dagbag.py:588} INFO - Filling up the DagBag from /opt/airflow/dags/etl_sederhana_25_572885_PPA_07200.py
[2026-09-17T18:19:46.560+0000] {processor.py:925} INFO - DAG(s) 'etl_sederhana_25_572885_PPA_07200' retrieved from /opt/airflow/dags/etl_sederhana_25_572885_PPA_07200.py
[2026-09-17T18:19:46.648+0000] {logging_mixin.py:190} INFO - [2026-09-17T18:19:46.647+0000] {dag.py:3239} INFO - Sync 1 DAGs
[2026-09-17T18:19:46.736+0000] {logging_mixin.py:190} INFO - [2026-09-17T18:19:46.735+0000] {dag.py:4180} INFO - Setting next_dagrun for etl_sederhana_25_572885_PPA_07200 to 2026-09-17 00:00:00+00:00, run_after=2026-09-18 00:00:00+00:00
[2026-09-17T18:19:46.826+0000] {processor.py:208} INFO - Processing /opt/airflow/dags/etl_sederhana_25_572885_PPA_07200.py took 2.598 seconds
[2026-09-17T18:20:17.077+0000] {processor.py:186} INFO - Started process (PID=5575) to work on /opt/airflow/dags/etl_sederhana_25_572885_PPA_07200.py
[2026-09-17T18:20:17.082+0000] {processor.py:914} INFO - Processing file /opt/airflow/dags/etl_sederhana_25_572885_PPA_07200.py for tasks to queue
[2026-09-17T18:20:17.087+0000] {logging_mixin.py:190} INFO - [2026-09-17T18:20:17.086+0000] {dagbag.py:588} INFO - Filling up the DagBag from /opt/airflow/dags/etl_sederhana_25_572885_PPA_07200.py
[2026-09-17T18:20:18.022+0000] {processor.py:925} INFO - DAG(s) 'etl_sederhana_25_572885_PPA_07200' retrieved from /opt/airflow/dags/etl_sederhana_25_572885_PPA_07200.py
[2026-09-17T18:20:18.044+0000] {logging_mixin.py:190} INFO - [2026-09-17T18:20:18.043+0000] {dag.py:3239} INFO - Sync 1 DAGs
[2026-09-17T18:20:18.081+0000] {logging_mixin.py:190} INFO - [2026-09-17T18:20:18.081+0000] {dag.py:4180} INFO - Setting next_dagrun for etl_sederhana_25_572885_PPA_07200 to 2026-09-17 00:00:00+00:00, run_after=2026-09-18 00:00:00+00:00
[2026-09-17T18:20:18.120+0000] {processor.py:208} INFO - Processing /opt/airflow/dags/etl_sederhana_25_572885_PPA_07200.py took 1.052 seconds
[2026-09-17T18:20:48.328+0000] {processor.py:186} INFO - Started process (PID=5585) to work on /opt/airflow/dags/etl_sederhana_25_572885_PPA_07200.py
[2026-09-17T18:20:48.333+0000] {processor.py:914} INFO - Processing file /opt/airflow/dags/etl_sederhana_25_572885_PPA_07200.py for tasks to queue
[2026-09-17T18:20:48.339+0000] {logging_mixin.py:190} INFO - [2026-09-17T18:20:48.338+0000] {dagbag.py:588} INFO - Filling up the DagBag from /opt/airflow/dags/etl_sederhana_25_572885_PPA_07200.py
[2026-09-17T18:20:49.379+0000] {processor.py:925} INFO - DAG(s) 'etl_sederhana_25_572885_PPA_07200' retrieved from /opt/airflow/dags/etl_sederhana_25_572885_PPA_07200.py
[2026-09-17T18:20:49.397+0000] {logging_mixin.py:190} INFO - [2026-09-17T18:20:49.396+0000] {dag.py:3239} INFO - Sync 1 DAGs
[2026-09-17T18:20:49.418+0000] {logging_mixin.py:190} INFO - [2026-09-17T18:20:49.418+0000] {dag.py:4180} INFO - Setting next_dagrun for etl_sederhana_25_572885_PPA_07200 to 2026-09-17 00:00:00+00:00, run_after=2026-09-18 00:00:00+00:00
[2026-09-17T18:20:49.450+0000] {processor.py:208} INFO - Processing /opt/airflow/dags/etl_sederhana_25_572885_PPA_07200.py took 1.130 seconds
[2026-09-17T18:21:19.717+0000] {processor.py:186} INFO - Started process (PID=5594) to work on /opt/airflow/dags/etl_sederhana_25_572885_PPA_07200.py
[2026-09-17T18:21:19.721+0000] {processor.py:914} INFO - Processing file /opt/airflow/dags/etl_sederhana_25_572885_PPA_07200.py for tasks to queue
[2026-09-17T18:21:19.726+0000] {logging_mixin.py:190} INFO - [2026-09-17T18:21:19.726+0000] {dagbag.py:588} INFO - Filling up the DagBag from /opt/airflow/dags/etl_sederhana_25_572885_PPA_07200.py
[2026-09-17T18:21:20.436+0000] {processor.py:925} INFO - DAG(s) 'etl_sederhana_25_572885_PPA_07200' retrieved from /opt/airflow/dags/etl_sederhana_25_572885_PPA_07200.py
[2026-09-17T18:21:20.455+0000] {logging_mixin.py:190} INFO - [2026-09-17T18:21:20.455+0000] {dag.py:3239} INFO - Sync 1 DAGs
[2026-09-17T18:21:20.507+0000] {logging_mixin.py:190} INFO - [2026-09-17T18:21:20.507+0000] {dag.py:4180} INFO - Setting next_dagrun for etl_sederhana_25_572885_PPA_07200 to 2026-09-17 00:00:00+00:00, run_after=2026-09-18 00:00:00+00:00
[2026-09-17T18:21:20.550+0000] {processor.py:208} INFO - Processing /opt/airflow/dags/etl_sederhana_25_572885_PPA_07200.py took 0.840 seconds
[2026-09-17T18:21:50.778+0000] {processor.py:186} INFO - Started process (PID=5603) to work on /opt/airflow/dags/etl_sederhana_25_572885_PPA_07200.py
[2026-09-17T18:21:50.781+0000] {processor.py:914} INFO - Processing file /opt/airflow/dags/etl_sederhana_25_572885_PPA_07200.py for tasks to queue
[2026-09-17T18:21:50.786+0000] {logging_mixin.py:190} INFO - [2026-09-17T18:21:50.786+0000] {dagbag.py:588} INFO - Filling up the DagBag from /opt/airflow/dags/etl_sederhana_25_572885_PPA_07200.py
[2026-09-17T18:21:51.912+0000] {processor.py:925} INFO - DAG(s) 'etl_sederhana_25_572885_PPA_07200' retrieved from /opt/airflow/dags/etl_sederhana_25_572885_PPA_07200.py
[2026-09-17T18:21:51.948+0000] {logging_mixin.py:190} INFO - [2026-09-17T18:21:51.947+0000] {dag.py:3239} INFO - Sync 1 DAGs
[2026-09-17T18:21:51.993+0000] {logging_mixin.py:190} INFO - [2026-09-17T18:21:51.992+0000] {dag.py:4180} INFO - Setting next_dagrun for etl_sederhana_25_572885_PPA_07200 to 2026-09-17 00:00:00+00:00, run_after=2026-09-18 00:00:00+00:00
[2026-09-17T18:21:52.033+0000] {processor.py:208} INFO - Processing /opt/airflow/dags/etl_sederhana_25_572885_PPA_07200.py took 1.268 seconds
[2026-09-17T18:22:22.214+0000] {processor.py:186} INFO - Started process (PID=5612) to work on /opt/airflow/dags/etl_sederhana_25_572885_PPA_07200.py
[2026-09-17T18:22:22.219+0000] {processor.py:914} INFO - Processing file /opt/airflow/dags/etl_sederhana_25_572885_PPA_07200.py for tasks to queue
[2026-09-17T18:22:22.226+0000] {logging_mixin.py:190} INFO - [2026-09-17T18:22:22.225+0000] {dagbag.py:588} INFO - Filling up the DagBag from /opt/airflow/dags/etl_sederhana_25_572885_PPA_07200.py
[2026-09-17T18:22:23.604+0000] {processor.py:925} INFO - DAG(s) 'etl_sederhana_25_572885_PPA_07200' retrieved from /opt/airflow/dags/etl_sederhana_25_572885_PPA_07200.py
[2026-09-17T18:22:23.625+0000] {logging_mixin.py:190} INFO - [2026-09-17T18:22:23.625+0000] {dag.py:3239} INFO - Sync 1 DAGs
[2026-09-17T18:22:23.653+0000] {logging_mixin.py:190} INFO - [2026-09-17T18:22:23.653+0000] {dag.py:4180} INFO - Setting next_dagrun for etl_sederhana_25_572885_PPA_07200 to 2026-09-17 00:00:00+00:00, run_after=2026-09-18 00:00:00+00:00
[2026-09-17T18:22:23.688+0000] {processor.py:208} INFO - Processing /opt/airflow/dags/etl_sederhana_25_572885_PPA_07200.py took 1.483 seconds
[2026-09-17T18:22:56.255+0000] {processor.py:186} INFO - Started process (PID=5622) to work on /opt/airflow/dags/etl_sederhana_25_572885_PPA_07200.py
[2026-09-17T18:22:56.277+0000] {processor.py:914} INFO - Processing file /opt/airflow/dags/etl_sederhana_25_572885_PPA_07200.py for tasks to queue
[2026-09-17T18:22:56.321+0000] {logging_mixin.py:190} INFO - [2026-09-17T18:22:56.315+0000] {dagbag.py:588} INFO - Filling up the DagBag from /opt/airflow/dags/etl_sederhana_25_572885_PPA_07200.py
[2026-09-17T18:23:03.143+0000] {processor.py:925} INFO - DAG(s) 'etl_sederhana_25_572885_PPA_07200' retrieved from /opt/airflow/dags/etl_sederhana_25_572885_PPA_07200.py
[2026-09-17T18:23:03.290+0000] {logging_mixin.py:190} INFO - [2026-09-17T18:23:03.286+0000] {dag.py:3239} INFO - Sync 1 DAGs
[2026-09-17T18:23:03.445+0000] {logging_mixin.py:190} INFO - [2026-09-17T18:23:03.444+0000] {dag.py:4180} INFO - Setting next_dagrun for etl_sederhana_25_572885_PPA_07200 to 2026-09-17 00:00:00+00:00, run_after=2026-09-18 00:00:00+00:00
[2026-09-17T18:23:03.561+0000] {processor.py:208} INFO - Processing /opt/airflow/dags/etl_sederhana_25_572885_PPA_07200.py took 7.380 seconds
[2026-09-17T18:23:34.059+0000] {processor.py:186} INFO - Started process (PID=5631) to work on /opt/airflow/dags/etl_sederhana_25_572885_PPA_07200.py
[2026-09-17T18:23:34.065+0000] {processor.py:914} INFO - Processing file /opt/airflow/dags/etl_sederhana_25_572885_PPA_07200.py for tasks to queue
[2026-09-17T18:23:34.087+0000] {logging_mixin.py:190} INFO - [2026-09-17T18:23:34.084+0000] {dagbag.py:588} INFO - Filling up the DagBag from /opt/airflow/dags/etl_sederhana_25_572885_PPA_07200.py
[2026-09-17T18:23:36.083+0000] {processor.py:925} INFO - DAG(s) 'etl_sederhana_25_572885_PPA_07200' retrieved from /opt/airflow/dags/etl_sederhana_25_572885_PPA_07200.py
[2026-09-17T18:23:36.128+0000] {logging_mixin.py:190} INFO - [2026-09-17T18:23:36.127+0000] {dag.py:3239} INFO - Sync 1 DAGs
[2026-09-17T18:23:36.173+0000] {logging_mixin.py:190} INFO - [2026-09-17T18:23:36.172+0000] {dag.py:4180} INFO - Setting next_dagrun for etl_sederhana_25_572885_PPA_07200 to 2026-09-17 00:00:00+00:00, run_after=2026-09-18 00:00:00+00:00
[2026-09-17T18:23:36.222+0000] {processor.py:208} INFO - Processing /opt/airflow/dags/etl_sederhana_25_572885_PPA_07200.py took 2.199 seconds
